交易号,商品编码,商品名称,品类,数量,交易日期,单价(元)
100001,SKU43862,大米,粮油调味,2,2026-07-11,30.32
100001,SKU88139,食用油,粮油调味,3,2026-07-11,24.53
100001,SKU77715,酱油,粮油调味,3,2026-07-11,45.8
100001,SKU63271,肥牛卷,火锅食材,2,2026-07-11,9.59
100002,SKU41890,肥牛卷,火锅食材,2,2026-08-18,34.14
100002,SKU58368,香草精,烘焙用品,3,2026-08-18,54.12
100002,SKU55056,土豆,生鲜蔬果,4,2026-08-18,45.62
100002,SKU82140,牛肉,肉禽蛋品,4,2026-08-18,79.74
100002,SKU69473,果汁,食品饮料,3,2026-08-18,30.09
100003,SKU34267,火锅底料,火锅食材,5,2026-05-10,76.22
100003,SKU73464,丸子,火锅食材,2,2026-05-10,19.66
100003,SKU78765,肥牛卷,火锅食材,3,2026-05-10,58.79
100003,SKU23176,醋,粮油调味,5,2026-05-10,24.79
100003,SKU57301,洗衣液,日化清洁,2,2026-05-10,25.81
100003,SKU80010,排骨,肉禽蛋品,2,2026-05-10,26.27
100004,SKU85243,牛奶,食品饮料,1,2026-03-09,70.2
100004,SKU67733,面包,食品饮料,3,2026-03-09,39.14
100004,SKU16734,果汁,食品饮料,3,2026-03-09,17.2
100004,SKU72616,鸡翅,肉禽蛋品,3,2026-03-09,75.46
100004,SKU62521,肥牛卷,火锅食材,1,2026-03-09,66.3
100005,SKU25525,带鱼,肉禽蛋品,1,2026-08-03,79.53
100005,SKU89471,矿泉水,食品饮料,5,2026-08-03,61.86
100006,SKU23006,糖粉,烘焙用品,5,2026-04-25,76.93
100006,SKU44687,矿泉水,食品饮料,2,2026-04-25,51.16
100006,SKU32782,蛋挞皮,烘焙用品,1,2026-04-25,15.09
100006,SKU10350,巧克力,食品饮料,5,2026-04-25,8.78
100006,SKU87832,葡萄,生鲜蔬果,4,2026-04-25,37.69
100007,SKU91927,西红柿,生鲜蔬果,2,2026-08-10,74.14
100007,SKU35928,鸡蛋,肉禽蛋品,5,2026-08-10,53.91
100007,SKU39466,黄瓜,生鲜蔬果,4,2026-08-10,11.84
100007,SKU28643,可乐,食品饮料,2,2026-08-10,72.95
100007,SKU50319,模具,烘焙用品,1,2026-08-10,7.59
100007,SKU84607,胡萝卜,生鲜蔬果,5,2026-08-10,60.67
100008,SKU20543,西红柿,生鲜蔬果,5,2026-05-15,41.02
100008,SKU66626,鸡蛋,肉禽蛋品,5,2026-05-15,6.07
100008,SKU13390,黄瓜,生鲜蔬果,3,2026-05-15,49.49
100008,SKU98381,黄油,烘焙用品,1,2026-05-15,20.63
100008,SKU12719,饼干,食品饮料,5,2026-05-15,48.21
100008,SKU32962,毛肚,火锅食材,3,2026-05-15,47.37
100009,SKU53687,酱油,粮油调味,4,2026-08-17,29.79
100009,SKU31079,芝士碎,烘焙用品,3,2026-08-17,54.6
100009,SKU74942,肥牛卷,火锅食材,3,2026-08-17,34.7
100009,SKU62488,牛肉,肉禽蛋品,3,2026-08-17,54.02
100010,SKU10150,面包,食品饮料,5,2026-09-02,66.52
100010,SKU17104,洗洁精,日化清洁,5,2026-09-02,38.57
100010,SKU91609,鸭蛋,肉禽蛋品,2,2026-09-02,42.92
100010,SKU16764,黄油,烘焙用品,4,2026-09-02,51.16
100011,SKU30758,糖粉,烘焙用品,5,2026-04-09,64.55
100011,SKU82384,肥牛卷,火锅食材,3,2026-04-09,45.41
100011,SKU24871,排骨,肉禽蛋品,4,2026-04-09,10.18
100011,SKU94896,白菜,生鲜蔬果,4,2026-04-09,75.92
100012,SKU82255,鸭血,火锅食材,4,2026-03-16,21.77
100012,SKU88561,饼干,食品饮料,2,2026-03-16,32.54
100012,SKU27892,酵母,烘焙用品,5,2026-03-16,60.46
100012,SKU64387,丸子,火锅食材,1,2026-03-16,24.27
100013,SKU96499,可乐,食品饮料,5,2026-06-26,47.65
100013,SKU68529,矿泉水,食品饮料,4,2026-06-26,69.63
100014,SKU41300,洗发水,日化清洁,2,2026-09-16,78.52
100014,SKU63841,沐浴露,日化清洁,5,2026-09-16,32.49
100014,SKU71993,牙膏,日化清洁,1,2026-09-16,27.5
100014,SKU96991,消毒液,日化清洁,4,2026-09-16,32.73
100014,SKU14852,模具,烘焙用品,2,2026-09-16,41.14
100014,SKU87356,洗洁精,日化清洁,2,2026-09-16,41.68
100015,SKU28894,排骨,肉禽蛋品,4,2026-06-28,4.18
100015,SKU30232,胡萝卜,生鲜蔬果,4,2026-06-28,70.06
100015,SKU44737,土豆,生鲜蔬果,1,2026-06-28,39.15
100015,SKU62098,豆腐,火锅食材,3,2026-06-28,50.99
100016,SKU18968,洗发水,日化清洁,5,2026-02-28,5.76
100016,SKU47667,沐浴露,日化清洁,2,2026-02-28,51.6
100016,SKU66881,牙膏,日化清洁,2,2026-02-28,60.5
100016,SKU23173,洗衣液,日化清洁,1,2026-02-28,61.55
100016,SKU49251,肥牛卷,火锅食材,4,2026-02-28,15.81
100017,SKU79621,牛奶,食品饮料,4,2026-01-02,14.21
100017,SKU33600,面包,食品饮料,4,2026-01-02,46.58
100017,SKU89887,纸巾,日化清洁,2,2026-01-02,16.48
100017,SKU41566,肥皂,日化清洁,4,2026-01-02,50.72
100018,SKU70981,排骨,肉禽蛋品,1,2026-08-19,72.22
100018,SKU30706,胡萝卜,生鲜蔬果,3,2026-08-19,55.18
100018,SKU55293,土豆,生鲜蔬果,1,2026-08-19,37.01
100018,SKU65615,面包,食品饮料,5,2026-08-19,26.03
100018,SKU49599,模具,烘焙用品,3,2026-08-19,38.18
100019,SKU48780,牛奶,食品饮料,5,2026-04-13,30.64
100019,SKU96275,消毒液,日化清洁,3,2026-04-13,4.69
100020,SKU38705,牛奶,食品饮料,5,2026-07-09,64.75
100020,SKU98835,面包,食品饮料,2,2026-07-09,50.81
100020,SKU92242,羊肉卷,火锅食材,2,2026-07-09,51.38
100020,SKU67779,可乐,食品饮料,1,2026-07-09,26.79
100020,SKU27224,辣椒酱,粮油调味,1,2026-07-09,47.63
100021,SKU57953,可乐,食品饮料,2,2026-02-10,63.56
100021,SKU45720,薯片,食品饮料,5,2026-02-10,41.64
100021,SKU73156,饼干,食品饮料,2,2026-02-10,22.79
100021,SKU54396,盐,粮油调味,3,2026-02-10,60.49
100022,SKU11824,蚝油,粮油调味,1,2026-02-15,63.88
100022,SKU69609,蛋糕粉,烘焙用品,3,2026-02-15,44.32
100022,SKU98125,垃圾袋,日化清洁,3,2026-02-15,54.81
100023,SKU83584,大米,粮油调味,4,2026-05-19,4.93
100023,SKU39015,食用油,粮油调味,3,2026-05-19,73.47
100023,SKU70852,酱油,粮油调味,1,2026-05-19,51.93
100023,SKU25292,辣椒酱,粮油调味,3,2026-05-19,52.99
100024,SKU69459,羊肉卷,火锅食材,5,2026-03-02,13.45
100024,SKU80804,鸭蛋,肉禽蛋品,3,2026-03-02,54.63
100024,SKU30253,鸡肉,肉禽蛋品,4,2026-03-02,48.23
100024,SKU74139,牛奶,食品饮料,4,2026-03-02,53.43
100025,SKU57537,大米,粮油调味,4,2026-07-09,76.19
100025,SKU58147,食用油,粮油调味,1,2026-07-09,78.53
100025,SKU94518,酱油,粮油调味,5,2026-07-09,72.43
100025,SKU46160,糖粉,烘焙用品,3,2026-07-09,7.66
100026,SKU84000,牛肉,肉禽蛋品,2,2026-04-04,79.14
100026,SKU82641,料酒,粮油调味,2,2026-04-04,8.28
100026,SKU40539,土豆,生鲜蔬果,2,2026-04-04,48.15
100026,SKU88116,橙子,生鲜蔬果,3,2026-04-04,62.63
100026,SKU28964,牙膏,日化清洁,1,2026-04-04,24.35
100027,SKU41186,蛋糕粉,烘焙用品,2,2026-03-18,4.14
100027,SKU32838,黄油,烘焙用品,5,2026-03-18,27.93
100027,SKU65176,淡奶油,烘焙用品,3,2026-03-18,7.03
100027,SKU18330,鸡蛋,肉禽蛋品,5,2026-03-18,11.75
100027,SKU57453,白菜,生鲜蔬果,4,2026-03-18,37.52
100028,SKU94323,洗发水,日化清洁,5,2026-09-19,26.23
100028,SKU72781,沐浴露,日化清洁,1,2026-09-19,7.68
100028,SKU24150,牙膏,日化清洁,4,2026-09-19,35.82
100028,SKU68138,香蕉,生鲜蔬果,4,2026-09-19,57.85
100029,SKU86724,蛋糕粉,烘焙用品,3,2026-02-03,51.07
100029,SKU59925,黄油,烘焙用品,5,2026-02-03,57.84
100029,SKU69469,淡奶油,烘焙用品,5,2026-02-03,43.85
100029,SKU22999,鸡蛋,肉禽蛋品,5,2026-02-03,49.62
100029,SKU95316,鸡翅,肉禽蛋品,1,2026-02-03,68.67
100030,SKU22463,香草精,烘焙用品,4,2026-09-24,35.03
100030,SKU97177,辣椒酱,粮油调味,3,2026-09-24,35.86
100030,SKU30006,淡奶油,烘焙用品,3,2026-09-24,31.82
100030,SKU21188,洗发水,日化清洁,4,2026-09-24,8.17
100030,SKU58843,模具,烘焙用品,1,2026-09-24,36.25
100031,SKU65435,洗发水,日化清洁,3,2026-03-18,70.27
100031,SKU88696,沐浴露,日化清洁,1,2026-03-18,77.57
100031,SKU85748,牙膏,日化清洁,3,2026-03-18,30.08
100031,SKU96079,排骨,肉禽蛋品,5,2026-03-18,19.38
100031,SKU24184,淡奶油,烘焙用品,4,2026-03-18,20.27
100032,SKU91490,薯片,食品饮料,4,2026-06-28,68.08
100032,SKU82972,蚝油,粮油调味,5,2026-06-28,54.97
100033,SKU33777,白菜,生鲜蔬果,3,2026-01-20,30.03
100033,SKU62531,酱油,粮油调味,2,2026-01-20,46.61
100033,SKU92991,饼干,食品饮料,1,2026-01-20,13.92
100033,SKU79531,巧克力,食品饮料,1,2026-01-20,10.07
100034,SKU16895,大米,粮油调味,5,2026-04-13,48.91
100034,SKU90981,肥皂,日化清洁,2,2026-04-13,15.12
100034,SKU45665,巧克力,食品饮料,1,2026-04-13,54.9
100034,SKU73656,洗洁精,日化清洁,4,2026-04-13,53.97
100035,SKU98895,洗发水,日化清洁,4,2026-08-14,11.54
100035,SKU97442,沐浴露,日化清洁,5,2026-08-14,40.47
100035,SKU61807,牙膏,日化清洁,3,2026-08-14,6.5
100036,SKU11013,洗衣液,日化清洁,3,2026-01-01,28.27
100036,SKU33028,纸巾,日化清洁,4,2026-01-01,60.52
100036,SKU40161,垃圾袋,日化清洁,2,2026-01-01,32.28
100036,SKU97562,面包,食品饮料,5,2026-01-01,46.02
100037,SKU85465,牛奶,食品饮料,1,2026-06-03,69.38
100037,SKU93904,面包,食品饮料,4,2026-06-03,47.15
100037,SKU63088,土豆,生鲜蔬果,4,2026-06-03,25.29
100037,SKU32527,模具,烘焙用品,1,2026-06-03,77.4
100038,SKU78676,牛肉,肉禽蛋品,4,2026-08-27,48.34
100038,SKU50668,芝士碎,烘焙用品,1,2026-08-27,33.47
100038,SKU32037,鸡蛋,肉禽蛋品,3,2026-08-27,20.06
100038,SKU24945,酸奶,食品饮料,1,2026-08-27,42.31
100039,SKU35856,大米,粮油调味,1,2026-09-17,14.28
100039,SKU95918,食用油,粮油调味,2,2026-09-17,49.38
100039,SKU92306,酱油,粮油调味,1,2026-09-17,16.64
100039,SKU83889,虾仁,肉禽蛋品,4,2026-09-17,38.72
100039,SKU83989,牛奶,食品饮料,5,2026-09-17,37.57
100040,SKU46002,带鱼,肉禽蛋品,4,2026-06-28,51.62
100040,SKU76497,糖粉,烘焙用品,5,2026-06-28,7.33
100040,SKU69233,生菜,生鲜蔬果,1,2026-06-28,26.9
100040,SKU47627,火锅底料,火锅食材,1,2026-06-28,7.38
100041,SKU15376,毛肚,火锅食材,4,2026-02-21,47.69
100041,SKU84928,拖把,日化清洁,4,2026-02-21,73.0
100042,SKU15130,带鱼,肉禽蛋品,5,2026-04-11,52.75
100042,SKU67595,葡萄,生鲜蔬果,2,2026-04-11,57.49
100042,SKU30807,香草精,烘焙用品,5,2026-04-11,43.25
100042,SKU47079,鸡蛋,肉禽蛋品,3,2026-04-11,31.71
100042,SKU54350,洗发水,日化清洁,4,2026-04-11,34.48
100042,SKU92691,猪肉,肉禽蛋品,5,2026-04-11,7.03
100043,SKU53694,洗发水,日化清洁,5,2026-06-03,70.24
100043,SKU28537,沐浴露,日化清洁,1,2026-06-03,47.87
100043,SKU95990,牙膏,日化清洁,3,2026-06-03,26.89
100043,SKU21104,拖把,日化清洁,4,2026-06-03,12.93
100043,SKU94343,可乐,食品饮料,3,2026-06-03,46.04
100043,SKU97833,面包,食品饮料,3,2026-06-03,65.62
100044,SKU73736,鸭血,火锅食材,2,2026-09-03,29.31
100044,SKU28030,垃圾袋,日化清洁,2,2026-09-03,20.44
100044,SKU23256,土豆,生鲜蔬果,2,2026-09-03,8.94
100044,SKU79013,巧克力,食品饮料,5,2026-09-03,62.36
100044,SKU91006,酱油,粮油调味,1,2026-09-03,53.97
100045,SKU57749,蛋糕粉,烘焙用品,4,2026-03-20,6.36
100045,SKU90031,黄油,烘焙用品,2,2026-03-20,77.66
100045,SKU68841,淡奶油,烘焙用品,3,2026-03-20,60.93
100045,SKU50562,鸡蛋,肉禽蛋品,2,2026-03-20,44.12
100045,SKU35430,面粉,粮油调味,4,2026-03-20,72.61
100046,SKU36174,油纸,烘焙用品,4,2026-06-22,77.4
100046,SKU42768,可乐,食品饮料,5,2026-06-22,13.66
100046,SKU58655,消毒液,日化清洁,1,2026-06-22,52.37
100046,SKU77621,毛肚,火锅食材,5,2026-06-22,74.94
100046,SKU31012,豆腐,火锅食材,1,2026-06-22,24.95
100047,SKU13495,芝士碎,烘焙用品,4,2026-05-15,71.12
100047,SKU75799,牛肉,肉禽蛋品,4,2026-05-15,7.1
100047,SKU20696,蚝油,粮油调味,3,2026-05-15,21.15
100048,SKU71925,火锅底料,火锅食材,1,2026-06-08,25.09
100048,SKU71487,丸子,火锅食材,2,2026-06-08,61.43
100048,SKU20384,肥牛卷,火锅食材,4,2026-06-08,50.38
100048,SKU29597,牙膏,日化清洁,1,2026-06-08,22.71
100048,SKU89807,虾仁,肉禽蛋品,5,2026-06-08,75.4
100048,SKU47762,三文鱼,肉禽蛋品,5,2026-06-08,35.59
100049,SKU75513,洗衣液,日化清洁,1,2026-04-10,67.42
100049,SKU92831,纸巾,日化清洁,5,2026-04-10,44.28
100049,SKU28818,垃圾袋,日化清洁,5,2026-04-10,47.28
100049,SKU90584,模具,烘焙用品,3,2026-04-10,36.05
100049,SKU64600,生菜,生鲜蔬果,3,2026-04-10,21.52
100050,SKU15706,垃圾袋,日化清洁,4,2026-03-22,70.25
100050,SKU43246,生菜,生鲜蔬果,4,2026-03-22,78.54
100050,SKU18855,豆腐,火锅食材,1,2026-03-22,30.5
100050,SKU96127,毛肚,火锅食材,3,2026-03-22,21.57
100050,SKU53583,粉丝,火锅食材,1,2026-03-22,62.41
100050,SKU81567,土豆,生鲜蔬果,2,2026-03-22,6.41
100051,SKU15741,丸子,火锅食材,1,2026-06-27,25.6
100051,SKU51365,酱油,粮油调味,2,2026-06-27,71.21
100051,SKU81176,三文鱼,肉禽蛋品,3,2026-06-27,42.68
100051,SKU94790,生菜,生鲜蔬果,4,2026-06-27,22.51
100051,SKU16265,模具,烘焙用品,2,2026-06-27,25.03
100052,SKU34486,大米,粮油调味,4,2026-06-09,29.11
100052,SKU58148,食用油,粮油调味,4,2026-06-09,56.29
100052,SKU20828,酱油,粮油调味,5,2026-06-09,23.54
100052,SKU88964,黄油,烘焙用品,4,2026-06-09,9.08
100052,SKU52101,糖粉,烘焙用品,2,2026-06-09,45.0
100053,SKU56077,西红柿,生鲜蔬果,2,2026-02-03,56.11
100053,SKU56210,鸡蛋,肉禽蛋品,4,2026-02-03,6.26
100053,SKU45986,黄瓜,生鲜蔬果,5,2026-02-03,79.86
100053,SKU93560,香草精,烘焙用品,1,2026-02-03,8.78
100053,SKU99051,蛋挞皮,烘焙用品,4,2026-02-03,30.97
100054,SKU94562,苹果,生鲜蔬果,1,2026-03-01,21.17
100054,SKU84349,香蕉,生鲜蔬果,3,2026-03-01,30.89
100054,SKU99006,橙子,生鲜蔬果,1,2026-03-01,49.59
100054,SKU58760,糖粉,烘焙用品,4,2026-03-01,76.06
100054,SKU85225,鸡翅,肉禽蛋品,4,2026-03-01,61.76
100055,SKU75410,大米,粮油调味,1,2026-03-17,59.65
100055,SKU83619,食用油,粮油调味,5,2026-03-17,32.8
100055,SKU44116,酱油,粮油调味,1,2026-03-17,23.16
100055,SKU90199,薯片,食品饮料,4,2026-03-17,19.52
100055,SKU74382,酸奶,食品饮料,3,2026-03-17,56.44
100055,SKU19706,鸭蛋,肉禽蛋品,2,2026-03-17,12.44
100056,SKU30644,牛肉,肉禽蛋品,3,2026-08-06,71.63
100056,SKU76683,洗衣液,日化清洁,2,2026-08-06,64.11
100056,SKU36342,沐浴露,日化清洁,2,2026-08-06,12.34
100056,SKU74752,生菜,生鲜蔬果,2,2026-08-06,21.23
100056,SKU85009,蔬菜拼盘,火锅食材,1,2026-08-06,30.79
100057,SKU63665,鸡翅,肉禽蛋品,5,2026-06-15,34.63
100057,SKU51553,牛肉,肉禽蛋品,5,2026-06-15,8.68
100057,SKU99143,生菜,生鲜蔬果,1,2026-06-15,37.65
100057,SKU82260,巧克力,食品饮料,5,2026-06-15,29.53
100057,SKU26912,蛋糕粉,烘焙用品,5,2026-06-15,17.01
100057,SKU17263,丸子,火锅食材,4,2026-06-15,41.72
100058,SKU78012,蛋糕粉,烘焙用品,2,2026-02-17,29.64
100058,SKU42847,黄油,烘焙用品,3,2026-02-17,68.14
100058,SKU82199,淡奶油,烘焙用品,2,2026-02-17,51.9
100058,SKU49691,鸡蛋,肉禽蛋品,3,2026-02-17,12.64
100058,SKU75873,洗洁精,日化清洁,5,2026-02-17,44.08
100059,SKU94076,面粉,粮油调味,1,2026-03-19,9.25
100059,SKU37631,洗发水,日化清洁,5,2026-03-19,23.38
100059,SKU93753,香蕉,生鲜蔬果,5,2026-03-19,35.08
100060,SKU17852,果汁,食品饮料,4,2026-01-16,8.62
100060,SKU73471,矿泉水,食品饮料,2,2026-01-16,36.85
100060,SKU89516,丸子,火锅食材,4,2026-01-16,18.71
100060,SKU51853,酸奶,食品饮料,2,2026-01-16,27.07
100060,SKU27139,黄油,烘焙用品,3,2026-01-16,78.1
100060,SKU23917,蘸料,火锅食材,3,2026-01-16,42.65
100061,SKU60351,香草精,烘焙用品,1,2026-06-08,25.35
100061,SKU30932,酸奶,食品饮料,5,2026-06-08,35.2
100061,SKU50988,虾仁,肉禽蛋品,3,2026-06-08,74.9
100061,SKU75308,鸡肉,肉禽蛋品,2,2026-06-08,61.76
100062,SKU41552,羊肉卷,火锅食材,5,2026-09-15,38.21
100062,SKU16377,土豆,生鲜蔬果,2,2026-09-15,47.92
100062,SKU88317,牛肉,肉禽蛋品,1,2026-09-15,24.66
100062,SKU11071,蛋糕粉,烘焙用品,4,2026-09-15,25.0
100063,SKU84747,西红柿,生鲜蔬果,1,2026-02-14,33.84
100063,SKU82512,鸡蛋,肉禽蛋品,5,2026-02-14,17.99
100063,SKU76093,黄瓜,生鲜蔬果,3,2026-02-14,8.66
100063,SKU46663,垃圾袋,日化清洁,4,2026-02-14,61.86
100063,SKU25572,黄油,烘焙用品,5,2026-02-14,55.39
100064,SKU75546,大米,粮油调味,5,2026-03-04,42.2
100064,SKU27961,食用油,粮油调味,1,2026-03-04,6.49
100064,SKU78069,酱油,粮油调味,3,2026-03-04,64.91
100064,SKU77568,垃圾袋,日化清洁,4,2026-03-04,14.47
100064,SKU90356,虾仁,肉禽蛋品,2,2026-03-04,28.25
100064,SKU90805,盐,粮油调味,3,2026-03-04,15.51
100065,SKU98317,洗发水,日化清洁,1,2026-05-19,31.36
100065,SKU86507,沐浴露,日化清洁,1,2026-05-19,78.45
100065,SKU92478,牙膏,日化清洁,3,2026-05-19,64.35
100065,SKU44803,肥牛卷,火锅食材,1,2026-05-19,48.96
100065,SKU16731,矿泉水,食品饮料,5,2026-05-19,47.48
100065,SKU78712,火锅底料,火锅食材,5,2026-05-19,39.99
100066,SKU64890,苹果,生鲜蔬果,1,2026-07-05,36.96
100066,SKU36724,鸭蛋,肉禽蛋品,2,2026-07-05,34.8
100066,SKU90147,醋,粮油调味,4,2026-07-05,41.64
100067,SKU96799,三文鱼,肉禽蛋品,2,2026-08-28,46.19
100067,SKU51124,粉丝,火锅食材,4,2026-08-28,43.46
100068,SKU46569,蔬菜拼盘,火锅食材,2,2026-03-15,76.71
100068,SKU49008,纸巾,日化清洁,5,2026-03-15,25.98
100068,SKU74094,方便面,食品饮料,3,2026-03-15,57.28
100068,SKU83464,丸子,火锅食材,3,2026-03-15,39.94
100069,SKU47700,洗发水,日化清洁,2,2026-05-10,25.36
100069,SKU67983,沐浴露,日化清洁,1,2026-05-10,29.67
100069,SKU38047,牙膏,日化清洁,3,2026-05-10,60.55
100069,SKU45537,蛋糕粉,烘焙用品,2,2026-05-10,66.75
100070,SKU40518,火锅底料,火锅食材,5,2026-09-23,20.38
100070,SKU53292,丸子,火锅食材,1,2026-09-23,10.72
100070,SKU28018,肥牛卷,火锅食材,4,2026-09-23,10.74
100070,SKU30701,牛奶,食品饮料,1,2026-09-23,77.27
100070,SKU72350,酸奶,食品饮料,4,2026-09-23,53.27
100070,SKU47649,橙子,生鲜蔬果,4,2026-09-23,53.09
100071,SKU32946,辣椒酱,粮油调味,1,2026-06-10,73.32
100071,SKU33040,蘸料,火锅食材,4,2026-06-10,70.93
100072,SKU84443,排骨,肉禽蛋品,1,2026-01-27,3.71
100072,SKU53914,胡萝卜,生鲜蔬果,5,2026-01-27,11.26
100072,SKU94058,土豆,生鲜蔬果,3,2026-01-27,37.98
100072,SKU27589,果汁,食品饮料,5,2026-01-27,43.37
100073,SKU11846,火锅底料,火锅食材,3,2026-09-15,58.33
100073,SKU84420,丸子,火锅食材,3,2026-09-15,63.89
100073,SKU93719,肥牛卷,火锅食材,2,2026-09-15,16.51
100073,SKU77538,大米,粮油调味,4,2026-09-15,66.68
100073,SKU97720,模具,烘焙用品,3,2026-09-15,9.68
100074,SKU44995,洗洁精,日化清洁,2,2026-02-06,37.4
100074,SKU85088,酸奶,食品饮料,3,2026-02-06,26.25
100074,SKU57127,西红柿,生鲜蔬果,1,2026-02-06,23.14
100074,SKU25495,方便面,食品饮料,2,2026-02-06,7.78
100074,SKU63138,拖把,日化清洁,4,2026-02-06,26.62
100075,SKU27507,果汁,食品饮料,5,2026-09-23,20.01
100075,SKU89395,肥皂,日化清洁,4,2026-09-23,14.8
100076,SKU57419,蘸料,火锅食材,4,2026-06-14,43.67
100076,SKU24707,料酒,粮油调味,1,2026-06-14,73.63
100076,SKU76255,酸奶,食品饮料,1,2026-06-14,66.82
100076,SKU29641,猪肉,肉禽蛋品,2,2026-06-14,47.1
100076,SKU78202,豆腐,火锅食材,2,2026-06-14,28.27
100077,SKU69873,肥牛卷,火锅食材,2,2026-08-04,42.52
100077,SKU70604,牛肉,肉禽蛋品,5,2026-08-04,7.45
100077,SKU61897,鸭血,火锅食材,3,2026-08-04,58.69
100077,SKU38560,香草精,烘焙用品,3,2026-08-04,65.87
100077,SKU65534,葡萄,生鲜蔬果,5,2026-08-04,8.62
100077,SKU80931,模具,烘焙用品,3,2026-08-04,56.93
100078,SKU60132,苹果,生鲜蔬果,4,2026-01-03,31.83
100078,SKU59479,可乐,食品饮料,4,2026-01-03,69.96
100078,SKU96742,淡奶油,烘焙用品,4,2026-01-03,9.18
100078,SKU55582,酱油,粮油调味,5,2026-01-03,13.24
100078,SKU80419,三文鱼,肉禽蛋品,1,2026-01-03,16.74
100079,SKU81361,洗衣液,日化清洁,3,2026-07-17,38.65
100079,SKU40102,纸巾,日化清洁,4,2026-07-17,43.96
100079,SKU30332,垃圾袋,日化清洁,2,2026-07-17,38.47
100079,SKU24790,土豆,生鲜蔬果,3,2026-07-17,17.51
100080,SKU16380,土豆,生鲜蔬果,4,2026-01-26,49.03
100080,SKU62725,牛奶,食品饮料,2,2026-01-26,60.02
100080,SKU38477,白糖,粮油调味,4,2026-01-26,21.04
100080,SKU47914,生菜,生鲜蔬果,1,2026-01-26,13.79
100080,SKU85511,鸡肉,肉禽蛋品,2,2026-01-26,65.82
100080,SKU98150,苹果,生鲜蔬果,3,2026-01-26,47.47
100081,SKU82970,蛋糕粉,烘焙用品,3,2026-06-08,24.19
100081,SKU32955,黄油,烘焙用品,5,2026-06-08,70.74
100081,SKU16145,淡奶油,烘焙用品,4,2026-06-08,45.8
100081,SKU97994,鸡蛋,肉禽蛋品,3,2026-06-08,75.5
100081,SKU51777,粉丝,火锅食材,4,2026-06-08,63.51
100081,SKU49306,蚝油,粮油调味,4,2026-06-08,34.44
100082,SKU64592,牛奶,食品饮料,1,2026-07-06,46.3
100082,SKU60910,蚝油,粮油调味,5,2026-07-06,43.81
100082,SKU53288,矿泉水,食品饮料,2,2026-07-06,22.63
100082,SKU58637,虾仁,肉禽蛋品,1,2026-07-06,74.01
100082,SKU34966,油纸,烘焙用品,1,2026-07-06,44.24
100083,SKU83249,苹果,生鲜蔬果,5,2026-01-09,58.77
100083,SKU53642,香蕉,生鲜蔬果,2,2026-01-09,39.91
100083,SKU12009,橙子,生鲜蔬果,3,2026-01-09,76.69
100083,SKU25376,胡萝卜,生鲜蔬果,2,2026-01-09,75.16
100083,SKU89220,醋,粮油调味,4,2026-01-09,73.41
100084,SKU75179,洗洁精,日化清洁,3,2026-04-13,30.69
100084,SKU71537,可乐,食品饮料,4,2026-04-13,10.59
100084,SKU58589,消毒液,日化清洁,3,2026-04-13,73.4
100084,SKU83731,油纸,烘焙用品,3,2026-04-13,34.87
100084,SKU12125,纸巾,日化清洁,2,2026-04-13,60.08
100084,SKU86550,巧克力,食品饮料,3,2026-04-13,45.6
100085,SKU75444,大米,粮油调味,5,2026-07-10,67.17
100085,SKU99764,食用油,粮油调味,5,2026-07-10,53.4
100085,SKU74044,酱油,粮油调味,3,2026-07-10,22.81
100085,SKU56160,消毒液,日化清洁,4,2026-07-10,38.48
100086,SKU97584,酱油,粮油调味,1,2026-03-05,75.78
100086,SKU64053,蔬菜拼盘,火锅食材,1,2026-03-05,61.85
100086,SKU40334,葡萄,生鲜蔬果,2,2026-03-05,67.88
100086,SKU11198,豆腐,火锅食材,1,2026-03-05,57.45
100086,SKU58916,苹果,生鲜蔬果,2,2026-03-05,41.94
100087,SKU46010,丸子,火锅食材,1,2026-01-20,43.77
100087,SKU12246,肥牛卷,火锅食材,5,2026-01-20,78.27
100087,SKU98346,土豆,生鲜蔬果,5,2026-01-20,65.61
100087,SKU33496,西红柿,生鲜蔬果,4,2026-01-20,65.07
100087,SKU78732,淡奶油,烘焙用品,1,2026-01-20,73.69
100087,SKU91235,黄瓜,生鲜蔬果,2,2026-01-20,21.55
100088,SKU39603,蛋糕粉,烘焙用品,4,2026-09-09,46.51
100088,SKU20566,猪肉,肉禽蛋品,3,2026-09-09,55.67
100088,SKU59710,肥皂,日化清洁,1,2026-09-09,10.2
100088,SKU17355,黄油,烘焙用品,4,2026-09-09,45.56
100089,SKU40115,排骨,肉禽蛋品,5,2026-01-23,73.77
100089,SKU84289,胡萝卜,生鲜蔬果,2,2026-01-23,72.4
100089,SKU19744,土豆,生鲜蔬果,4,2026-01-23,23.87
100089,SKU83860,牙膏,日化清洁,3,2026-01-23,72.25
100089,SKU51220,鸡肉,肉禽蛋品,1,2026-01-23,16.81
100090,SKU28343,胡萝卜,生鲜蔬果,5,2026-01-07,28.54
100090,SKU55332,矿泉水,食品饮料,1,2026-01-07,41.56
100090,SKU40427,大米,粮油调味,1,2026-01-07,10.52
100090,SKU90460,牛奶,食品饮料,1,2026-01-07,29.23
100090,SKU52778,拖把,日化清洁,5,2026-01-07,33.55
100091,SKU66603,排骨,肉禽蛋品,5,2026-01-21,75.47
100091,SKU96595,胡萝卜,生鲜蔬果,2,2026-01-21,55.34
100091,SKU91083,土豆,生鲜蔬果,4,2026-01-21,9.6
100091,SKU19634,辣椒酱,粮油调味,3,2026-01-21,64.45
100091,SKU59807,纸巾,日化清洁,1,2026-01-21,23.63
100092,SKU68292,大米,粮油调味,1,2026-03-24,75.61
100092,SKU23399,食用油,粮油调味,3,2026-03-24,61.62
100092,SKU66489,酱油,粮油调味,2,2026-03-24,9.72
100092,SKU77166,牛肉,肉禽蛋品,4,2026-03-24,45.89
100093,SKU60829,大米,粮油调味,1,2026-07-04,25.47
100093,SKU83339,食用油,粮油调味,1,2026-07-04,58.81
100093,SKU32227,酱油,粮油调味,2,2026-07-04,47.04
100093,SKU45247,牛肉,肉禽蛋品,4,2026-07-04,16.05
100093,SKU29127,洗洁精,日化清洁,3,2026-07-04,23.67
100093,SKU46170,拖把,日化清洁,1,2026-07-04,15.87
100094,SKU74985,垃圾袋,日化清洁,2,2026-07-10,58.51
100094,SKU70012,面包,食品饮料,5,2026-07-10,50.48
100095,SKU95332,可乐,食品饮料,4,2026-02-05,28.77
100095,SKU52030,薯片,食品饮料,5,2026-02-05,13.48
100095,SKU36326,饼干,食品饮料,5,2026-02-05,75.94
100095,SKU62198,消毒液,日化清洁,4,2026-02-05,27.19
100095,SKU92955,牙膏,日化清洁,3,2026-02-05,25.44
100096,SKU36188,消毒液,日化清洁,1,2026-08-19,74.77
100096,SKU33583,薯片,食品饮料,5,2026-08-19,79.79
100096,SKU70505,蛋糕粉,烘焙用品,5,2026-08-19,5.07
100096,SKU48185,垃圾袋,日化清洁,2,2026-08-19,36.76
100097,SKU59412,羊肉卷,火锅食材,2,2026-02-27,58.07
100097,SKU88372,三文鱼,肉禽蛋品,1,2026-02-27,37.58
100097,SKU80040,矿泉水,食品饮料,4,2026-02-27,47.83
100097,SKU64827,牛奶,食品饮料,5,2026-02-27,74.11
100097,SKU57124,面包,食品饮料,5,2026-02-27,5.83
100098,SKU90304,鸡蛋,肉禽蛋品,3,2026-09-20,15.81
100098,SKU94545,酸奶,食品饮料,1,2026-09-20,46.37
100099,SKU76935,可乐,食品饮料,1,2026-07-25,22.92
100099,SKU85397,薯片,食品饮料,5,2026-07-25,45.97
100099,SKU61266,饼干,食品饮料,2,2026-07-25,37.32
100099,SKU87147,黄瓜,生鲜蔬果,4,2026-07-25,62.47
100100,SKU21253,牛奶,食品饮料,4,2026-09-05,73.88
100100,SKU28569,面包,食品饮料,1,2026-09-05,67.01
100100,SKU69681,鸡蛋,肉禽蛋品,3,2026-09-05,27.02
100100,SKU55652,果汁,食品饮料,2,2026-09-05,43.13
100101,SKU94930,洗衣液,日化清洁,1,2026-08-04,68.39
100101,SKU31542,生菜,生鲜蔬果,1,2026-08-04,55.14
100101,SKU82339,矿泉水,食品饮料,2,2026-08-04,42.73
100101,SKU65885,香蕉,生鲜蔬果,2,2026-08-04,28.49
100101,SKU63090,鸭蛋,肉禽蛋品,4,2026-08-04,20.85
100102,SKU38153,蛋糕粉,烘焙用品,4,2026-03-06,3.34
100102,SKU18200,白菜,生鲜蔬果,2,2026-03-06,24.43
100102,SKU80371,盐,粮油调味,5,2026-03-06,10.83
100102,SKU35830,香草精,烘焙用品,2,2026-03-06,31.17
100102,SKU97910,蛋挞皮,烘焙用品,4,2026-03-06,11.77
100103,SKU90918,拖把,日化清洁,3,2026-08-17,68.1
100103,SKU48986,蛋糕粉,烘焙用品,2,2026-08-17,65.66
100103,SKU98094,鸭蛋,肉禽蛋品,5,2026-08-17,48.44
100103,SKU41270,沐浴露,日化清洁,2,2026-08-17,27.12
100104,SKU34347,蛋糕粉,烘焙用品,5,2026-05-04,32.55
100104,SKU94575,黄油,烘焙用品,4,2026-05-04,51.93
100104,SKU74178,淡奶油,烘焙用品,2,2026-05-04,45.73
100104,SKU51232,鸡蛋,肉禽蛋品,3,2026-05-04,13.8
100104,SKU57059,拖把,日化清洁,4,2026-05-04,50.69
100104,SKU35575,酵母,烘焙用品,1,2026-05-04,40.31
100104,SKU76248,三文鱼,肉禽蛋品,4,2026-05-04,77.21
100105,SKU46025,糖粉,烘焙用品,2,2026-08-14,25.49
100105,SKU32047,肥牛卷,火锅食材,2,2026-08-14,44.4
100105,SKU74921,面粉,粮油调味,4,2026-08-14,46.56
100105,SKU85066,猪肉,肉禽蛋品,5,2026-08-14,42.33
100105,SKU81186,白菜,生鲜蔬果,1,2026-08-14,23.63
100106,SKU23423,糖粉,烘焙用品,2,2026-06-18,79.21
100106,SKU14224,蔬菜拼盘,火锅食材,2,2026-06-18,25.92
100107,SKU87060,火锅底料,火锅食材,2,2026-08-09,65.42
100107,SKU89988,丸子,火锅食材,3,2026-08-09,69.3
100107,SKU28249,肥牛卷,火锅食材,4,2026-08-09,15.78
100107,SKU17780,排骨,肉禽蛋品,2,2026-08-09,65.64
100107,SKU46842,牛奶,食品饮料,5,2026-08-09,30.01
100108,SKU63948,西红柿,生鲜蔬果,1,2026-09-06,13.44
100108,SKU95969,鸡蛋,肉禽蛋品,1,2026-09-06,79.42
100108,SKU27392,黄瓜,生鲜蔬果,2,2026-09-06,57.01
100108,SKU52217,饼干,食品饮料,2,2026-09-06,14.26
100108,SKU98635,鸭血,火锅食材,2,2026-09-06,61.63
100109,SKU22202,西红柿,生鲜蔬果,1,2026-07-16,51.79
100109,SKU46467,鸡蛋,肉禽蛋品,4,2026-07-16,42.7
100109,SKU73968,黄瓜,生鲜蔬果,3,2026-07-16,38.01
100109,SKU22208,酵母,烘焙用品,3,2026-07-16,47.81
100109,SKU56952,消毒液,日化清洁,4,2026-07-16,51.88
100109,SKU62129,香草精,烘焙用品,1,2026-07-16,64.27
100110,SKU55054,饼干,食品饮料,5,2026-04-14,68.64
100110,SKU92074,洗洁精,日化清洁,1,2026-04-14,6.54
100110,SKU30707,可乐,食品饮料,4,2026-04-14,4.25
100110,SKU66072,洗发水,日化清洁,4,2026-04-14,38.15
100110,SKU27290,鸡翅,肉禽蛋品,2,2026-04-14,79.67
100111,SKU95054,牛肉,肉禽蛋品,3,2026-05-06,54.17
100111,SKU91999,垃圾袋,日化清洁,2,2026-05-06,6.99
100111,SKU40689,面包,食品饮料,3,2026-05-06,58.9
100111,SKU22475,猪肉,肉禽蛋品,4,2026-05-06,53.47
100112,SKU55032,蚝油,粮油调味,1,2026-01-07,3.62
100112,SKU65353,粉丝,火锅食材,1,2026-01-07,79.09
100112,SKU40008,糖粉,烘焙用品,2,2026-01-07,39.78
100113,SKU27973,鸡蛋,肉禽蛋品,3,2026-07-03,70.84
100113,SKU27451,洗衣液,日化清洁,4,2026-07-03,62.56
100114,SKU92323,面粉,粮油调味,3,2026-03-03,58.63
100114,SKU90750,糖粉,烘焙用品,2,2026-03-03,73.83
100115,SKU56076,火锅底料,火锅食材,5,2026-08-28,59.21
100115,SKU28327,丸子,火锅食材,4,2026-08-28,27.22
100115,SKU21042,肥牛卷,火锅食材,2,2026-08-28,24.33
100115,SKU88644,排骨,肉禽蛋品,2,2026-08-28,45.61
100116,SKU34726,矿泉水,食品饮料,5,2026-05-25,49.73
100116,SKU17152,白糖,粮油调味,4,2026-05-25,25.76
100117,SKU51480,洗衣液,日化清洁,1,2026-04-16,78.99
100117,SKU84498,纸巾,日化清洁,2,2026-04-16,32.79
100117,SKU99514,垃圾袋,日化清洁,4,2026-04-16,31.14
100117,SKU19567,胡萝卜,生鲜蔬果,2,2026-04-16,61.73
100117,SKU11807,豆腐,火锅食材,1,2026-04-16,48.23
100118,SKU65518,牛奶,食品饮料,5,2026-05-07,62.07
100118,SKU80328,面包,食品饮料,4,2026-05-07,9.35
100118,SKU46368,毛肚,火锅食材,5,2026-05-07,50.44
100118,SKU77017,可乐,食品饮料,1,2026-05-07,26.86
100119,SKU41278,大米,粮油调味,4,2026-04-26,59.21
100119,SKU66948,食用油,粮油调味,1,2026-04-26,21.82
100119,SKU89800,酱油,粮油调味,1,2026-04-26,37.91
100119,SKU96252,生菜,生鲜蔬果,1,2026-04-26,26.82
100119,SKU27984,巧克力,食品饮料,2,2026-04-26,12.2
100120,SKU45227,粉丝,火锅食材,2,2026-01-06,60.73
100120,SKU13847,方便面,食品饮料,1,2026-01-06,62.4
100120,SKU45649,面粉,粮油调味,3,2026-01-06,65.15
100120,SKU85582,肥皂,日化清洁,5,2026-01-06,7.92
100121,SKU23487,葡萄,生鲜蔬果,2,2026-02-16,22.64
100121,SKU25117,羊肉卷,火锅食材,5,2026-02-16,54.91
100121,SKU10336,面粉,粮油调味,2,2026-02-16,60.04
100121,SKU11610,肥皂,日化清洁,1,2026-02-16,69.12
100122,SKU51934,带鱼,肉禽蛋品,3,2026-04-02,22.12
100122,SKU84912,食用油,粮油调味,3,2026-04-02,66.6
100122,SKU98254,苹果,生鲜蔬果,3,2026-04-02,12.19
100122,SKU77603,酵母,烘焙用品,1,2026-04-02,16.81
100122,SKU19034,蚝油,粮油调味,1,2026-04-02,76.46
100123,SKU48219,西红柿,生鲜蔬果,1,2026-08-28,31.41
100123,SKU91620,鸡蛋,肉禽蛋品,5,2026-08-28,63.41
100123,SKU87554,黄瓜,生鲜蔬果,2,2026-08-28,38.72
100123,SKU35614,牛肉,肉禽蛋品,4,2026-08-28,79.83
100123,SKU42129,模具,烘焙用品,5,2026-08-28,61.56
100124,SKU11257,辣椒酱,粮油调味,3,2026-03-01,51.97
100124,SKU96154,蔬菜拼盘,火锅食材,3,2026-03-01,3.11
100125,SKU17850,鸡蛋,肉禽蛋品,4,2026-07-28,40.89
100125,SKU22193,白糖,粮油调味,2,2026-07-28,57.8
100125,SKU78125,豆腐,火锅食材,1,2026-07-28,73.94
100125,SKU58823,牛奶,食品饮料,4,2026-07-28,56.97
100126,SKU67014,火锅底料,火锅食材,5,2026-08-24,46.72
100126,SKU44208,丸子,火锅食材,2,2026-08-24,21.23
100126,SKU61505,肥牛卷,火锅食材,3,2026-08-24,74.31
100126,SKU45645,三文鱼,肉禽蛋品,3,2026-08-24,27.49
100126,SKU36569,蛋糕粉,烘焙用品,2,2026-08-24,8.75
100126,SKU86638,胡萝卜,生鲜蔬果,2,2026-08-24,63.06
100127,SKU37215,排骨,肉禽蛋品,1,2026-02-05,44.27
100127,SKU44735,胡萝卜,生鲜蔬果,4,2026-02-05,26.74
100127,SKU99922,土豆,生鲜蔬果,1,2026-02-05,9.96
100127,SKU89076,洗衣液,日化清洁,3,2026-02-05,66.63
100127,SKU52964,淡奶油,烘焙用品,1,2026-02-05,19.56
100128,SKU32789,蛋糕粉,烘焙用品,3,2026-03-03,66.15
100128,SKU69270,鸭血,火锅食材,1,2026-03-03,76.31
100128,SKU42748,橙子,生鲜蔬果,5,2026-03-03,60.6
100128,SKU28322,矿泉水,食品饮料,1,2026-03-03,38.58
100129,SKU92614,洗衣液,日化清洁,4,2026-02-01,31.66
100129,SKU43924,纸巾,日化清洁,1,2026-02-01,47.84
100129,SKU18450,垃圾袋,日化清洁,1,2026-02-01,4.68
100129,SKU68121,盐,粮油调味,2,2026-02-01,72.49
100130,SKU66774,排骨,肉禽蛋品,2,2026-03-03,74.16
100130,SKU60165,香蕉,生鲜蔬果,4,2026-03-03,41.2
100130,SKU38143,油纸,烘焙用品,4,2026-03-03,16.31
100130,SKU68459,橙子,生鲜蔬果,2,2026-03-03,24.17
100131,SKU27987,酸奶,食品饮料,1,2026-03-02,24.54
100131,SKU78919,果汁,食品饮料,4,2026-03-02,18.36
100131,SKU81258,羊肉卷,火锅食材,2,2026-03-02,51.57
100131,SKU57069,淡奶油,烘焙用品,1,2026-03-02,79.18
100131,SKU73527,丸子,火锅食材,4,2026-03-02,44.93
100131,SKU75849,葡萄,生鲜蔬果,3,2026-03-02,73.28
100132,SKU71824,牛奶,食品饮料,3,2026-06-13,7.51
100132,SKU86544,面包,食品饮料,5,2026-06-13,30.52
100132,SKU23124,蚝油,粮油调味,2,2026-06-13,78.0
100132,SKU44934,白菜,生鲜蔬果,2,2026-06-13,53.58
100133,SKU32768,蚝油,粮油调味,3,2026-09-27,75.01
100133,SKU51681,拖把,日化清洁,2,2026-09-27,21.21
100134,SKU74282,大米,粮油调味,5,2026-06-19,26.8
100134,SKU40490,食用油,粮油调味,1,2026-06-19,9.95
100134,SKU79002,酱油,粮油调味,5,2026-06-19,19.85
100134,SKU90495,虾仁,肉禽蛋品,4,2026-06-19,3.05
100134,SKU54663,醋,粮油调味,2,2026-06-19,65.1
100134,SKU52413,羊肉卷,火锅食材,2,2026-06-19,73.75
100135,SKU58967,蛋糕粉,烘焙用品,3,2026-01-01,76.96
100135,SKU54113,黄油,烘焙用品,4,2026-01-01,48.12
100135,SKU30644,淡奶油,烘焙用品,3,2026-01-01,27.84
100135,SKU73858,鸡蛋,肉禽蛋品,4,2026-01-01,63.97
100135,SKU83659,豆腐,火锅食材,3,2026-01-01,16.41
100136,SKU10235,消毒液,日化清洁,2,2026-06-08,16.68
100136,SKU84381,巧克力,食品饮料,5,2026-06-08,33.15
100136,SKU51709,果汁,食品饮料,1,2026-06-08,17.02
100137,SKU21629,虾仁,肉禽蛋品,3,2026-04-21,15.93
100137,SKU44761,牙膏,日化清洁,3,2026-04-21,37.39
100137,SKU18885,胡萝卜,生鲜蔬果,2,2026-04-21,22.21
100137,SKU24160,牛奶,食品饮料,3,2026-04-21,22.76
100137,SKU67438,沐浴露,日化清洁,1,2026-04-21,6.71
100138,SKU39567,消毒液,日化清洁,5,2026-07-06,53.12
100138,SKU14379,沐浴露,日化清洁,2,2026-07-06,37.75
100138,SKU44226,蔬菜拼盘,火锅食材,3,2026-07-06,4.55
100138,SKU32296,鸡肉,肉禽蛋品,1,2026-07-06,8.71
100138,SKU19830,丸子,火锅食材,4,2026-07-06,15.39
100139,SKU66911,苹果,生鲜蔬果,2,2026-09-03,49.76
100139,SKU53397,香蕉,生鲜蔬果,2,2026-09-03,7.12
100139,SKU63645,橙子,生鲜蔬果,2,2026-09-03,78.03
100139,SKU80795,白菜,生鲜蔬果,5,2026-09-03,58.6
100139,SKU48980,芝士碎,烘焙用品,3,2026-09-03,53.87
100140,SKU21485,苹果,生鲜蔬果,3,2026-04-04,3.29
100140,SKU91931,香蕉,生鲜蔬果,3,2026-04-04,66.44
100140,SKU22712,橙子,生鲜蔬果,5,2026-04-04,39.99
100140,SKU93648,肥牛卷,火锅食材,1,2026-04-04,18.94
100140,SKU72071,带鱼,肉禽蛋品,3,2026-04-04,78.23
100141,SKU59996,肥牛卷,火锅食材,2,2026-02-10,31.57
100141,SKU15848,方便面,食品饮料,3,2026-02-10,17.37
100141,SKU44524,牛肉,肉禽蛋品,3,2026-02-10,36.86
100141,SKU83956,蔬菜拼盘,火锅食材,2,2026-02-10,67.46
100141,SKU97486,拖把,日化清洁,1,2026-02-10,14.64
100142,SKU72424,淡奶油,烘焙用品,5,2026-02-03,70.89
100142,SKU14551,辣椒酱,粮油调味,3,2026-02-03,9.08
100142,SKU77740,葡萄,生鲜蔬果,5,2026-02-03,46.98
100142,SKU91300,拖把,日化清洁,5,2026-02-03,55.17
100142,SKU68856,酵母,烘焙用品,2,2026-02-03,12.26
100142,SKU31910,火锅底料,火锅食材,2,2026-02-03,76.08
100143,SKU92211,牛奶,食品饮料,2,2026-04-26,79.79
100143,SKU43801,面包,食品饮料,2,2026-04-26,67.23
100143,SKU18783,猪肉,肉禽蛋品,3,2026-04-26,73.13
100143,SKU62082,芝士碎,烘焙用品,1,2026-04-26,32.88
100144,SKU87061,模具,烘焙用品,2,2026-09-11,14.41
100144,SKU23133,黄瓜,生鲜蔬果,5,2026-09-11,61.4
100144,SKU23237,粉丝,火锅食材,1,2026-09-11,46.33
100144,SKU55071,酵母,烘焙用品,3,2026-09-11,69.8
100144,SKU95824,鸭蛋,肉禽蛋品,4,2026-09-11,23.34
100144,SKU72003,豆腐,火锅食材,4,2026-09-11,47.05
100145,SKU16460,蛋糕粉,烘焙用品,3,2026-01-06,56.17
100145,SKU58816,黄油,烘焙用品,4,2026-01-06,73.9
100145,SKU49722,淡奶油,烘焙用品,1,2026-01-06,29.02
100145,SKU74437,鸡蛋,肉禽蛋品,3,2026-01-06,24.59
100145,SKU39878,苹果,生鲜蔬果,1,2026-01-06,77.88
100146,SKU63368,洗洁精,日化清洁,4,2026-03-10,19.28
100146,SKU59009,饼干,食品饮料,4,2026-03-10,61.48
100146,SKU30836,酵母,烘焙用品,1,2026-03-10,42.68
100146,SKU76426,牛肉,肉禽蛋品,1,2026-03-10,26.96
100146,SKU78719,醋,粮油调味,4,2026-03-10,13.45
100147,SKU57235,洗衣液,日化清洁,1,2026-01-06,38.15
100147,SKU70846,纸巾,日化清洁,2,2026-01-06,24.1
100147,SKU26236,垃圾袋,日化清洁,5,2026-01-06,33.56
100147,SKU74066,酸奶,食品饮料,1,2026-01-06,21.63
100148,SKU31352,沐浴露,日化清洁,1,2026-08-06,32.77
100148,SKU38091,大米,粮油调味,5,2026-08-06,63.05
100148,SKU98826,方便面,食品饮料,2,2026-08-06,52.85
100148,SKU63674,牛肉,肉禽蛋品,2,2026-08-06,23.72
100148,SKU99417,可乐,食品饮料,5,2026-08-06,4.54
100149,SKU50037,黄瓜,生鲜蔬果,5,2026-01-16,64.99
100149,SKU59345,蚝油,粮油调味,3,2026-01-16,35.63
100149,SKU38601,面包,食品饮料,3,2026-01-16,38.34
100150,SKU73142,蛋糕粉,烘焙用品,3,2026-08-10,55.7
100150,SKU46239,鸡蛋,肉禽蛋品,1,2026-08-10,28.89
100150,SKU44229,西红柿,生鲜蔬果,3,2026-08-10,69.33
100150,SKU77802,鸭血,火锅食材,3,2026-08-10,17.5
100150,SKU88647,肥皂,日化清洁,2,2026-08-10,72.28
100150,SKU99228,可乐,食品饮料,4,2026-08-10,53.86
100151,SKU14629,排骨,肉禽蛋品,4,2026-03-24,32.9
100151,SKU84978,胡萝卜,生鲜蔬果,5,2026-03-24,57.52
100151,SKU39145,土豆,生鲜蔬果,2,2026-03-24,29.42
100151,SKU72355,方便面,食品饮料,5,2026-03-24,52.15
100151,SKU32280,酵母,烘焙用品,3,2026-03-24,42.06
100152,SKU33995,排骨,肉禽蛋品,5,2026-09-06,61.74
100152,SKU39131,胡萝卜,生鲜蔬果,3,2026-09-06,53.39
100152,SKU50250,土豆,生鲜蔬果,3,2026-09-06,20.2
100152,SKU53426,方便面,食品饮料,4,2026-09-06,63.68
100153,SKU99220,排骨,肉禽蛋品,5,2026-06-09,12.23
100153,SKU64146,火锅底料,火锅食材,4,2026-06-09,43.8
100153,SKU29762,橙子,生鲜蔬果,1,2026-06-09,70.06
100153,SKU54914,胡萝卜,生鲜蔬果,2,2026-06-09,79.41
100153,SKU69974,醋,粮油调味,4,2026-06-09,79.01
100154,SKU17603,猪肉,肉禽蛋品,2,2026-03-11,27.13
100154,SKU37444,肥牛卷,火锅食材,1,2026-03-11,37.81
100154,SKU30766,牙膏,日化清洁,2,2026-03-11,47.37
100155,SKU72573,鸡翅,肉禽蛋品,4,2026-08-26,34.06
100155,SKU79963,芝士碎,烘焙用品,4,2026-08-26,3.36
100156,SKU92141,牛奶,食品饮料,1,2026-04-24,55.11
100156,SKU55134,面包,食品饮料,2,2026-04-24,20.42
100156,SKU60272,豆腐,火锅食材,3,2026-04-24,12.93
100156,SKU31891,醋,粮油调味,5,2026-04-24,48.33
100157,SKU27536,西红柿,生鲜蔬果,3,2026-02-27,36.39
100157,SKU74248,鸡蛋,肉禽蛋品,3,2026-02-27,79.7
100157,SKU31611,黄瓜,生鲜蔬果,3,2026-02-27,60.76
100157,SKU39402,粉丝,火锅食材,4,2026-02-27,4.47
100157,SKU12872,豆腐,火锅食材,2,2026-02-27,19.26
100158,SKU16286,牛奶,食品饮料,5,2026-09-06,6.74
100158,SKU12587,面包,食品饮料,1,2026-09-06,53.32
100158,SKU64627,蘸料,火锅食材,1,2026-09-06,56.11
100159,SKU96725,西红柿,生鲜蔬果,1,2026-08-13,26.19
100159,SKU45386,鸡蛋,肉禽蛋品,1,2026-08-13,54.01
100159,SKU27978,黄瓜,生鲜蔬果,5,2026-08-13,49.63
100159,SKU23751,带鱼,肉禽蛋品,4,2026-08-13,66.96
100159,SKU25431,白糖,粮油调味,5,2026-08-13,58.34
100160,SKU81845,盐,粮油调味,3,2026-05-04,15.35
100160,SKU73001,方便面,食品饮料,4,2026-05-04,73.1
100160,SKU11671,粉丝,火锅食材,3,2026-05-04,21.06
100160,SKU85255,纸巾,日化清洁,1,2026-05-04,72.83
100160,SKU21807,淡奶油,烘焙用品,4,2026-05-04,14.48
100161,SKU48800,面包,食品饮料,4,2026-09-03,79.13
100161,SKU23082,辣椒酱,粮油调味,3,2026-09-03,38.75
100162,SKU16014,西红柿,生鲜蔬果,1,2026-03-28,10.31
100162,SKU96947,鸡蛋,肉禽蛋品,1,2026-03-28,68.6
100162,SKU67372,黄瓜,生鲜蔬果,2,2026-03-28,28.31
100162,SKU22183,洗衣液,日化清洁,5,2026-03-28,23.66
100162,SKU33969,蛋挞皮,烘焙用品,3,2026-03-28,65.75
100163,SKU17686,饼干,食品饮料,1,2026-02-13,13.2
100163,SKU87430,拖把,日化清洁,2,2026-02-13,10.99
100163,SKU98918,丸子,火锅食材,4,2026-02-13,64.77
100163,SKU59774,酵母,烘焙用品,4,2026-02-13,16.96
100163,SKU99714,面粉,粮油调味,3,2026-02-13,50.07
100164,SKU95848,淡奶油,烘焙用品,1,2026-03-16,7.88
100164,SKU98857,糖粉,烘焙用品,3,2026-03-16,3.95
100165,SKU96993,蚝油,粮油调味,2,2026-09-25,40.11
100165,SKU83183,洗发水,日化清洁,4,2026-09-25,14.45
100165,SKU94331,粉丝,火锅食材,5,2026-09-25,7.2
100165,SKU71510,豆腐,火锅食材,2,2026-09-25,41.93
100165,SKU19812,鸡肉,肉禽蛋品,4,2026-09-25,69.95
100165,SKU53371,芝士碎,烘焙用品,4,2026-09-25,27.69
100166,SKU75333,消毒液,日化清洁,5,2026-05-02,37.5
100166,SKU75191,黄油,烘焙用品,4,2026-05-02,27.34
100166,SKU64046,牛奶,食品饮料,1,2026-05-02,10.9
100166,SKU10022,猪肉,肉禽蛋品,1,2026-05-02,45.9
100166,SKU91142,模具,烘焙用品,1,2026-05-02,63.97
100166,SKU83706,糖粉,烘焙用品,3,2026-05-02,71.54
100167,SKU91232,垃圾袋,日化清洁,3,2026-04-21,46.13
100167,SKU96136,橙子,生鲜蔬果,5,2026-04-21,39.43
100167,SKU24945,蚝油,粮油调味,3,2026-04-21,58.13
100167,SKU39064,模具,烘焙用品,1,2026-04-21,61.47
100168,SKU74542,西红柿,生鲜蔬果,1,2026-01-11,72.06
100168,SKU63636,鸡蛋,肉禽蛋品,2,2026-01-11,66.28
100168,SKU35679,黄瓜,生鲜蔬果,1,2026-01-11,22.58
100168,SKU61497,粉丝,火锅食材,2,2026-01-11,12.3
100168,SKU34979,肥皂,日化清洁,2,2026-01-11,38.19
100169,SKU76086,排骨,肉禽蛋品,4,2026-06-04,53.7
100169,SKU10568,香草精,烘焙用品,2,2026-06-04,77.22
100170,SKU26827,可乐,食品饮料,5,2026-09-24,16.37
100170,SKU88714,薯片,食品饮料,1,2026-09-24,32.83
100170,SKU76074,饼干,食品饮料,5,2026-09-24,70.97
100170,SKU89822,丸子,火锅食材,4,2026-09-24,35.24
100170,SKU54939,鸭血,火锅食材,2,2026-09-24,24.07
100170,SKU27481,食用油,粮油调味,3,2026-09-24,37.87
100171,SKU27389,矿泉水,食品饮料,3,2026-03-14,73.93
100171,SKU93476,洗衣液,日化清洁,2,2026-03-14,41.8
100171,SKU56168,料酒,粮油调味,3,2026-03-14,57.7
100171,SKU84794,盐,粮油调味,5,2026-03-14,39.99
100171,SKU79979,白糖,粮油调味,4,2026-03-14,54.92
100171,SKU65363,果汁,食品饮料,3,2026-03-14,70.57
100172,SKU31094,可乐,食品饮料,1,2026-01-17,18.39
100172,SKU29192,薯片,食品饮料,3,2026-01-17,55.62
100172,SKU48684,饼干,食品饮料,1,2026-01-17,56.18
100172,SKU14234,橙子,生鲜蔬果,2,2026-01-17,61.03
100173,SKU99803,蚝油,粮油调味,4,2026-06-27,32.84
100173,SKU17051,拖把,日化清洁,3,2026-06-27,77.37
100173,SKU36619,牛奶,食品饮料,1,2026-06-27,60.26
100173,SKU68073,鸭血,火锅食材,5,2026-06-27,69.9
100173,SKU94886,可乐,食品饮料,2,2026-06-27,73.18
100173,SKU81645,橙子,生鲜蔬果,3,2026-06-27,61.14
100174,SKU32779,果汁,食品饮料,1,2026-04-25,17.4
100174,SKU15326,香草精,烘焙用品,5,2026-04-25,12.19
100174,SKU44634,食用油,粮油调味,4,2026-04-25,24.49
100175,SKU52287,西红柿,生鲜蔬果,1,2026-03-06,14.84
100175,SKU91968,牙膏,日化清洁,5,2026-03-06,6.92
100175,SKU49472,油纸,烘焙用品,5,2026-03-06,67.92
100175,SKU82110,带鱼,肉禽蛋品,4,2026-03-06,63.82
100176,SKU30889,豆腐,火锅食材,1,2026-06-03,63.54
100176,SKU62876,蚝油,粮油调味,4,2026-06-03,44.82
100176,SKU37964,酱油,粮油调味,1,2026-06-03,29.9
100176,SKU48479,粉丝,火锅食材,3,2026-06-03,28.49
100177,SKU41958,黄瓜,生鲜蔬果,5,2026-04-25,73.73
100177,SKU52065,鸭蛋,肉禽蛋品,1,2026-04-25,55.56
100177,SKU24860,沐浴露,日化清洁,4,2026-04-25,73.53
100177,SKU47070,香草精,烘焙用品,4,2026-04-25,22.76
100177,SKU59146,牛奶,食品饮料,1,2026-04-25,73.17
100178,SKU31940,香蕉,生鲜蔬果,1,2026-09-26,76.01
100178,SKU92173,果汁,食品饮料,5,2026-09-26,44.06
100178,SKU92511,醋,粮油调味,1,2026-09-26,19.23
100178,SKU65601,洗洁精,日化清洁,2,2026-09-26,69.6
100178,SKU67047,鸭血,火锅食材,1,2026-09-26,18.83
100179,SKU17113,模具,烘焙用品,1,2026-02-24,9.74
100179,SKU83149,牙膏,日化清洁,2,2026-02-24,64.15
100180,SKU61052,淡奶油,烘焙用品,4,2026-02-19,27.36
100180,SKU94072,拖把,日化清洁,1,2026-02-19,44.18
100180,SKU86756,香草精,烘焙用品,5,2026-02-19,7.87
100180,SKU19514,黄油,烘焙用品,1,2026-02-19,56.97
100181,SKU96602,西红柿,生鲜蔬果,4,2026-06-17,33.42
100181,SKU79922,鸡蛋,肉禽蛋品,1,2026-06-17,39.5
100181,SKU61248,黄瓜,生鲜蔬果,2,2026-06-17,13.5
100181,SKU93105,牛肉,肉禽蛋品,5,2026-06-17,25.71
100181,SKU94926,可乐,食品饮料,2,2026-06-17,25.95
100181,SKU11461,糖粉,烘焙用品,3,2026-06-17,76.72
100182,SKU80405,香蕉,生鲜蔬果,5,2026-09-28,48.94
100182,SKU49936,西红柿,生鲜蔬果,5,2026-09-28,75.92
100183,SKU90856,料酒,粮油调味,2,2026-04-24,17.17
100183,SKU33770,淡奶油,烘焙用品,3,2026-04-24,17.96
100183,SKU81939,鸭血,火锅食材,5,2026-04-24,68.62
100183,SKU19587,虾仁,肉禽蛋品,4,2026-04-24,52.64
100184,SKU97988,火锅底料,火锅食材,3,2026-05-22,30.5
100184,SKU91201,丸子,火锅食材,2,2026-05-22,10.7
100184,SKU51652,肥牛卷,火锅食材,1,2026-05-22,72.31
100185,SKU51053,西红柿,生鲜蔬果,4,2026-08-15,15.99
100185,SKU93995,鸡蛋,肉禽蛋品,2,2026-08-15,63.5
100185,SKU57118,黄瓜,生鲜蔬果,4,2026-08-15,24.3
100185,SKU53458,带鱼,肉禽蛋品,2,2026-08-15,55.33
100185,SKU57020,垃圾袋,日化清洁,4,2026-08-15,38.64
100185,SKU24264,洗衣液,日化清洁,3,2026-08-15,40.5
100186,SKU12441,三文鱼,肉禽蛋品,1,2026-03-21,59.01
100186,SKU86269,蘸料,火锅食材,5,2026-03-21,51.64
100186,SKU87337,盐,粮油调味,5,2026-03-21,34.2
100186,SKU82298,方便面,食品饮料,2,2026-03-21,72.79
100187,SKU76900,火锅底料,火锅食材,2,2026-05-18,38.78
100187,SKU75820,带鱼,肉禽蛋品,1,2026-05-18,33.55
100187,SKU90482,垃圾袋,日化清洁,1,2026-05-18,54.03
100187,SKU28398,蛋糕粉,烘焙用品,2,2026-05-18,61.3
100187,SKU84233,蚝油,粮油调味,4,2026-05-18,15.26
100187,SKU29162,果汁,食品饮料,5,2026-05-18,53.77
100188,SKU15610,排骨,肉禽蛋品,3,2026-08-12,31.45
100188,SKU57349,胡萝卜,生鲜蔬果,2,2026-08-12,42.88
100188,SKU69591,土豆,生鲜蔬果,4,2026-08-12,39.16
100188,SKU95003,生菜,生鲜蔬果,1,2026-08-12,6.07
100189,SKU20202,薯片,食品饮料,5,2026-06-04,53.31
100189,SKU39215,方便面,食品饮料,5,2026-06-04,22.37
100189,SKU55224,食用油,粮油调味,5,2026-06-04,34.25
100189,SKU89195,消毒液,日化清洁,4,2026-06-04,64.03
100189,SKU28214,粉丝,火锅食材,1,2026-06-04,41.64
100189,SKU20104,垃圾袋,日化清洁,4,2026-06-04,15.75
100190,SKU25509,蛋糕粉,烘焙用品,3,2026-09-21,49.36
100190,SKU53283,黄油,烘焙用品,2,2026-09-21,34.93
100190,SKU72759,淡奶油,烘焙用品,1,2026-09-21,40.08
100190,SKU31134,鸡蛋,肉禽蛋品,4,2026-09-21,19.22
100190,SKU15655,大米,粮油调味,4,2026-09-21,4.73
100191,SKU33597,鸭血,火锅食材,1,2026-03-19,15.81
100191,SKU88558,香蕉,生鲜蔬果,5,2026-03-19,76.78
100191,SKU96736,虾仁,肉禽蛋品,5,2026-03-19,52.1
100192,SKU88753,苹果,生鲜蔬果,2,2026-05-03,66.94
100192,SKU33839,香蕉,生鲜蔬果,2,2026-05-03,64.19
100192,SKU44671,橙子,生鲜蔬果,5,2026-05-03,53.79
100192,SKU54914,丸子,火锅食材,2,2026-05-03,58.76
100192,SKU19023,面粉,粮油调味,4,2026-05-03,48.93
100193,SKU76107,火锅底料,火锅食材,5,2026-04-13,69.19
100193,SKU89365,丸子,火锅食材,4,2026-04-13,66.64
100193,SKU90576,肥牛卷,火锅食材,1,2026-04-13,16.66
100193,SKU79655,盐,粮油调味,5,2026-04-13,6.01
100194,SKU58546,排骨,肉禽蛋品,4,2026-09-25,43.2
100194,SKU66224,胡萝卜,生鲜蔬果,1,2026-09-25,56.72
100194,SKU73192,土豆,生鲜蔬果,2,2026-09-25,75.26
100194,SKU85513,鸡翅,肉禽蛋品,4,2026-09-25,29.99
100194,SKU43360,蔬菜拼盘,火锅食材,1,2026-09-25,35.76
100194,SKU20986,西红柿,生鲜蔬果,4,2026-09-25,61.97
100195,SKU95792,面包,食品饮料,5,2026-05-20,3.55
100195,SKU51405,醋,粮油调味,2,2026-05-20,55.96
100195,SKU30287,西红柿,生鲜蔬果,4,2026-05-20,30.89
100195,SKU43244,粉丝,火锅食材,4,2026-05-20,53.17
100195,SKU65517,排骨,肉禽蛋品,3,2026-05-20,68.83
100196,SKU73238,可乐,食品饮料,5,2026-06-20,63.35
100196,SKU82733,薯片,食品饮料,2,2026-06-20,31.51
100196,SKU50193,饼干,食品饮料,4,2026-06-20,22.54
100196,SKU62183,淡奶油,烘焙用品,5,2026-06-20,29.52
100197,SKU76629,辣椒酱,粮油调味,2,2026-03-28,10.72
100197,SKU82165,香草精,烘焙用品,4,2026-03-28,63.53
100198,SKU67065,牛奶,食品饮料,4,2026-01-06,74.29
100198,SKU39067,面包,食品饮料,1,2026-01-06,7.93
100198,SKU14948,虾仁,肉禽蛋品,3,2026-01-06,9.16
100199,SKU77915,可乐,食品饮料,2,2026-07-13,68.49
100199,SKU88579,葡萄,生鲜蔬果,3,2026-07-13,18.0
100199,SKU40365,食用油,粮油调味,5,2026-07-13,42.72
100199,SKU14726,羊肉卷,火锅食材,5,2026-07-13,16.05
100199,SKU10037,糖粉,烘焙用品,3,2026-07-13,21.42
100199,SKU46167,黄瓜,生鲜蔬果,2,2026-07-13,9.69
100200,SKU83284,盐,粮油调味,5,2026-07-12,24.91
100200,SKU46242,粉丝,火锅食材,5,2026-07-12,29.8
100200,SKU35496,黄瓜,生鲜蔬果,2,2026-07-12,49.69
100200,SKU85354,生菜,生鲜蔬果,4,2026-07-12,74.59
100200,SKU63363,牛肉,肉禽蛋品,1,2026-07-12,23.11
100201,SKU83815,果汁,食品饮料,4,2026-09-04,77.39
100201,SKU54520,洗发水,日化清洁,4,2026-09-04,62.29
100201,SKU86916,鸭蛋,肉禽蛋品,4,2026-09-04,55.48
100201,SKU43792,鸭血,火锅食材,1,2026-09-04,40.11
100201,SKU38885,面包,食品饮料,1,2026-09-04,32.47
100201,SKU64057,粉丝,火锅食材,2,2026-09-04,64.61
100202,SKU33394,酸奶,食品饮料,3,2026-06-17,8.85
100202,SKU38647,可乐,食品饮料,4,2026-06-17,27.17
100202,SKU99536,牛肉,肉禽蛋品,5,2026-06-17,23.72
100202,SKU36170,黄油,烘焙用品,2,2026-06-17,41.42
100203,SKU91080,西红柿,生鲜蔬果,2,2026-04-24,67.29
100203,SKU23983,鸡蛋,肉禽蛋品,3,2026-04-24,15.01
100203,SKU98580,黄瓜,生鲜蔬果,1,2026-04-24,73.85
100203,SKU80972,辣椒酱,粮油调味,4,2026-04-24,50.26
100204,SKU85584,洗衣液,日化清洁,4,2026-01-28,20.1
100204,SKU65466,羊肉卷,火锅食材,2,2026-01-28,7.17
100204,SKU14268,薯片,食品饮料,4,2026-01-28,75.35
100204,SKU99959,肥牛卷,火锅食材,5,2026-01-28,29.74
100204,SKU25776,酱油,粮油调味,2,2026-01-28,38.2
100204,SKU11103,豆腐,火锅食材,5,2026-01-28,38.43
100205,SKU44039,苹果,生鲜蔬果,3,2026-01-22,50.18
100205,SKU41082,香蕉,生鲜蔬果,2,2026-01-22,45.24
100205,SKU90358,橙子,生鲜蔬果,3,2026-01-22,39.29
100205,SKU75374,洗洁精,日化清洁,3,2026-01-22,31.18
100206,SKU85483,垃圾袋,日化清洁,2,2026-07-07,47.0
100206,SKU45382,黄油,烘焙用品,2,2026-07-07,65.69
100206,SKU59923,薯片,食品饮料,2,2026-07-07,45.76
100206,SKU29601,香草精,烘焙用品,2,2026-07-07,14.23
100207,SKU73782,可乐,食品饮料,5,2026-08-26,58.48
100207,SKU84427,薯片,食品饮料,3,2026-08-26,22.33
100207,SKU31409,饼干,食品饮料,1,2026-08-26,33.68
100207,SKU43330,三文鱼,肉禽蛋品,1,2026-08-26,19.59
100207,SKU22622,粉丝,火锅食材,4,2026-08-26,67.6
100208,SKU56018,大米,粮油调味,1,2026-08-24,34.71
100208,SKU85483,食用油,粮油调味,5,2026-08-24,18.32
100208,SKU47304,酱油,粮油调味,5,2026-08-24,16.44
100208,SKU76904,面包,食品饮料,3,2026-08-24,28.03
100208,SKU68580,沐浴露,日化清洁,4,2026-08-24,62.66
100209,SKU55039,虾仁,肉禽蛋品,1,2026-02-13,9.09
100209,SKU95591,面粉,粮油调味,2,2026-02-13,27.14
100209,SKU89349,洗发水,日化清洁,3,2026-02-13,57.7
100209,SKU68313,酵母,烘焙用品,4,2026-02-13,23.89
100209,SKU78280,黄油,烘焙用品,3,2026-02-13,60.59
100210,SKU20494,牛奶,食品饮料,3,2026-08-14,75.41
100210,SKU23501,面包,食品饮料,2,2026-08-14,15.85
100211,SKU30352,橙子,生鲜蔬果,1,2026-02-03,23.21
100211,SKU61097,白菜,生鲜蔬果,1,2026-02-03,53.42
100211,SKU47247,蛋糕粉,烘焙用品,3,2026-02-03,20.66
100211,SKU27206,豆腐,火锅食材,4,2026-02-03,51.24
100211,SKU13744,猪肉,肉禽蛋品,5,2026-02-03,67.57
100212,SKU27709,大米,粮油调味,3,2026-01-22,45.24
100212,SKU88326,食用油,粮油调味,5,2026-01-22,16.63
100212,SKU93342,酱油,粮油调味,4,2026-01-22,51.59
100212,SKU93858,油纸,烘焙用品,5,2026-01-22,36.49
100212,SKU55504,蔬菜拼盘,火锅食材,5,2026-01-22,26.84
100213,SKU49789,火锅底料,火锅食材,4,2026-08-18,23.01
100213,SKU27865,丸子,火锅食材,1,2026-08-18,3.01
100213,SKU80136,肥牛卷,火锅食材,3,2026-08-18,25.08
100213,SKU74478,巧克力,食品饮料,1,2026-08-18,55.96
100213,SKU66418,垃圾袋,日化清洁,4,2026-08-18,26.07
100214,SKU42754,牛奶,食品饮料,5,2026-05-20,36.66
100214,SKU94671,面包,食品饮料,2,2026-05-20,58.05
100214,SKU38913,肥皂,日化清洁,4,2026-05-20,66.79
100214,SKU91962,醋,粮油调味,3,2026-05-20,9.1
100214,SKU90375,淡奶油,烘焙用品,2,2026-05-20,42.78
100215,SKU69682,饼干,食品饮料,3,2026-05-10,11.5
100215,SKU91625,淡奶油,烘焙用品,5,2026-05-10,37.86
100215,SKU12542,醋,粮油调味,4,2026-05-10,17.46
100215,SKU80119,生菜,生鲜蔬果,2,2026-05-10,6.82
100215,SKU23405,酱油,粮油调味,1,2026-05-10,17.32
100215,SKU67464,三文鱼,肉禽蛋品,3,2026-05-10,23.73
100216,SKU75325,牛奶,食品饮料,4,2026-01-08,26.99
100216,SKU14159,面包,食品饮料,3,2026-01-08,38.7
100216,SKU29148,料酒,粮油调味,3,2026-01-08,9.18
100216,SKU61435,洗发水,日化清洁,1,2026-01-08,23.52
100217,SKU42631,面包,食品饮料,1,2026-02-18,78.04
100217,SKU68059,消毒液,日化清洁,4,2026-02-18,62.38
100217,SKU14392,黄瓜,生鲜蔬果,2,2026-02-18,59.8
100218,SKU50908,粉丝,火锅食材,4,2026-04-15,32.96
100218,SKU15529,白糖,粮油调味,3,2026-04-15,15.21
100219,SKU38545,排骨,肉禽蛋品,1,2026-09-17,69.5
100219,SKU66906,胡萝卜,生鲜蔬果,1,2026-09-17,21.17
100219,SKU46188,土豆,生鲜蔬果,3,2026-09-17,4.16
100219,SKU41862,矿泉水,食品饮料,5,2026-09-17,12.21
100219,SKU86162,盐,粮油调味,1,2026-09-17,77.6
100219,SKU30315,垃圾袋,日化清洁,4,2026-09-17,56.01
100220,SKU94485,蛋糕粉,烘焙用品,1,2026-06-25,7.6
100220,SKU24076,黄油,烘焙用品,2,2026-06-25,57.0
100220,SKU51515,淡奶油,烘焙用品,2,2026-06-25,40.56
100220,SKU55523,鸡蛋,肉禽蛋品,5,2026-06-25,63.72
100220,SKU12798,牛肉,肉禽蛋品,4,2026-06-25,59.46
100220,SKU27659,洗发水,日化清洁,4,2026-06-25,30.58
100221,SKU71393,果汁,食品饮料,5,2026-05-02,29.77
100221,SKU88470,蔬菜拼盘,火锅食材,3,2026-05-02,69.81
100221,SKU79617,肥牛卷,火锅食材,5,2026-05-02,15.35
100221,SKU44517,醋,粮油调味,2,2026-05-02,37.6
100221,SKU10094,酱油,粮油调味,5,2026-05-02,31.27
100222,SKU96283,垃圾袋,日化清洁,3,2026-09-13,58.52
100222,SKU34886,牛奶,食品饮料,5,2026-09-13,66.07
100223,SKU18739,带鱼,肉禽蛋品,1,2026-09-22,43.29
100223,SKU27009,可乐,食品饮料,1,2026-09-22,67.31
100223,SKU36486,洗洁精,日化清洁,2,2026-09-22,70.26
100223,SKU22943,淡奶油,烘焙用品,1,2026-09-22,40.37
100223,SKU60934,豆腐,火锅食材,1,2026-09-22,46.97
100223,SKU87371,鸭蛋,肉禽蛋品,4,2026-09-22,43.49
100224,SKU20480,苹果,生鲜蔬果,4,2026-05-02,74.49
100224,SKU17956,香蕉,生鲜蔬果,4,2026-05-02,64.68
100224,SKU64519,橙子,生鲜蔬果,3,2026-05-02,45.97
100224,SKU17641,胡萝卜,生鲜蔬果,3,2026-05-02,64.16
100224,SKU15328,黄瓜,生鲜蔬果,5,2026-05-02,23.47
100224,SKU20215,白糖,粮油调味,1,2026-05-02,67.25
100225,SKU84714,洗衣液,日化清洁,5,2026-04-17,53.58
100225,SKU83156,纸巾,日化清洁,2,2026-04-17,46.0
100225,SKU93705,垃圾袋,日化清洁,4,2026-04-17,60.45
100225,SKU70125,拖把,日化清洁,5,2026-04-17,30.56
100225,SKU31864,醋,粮油调味,4,2026-04-17,70.98
100226,SKU52553,大米,粮油调味,3,2026-03-18,45.36
100226,SKU93000,蘸料,火锅食材,3,2026-03-18,34.75
100226,SKU52395,糖粉,烘焙用品,4,2026-03-18,66.61
100226,SKU81516,纸巾,日化清洁,5,2026-03-18,21.54
100227,SKU88087,垃圾袋,日化清洁,1,2026-04-13,78.69
100227,SKU49562,香草精,烘焙用品,1,2026-04-13,42.86
100227,SKU39083,蛋糕粉,烘焙用品,1,2026-04-13,26.13
100227,SKU12844,西红柿,生鲜蔬果,2,2026-04-13,68.89
100228,SKU86304,带鱼,肉禽蛋品,2,2026-05-18,23.4
100228,SKU49361,鸡肉,肉禽蛋品,2,2026-05-18,20.94
100228,SKU84588,苹果,生鲜蔬果,1,2026-05-18,46.93
100228,SKU52558,模具,烘焙用品,2,2026-05-18,59.54
100228,SKU85527,纸巾,日化清洁,4,2026-05-18,16.31
100228,SKU49373,蔬菜拼盘,火锅食材,1,2026-05-18,48.83
100229,SKU25799,猪肉,肉禽蛋品,4,2026-01-24,74.63
100229,SKU88944,葡萄,生鲜蔬果,2,2026-01-24,60.57
100229,SKU92862,牙膏,日化清洁,1,2026-01-24,51.81
100229,SKU78731,沐浴露,日化清洁,4,2026-01-24,7.17
100229,SKU84044,芝士碎,烘焙用品,1,2026-01-24,27.59
100230,SKU85399,带鱼,肉禽蛋品,4,2026-03-11,60.97
100230,SKU66614,橙子,生鲜蔬果,5,2026-03-11,9.94
100230,SKU29400,蛋糕粉,烘焙用品,3,2026-03-11,63.55
100231,SKU66949,苹果,生鲜蔬果,1,2026-03-11,33.69
100231,SKU73035,香蕉,生鲜蔬果,2,2026-03-11,61.68
100231,SKU61815,橙子,生鲜蔬果,5,2026-03-11,18.25
100231,SKU90739,黄油,烘焙用品,5,2026-03-11,18.1
100231,SKU19390,方便面,食品饮料,5,2026-03-11,21.96
100232,SKU87840,牛肉,肉禽蛋品,2,2026-05-25,27.7
100232,SKU32184,鸭蛋,肉禽蛋品,1,2026-05-25,62.27
100232,SKU67961,淡奶油,烘焙用品,3,2026-05-25,50.45
100232,SKU15882,蛋挞皮,烘焙用品,5,2026-05-25,14.23
100232,SKU58997,垃圾袋,日化清洁,2,2026-05-25,18.38
100232,SKU21247,沐浴露,日化清洁,2,2026-05-25,61.35
100233,SKU24585,苹果,生鲜蔬果,1,2026-02-24,29.43
100233,SKU12981,香蕉,生鲜蔬果,3,2026-02-24,37.65
100233,SKU80517,橙子,生鲜蔬果,3,2026-02-24,19.09
100233,SKU78585,可乐,食品饮料,2,2026-02-24,18.69
100234,SKU17878,土豆,生鲜蔬果,1,2026-05-18,22.67
100234,SKU90997,消毒液,日化清洁,3,2026-05-18,18.45
100234,SKU95820,豆腐,火锅食材,3,2026-05-18,7.09
100235,SKU95119,西红柿,生鲜蔬果,3,2026-01-03,69.79
100235,SKU59899,鸡蛋,肉禽蛋品,4,2026-01-03,20.8
100235,SKU23055,黄瓜,生鲜蔬果,5,2026-01-03,78.2
100235,SKU88263,垃圾袋,日化清洁,3,2026-01-03,40.32
100235,SKU36066,土豆,生鲜蔬果,5,2026-01-03,9.78
100236,SKU74216,香蕉,生鲜蔬果,5,2026-09-15,26.48
100236,SKU12408,酸奶,食品饮料,4,2026-09-15,60.32
100237,SKU92023,西红柿,生鲜蔬果,3,2026-06-22,65.52
100237,SKU13862,鸡蛋,肉禽蛋品,3,2026-06-22,70.66
100237,SKU39567,黄瓜,生鲜蔬果,5,2026-06-22,76.08
100237,SKU61491,毛肚,火锅食材,2,2026-06-22,29.32
100238,SKU81071,辣椒酱,粮油调味,5,2026-03-03,28.35
100238,SKU28163,酵母,烘焙用品,2,2026-03-03,18.92
100238,SKU36517,牛奶,食品饮料,5,2026-03-03,44.68
100238,SKU78656,带鱼,肉禽蛋品,2,2026-03-03,26.79
100238,SKU29025,蛋挞皮,烘焙用品,2,2026-03-03,36.11
100238,SKU51614,巧克力,食品饮料,5,2026-03-03,73.62
100239,SKU51771,酱油,粮油调味,2,2026-02-18,58.99
100239,SKU49760,洗衣液,日化清洁,4,2026-02-18,77.01
100240,SKU90213,带鱼,肉禽蛋品,2,2026-08-24,5.02
100240,SKU84323,醋,粮油调味,5,2026-08-24,23.55
100240,SKU40432,鸡蛋,肉禽蛋品,5,2026-08-24,20.78
100240,SKU57089,鸡翅,肉禽蛋品,2,2026-08-24,55.93
100241,SKU74414,毛肚,火锅食材,2,2026-02-23,68.61
100241,SKU35330,火锅底料,火锅食材,4,2026-02-23,13.59
100241,SKU11967,肥皂,日化清洁,2,2026-02-23,5.48
100242,SKU67577,洗衣液,日化清洁,2,2026-05-14,74.39
100242,SKU52584,纸巾,日化清洁,5,2026-05-14,40.73
100242,SKU66040,垃圾袋,日化清洁,4,2026-05-14,71.34
100242,SKU89682,生菜,生鲜蔬果,4,2026-05-14,62.77
100243,SKU69886,苹果,生鲜蔬果,5,2026-07-24,11.42
100243,SKU42207,香蕉,生鲜蔬果,1,2026-07-24,70.59
100243,SKU15144,橙子,生鲜蔬果,5,2026-07-24,44.42
100243,SKU92660,蘸料,火锅食材,5,2026-07-24,32.83
100243,SKU67613,豆腐,火锅食材,1,2026-07-24,17.62
100244,SKU77760,油纸,烘焙用品,5,2026-07-10,73.77
100244,SKU94685,面粉,粮油调味,2,2026-07-10,38.7
100244,SKU75622,蛋挞皮,烘焙用品,4,2026-07-10,9.96
100244,SKU86735,果汁,食品饮料,1,2026-07-10,16.84
100245,SKU36467,大米,粮油调味,4,2026-09-05,48.45
100245,SKU52477,食用油,粮油调味,4,2026-09-05,9.94
100245,SKU26193,酱油,粮油调味,2,2026-09-05,58.31
100245,SKU68903,白菜,生鲜蔬果,1,2026-09-05,11.79
100246,SKU96445,鸭血,火锅食材,3,2026-06-03,46.54
100246,SKU28953,大米,粮油调味,2,2026-06-03,15.48
100246,SKU16725,消毒液,日化清洁,2,2026-06-03,62.23
100246,SKU68491,香蕉,生鲜蔬果,4,2026-06-03,26.72
100246,SKU25408,面粉,粮油调味,3,2026-06-03,51.24
100247,SKU81237,西红柿,生鲜蔬果,4,2026-03-07,68.87
100247,SKU74679,鸡蛋,肉禽蛋品,1,2026-03-07,49.81
100247,SKU96438,黄瓜,生鲜蔬果,2,2026-03-07,19.7
100247,SKU67917,模具,烘焙用品,4,2026-03-07,37.94
100248,SKU95626,薯片,食品饮料,2,2026-02-20,14.42
100248,SKU14250,白糖,粮油调味,3,2026-02-20,5.83
100248,SKU49117,橙子,生鲜蔬果,5,2026-02-20,67.53
100249,SKU87983,可乐,食品饮料,3,2026-06-03,50.05
100249,SKU33254,薯片,食品饮料,5,2026-06-03,63.62
100249,SKU57210,饼干,食品饮料,4,2026-06-03,60.7
100249,SKU49229,大米,粮油调味,1,2026-06-03,10.17
100250,SKU25993,蛋挞皮,烘焙用品,3,2026-06-12,39.25
100250,SKU64232,生菜,生鲜蔬果,3,2026-06-12,28.35
100251,SKU51482,葡萄,生鲜蔬果,4,2026-09-07,49.88
100251,SKU91689,鸡蛋,肉禽蛋品,3,2026-09-07,43.46
100251,SKU90516,豆腐,火锅食材,3,2026-09-07,74.39
100251,SKU92818,牛肉,肉禽蛋品,5,2026-09-07,41.22
100251,SKU33580,丸子,火锅食材,4,2026-09-07,40.92
100251,SKU48074,可乐,食品饮料,5,2026-09-07,20.92
100252,SKU55829,排骨,肉禽蛋品,4,2026-04-01,6.5
100252,SKU37831,胡萝卜,生鲜蔬果,5,2026-04-01,65.07
100252,SKU46913,土豆,生鲜蔬果,1,2026-04-01,52.33
100252,SKU50340,白糖,粮油调味,3,2026-04-01,63.85
100252,SKU52457,酵母,烘焙用品,3,2026-04-01,42.02
100253,SKU98142,蛋糕粉,烘焙用品,3,2026-01-04,67.2
100253,SKU14660,白菜,生鲜蔬果,4,2026-01-04,73.54
100253,SKU92208,食用油,粮油调味,2,2026-01-04,40.08
100253,SKU80381,醋,粮油调味,4,2026-01-04,71.69
100254,SKU99848,葡萄,生鲜蔬果,1,2026-06-15,19.04
100254,SKU56346,粉丝,火锅食材,3,2026-06-15,64.56
100254,SKU46760,矿泉水,食品饮料,1,2026-06-15,77.66
100254,SKU59183,洗衣液,日化清洁,1,2026-06-15,29.11
100254,SKU84839,蘸料,火锅食材,5,2026-06-15,67.87
100255,SKU41148,洗衣液,日化清洁,1,2026-07-06,41.27
100255,SKU49666,苹果,生鲜蔬果,3,2026-07-06,37.8
100255,SKU32939,饼干,食品饮料,2,2026-07-06,43.43
100255,SKU14901,淡奶油,烘焙用品,1,2026-07-06,31.81
100256,SKU73369,丸子,火锅食材,2,2026-04-03,17.65
100256,SKU52904,毛肚,火锅食材,5,2026-04-03,26.9
100257,SKU15771,鸡翅,肉禽蛋品,1,2026-03-25,26.95
100257,SKU53684,白糖,粮油调味,5,2026-03-25,70.13
100257,SKU23513,苹果,生鲜蔬果,4,2026-03-25,71.47
100257,SKU50957,模具,烘焙用品,5,2026-03-25,62.0
100257,SKU50913,拖把,日化清洁,1,2026-03-25,47.47
100257,SKU35237,鸭蛋,肉禽蛋品,2,2026-03-25,27.71
100258,SKU91650,排骨,肉禽蛋品,1,2026-05-09,4.17
100258,SKU37076,饼干,食品饮料,5,2026-05-09,42.58
100258,SKU51744,带鱼,肉禽蛋品,5,2026-05-09,29.97
100258,SKU47128,大米,粮油调味,3,2026-05-09,13.9
100258,SKU19337,薯片,食品饮料,5,2026-05-09,21.85
100259,SKU21287,糖粉,烘焙用品,1,2026-05-20,32.54
100259,SKU88134,橙子,生鲜蔬果,4,2026-05-20,33.18
100259,SKU68436,鸡翅,肉禽蛋品,5,2026-05-20,51.47
100259,SKU53559,白菜,生鲜蔬果,5,2026-05-20,30.38
100259,SKU97932,火锅底料,火锅食材,2,2026-05-20,57.89
100259,SKU71039,蘸料,火锅食材,5,2026-05-20,9.05
100260,SKU28837,鸡肉,肉禽蛋品,2,2026-03-03,75.95
100260,SKU57638,模具,烘焙用品,5,2026-03-03,22.87
100260,SKU97186,巧克力,食品饮料,4,2026-03-03,17.12
100260,SKU52567,油纸,烘焙用品,3,2026-03-03,63.74
100260,SKU18567,火锅底料,火锅食材,4,2026-03-03,40.54
100261,SKU26697,排骨,肉禽蛋品,3,2026-08-04,49.54
100261,SKU24022,胡萝卜,生鲜蔬果,5,2026-08-04,10.93
100261,SKU19296,土豆,生鲜蔬果,3,2026-08-04,45.82
100261,SKU62535,可乐,食品饮料,3,2026-08-04,44.02
100262,SKU67062,大米,粮油调味,5,2026-07-08,36.2
100262,SKU81372,丸子,火锅食材,5,2026-07-08,63.62
100262,SKU97766,拖把,日化清洁,2,2026-07-08,16.33
100262,SKU85260,生菜,生鲜蔬果,1,2026-07-08,59.93
100262,SKU88128,洗发水,日化清洁,4,2026-07-08,11.8
100262,SKU22799,白糖,粮油调味,4,2026-07-08,28.05
100263,SKU59664,可乐,食品饮料,5,2026-08-06,62.39
100263,SKU96529,薯片,食品饮料,3,2026-08-06,41.06
100263,SKU28208,饼干,食品饮料,1,2026-08-06,9.97
100263,SKU93379,鸡蛋,肉禽蛋品,5,2026-08-06,72.55
100264,SKU68610,蛋糕粉,烘焙用品,4,2026-01-25,50.4
100264,SKU51497,黄油,烘焙用品,2,2026-01-25,18.84
100264,SKU99071,淡奶油,烘焙用品,3,2026-01-25,46.91
100264,SKU66980,鸡蛋,肉禽蛋品,3,2026-01-25,73.72
100264,SKU86379,蘸料,火锅食材,3,2026-01-25,79.25
100264,SKU76902,果汁,食品饮料,1,2026-01-25,50.08
100265,SKU10110,西红柿,生鲜蔬果,5,2026-07-28,77.53
100265,SKU57086,鸡蛋,肉禽蛋品,5,2026-07-28,66.2
100265,SKU14087,黄瓜,生鲜蔬果,1,2026-07-28,69.32
100265,SKU87353,肥皂,日化清洁,2,2026-07-28,36.24
100266,SKU32729,可乐,食品饮料,5,2026-07-21,19.26
100266,SKU82800,薯片,食品饮料,4,2026-07-21,13.71
100266,SKU57223,饼干,食品饮料,4,2026-07-21,67.94
100266,SKU97826,消毒液,日化清洁,4,2026-07-21,14.88
100266,SKU19403,芝士碎,烘焙用品,2,2026-07-21,13.34
100267,SKU91690,芝士碎,烘焙用品,5,2026-01-05,74.63
100267,SKU65590,三文鱼,肉禽蛋品,2,2026-01-05,37.99
100267,SKU60425,猪肉,肉禽蛋品,5,2026-01-05,66.15
100267,SKU65675,酵母,烘焙用品,3,2026-01-05,20.38
100267,SKU75294,模具,烘焙用品,5,2026-01-05,3.57
100268,SKU20494,蔬菜拼盘,火锅食材,1,2026-04-23,47.68
100268,SKU78997,垃圾袋,日化清洁,2,2026-04-23,59.22
100268,SKU20254,苹果,生鲜蔬果,3,2026-04-23,38.8
100268,SKU21592,丸子,火锅食材,5,2026-04-23,71.52
100268,SKU96997,肥皂,日化清洁,2,2026-04-23,39.38
100269,SKU85230,巧克力,食品饮料,5,2026-02-22,72.77
100269,SKU48616,橙子,生鲜蔬果,3,2026-02-22,35.42
100269,SKU88333,洗发水,日化清洁,3,2026-02-22,15.9
100269,SKU83886,黄瓜,生鲜蔬果,3,2026-02-22,58.98
100269,SKU72018,火锅底料,火锅食材,3,2026-02-22,7.73
100269,SKU16765,模具,烘焙用品,5,2026-02-22,16.02
100270,SKU20074,可乐,食品饮料,1,2026-05-26,12.77
100270,SKU90713,肥牛卷,火锅食材,3,2026-05-26,22.41
100271,SKU96396,鸭蛋,肉禽蛋品,5,2026-05-09,59.9
100271,SKU32989,食用油,粮油调味,4,2026-05-09,31.47
100272,SKU30204,酱油,粮油调味,2,2026-05-26,48.86
100272,SKU64125,豆腐,火锅食材,4,2026-05-26,60.96
100272,SKU67695,苹果,生鲜蔬果,4,2026-05-26,21.32
100272,SKU55229,洗发水,日化清洁,2,2026-05-26,19.24
100272,SKU25203,猪肉,肉禽蛋品,1,2026-05-26,52.45
100273,SKU29025,矿泉水,食品饮料,4,2026-01-06,39.54
100273,SKU11554,火锅底料,火锅食材,5,2026-01-06,70.01
100273,SKU68827,蘸料,火锅食材,3,2026-01-06,74.4
100273,SKU79501,辣椒酱,粮油调味,4,2026-01-06,55.24
100273,SKU79637,消毒液,日化清洁,1,2026-01-06,10.5
100274,SKU98511,牙膏,日化清洁,5,2026-06-28,33.12
100274,SKU87165,饼干,食品饮料,2,2026-06-28,59.54
100274,SKU98829,鸡肉,肉禽蛋品,2,2026-06-28,43.04
100274,SKU11386,面包,食品饮料,2,2026-06-28,27.12
100275,SKU56073,可乐,食品饮料,1,2026-01-27,55.78
100275,SKU43016,薯片,食品饮料,2,2026-01-27,58.84
100275,SKU91185,饼干,食品饮料,2,2026-01-27,5.62
100275,SKU87874,豆腐,火锅食材,1,2026-01-27,7.38
100276,SKU94922,牛肉,肉禽蛋品,4,2026-04-20,53.54
100276,SKU34217,鸡翅,肉禽蛋品,5,2026-04-20,64.85
100277,SKU97500,西红柿,生鲜蔬果,3,2026-02-23,62.24
100277,SKU19698,鸡蛋,肉禽蛋品,3,2026-02-23,22.81
100277,SKU60174,黄瓜,生鲜蔬果,3,2026-02-23,62.84
100277,SKU17872,胡萝卜,生鲜蔬果,4,2026-02-23,28.61
100277,SKU44690,模具,烘焙用品,3,2026-02-23,76.58
100278,SKU66525,洗衣液,日化清洁,1,2026-03-15,14.08
100278,SKU23926,纸巾,日化清洁,2,2026-03-15,50.28
100278,SKU23538,垃圾袋,日化清洁,4,2026-03-15,58.09
100278,SKU84887,蛋糕粉,烘焙用品,1,2026-03-15,8.61
100278,SKU12459,食用油,粮油调味,3,2026-03-15,62.85
100278,SKU93930,肥牛卷,火锅食材,4,2026-03-15,14.46
100279,SKU74314,带鱼,肉禽蛋品,5,2026-01-02,57.49
100279,SKU19188,牙膏,日化清洁,4,2026-01-02,36.58
100279,SKU60387,蛋糕粉,烘焙用品,5,2026-01-02,20.39
100279,SKU80163,西红柿,生鲜蔬果,4,2026-01-02,12.33
100280,SKU48005,葡萄,生鲜蔬果,1,2026-06-11,67.77
100280,SKU15155,牛肉,肉禽蛋品,2,2026-06-11,16.6
100280,SKU49173,垃圾袋,日化清洁,4,2026-06-11,53.88
100280,SKU92656,蘸料,火锅食材,4,2026-06-11,72.03
100280,SKU92941,洗发水,日化清洁,3,2026-06-11,40.46
100281,SKU60956,牛奶,食品饮料,5,2026-08-24,21.36
100281,SKU94332,面包,食品饮料,1,2026-08-24,64.04
100281,SKU68891,白菜,生鲜蔬果,3,2026-08-24,41.48
100282,SKU97466,大米,粮油调味,2,2026-01-02,65.15
100282,SKU98877,食用油,粮油调味,5,2026-01-02,38.29
100282,SKU85936,酱油,粮油调味,5,2026-01-02,14.47
100282,SKU14833,香蕉,生鲜蔬果,2,2026-01-02,74.21
100282,SKU12498,黄油,烘焙用品,2,2026-01-02,40.64
100282,SKU91051,排骨,肉禽蛋品,4,2026-01-02,72.85
100283,SKU22752,黄瓜,生鲜蔬果,3,2026-01-08,66.2
100283,SKU87469,食用油,粮油调味,4,2026-01-08,50.06
100283,SKU23937,橙子,生鲜蔬果,1,2026-01-08,65.97
100284,SKU99664,蚝油,粮油调味,3,2026-02-16,12.3
100284,SKU52151,生菜,生鲜蔬果,5,2026-02-16,45.03
100284,SKU87736,盐,粮油调味,2,2026-02-16,61.85
100284,SKU25826,蛋挞皮,烘焙用品,2,2026-02-16,28.83
100284,SKU64415,洗发水,日化清洁,3,2026-02-16,13.88
100284,SKU82536,黄油,烘焙用品,2,2026-02-16,56.61
100285,SKU92863,苹果,生鲜蔬果,1,2026-03-15,63.91
100285,SKU30677,香蕉,生鲜蔬果,5,2026-03-15,31.96
100285,SKU20580,橙子,生鲜蔬果,1,2026-03-15,70.73
100285,SKU21683,三文鱼,肉禽蛋品,1,2026-03-15,3.56
100286,SKU32878,鸡翅,肉禽蛋品,4,2026-05-14,34.73
100286,SKU88154,白糖,粮油调味,5,2026-05-14,56.26
100286,SKU90222,虾仁,肉禽蛋品,2,2026-05-14,58.22
100286,SKU49478,饼干,食品饮料,1,2026-05-14,51.29
100286,SKU83100,粉丝,火锅食材,3,2026-05-14,35.25
100287,SKU70845,洗发水,日化清洁,5,2026-04-07,42.08
100287,SKU35391,沐浴露,日化清洁,2,2026-04-07,24.28
100287,SKU99816,牙膏,日化清洁,1,2026-04-07,64.34
100287,SKU30940,垃圾袋,日化清洁,4,2026-04-07,41.31
100288,SKU69394,白糖,粮油调味,5,2026-01-02,65.0
100288,SKU16875,芝士碎,烘焙用品,1,2026-01-02,11.04
100288,SKU13809,面包,食品饮料,5,2026-01-02,16.54
100288,SKU19287,牙膏,日化清洁,4,2026-01-02,42.65
100289,SKU41079,洗洁精,日化清洁,3,2026-04-24,20.54
100289,SKU59221,酵母,烘焙用品,4,2026-04-24,69.98
100289,SKU86689,盐,粮油调味,2,2026-04-24,8.66
100289,SKU67129,蔬菜拼盘,火锅食材,4,2026-04-24,7.18
100289,SKU89879,辣椒酱,粮油调味,2,2026-04-24,19.64
100289,SKU58953,鸭蛋,肉禽蛋品,4,2026-04-24,16.71
100290,SKU17818,饼干,食品饮料,1,2026-03-15,56.3
100290,SKU71018,盐,粮油调味,3,2026-03-15,13.51
100290,SKU55033,牙膏,日化清洁,4,2026-03-15,35.2
100290,SKU89119,鸡翅,肉禽蛋品,2,2026-03-15,71.25
100291,SKU70655,面粉,粮油调味,5,2026-03-26,39.46
100291,SKU66113,辣椒酱,粮油调味,3,2026-03-26,4.12
100291,SKU66917,牛肉,肉禽蛋品,2,2026-03-26,22.08
100291,SKU87564,淡奶油,烘焙用品,5,2026-03-26,20.13
100291,SKU10665,肥牛卷,火锅食材,2,2026-03-26,73.36
100291,SKU15250,料酒,粮油调味,4,2026-03-26,78.47
100292,SKU22844,蛋挞皮,烘焙用品,4,2026-08-24,39.9
100292,SKU20890,豆腐,火锅食材,4,2026-08-24,41.14
100293,SKU94887,可乐,食品饮料,3,2026-09-25,25.78
100293,SKU97691,薯片,食品饮料,1,2026-09-25,4.23
100293,SKU70199,饼干,食品饮料,3,2026-09-25,15.46
100293,SKU13199,鸡翅,肉禽蛋品,5,2026-09-25,60.54
100294,SKU53634,酱油,粮油调味,4,2026-08-15,71.79
100294,SKU65823,肥皂,日化清洁,5,2026-08-15,5.52
100294,SKU90281,油纸,烘焙用品,3,2026-08-15,56.75
100294,SKU37151,西红柿,生鲜蔬果,5,2026-08-15,47.29
100294,SKU54000,胡萝卜,生鲜蔬果,1,2026-08-15,50.78
100295,SKU57916,橙子,生鲜蔬果,4,2026-01-17,50.67
100295,SKU83241,鸭蛋,肉禽蛋品,3,2026-01-17,16.5
100295,SKU36832,拖把,日化清洁,1,2026-01-17,46.18
100295,SKU41278,垃圾袋,日化清洁,2,2026-01-17,78.56
100296,SKU18305,白糖,粮油调味,4,2026-09-04,24.34
100296,SKU73730,蚝油,粮油调味,3,2026-09-04,29.58
100296,SKU26083,洗洁精,日化清洁,5,2026-09-04,43.55
100296,SKU98907,纸巾,日化清洁,4,2026-09-04,57.66
100296,SKU69241,饼干,食品饮料,5,2026-09-04,72.26
100296,SKU98251,毛肚,火锅食材,5,2026-09-04,31.35
100297,SKU46168,牛肉,肉禽蛋品,1,2026-02-07,11.42
100297,SKU75054,猪肉,肉禽蛋品,1,2026-02-07,56.68
100297,SKU78247,蛋糕粉,烘焙用品,2,2026-02-07,70.37
100297,SKU99443,食用油,粮油调味,1,2026-02-07,25.57
100297,SKU72115,可乐,食品饮料,5,2026-02-07,74.74
100298,SKU40451,果汁,食品饮料,1,2026-06-14,4.7
100298,SKU63961,醋,粮油调味,5,2026-06-14,52.64
100299,SKU50172,肥牛卷,火锅食材,3,2026-06-21,46.68
100299,SKU39724,豆腐,火锅食材,2,2026-06-21,63.77
100299,SKU47767,糖粉,烘焙用品,4,2026-06-21,31.64
100299,SKU47274,模具,烘焙用品,1,2026-06-21,14.42
100300,SKU97340,蘸料,火锅食材,2,2026-08-06,67.63
100300,SKU25324,可乐,食品饮料,2,2026-08-06,15.42
100300,SKU85304,酱油,粮油调味,1,2026-08-06,79.52
100301,SKU29391,蛋糕粉,烘焙用品,3,2026-03-15,78.31
100301,SKU31311,黄油,烘焙用品,3,2026-03-15,37.53
100301,SKU13266,淡奶油,烘焙用品,5,2026-03-15,26.22
100301,SKU29055,鸡蛋,肉禽蛋品,4,2026-03-15,74.69
100301,SKU30454,苹果,生鲜蔬果,4,2026-03-15,74.44
100302,SKU72781,牙膏,日化清洁,3,2026-01-24,56.06
100302,SKU82215,果汁,食品饮料,1,2026-01-24,13.74
100302,SKU62642,火锅底料,火锅食材,1,2026-01-24,26.72
100302,SKU68454,蘸料,火锅食材,5,2026-01-24,67.75
100302,SKU17213,虾仁,肉禽蛋品,3,2026-01-24,10.12
100302,SKU86471,糖粉,烘焙用品,5,2026-01-24,52.38
100303,SKU21452,盐,粮油调味,4,2026-09-08,55.13
100303,SKU74286,土豆,生鲜蔬果,5,2026-09-08,33.37
100303,SKU77050,猪肉,肉禽蛋品,3,2026-09-08,49.44
100303,SKU57325,蘸料,火锅食材,1,2026-09-08,72.95
100304,SKU68402,肥皂,日化清洁,3,2026-07-05,26.72
100304,SKU68224,拖把,日化清洁,5,2026-07-05,9.75
100304,SKU47831,黄瓜,生鲜蔬果,4,2026-07-05,64.88
100304,SKU65552,可乐,食品饮料,2,2026-07-05,65.04
100304,SKU86962,沐浴露,日化清洁,4,2026-07-05,13.75
100305,SKU93729,排骨,肉禽蛋品,1,2026-02-05,3.51
100305,SKU82851,胡萝卜,生鲜蔬果,3,2026-02-05,34.92
100305,SKU27947,土豆,生鲜蔬果,4,2026-02-05,57.69
100305,SKU60039,牙膏,日化清洁,2,2026-02-05,17.32
100305,SKU15535,生菜,生鲜蔬果,3,2026-02-05,45.65
100305,SKU49834,消毒液,日化清洁,3,2026-02-05,67.26
100306,SKU93958,白菜,生鲜蔬果,3,2026-08-18,26.11
100306,SKU97282,西红柿,生鲜蔬果,4,2026-08-18,12.56
100306,SKU74472,带鱼,肉禽蛋品,3,2026-08-18,35.12
100307,SKU67156,西红柿,生鲜蔬果,5,2026-04-01,40.0
100307,SKU72395,鸡蛋,肉禽蛋品,3,2026-04-01,51.36
100307,SKU85400,黄瓜,生鲜蔬果,1,2026-04-01,31.74
100307,SKU31344,生菜,生鲜蔬果,1,2026-04-01,68.09
100307,SKU51901,垃圾袋,日化清洁,5,2026-04-01,7.51
100308,SKU56659,蛋糕粉,烘焙用品,3,2026-08-23,35.3
100308,SKU79417,黄油,烘焙用品,1,2026-08-23,25.32
100308,SKU92317,淡奶油,烘焙用品,1,2026-08-23,42.57
100308,SKU88480,鸡蛋,肉禽蛋品,2,2026-08-23,61.88
100308,SKU51446,饼干,食品饮料,2,2026-08-23,44.87
100309,SKU46885,鸡肉,肉禽蛋品,1,2026-05-09,13.55
100309,SKU64000,蘸料,火锅食材,3,2026-05-09,62.97
100309,SKU31368,纸巾,日化清洁,3,2026-05-09,73.91
100309,SKU75979,虾仁,肉禽蛋品,1,2026-05-09,19.78
100310,SKU20013,洗发水,日化清洁,4,2026-04-27,38.46
100310,SKU12277,沐浴露,日化清洁,1,2026-04-27,66.05
100310,SKU57522,牙膏,日化清洁,4,2026-04-27,29.81
100310,SKU88335,豆腐,火锅食材,2,2026-04-27,65.91
100310,SKU54832,蘸料,火锅食材,5,2026-04-27,61.8
100310,SKU13769,鸭蛋,肉禽蛋品,2,2026-04-27,57.66
100311,SKU20302,蛋糕粉,烘焙用品,2,2026-02-08,13.03
100311,SKU24643,黄油,烘焙用品,4,2026-02-08,56.19
100311,SKU73472,淡奶油,烘焙用品,1,2026-02-08,4.45
100311,SKU24131,鸡蛋,肉禽蛋品,4,2026-02-08,6.27
100311,SKU77302,辣椒酱,粮油调味,1,2026-02-08,64.07
100311,SKU25587,巧克力,食品饮料,5,2026-02-08,7.56
100311,SKU49537,鸡翅,肉禽蛋品,3,2026-02-08,6.33
100312,SKU29078,火锅底料,火锅食材,3,2026-01-25,5.25
100312,SKU55591,丸子,火锅食材,3,2026-01-25,76.06
100312,SKU75619,肥牛卷,火锅食材,3,2026-01-25,15.36
100312,SKU84741,白糖,粮油调味,5,2026-01-25,21.62
100312,SKU85777,盐,粮油调味,1,2026-01-25,10.63
100312,SKU35106,酱油,粮油调味,1,2026-01-25,43.72
100313,SKU98280,西红柿,生鲜蔬果,5,2026-05-06,17.25
100313,SKU56507,鸡肉,肉禽蛋品,1,2026-05-06,16.93
100313,SKU77403,料酒,粮油调味,4,2026-05-06,35.66
100313,SKU51193,毛肚,火锅食材,2,2026-05-06,34.38
100313,SKU78121,火锅底料,火锅食材,1,2026-05-06,38.87
100313,SKU57349,垃圾袋,日化清洁,2,2026-05-06,41.18
100314,SKU69892,洗洁精,日化清洁,1,2026-05-18,32.63
100314,SKU68190,羊肉卷,火锅食材,5,2026-05-18,59.69
100315,SKU74441,醋,粮油调味,1,2026-04-18,79.9
100315,SKU78506,生菜,生鲜蔬果,1,2026-04-18,33.52
100315,SKU61748,火锅底料,火锅食材,1,2026-04-18,12.18
100315,SKU23332,肥皂,日化清洁,4,2026-04-18,56.52
100315,SKU36094,食用油,粮油调味,2,2026-04-18,7.98
100316,SKU94388,排骨,肉禽蛋品,5,2026-06-07,48.71
100316,SKU97382,辣椒酱,粮油调味,4,2026-06-07,30.42
100316,SKU73508,蛋挞皮,烘焙用品,5,2026-06-07,76.16
100316,SKU69589,羊肉卷,火锅食材,5,2026-06-07,24.47
100316,SKU74138,薯片,食品饮料,1,2026-06-07,12.41
100317,SKU13506,白菜,生鲜蔬果,1,2026-08-08,41.36
100317,SKU99024,鸡肉,肉禽蛋品,2,2026-08-08,32.46
100317,SKU91522,橙子,生鲜蔬果,3,2026-08-08,14.76
100318,SKU74258,洗发水,日化清洁,3,2026-02-25,53.98
100318,SKU55038,沐浴露,日化清洁,5,2026-02-25,23.15
100318,SKU14141,牙膏,日化清洁,5,2026-02-25,45.09
100318,SKU25615,油纸,烘焙用品,4,2026-02-25,70.77
100318,SKU59327,盐,粮油调味,4,2026-02-25,37.66
100319,SKU60997,蛋糕粉,烘焙用品,4,2026-08-15,13.36
100319,SKU84560,黄油,烘焙用品,4,2026-08-15,61.83
100319,SKU99833,淡奶油,烘焙用品,4,2026-08-15,53.83
100319,SKU72378,鸡蛋,肉禽蛋品,5,2026-08-15,47.06
100319,SKU76412,矿泉水,食品饮料,5,2026-08-15,68.79
100319,SKU74840,面粉,粮油调味,1,2026-08-15,33.14
100319,SKU90863,肥牛卷,火锅食材,5,2026-08-15,77.76
100320,SKU86541,葡萄,生鲜蔬果,3,2026-06-25,29.86
100320,SKU91940,白菜,生鲜蔬果,1,2026-06-25,61.92
100320,SKU66118,香蕉,生鲜蔬果,3,2026-06-25,32.3
100320,SKU63992,鸡翅,肉禽蛋品,3,2026-06-25,79.38
100321,SKU25003,牛奶,食品饮料,1,2026-06-02,69.91
100321,SKU80571,巧克力,食品饮料,3,2026-06-02,16.07
100321,SKU96214,猪肉,肉禽蛋品,3,2026-06-02,5.88
100322,SKU85043,饼干,食品饮料,5,2026-07-19,33.05
100322,SKU23114,土豆,生鲜蔬果,1,2026-07-19,65.24
100322,SKU75898,火锅底料,火锅食材,2,2026-07-19,28.87
100322,SKU49258,洗衣液,日化清洁,3,2026-07-19,15.83
100322,SKU36444,消毒液,日化清洁,3,2026-07-19,77.65
100323,SKU48970,蘸料,火锅食材,3,2026-08-21,23.42
100323,SKU39607,料酒,粮油调味,5,2026-08-21,33.96
100324,SKU79607,洗发水,日化清洁,1,2026-02-23,46.61
100324,SKU55523,饼干,食品饮料,4,2026-02-23,35.89
100325,SKU69405,矿泉水,食品饮料,3,2026-02-21,51.12
100325,SKU12438,芝士碎,烘焙用品,5,2026-02-21,16.91
100325,SKU85608,洗衣液,日化清洁,5,2026-02-21,69.43
100325,SKU71249,盐,粮油调味,4,2026-02-21,19.4
100325,SKU79824,酵母,烘焙用品,3,2026-02-21,75.16
100325,SKU66849,黄油,烘焙用品,5,2026-02-21,68.66
100326,SKU49357,排骨,肉禽蛋品,2,2026-01-17,60.48
100326,SKU18444,胡萝卜,生鲜蔬果,4,2026-01-17,34.59
100326,SKU44987,土豆,生鲜蔬果,2,2026-01-17,68.14
100326,SKU43612,牛奶,食品饮料,3,2026-01-17,52.75
100327,SKU50703,蛋糕粉,烘焙用品,2,2026-04-13,64.37
100327,SKU67164,黄油,烘焙用品,4,2026-04-13,40.37
100327,SKU14850,淡奶油,烘焙用品,4,2026-04-13,52.81
100327,SKU27882,鸡蛋,肉禽蛋品,2,2026-04-13,15.27
100327,SKU46408,白菜,生鲜蔬果,1,2026-04-13,22.9
100328,SKU21000,肥牛卷,火锅食材,1,2026-09-06,69.19
100328,SKU18333,土豆,生鲜蔬果,3,2026-09-06,49.32
100329,SKU75568,蛋糕粉,烘焙用品,2,2026-07-12,11.62
100329,SKU86076,三文鱼,肉禽蛋品,1,2026-07-12,43.19
100330,SKU86588,牛奶,食品饮料,3,2026-09-09,28.36
100330,SKU40924,排骨,肉禽蛋品,4,2026-09-09,65.05
100331,SKU87264,蛋糕粉,烘焙用品,4,2026-07-07,34.44
100331,SKU59113,黄油,烘焙用品,1,2026-07-07,40.76
100331,SKU65545,淡奶油,烘焙用品,1,2026-07-07,27.37
100331,SKU46403,鸡蛋,肉禽蛋品,4,2026-07-07,55.57
100331,SKU58200,薯片,食品饮料,2,2026-07-07,30.95
100332,SKU99816,苹果,生鲜蔬果,3,2026-05-01,72.54
100332,SKU40983,橙子,生鲜蔬果,1,2026-05-01,44.19
100332,SKU61508,牛奶,食品饮料,4,2026-05-01,32.91
100332,SKU40862,面包,食品饮料,3,2026-05-01,26.17
100332,SKU31001,拖把,日化清洁,3,2026-05-01,19.2
100332,SKU94466,巧克力,食品饮料,4,2026-05-01,51.61
100333,SKU23159,火锅底料,火锅食材,3,2026-07-26,58.24
100333,SKU76366,丸子,火锅食材,2,2026-07-26,56.78
100333,SKU88920,肥牛卷,火锅食材,1,2026-07-26,30.09
100333,SKU69409,淡奶油,烘焙用品,5,2026-07-26,59.81
100334,SKU50048,蛋糕粉,烘焙用品,4,2026-01-25,18.41
100334,SKU24526,黄油,烘焙用品,3,2026-01-25,47.34
100334,SKU95089,淡奶油,烘焙用品,2,2026-01-25,22.22
100334,SKU99883,鸡蛋,肉禽蛋品,2,2026-01-25,68.22
100334,SKU51864,糖粉,烘焙用品,4,2026-01-25,64.03
100334,SKU27499,三文鱼,肉禽蛋品,4,2026-01-25,39.83
100334,SKU87728,西红柿,生鲜蔬果,3,2026-01-25,16.36
100335,SKU84762,火锅底料,火锅食材,4,2026-06-26,70.48
100335,SKU13010,丸子,火锅食材,2,2026-06-26,4.6
100335,SKU92133,肥牛卷,火锅食材,5,2026-06-26,52.83
100335,SKU70610,肥皂,日化清洁,2,2026-06-26,72.83
100335,SKU32119,酱油,粮油调味,2,2026-06-26,23.16
100336,SKU67037,方便面,食品饮料,1,2026-01-13,58.33
100336,SKU74769,带鱼,肉禽蛋品,4,2026-01-13,66.7
100336,SKU36626,牛肉,肉禽蛋品,1,2026-01-13,20.29
100336,SKU44891,肥皂,日化清洁,2,2026-01-13,75.85
100336,SKU60079,面粉,粮油调味,3,2026-01-13,60.48
100336,SKU37080,排骨,肉禽蛋品,2,2026-01-13,36.21
100337,SKU44314,洗衣液,日化清洁,2,2026-04-27,5.22
100337,SKU42547,纸巾,日化清洁,2,2026-04-27,50.56
100337,SKU94834,垃圾袋,日化清洁,3,2026-04-27,47.88
100337,SKU71457,酱油,粮油调味,4,2026-04-27,9.6
100337,SKU62108,淡奶油,烘焙用品,2,2026-04-27,70.1
100338,SKU53628,可乐,食品饮料,5,2026-04-23,7.52
100338,SKU56439,薯片,食品饮料,2,2026-04-23,39.26
100338,SKU88411,饼干,食品饮料,5,2026-04-23,75.33
100338,SKU76131,面包,食品饮料,1,2026-04-23,3.41
100338,SKU61733,胡萝卜,生鲜蔬果,5,2026-04-23,32.33
100338,SKU83342,鸡肉,肉禽蛋品,3,2026-04-23,13.18
100339,SKU79523,蛋糕粉,烘焙用品,2,2026-01-19,9.9
100339,SKU25314,黄油,烘焙用品,4,2026-01-19,13.92
100339,SKU26760,淡奶油,烘焙用品,3,2026-01-19,6.4
100339,SKU46831,鸡蛋,肉禽蛋品,4,2026-01-19,70.12
100339,SKU47083,羊肉卷,火锅食材,3,2026-01-19,74.32
100339,SKU44571,洗发水,日化清洁,3,2026-01-19,50.2
100339,SKU31624,油纸,烘焙用品,5,2026-01-19,27.1
100340,SKU34004,糖粉,烘焙用品,2,2026-06-24,7.2
100340,SKU31437,橙子,生鲜蔬果,1,2026-06-24,39.21
100340,SKU74868,醋,粮油调味,4,2026-06-24,36.61
100341,SKU29405,洗发水,日化清洁,1,2026-01-15,68.13
100341,SKU36703,沐浴露,日化清洁,1,2026-01-15,29.92
100341,SKU32058,牙膏,日化清洁,3,2026-01-15,16.91
100341,SKU83825,模具,烘焙用品,5,2026-01-15,66.34
100341,SKU10540,羊肉卷,火锅食材,5,2026-01-15,19.35
100342,SKU99212,胡萝卜,生鲜蔬果,1,2026-09-25,24.89
100342,SKU87376,酸奶,食品饮料,1,2026-09-25,33.35
100342,SKU30155,羊肉卷,火锅食材,1,2026-09-25,67.45
100342,SKU96447,鸡肉,肉禽蛋品,1,2026-09-25,9.24
100342,SKU45300,牙膏,日化清洁,4,2026-09-25,37.96
100343,SKU19269,香草精,烘焙用品,3,2026-01-11,64.46
100343,SKU59989,洗洁精,日化清洁,5,2026-01-11,76.3
100343,SKU33332,鸡翅,肉禽蛋品,1,2026-01-11,33.71
100343,SKU62286,料酒,粮油调味,2,2026-01-11,77.31
100343,SKU37292,橙子,生鲜蔬果,1,2026-01-11,4.58
100343,SKU62742,可乐,食品饮料,2,2026-01-11,32.91
100344,SKU50645,排骨,肉禽蛋品,4,2026-05-21,59.66
100344,SKU97231,矿泉水,食品饮料,5,2026-05-21,13.11
100344,SKU77194,肥牛卷,火锅食材,1,2026-05-21,67.07
100345,SKU92665,火锅底料,火锅食材,5,2026-04-16,17.35
100345,SKU77284,饼干,食品饮料,4,2026-04-16,10.16
100345,SKU98662,蛋挞皮,烘焙用品,3,2026-04-16,77.94
100345,SKU30325,牛肉,肉禽蛋品,2,2026-04-16,52.87
100345,SKU94833,肥皂,日化清洁,4,2026-04-16,43.6
100346,SKU26749,可乐,食品饮料,3,2026-09-03,14.44
100346,SKU78562,薯片,食品饮料,3,2026-09-03,67.8
100346,SKU16255,饼干,食品饮料,4,2026-09-03,25.75
100346,SKU15910,丸子,火锅食材,5,2026-09-03,8.89
100347,SKU96714,鸡肉,肉禽蛋品,5,2026-09-04,4.25
100347,SKU33882,油纸,烘焙用品,4,2026-09-04,16.83
100347,SKU64558,面包,食品饮料,4,2026-09-04,6.48
100347,SKU69637,纸巾,日化清洁,3,2026-09-04,27.17
100347,SKU44743,猪肉,肉禽蛋品,4,2026-09-04,51.03
100348,SKU12348,酱油,粮油调味,1,2026-06-28,36.4
100348,SKU11743,猪肉,肉禽蛋品,1,2026-06-28,33.41
100348,SKU70314,方便面,食品饮料,2,2026-06-28,53.5
100349,SKU35008,肥牛卷,火锅食材,2,2026-07-28,13.4
100349,SKU34670,矿泉水,食品饮料,1,2026-07-28,65.83
100349,SKU95016,垃圾袋,日化清洁,1,2026-07-28,19.11
100349,SKU67119,蛋糕粉,烘焙用品,2,2026-07-28,53.03
100349,SKU49441,蘸料,火锅食材,5,2026-07-28,17.7
100349,SKU65296,牛肉,肉禽蛋品,4,2026-07-28,14.41
100350,SKU86706,蛋糕粉,烘焙用品,1,2026-01-04,69.2
100350,SKU84636,黄油,烘焙用品,2,2026-01-04,18.5
100350,SKU11032,淡奶油,烘焙用品,4,2026-01-04,6.92
100350,SKU66595,鸡蛋,肉禽蛋品,1,2026-01-04,51.54
100350,SKU85846,糖粉,烘焙用品,4,2026-01-04,68.34
100350,SKU48112,肥牛卷,火锅食材,5,2026-01-04,59.29
100350,SKU73714,火锅底料,火锅食材,1,2026-01-04,40.54
100351,SKU18324,辣椒酱,粮油调味,5,2026-09-19,27.32
100351,SKU64675,葡萄,生鲜蔬果,3,2026-09-19,71.75
100351,SKU91618,豆腐,火锅食材,4,2026-09-19,12.0
100351,SKU67177,土豆,生鲜蔬果,3,2026-09-19,37.52
100351,SKU35192,蛋挞皮,烘焙用品,1,2026-09-19,15.42
100352,SKU98225,蚝油,粮油调味,4,2026-08-12,67.15
100352,SKU31237,洗发水,日化清洁,3,2026-08-12,64.29
100352,SKU21297,油纸,烘焙用品,5,2026-08-12,18.96
100352,SKU36146,鸡翅,肉禽蛋品,4,2026-08-12,12.94
100352,SKU23225,果汁,食品饮料,2,2026-08-12,49.64
100352,SKU74713,拖把,日化清洁,4,2026-08-12,75.62
100353,SKU30788,牛奶,食品饮料,3,2026-05-08,30.49
100353,SKU75991,面包,食品饮料,2,2026-05-08,66.75
100353,SKU54267,纸巾,日化清洁,1,2026-05-08,65.12
100354,SKU56562,蚝油,粮油调味,3,2026-07-04,79.51
100354,SKU83010,肥牛卷,火锅食材,1,2026-07-04,62.3
100355,SKU23352,鸡蛋,肉禽蛋品,5,2026-05-05,49.94
100355,SKU23816,橙子,生鲜蔬果,5,2026-05-05,6.23
100355,SKU36920,糖粉,烘焙用品,2,2026-05-05,51.5
100355,SKU48289,模具,烘焙用品,3,2026-05-05,15.09
100355,SKU75325,鸭蛋,肉禽蛋品,4,2026-05-05,61.67
100355,SKU57675,蔬菜拼盘,火锅食材,1,2026-05-05,14.88
100356,SKU72084,洗衣液,日化清洁,2,2026-06-27,67.28
100356,SKU32447,纸巾,日化清洁,3,2026-06-27,25.08
100356,SKU64396,垃圾袋,日化清洁,1,2026-06-27,23.48
100356,SKU42171,酵母,烘焙用品,3,2026-06-27,51.47
100356,SKU79422,西红柿,生鲜蔬果,2,2026-06-27,61.0
100357,SKU57418,可乐,食品饮料,5,2026-07-26,64.18
100357,SKU11303,薯片,食品饮料,1,2026-07-26,37.08
100357,SKU21112,饼干,食品饮料,5,2026-07-26,75.66
100357,SKU31538,淡奶油,烘焙用品,3,2026-07-26,27.24
100357,SKU14861,模具,烘焙用品,4,2026-07-26,7.73
100358,SKU51116,洗发水,日化清洁,5,2026-03-19,70.26
100358,SKU46671,沐浴露,日化清洁,3,2026-03-19,3.61
100358,SKU29249,牙膏,日化清洁,5,2026-03-19,50.0
100358,SKU36887,酵母,烘焙用品,4,2026-03-19,37.36
100358,SKU91027,黄油,烘焙用品,5,2026-03-19,51.08
100359,SKU53842,可乐,食品饮料,1,2026-08-23,5.85
100359,SKU26515,薯片,食品饮料,4,2026-08-23,58.83
100359,SKU47214,饼干,食品饮料,5,2026-08-23,79.38
100359,SKU82323,矿泉水,食品饮料,2,2026-08-23,10.15
100360,SKU41632,蛋糕粉,烘焙用品,5,2026-05-17,48.62
100360,SKU76227,黄油,烘焙用品,3,2026-05-17,58.94
100360,SKU58887,淡奶油,烘焙用品,1,2026-05-17,59.36
100360,SKU56461,鸡蛋,肉禽蛋品,3,2026-05-17,51.28
100360,SKU95322,白菜,生鲜蔬果,1,2026-05-17,6.68
100361,SKU92279,牛奶,食品饮料,5,2026-02-15,46.55
100361,SKU40649,面包,食品饮料,5,2026-02-15,68.03
100361,SKU97414,洗发水,日化清洁,3,2026-02-15,26.04
100362,SKU57352,洗衣液,日化清洁,5,2026-03-23,47.84
100362,SKU65796,纸巾,日化清洁,4,2026-03-23,10.55
100362,SKU18151,垃圾袋,日化清洁,4,2026-03-23,9.31
100362,SKU72423,洗洁精,日化清洁,4,2026-03-23,71.42
100363,SKU93422,洗发水,日化清洁,3,2026-04-15,47.99
100363,SKU74165,沐浴露,日化清洁,4,2026-04-15,79.73
100363,SKU28919,牙膏,日化清洁,4,2026-04-15,66.43
100363,SKU69993,粉丝,火锅食材,5,2026-04-15,12.79
100363,SKU77264,蛋糕粉,烘焙用品,2,2026-04-15,77.54
100364,SKU24461,火锅底料,火锅食材,5,2026-09-04,68.63
100364,SKU47957,苹果,生鲜蔬果,1,2026-09-04,31.46
100364,SKU25432,大米,粮油调味,1,2026-09-04,43.25
100364,SKU59081,肥皂,日化清洁,3,2026-09-04,26.48
100364,SKU13667,排骨,肉禽蛋品,3,2026-09-04,25.64
100365,SKU81766,橙子,生鲜蔬果,4,2026-03-05,3.16
100365,SKU15856,巧克力,食品饮料,3,2026-03-05,8.2
100365,SKU50593,可乐,食品饮料,4,2026-03-05,40.05
100365,SKU54279,料酒,粮油调味,5,2026-03-05,37.83
100365,SKU89391,酱油,粮油调味,4,2026-03-05,39.59
100366,SKU91889,排骨,肉禽蛋品,3,2026-03-25,9.88
100366,SKU40516,胡萝卜,生鲜蔬果,5,2026-03-25,34.54
100366,SKU16005,土豆,生鲜蔬果,4,2026-03-25,29.1
100366,SKU94661,香草精,烘焙用品,4,2026-03-25,59.67
100366,SKU13251,带鱼,肉禽蛋品,1,2026-03-25,69.68
100367,SKU25765,猪肉,肉禽蛋品,5,2026-05-18,72.06
100367,SKU12486,醋,粮油调味,5,2026-05-18,16.84
100367,SKU42150,橙子,生鲜蔬果,3,2026-05-18,63.58
100367,SKU79932,粉丝,火锅食材,5,2026-05-18,37.21
100367,SKU87187,蘸料,火锅食材,5,2026-05-18,27.67
100367,SKU13049,火锅底料,火锅食材,1,2026-05-18,40.84
100368,SKU23019,牛奶,食品饮料,1,2026-06-14,11.83
100368,SKU28878,面包,食品饮料,5,2026-06-14,15.95
100368,SKU21747,洗衣液,日化清洁,2,2026-06-14,22.68
100368,SKU63382,消毒液,日化清洁,2,2026-06-14,26.62
100369,SKU28672,酱油,粮油调味,4,2026-03-02,10.6
100369,SKU43807,白菜,生鲜蔬果,4,2026-03-02,71.76
100369,SKU25855,葡萄,生鲜蔬果,4,2026-03-02,75.5
100369,SKU88250,矿泉水,食品饮料,1,2026-03-02,18.6
100370,SKU73461,拖把,日化清洁,5,2026-04-16,34.34
100370,SKU40636,鸭蛋,肉禽蛋品,1,2026-04-16,34.38
100370,SKU86830,饼干,食品饮料,1,2026-04-16,23.73
100370,SKU82706,葡萄,生鲜蔬果,1,2026-04-16,21.97
100370,SKU63313,洗衣液,日化清洁,2,2026-04-16,26.46
100370,SKU93335,油纸,烘焙用品,4,2026-04-16,9.46
100371,SKU65542,肥皂,日化清洁,2,2026-09-07,44.39
100371,SKU10131,蔬菜拼盘,火锅食材,5,2026-09-07,37.78
100371,SKU91360,面粉,粮油调味,4,2026-09-07,77.01
100372,SKU99128,葡萄,生鲜蔬果,3,2026-05-21,49.04
100372,SKU92864,丸子,火锅食材,4,2026-05-21,79.94
100373,SKU26118,香蕉,生鲜蔬果,3,2026-04-19,9.91
100373,SKU46629,大米,粮油调味,2,2026-04-19,58.83
100373,SKU76167,蘸料,火锅食材,4,2026-04-19,19.24
100373,SKU54909,生菜,生鲜蔬果,3,2026-04-19,71.06
100374,SKU53051,酸奶,食品饮料,4,2026-05-25,76.84
100374,SKU27527,洗洁精,日化清洁,1,2026-05-25,73.38
100374,SKU10560,洗发水,日化清洁,1,2026-05-25,49.88
100374,SKU64154,白糖,粮油调味,1,2026-05-25,54.8
100375,SKU59332,蘸料,火锅食材,1,2026-09-23,30.18
100375,SKU33224,猪肉,肉禽蛋品,5,2026-09-23,30.56
100375,SKU58559,胡萝卜,生鲜蔬果,1,2026-09-23,12.61
100375,SKU39035,白菜,生鲜蔬果,2,2026-09-23,37.23
100375,SKU99201,糖粉,烘焙用品,1,2026-09-23,61.4
100376,SKU14822,苹果,生鲜蔬果,4,2026-06-07,77.48
100376,SKU89433,香蕉,生鲜蔬果,3,2026-06-07,40.95
100376,SKU93681,橙子,生鲜蔬果,2,2026-06-07,3.55
100376,SKU46352,矿泉水,食品饮料,4,2026-06-07,11.54
100376,SKU32344,蚝油,粮油调味,5,2026-06-07,41.53
100376,SKU84148,辣椒酱,粮油调味,5,2026-06-07,17.92
100377,SKU78561,鸡翅,肉禽蛋品,5,2026-03-03,68.87
100377,SKU98864,方便面,食品饮料,3,2026-03-03,17.77
100378,SKU63330,面包,食品饮料,4,2026-01-23,68.01
100378,SKU77933,模具,烘焙用品,3,2026-01-23,12.37
100378,SKU77797,西红柿,生鲜蔬果,4,2026-01-23,41.16
100378,SKU39431,蛋挞皮,烘焙用品,1,2026-01-23,71.05
100378,SKU65058,橙子,生鲜蔬果,1,2026-01-23,24.4
100378,SKU10676,洗洁精,日化清洁,5,2026-01-23,37.56
100379,SKU42765,苹果,生鲜蔬果,4,2026-07-07,76.75
100379,SKU50737,香蕉,生鲜蔬果,2,2026-07-07,15.67
100379,SKU22678,橙子,生鲜蔬果,1,2026-07-07,51.2
100379,SKU13148,蚝油,粮油调味,1,2026-07-07,39.96
100380,SKU78114,火锅底料,火锅食材,1,2026-06-27,66.27
100380,SKU88638,丸子,火锅食材,2,2026-06-27,75.65
100380,SKU22539,肥牛卷,火锅食材,5,2026-06-27,36.77
100380,SKU21211,牛奶,食品饮料,4,2026-06-27,47.58
100380,SKU59465,洗发水,日化清洁,1,2026-06-27,73.59
100381,SKU18623,葡萄,生鲜蔬果,5,2026-06-28,51.22
100381,SKU83303,糖粉,烘焙用品,1,2026-06-28,55.17
100381,SKU59998,矿泉水,食品饮料,1,2026-06-28,25.71
100382,SKU91163,辣椒酱,粮油调味,4,2026-07-04,70.76
100382,SKU98575,黄瓜,生鲜蔬果,1,2026-07-04,29.15
100382,SKU53017,模具,烘焙用品,1,2026-07-04,37.96
100382,SKU23459,拖把,日化清洁,5,2026-07-04,17.82
100382,SKU18853,油纸,烘焙用品,1,2026-07-04,48.83
100383,SKU68277,洗发水,日化清洁,4,2026-04-19,58.8
100383,SKU15776,沐浴露,日化清洁,2,2026-04-19,21.72
100383,SKU86614,牙膏,日化清洁,1,2026-04-19,12.83
100383,SKU95420,纸巾,日化清洁,4,2026-04-19,42.51
100383,SKU80928,酵母,烘焙用品,3,2026-04-19,26.96
100384,SKU83328,洗发水,日化清洁,2,2026-03-05,42.05
100384,SKU35612,果汁,食品饮料,1,2026-03-05,35.5
100384,SKU36379,肥皂,日化清洁,2,2026-03-05,52.32
100384,SKU97537,黄瓜,生鲜蔬果,1,2026-03-05,29.3
100384,SKU71263,虾仁,肉禽蛋品,4,2026-03-05,56.5
100384,SKU85813,葡萄,生鲜蔬果,5,2026-03-05,56.32
100385,SKU15530,大米,粮油调味,4,2026-06-20,70.46
100385,SKU10484,食用油,粮油调味,4,2026-06-20,19.89
100385,SKU71149,酱油,粮油调味,2,2026-06-20,56.38
100385,SKU73012,鸡蛋,肉禽蛋品,5,2026-06-20,19.41
100386,SKU56908,黄油,烘焙用品,3,2026-06-26,3.76
100386,SKU28664,酱油,粮油调味,1,2026-06-26,45.71
100386,SKU92750,西红柿,生鲜蔬果,3,2026-06-26,36.91
100387,SKU32843,盐,粮油调味,2,2026-06-02,71.17
100387,SKU42239,可乐,食品饮料,3,2026-06-02,68.26
100387,SKU33078,食用油,粮油调味,2,2026-06-02,18.09
100388,SKU41476,蛋糕粉,烘焙用品,2,2026-05-04,26.49
100388,SKU96626,黄油,烘焙用品,3,2026-05-04,65.33
100388,SKU91684,淡奶油,烘焙用品,2,2026-05-04,75.47
100388,SKU18569,鸡蛋,肉禽蛋品,4,2026-05-04,70.64
100388,SKU27143,鸭蛋,肉禽蛋品,1,2026-05-04,14.12
100388,SKU59570,洗发水,日化清洁,2,2026-05-04,17.76
100389,SKU52949,香蕉,生鲜蔬果,3,2026-06-11,63.8
100389,SKU46709,醋,粮油调味,2,2026-06-11,7.1
100389,SKU86556,蘸料,火锅食材,2,2026-06-11,68.57
100390,SKU33461,生菜,生鲜蔬果,4,2026-08-07,42.95
100390,SKU78875,面粉,粮油调味,3,2026-08-07,57.86
100390,SKU74853,鸭血,火锅食材,4,2026-08-07,58.11
100390,SKU62552,拖把,日化清洁,4,2026-08-07,23.66
100390,SKU37158,肥皂,日化清洁,5,2026-08-07,53.03
100391,SKU84890,蛋糕粉,烘焙用品,4,2026-04-07,71.43
100391,SKU59034,料酒,粮油调味,2,2026-04-07,75.03
100391,SKU27606,巧克力,食品饮料,3,2026-04-07,45.39
100392,SKU69133,辣椒酱,粮油调味,5,2026-02-10,28.9
100392,SKU58170,香蕉,生鲜蔬果,4,2026-02-10,36.3
100392,SKU60118,油纸,烘焙用品,4,2026-02-10,27.41
100392,SKU40643,鸭血,火锅食材,1,2026-02-10,16.83
100393,SKU46231,火锅底料,火锅食材,5,2026-05-21,52.56
100393,SKU19351,丸子,火锅食材,2,2026-05-21,10.58
100393,SKU36254,肥牛卷,火锅食材,3,2026-05-21,5.95
100393,SKU53154,毛肚,火锅食材,3,2026-05-21,18.14
100393,SKU99592,鸭血,火锅食材,3,2026-05-21,26.31
100394,SKU55433,蔬菜拼盘,火锅食材,3,2026-05-07,24.7
100394,SKU86015,方便面,食品饮料,4,2026-05-07,75.83
100394,SKU77193,黄瓜,生鲜蔬果,1,2026-05-07,39.34
100395,SKU82432,洗衣液,日化清洁,5,2026-03-28,48.2
100395,SKU70476,纸巾,日化清洁,4,2026-03-28,58.63
100395,SKU51035,垃圾袋,日化清洁,3,2026-03-28,63.98
100395,SKU64747,白糖,粮油调味,2,2026-03-28,36.02
100395,SKU83196,火锅底料,火锅食材,2,2026-03-28,36.78
100395,SKU85695,辣椒酱,粮油调味,1,2026-03-28,31.85
100396,SKU65799,羊肉卷,火锅食材,3,2026-03-10,20.36
100396,SKU80464,纸巾,日化清洁,4,2026-03-10,61.74
100397,SKU18350,苹果,生鲜蔬果,2,2026-05-11,76.05
100397,SKU72230,三文鱼,肉禽蛋品,5,2026-05-11,32.76
100397,SKU69183,带鱼,肉禽蛋品,1,2026-05-11,28.32
100397,SKU23672,牙膏,日化清洁,3,2026-05-11,10.18
100397,SKU89084,蛋糕粉,烘焙用品,5,2026-05-11,16.68
100397,SKU36083,消毒液,日化清洁,4,2026-05-11,5.07
100398,SKU77964,洗衣液,日化清洁,4,2026-02-13,7.42
100398,SKU63852,纸巾,日化清洁,1,2026-02-13,16.23
100398,SKU24515,垃圾袋,日化清洁,4,2026-02-13,15.09
100398,SKU72685,豆腐,火锅食材,2,2026-02-13,44.31
100398,SKU37063,生菜,生鲜蔬果,1,2026-02-13,32.95
100399,SKU99762,可乐,食品饮料,5,2026-03-28,18.63
100399,SKU10975,薯片,食品饮料,4,2026-03-28,24.21
100399,SKU62328,饼干,食品饮料,2,2026-03-28,37.32
100399,SKU78925,火锅底料,火锅食材,5,2026-03-28,65.18
100399,SKU74350,大米,粮油调味,3,2026-03-28,73.09
100399,SKU15122,巧克力,食品饮料,4,2026-03-28,38.63
100400,SKU90967,沐浴露,日化清洁,2,2026-02-10,16.83
100400,SKU96386,矿泉水,食品饮料,4,2026-02-10,38.25
100400,SKU22521,蛋糕粉,烘焙用品,2,2026-02-10,56.79
100400,SKU15723,食用油,粮油调味,4,2026-02-10,56.8
100400,SKU30700,酵母,烘焙用品,2,2026-02-10,71.19
100401,SKU82459,料酒,粮油调味,4,2026-05-21,79.41
100401,SKU20031,羊肉卷,火锅食材,1,2026-05-21,79.64
100402,SKU70577,淡奶油,烘焙用品,2,2026-02-17,41.97
100402,SKU98555,香草精,烘焙用品,1,2026-02-17,8.64
100402,SKU62342,面粉,粮油调味,4,2026-02-17,32.35
100402,SKU11407,面包,食品饮料,2,2026-02-17,33.54
100403,SKU81883,洗洁精,日化清洁,4,2026-05-04,8.25
100403,SKU67373,油纸,烘焙用品,2,2026-05-04,57.95
100403,SKU46587,肥牛卷,火锅食材,2,2026-05-04,39.25
100404,SKU11469,鸡肉,肉禽蛋品,1,2026-03-06,54.7
100404,SKU56935,食用油,粮油调味,3,2026-03-06,14.82
100404,SKU14514,果汁,食品饮料,2,2026-03-06,19.68
100404,SKU16259,排骨,肉禽蛋品,5,2026-03-06,19.64
100404,SKU96512,蛋糕粉,烘焙用品,5,2026-03-06,52.36
100404,SKU50412,面粉,粮油调味,1,2026-03-06,33.08
100405,SKU41265,消毒液,日化清洁,2,2026-08-02,31.85
100405,SKU65270,盐,粮油调味,2,2026-08-02,10.04
100406,SKU15768,洗衣液,日化清洁,2,2026-01-01,58.75
100406,SKU52879,纸巾,日化清洁,4,2026-01-01,42.46
100406,SKU34844,垃圾袋,日化清洁,3,2026-01-01,46.28
100406,SKU81002,生菜,生鲜蔬果,5,2026-01-01,18.95
100406,SKU25834,蚝油,粮油调味,4,2026-01-01,75.3
100406,SKU56737,鸡肉,肉禽蛋品,2,2026-01-01,19.46
100407,SKU18652,大米,粮油调味,2,2026-06-06,38.33
100407,SKU58362,食用油,粮油调味,3,2026-06-06,53.05
100407,SKU38647,酱油,粮油调味,1,2026-06-06,8.18
100407,SKU88494,拖把,日化清洁,4,2026-06-06,26.22
100408,SKU51676,面粉,粮油调味,3,2026-08-04,16.5
100408,SKU12313,面包,食品饮料,4,2026-08-04,8.2
100408,SKU68839,鸡肉,肉禽蛋品,5,2026-08-04,73.23
100408,SKU40464,洗洁精,日化清洁,4,2026-08-04,42.35
100408,SKU11742,拖把,日化清洁,5,2026-08-04,48.24
100408,SKU26260,三文鱼,肉禽蛋品,2,2026-08-04,4.63
100409,SKU36478,猪肉,肉禽蛋品,3,2026-05-08,41.4
100409,SKU94153,葡萄,生鲜蔬果,2,2026-05-08,31.93
100409,SKU88390,三文鱼,肉禽蛋品,1,2026-05-08,21.33
100410,SKU64380,薯片,食品饮料,5,2026-08-24,63.97
100410,SKU40016,洗衣液,日化清洁,3,2026-08-24,60.79
100410,SKU36976,香蕉,生鲜蔬果,3,2026-08-24,29.39
100411,SKU92546,蚝油,粮油调味,3,2026-09-02,17.13
100411,SKU74440,消毒液,日化清洁,1,2026-09-02,7.98
100411,SKU16829,粉丝,火锅食材,1,2026-09-02,76.43
100412,SKU71220,蛋糕粉,烘焙用品,1,2026-03-07,35.82
100412,SKU35891,黄油,烘焙用品,3,2026-03-07,15.64
100412,SKU89410,淡奶油,烘焙用品,2,2026-03-07,35.65
100412,SKU85552,鸡蛋,肉禽蛋品,2,2026-03-07,26.34
100412,SKU36398,白糖,粮油调味,4,2026-03-07,77.51
100412,SKU73068,牛奶,食品饮料,3,2026-03-07,69.41
100412,SKU57131,毛肚,火锅食材,1,2026-03-07,76.23
100413,SKU73176,排骨,肉禽蛋品,2,2026-07-13,66.11
100413,SKU66019,胡萝卜,生鲜蔬果,1,2026-07-13,61.67
100413,SKU49351,土豆,生鲜蔬果,1,2026-07-13,61.43
100413,SKU82463,毛肚,火锅食材,5,2026-07-13,44.36
100413,SKU70771,芝士碎,烘焙用品,2,2026-07-13,22.81
100414,SKU35652,洗发水,日化清洁,2,2026-05-15,58.04
100414,SKU10547,沐浴露,日化清洁,2,2026-05-15,73.54
100414,SKU59054,牙膏,日化清洁,1,2026-05-15,69.35
100414,SKU64502,丸子,火锅食材,4,2026-05-15,34.15
100414,SKU58908,胡萝卜,生鲜蔬果,4,2026-05-15,77.73
100415,SKU26315,苹果,生鲜蔬果,1,2026-07-16,79.42
100415,SKU31281,香蕉,生鲜蔬果,4,2026-07-16,74.77
100415,SKU43457,橙子,生鲜蔬果,2,2026-07-16,61.75
100415,SKU74044,淡奶油,烘焙用品,3,2026-07-16,42.24
100416,SKU57371,可乐,食品饮料,4,2026-06-23,5.66
100416,SKU94585,薯片,食品饮料,1,2026-06-23,56.71
100416,SKU69699,饼干,食品饮料,2,2026-06-23,23.12
100416,SKU88924,酸奶,食品饮料,2,2026-06-23,22.58
100417,SKU65436,火锅底料,火锅食材,5,2026-03-01,73.07
100417,SKU43144,丸子,火锅食材,2,2026-03-01,66.89
100417,SKU79887,肥牛卷,火锅食材,3,2026-03-01,41.55
100417,SKU63950,拖把,日化清洁,4,2026-03-01,48.13
100417,SKU85053,蛋糕粉,烘焙用品,1,2026-03-01,11.41
100417,SKU45261,猪肉,肉禽蛋品,3,2026-03-01,65.7
100418,SKU19154,西红柿,生鲜蔬果,4,2026-04-24,3.12
100418,SKU95789,鸡蛋,肉禽蛋品,4,2026-04-24,43.42
100418,SKU32365,黄瓜,生鲜蔬果,3,2026-04-24,59.44
100418,SKU27607,面粉,粮油调味,2,2026-04-24,31.85
100419,SKU33950,火锅底料,火锅食材,2,2026-04-16,7.54
100419,SKU63581,丸子,火锅食材,2,2026-04-16,22.97
100419,SKU91844,肥牛卷,火锅食材,4,2026-04-16,51.27
100419,SKU31774,料酒,粮油调味,1,2026-04-16,69.86
100419,SKU59509,酱油,粮油调味,1,2026-04-16,25.57
100420,SKU44875,牛奶,食品饮料,1,2026-02-09,3.73
100420,SKU15486,面包,食品饮料,1,2026-02-09,54.23
100420,SKU10951,丸子,火锅食材,1,2026-02-09,19.25
100420,SKU44843,肥牛卷,火锅食材,4,2026-02-09,49.43
100421,SKU59602,蛋挞皮,烘焙用品,3,2026-08-16,54.21
100421,SKU56665,洗发水,日化清洁,5,2026-08-16,7.41
100421,SKU10404,肥皂,日化清洁,3,2026-08-16,65.08
100421,SKU62665,蘸料,火锅食材,4,2026-08-16,70.03
100421,SKU26108,洗衣液,日化清洁,2,2026-08-16,4.98
100421,SKU42576,牛奶,食品饮料,5,2026-08-16,24.52
100422,SKU15997,鸭血,火锅食材,1,2026-06-15,51.8
100422,SKU40612,淡奶油,烘焙用品,3,2026-06-15,55.2
100422,SKU90293,醋,粮油调味,5,2026-06-15,40.31
100422,SKU72406,西红柿,生鲜蔬果,1,2026-06-15,29.82
100422,SKU48517,洗洁精,日化清洁,1,2026-06-15,59.54
100423,SKU49498,洗发水,日化清洁,4,2026-04-23,64.36
100423,SKU71184,沐浴露,日化清洁,5,2026-04-23,79.02
100423,SKU25162,牙膏,日化清洁,2,2026-04-23,72.02
100423,SKU41575,毛肚,火锅食材,4,2026-04-23,54.02
100423,SKU96474,苹果,生鲜蔬果,2,2026-04-23,19.3
100423,SKU13830,鸡翅,肉禽蛋品,1,2026-04-23,11.12
100424,SKU93040,蚝油,粮油调味,2,2026-03-11,74.05
100424,SKU53620,面包,食品饮料,4,2026-03-11,9.96
100424,SKU88732,火锅底料,火锅食材,2,2026-03-11,74.75
100424,SKU59415,排骨,肉禽蛋品,1,2026-03-11,52.59
100425,SKU54595,芝士碎,烘焙用品,1,2026-07-21,11.58
100425,SKU25218,辣椒酱,粮油调味,5,2026-07-21,75.17
100425,SKU51074,蚝油,粮油调味,5,2026-07-21,31.32
100425,SKU10220,方便面,食品饮料,4,2026-07-21,47.42
100425,SKU80202,鸭蛋,肉禽蛋品,3,2026-07-21,7.77
100425,SKU65535,果汁,食品饮料,2,2026-07-21,68.23
100426,SKU70372,蛋糕粉,烘焙用品,1,2026-06-25,44.45
100426,SKU48905,黄油,烘焙用品,3,2026-06-25,14.14
100426,SKU69740,淡奶油,烘焙用品,2,2026-06-25,41.49
100426,SKU29119,鸡蛋,肉禽蛋品,2,2026-06-25,49.31
100426,SKU50487,蚝油,粮油调味,1,2026-06-25,49.11
100427,SKU59375,苹果,生鲜蔬果,3,2026-09-23,57.22
100427,SKU53665,香蕉,生鲜蔬果,1,2026-09-23,78.55
100427,SKU37605,橙子,生鲜蔬果,2,2026-09-23,66.75
100427,SKU16889,料酒,粮油调味,2,2026-09-23,56.93
100427,SKU61355,羊肉卷,火锅食材,2,2026-09-23,68.97
100428,SKU55653,土豆,生鲜蔬果,4,2026-05-27,55.2
100428,SKU79185,蛋糕粉,烘焙用品,4,2026-05-27,33.11
100428,SKU35571,洗发水,日化清洁,3,2026-05-27,24.74
100429,SKU67918,大米,粮油调味,2,2026-09-13,47.44
100429,SKU28982,食用油,粮油调味,4,2026-09-13,25.41
100429,SKU35644,酱油,粮油调味,2,2026-09-13,19.8
100429,SKU85455,橙子,生鲜蔬果,1,2026-09-13,30.89
100429,SKU29346,矿泉水,食品饮料,1,2026-09-13,55.23
100429,SKU65982,模具,烘焙用品,4,2026-09-13,76.18
100430,SKU95209,排骨,肉禽蛋品,1,2026-03-02,78.48
100430,SKU29473,胡萝卜,生鲜蔬果,3,2026-03-02,48.69
100430,SKU25571,土豆,生鲜蔬果,4,2026-03-02,21.87
100430,SKU49674,橙子,生鲜蔬果,2,2026-03-02,33.54
100431,SKU68342,油纸,烘焙用品,3,2026-03-21,51.69
100431,SKU25286,消毒液,日化清洁,3,2026-03-21,3.89
100432,SKU94488,蚝油,粮油调味,4,2026-02-04,40.28
100432,SKU26414,土豆,生鲜蔬果,4,2026-02-04,25.97
100432,SKU80452,丸子,火锅食材,1,2026-02-04,28.04
100432,SKU12588,薯片,食品饮料,2,2026-02-04,34.21
100432,SKU80309,鸡肉,肉禽蛋品,4,2026-02-04,45.82
100432,SKU78013,酱油,粮油调味,5,2026-02-04,40.62
100433,SKU33584,白糖,粮油调味,2,2026-09-23,69.37
100433,SKU51195,排骨,肉禽蛋品,1,2026-09-23,45.71
100434,SKU26346,洗衣液,日化清洁,1,2026-02-02,9.51
100434,SKU81359,纸巾,日化清洁,5,2026-02-02,25.99
100434,SKU96266,垃圾袋,日化清洁,2,2026-02-02,35.57
100434,SKU16051,大米,粮油调味,1,2026-02-02,22.12
100434,SKU48456,牛肉,肉禽蛋品,5,2026-02-02,72.66
100434,SKU85637,面包,食品饮料,5,2026-02-02,37.26
100435,SKU15863,大米,粮油调味,1,2026-08-23,54.02
100435,SKU28568,食用油,粮油调味,2,2026-08-23,5.83
100435,SKU38208,酱油,粮油调味,3,2026-08-23,68.92
100435,SKU38316,蘸料,火锅食材,2,2026-08-23,49.37
100435,SKU26841,鸭血,火锅食材,5,2026-08-23,30.65
100435,SKU82069,白糖,粮油调味,5,2026-08-23,35.5
100436,SKU28775,蛋糕粉,烘焙用品,3,2026-05-09,55.09
100436,SKU92518,黄油,烘焙用品,5,2026-05-09,18.69
100436,SKU94616,淡奶油,烘焙用品,3,2026-05-09,79.64
100436,SKU83877,鸡蛋,肉禽蛋品,2,2026-05-09,58.01
100436,SKU65009,模具,烘焙用品,5,2026-05-09,49.58
100436,SKU66836,猪肉,肉禽蛋品,2,2026-05-09,27.36
100437,SKU81875,胡萝卜,生鲜蔬果,5,2026-07-01,11.47
100437,SKU93909,饼干,食品饮料,4,2026-07-01,8.08
100437,SKU53714,排骨,肉禽蛋品,1,2026-07-01,30.94
100438,SKU39127,薯片,食品饮料,4,2026-05-05,78.42
100438,SKU26187,黄瓜,生鲜蔬果,4,2026-05-05,76.29
100438,SKU50180,鸡肉,肉禽蛋品,2,2026-05-05,43.54
100439,SKU98842,可乐,食品饮料,4,2026-08-04,16.91
100439,SKU62776,饼干,食品饮料,5,2026-08-04,45.48
100439,SKU43955,鸡肉,肉禽蛋品,4,2026-08-04,48.61
100439,SKU30380,橙子,生鲜蔬果,1,2026-08-04,55.87
100439,SKU84391,面粉,粮油调味,2,2026-08-04,13.99
100439,SKU93780,洗衣液,日化清洁,3,2026-08-04,7.07
100440,SKU66068,酵母,烘焙用品,5,2026-06-23,25.09
100440,SKU39984,模具,烘焙用品,5,2026-06-23,75.51
100440,SKU21395,酱油,粮油调味,3,2026-06-23,51.94
100440,SKU50991,糖粉,烘焙用品,3,2026-06-23,34.3
100440,SKU20052,纸巾,日化清洁,1,2026-06-23,51.87
100440,SKU31641,油纸,烘焙用品,2,2026-06-23,75.75
100441,SKU98706,羊肉卷,火锅食材,4,2026-01-03,42.66
100441,SKU63145,黄瓜,生鲜蔬果,5,2026-01-03,56.74
100441,SKU10955,蛋挞皮,烘焙用品,1,2026-01-03,50.45
100441,SKU55227,鸭血,火锅食材,4,2026-01-03,57.1
100441,SKU96661,三文鱼,肉禽蛋品,2,2026-01-03,79.56
100441,SKU15551,丸子,火锅食材,5,2026-01-03,55.67
100442,SKU59688,蚝油,粮油调味,1,2026-08-06,35.55
100442,SKU24841,食用油,粮油调味,2,2026-08-06,31.74
100442,SKU42737,胡萝卜,生鲜蔬果,3,2026-08-06,73.38
100442,SKU25448,垃圾袋,日化清洁,5,2026-08-06,68.51
100442,SKU48475,三文鱼,肉禽蛋品,3,2026-08-06,26.04
100442,SKU92729,纸巾,日化清洁,3,2026-08-06,19.41
100443,SKU49105,苹果,生鲜蔬果,5,2026-07-07,38.45
100443,SKU55838,油纸,烘焙用品,3,2026-07-07,11.25
100443,SKU11161,肥牛卷,火锅食材,2,2026-07-07,33.96
100443,SKU35892,葡萄,生鲜蔬果,1,2026-07-07,36.17
100443,SKU30147,纸巾,日化清洁,1,2026-07-07,43.74
100443,SKU73886,西红柿,生鲜蔬果,4,2026-07-07,12.54
100444,SKU33878,蚝油,粮油调味,3,2026-01-05,31.07
100444,SKU24246,火锅底料,火锅食材,5,2026-01-05,65.49
100444,SKU67587,蛋糕粉,烘焙用品,4,2026-01-05,53.53
100444,SKU66880,肥皂,日化清洁,2,2026-01-05,13.77
100445,SKU65188,鸭蛋,肉禽蛋品,1,2026-01-12,13.29
100445,SKU31012,醋,粮油调味,3,2026-01-12,72.38
100445,SKU97194,可乐,食品饮料,2,2026-01-12,76.02
100446,SKU24139,羊肉卷,火锅食材,2,2026-05-04,11.45
100446,SKU55104,鸡翅,肉禽蛋品,1,2026-05-04,12.71
100446,SKU99710,洗洁精,日化清洁,5,2026-05-04,4.05
100446,SKU54845,黄油,烘焙用品,2,2026-05-04,7.01
100446,SKU11052,毛肚,火锅食材,4,2026-05-04,78.19
100446,SKU46991,拖把,日化清洁,4,2026-05-04,39.97
100447,SKU25075,带鱼,肉禽蛋品,2,2026-08-03,24.65
100447,SKU42421,鸭血,火锅食材,3,2026-08-03,79.56
100447,SKU23508,酱油,粮油调味,4,2026-08-03,18.28
100448,SKU45895,苹果,生鲜蔬果,2,2026-09-20,33.9
100448,SKU65876,香蕉,生鲜蔬果,2,2026-09-20,74.54
100448,SKU21919,橙子,生鲜蔬果,1,2026-09-20,50.47
100448,SKU78809,带鱼,肉禽蛋品,1,2026-09-20,32.29
100448,SKU40333,辣椒酱,粮油调味,3,2026-09-20,56.91
100448,SKU72809,排骨,肉禽蛋品,2,2026-09-20,28.89
100449,SKU56009,矿泉水,食品饮料,3,2026-01-17,31.0
100449,SKU16233,鸭蛋,肉禽蛋品,4,2026-01-17,22.02
100450,SKU89498,大米,粮油调味,4,2026-03-02,24.57
100450,SKU43064,食用油,粮油调味,1,2026-03-02,36.18
100450,SKU49892,酱油,粮油调味,4,2026-03-02,31.0
100450,SKU11790,可乐,食品饮料,1,2026-03-02,10.46
100451,SKU60338,垃圾袋,日化清洁,3,2026-09-25,19.17
100451,SKU27102,豆腐,火锅食材,1,2026-09-25,71.31
100451,SKU86881,肥皂,日化清洁,5,2026-09-25,12.27
100451,SKU68427,牛奶,食品饮料,2,2026-09-25,17.86
100452,SKU82154,洗发水,日化清洁,2,2026-02-03,17.76
100452,SKU83445,矿泉水,食品饮料,3,2026-02-03,71.65
100452,SKU68783,火锅底料,火锅食材,3,2026-02-03,71.91
100452,SKU18874,盐,粮油调味,1,2026-02-03,73.14
100452,SKU76043,带鱼,肉禽蛋品,4,2026-02-03,35.26
100452,SKU45933,香蕉,生鲜蔬果,1,2026-02-03,15.85
100453,SKU79791,苹果,生鲜蔬果,4,2026-03-10,41.12
100453,SKU31694,香蕉,生鲜蔬果,5,2026-03-10,77.81
100453,SKU60351,橙子,生鲜蔬果,4,2026-03-10,60.81
100453,SKU62540,醋,粮油调味,5,2026-03-10,63.01
100454,SKU78822,蛋糕粉,烘焙用品,4,2026-05-07,41.79
100454,SKU38879,黄油,烘焙用品,3,2026-05-07,26.36
100454,SKU82371,淡奶油,烘焙用品,3,2026-05-07,57.54
100454,SKU15978,鸡蛋,肉禽蛋品,1,2026-05-07,16.18
100454,SKU15123,料酒,粮油调味,5,2026-05-07,21.34
100454,SKU46406,黄瓜,生鲜蔬果,2,2026-05-07,75.54
100454,SKU16752,鸭血,火锅食材,2,2026-05-07,23.82
100455,SKU52540,火锅底料,火锅食材,5,2026-04-27,77.86
100455,SKU81994,丸子,火锅食材,1,2026-04-27,75.87
100455,SKU63522,肥牛卷,火锅食材,3,2026-04-27,58.6
100455,SKU17505,沐浴露,日化清洁,5,2026-04-27,25.71
100456,SKU86449,西红柿,生鲜蔬果,1,2026-01-27,44.38
100456,SKU60067,鸡蛋,肉禽蛋品,1,2026-01-27,58.64
100456,SKU93139,黄瓜,生鲜蔬果,3,2026-01-27,69.99
100456,SKU67958,面包,食品饮料,5,2026-01-27,45.42
100457,SKU66872,苹果,生鲜蔬果,2,2026-04-11,59.2
100457,SKU72784,香蕉,生鲜蔬果,3,2026-04-11,14.42
100457,SKU70213,橙子,生鲜蔬果,1,2026-04-11,41.19
100457,SKU33083,蛋糕粉,烘焙用品,2,2026-04-11,65.8
100457,SKU33646,带鱼,肉禽蛋品,2,2026-04-11,46.86
100457,SKU31354,香草精,烘焙用品,3,2026-04-11,4.62
100458,SKU42145,苹果,生鲜蔬果,2,2026-03-27,8.55
100458,SKU62757,香蕉,生鲜蔬果,4,2026-03-27,73.0
100458,SKU27995,橙子,生鲜蔬果,1,2026-03-27,58.77
100458,SKU59528,生菜,生鲜蔬果,1,2026-03-27,49.45
100459,SKU92232,牛奶,食品饮料,1,2026-07-01,23.61
100459,SKU11231,面包,食品饮料,5,2026-07-01,4.04
100459,SKU54353,香蕉,生鲜蔬果,1,2026-07-01,44.76
100459,SKU72970,鸡翅,肉禽蛋品,1,2026-07-01,18.58
100459,SKU31383,酸奶,食品饮料,5,2026-07-01,71.71
100460,SKU15836,葡萄,生鲜蔬果,5,2026-05-11,12.48
100460,SKU23443,蔬菜拼盘,火锅食材,1,2026-05-11,44.94
100460,SKU64432,饼干,食品饮料,5,2026-05-11,71.26
100461,SKU95899,辣椒酱,粮油调味,4,2026-03-01,14.35
100461,SKU99707,蛋挞皮,烘焙用品,3,2026-03-01,20.39
100462,SKU46937,肥牛卷,火锅食材,1,2026-07-22,20.29
100462,SKU53741,面粉,粮油调味,3,2026-07-22,8.87
100463,SKU53888,香蕉,生鲜蔬果,2,2026-02-12,36.0
100463,SKU65737,带鱼,肉禽蛋品,5,2026-02-12,16.97
100464,SKU20009,可乐,食品饮料,3,2026-03-22,65.43
100464,SKU29482,沐浴露,日化清洁,1,2026-03-22,69.35
100464,SKU61196,鸡蛋,肉禽蛋品,2,2026-03-22,27.66
100464,SKU72709,饼干,食品饮料,4,2026-03-22,58.54
100464,SKU66027,羊肉卷,火锅食材,1,2026-03-22,11.71
100464,SKU52343,肥皂,日化清洁,3,2026-03-22,14.14
100465,SKU93440,洗衣液,日化清洁,4,2026-03-06,49.33
100465,SKU95715,羊肉卷,火锅食材,3,2026-03-06,13.64
100465,SKU82002,蛋挞皮,烘焙用品,2,2026-03-06,32.51
100465,SKU74566,丸子,火锅食材,4,2026-03-06,44.48
100466,SKU36644,猪肉,肉禽蛋品,2,2026-09-18,30.85
100466,SKU72118,酵母,烘焙用品,1,2026-09-18,30.9
100466,SKU17808,豆腐,火锅食材,2,2026-09-18,73.91
100466,SKU28264,蚝油,粮油调味,3,2026-09-18,30.79
100466,SKU82286,牛肉,肉禽蛋品,3,2026-09-18,38.45
100467,SKU28753,洗衣液,日化清洁,1,2026-07-08,77.08
100467,SKU65667,纸巾,日化清洁,4,2026-07-08,59.45
100467,SKU23894,垃圾袋,日化清洁,3,2026-07-08,7.16
100467,SKU87847,三文鱼,肉禽蛋品,5,2026-07-08,8.68
100468,SKU64590,蛋糕粉,烘焙用品,1,2026-03-01,3.96
100468,SKU71573,黄油,烘焙用品,2,2026-03-01,61.94
100468,SKU49257,淡奶油,烘焙用品,2,2026-03-01,60.6
100468,SKU54215,鸡蛋,肉禽蛋品,4,2026-03-01,34.69
100468,SKU11731,酸奶,食品饮料,4,2026-03-01,63.17
100469,SKU65524,牛奶,食品饮料,1,2026-05-04,33.52
100469,SKU43823,面包,食品饮料,4,2026-05-04,45.67
100469,SKU39794,食用油,粮油调味,5,2026-05-04,41.64
100469,SKU45628,毛肚,火锅食材,4,2026-05-04,74.72
100469,SKU26401,大米,粮油调味,1,2026-05-04,43.16
100470,SKU95550,蛋糕粉,烘焙用品,4,2026-04-13,39.76
100470,SKU31603,酱油,粮油调味,4,2026-04-13,66.7
100470,SKU94757,胡萝卜,生鲜蔬果,1,2026-04-13,64.86
100471,SKU53970,火锅底料,火锅食材,5,2026-07-07,62.97
100471,SKU31333,丸子,火锅食材,1,2026-07-07,21.44
100471,SKU37775,肥牛卷,火锅食材,5,2026-07-07,11.2
100471,SKU50516,垃圾袋,日化清洁,5,2026-07-07,3.85
100472,SKU84029,牛奶,食品饮料,1,2026-04-18,78.2
100472,SKU73413,面包,食品饮料,1,2026-04-18,46.41
100472,SKU22217,饼干,食品饮料,1,2026-04-18,6.7
100473,SKU26976,蛋糕粉,烘焙用品,4,2026-05-01,58.88
100473,SKU76005,毛肚,火锅食材,1,2026-05-01,28.51
100473,SKU29685,醋,粮油调味,1,2026-05-01,41.67
100473,SKU60084,洗衣液,日化清洁,1,2026-05-01,48.21
100474,SKU20322,果汁,食品饮料,2,2026-08-19,55.54
100474,SKU40352,大米,粮油调味,1,2026-08-19,76.37
100475,SKU54749,大米,粮油调味,5,2026-04-26,53.16
100475,SKU54436,毛肚,火锅食材,4,2026-04-26,63.47
100475,SKU66479,粉丝,火锅食材,3,2026-04-26,30.74
100476,SKU28693,牛奶,食品饮料,1,2026-01-23,64.96
100476,SKU21425,白糖,粮油调味,3,2026-01-23,45.13
100476,SKU51119,胡萝卜,生鲜蔬果,4,2026-01-23,10.25
100476,SKU31164,带鱼,肉禽蛋品,2,2026-01-23,74.92
100476,SKU57622,羊肉卷,火锅食材,1,2026-01-23,24.57
100477,SKU28408,排骨,肉禽蛋品,4,2026-06-03,53.07
100477,SKU73997,胡萝卜,生鲜蔬果,1,2026-06-03,77.82
100477,SKU47568,土豆,生鲜蔬果,1,2026-06-03,30.99
100477,SKU91223,火锅底料,火锅食材,4,2026-06-03,34.5
100477,SKU77171,面包,食品饮料,2,2026-06-03,36.94
100478,SKU17478,可乐,食品饮料,5,2026-06-12,78.26
100478,SKU83505,薯片,食品饮料,2,2026-06-12,56.88
100478,SKU23801,饼干,食品饮料,1,2026-06-12,14.9
100478,SKU84728,香草精,烘焙用品,3,2026-06-12,31.94
100478,SKU39235,方便面,食品饮料,4,2026-06-12,68.74
100478,SKU97706,香蕉,生鲜蔬果,4,2026-06-12,70.31
100479,SKU53086,油纸,烘焙用品,4,2026-02-12,18.36
100479,SKU89215,鸡蛋,肉禽蛋品,1,2026-02-12,27.43
100479,SKU72419,猪肉,肉禽蛋品,4,2026-02-12,19.37
100479,SKU15017,酱油,粮油调味,1,2026-02-12,24.43
100479,SKU71599,蘸料,火锅食材,5,2026-02-12,14.99
100479,SKU51967,蛋糕粉,烘焙用品,2,2026-02-12,52.3
100480,SKU37720,垃圾袋,日化清洁,4,2026-01-20,19.43
100480,SKU99610,芝士碎,烘焙用品,1,2026-01-20,76.35
100481,SKU20709,蛋糕粉,烘焙用品,1,2026-07-09,24.09
100481,SKU69168,黄油,烘焙用品,3,2026-07-09,70.28
100481,SKU97771,淡奶油,烘焙用品,4,2026-07-09,43.41
100481,SKU17044,鸡蛋,肉禽蛋品,3,2026-07-09,17.17
100481,SKU66168,虾仁,肉禽蛋品,1,2026-07-09,71.91
100482,SKU31061,洗衣液,日化清洁,4,2026-06-25,44.23
100482,SKU84752,纸巾,日化清洁,4,2026-06-25,30.31
100482,SKU83519,垃圾袋,日化清洁,4,2026-06-25,66.37
100482,SKU97551,酵母,烘焙用品,5,2026-06-25,18.29
100482,SKU52432,丸子,火锅食材,5,2026-06-25,50.47
100483,SKU98335,排骨,肉禽蛋品,3,2026-06-01,11.75
100483,SKU10481,胡萝卜,生鲜蔬果,4,2026-06-01,23.24
100483,SKU26478,土豆,生鲜蔬果,4,2026-06-01,75.64
100483,SKU85809,羊肉卷,火锅食材,4,2026-06-01,52.2
100484,SKU55624,洗衣液,日化清洁,5,2026-02-02,32.07
100484,SKU99080,纸巾,日化清洁,2,2026-02-02,76.33
100484,SKU58530,垃圾袋,日化清洁,5,2026-02-02,76.54
100484,SKU50234,蔬菜拼盘,火锅食材,3,2026-02-02,4.25
100484,SKU26350,面粉,粮油调味,5,2026-02-02,66.07
100485,SKU33044,淡奶油,烘焙用品,3,2026-08-21,11.73
100485,SKU33186,纸巾,日化清洁,4,2026-08-21,35.99
100485,SKU81141,蔬菜拼盘,火锅食材,5,2026-08-21,48.81
100485,SKU96455,蛋挞皮,烘焙用品,4,2026-08-21,32.38
100485,SKU91313,粉丝,火锅食材,4,2026-08-21,51.83
100486,SKU23588,牛肉,肉禽蛋品,5,2026-02-03,74.8
100486,SKU91766,土豆,生鲜蔬果,4,2026-02-03,60.75
100487,SKU35632,苹果,生鲜蔬果,5,2026-09-04,32.34
100487,SKU55955,果汁,食品饮料,4,2026-09-04,76.19
100487,SKU94523,酵母,烘焙用品,4,2026-09-04,34.8
100487,SKU59105,料酒,粮油调味,4,2026-09-04,3.59
100487,SKU45076,蚝油,粮油调味,2,2026-09-04,42.08
100487,SKU64357,模具,烘焙用品,3,2026-09-04,26.67
100488,SKU88636,苹果,生鲜蔬果,5,2026-04-01,66.14
100488,SKU84997,黄瓜,生鲜蔬果,3,2026-04-01,28.8
100488,SKU61296,白菜,生鲜蔬果,4,2026-04-01,21.62
100488,SKU61552,带鱼,肉禽蛋品,2,2026-04-01,50.45
100488,SKU85740,肥皂,日化清洁,1,2026-04-01,64.7
100489,SKU26558,食用油,粮油调味,4,2026-07-05,20.78
100489,SKU85619,黄油,烘焙用品,5,2026-07-05,12.11
100489,SKU92223,洗衣液,日化清洁,4,2026-07-05,67.91
100489,SKU30847,粉丝,火锅食材,3,2026-07-05,67.48
100489,SKU22224,大米,粮油调味,3,2026-07-05,18.69
100490,SKU20324,苹果,生鲜蔬果,5,2026-01-14,57.48
100490,SKU27111,香蕉,生鲜蔬果,5,2026-01-14,32.45
100490,SKU56939,橙子,生鲜蔬果,4,2026-01-14,51.85
100490,SKU39065,白菜,生鲜蔬果,2,2026-01-14,21.46
100491,SKU28844,消毒液,日化清洁,3,2026-05-07,9.39
100491,SKU85937,方便面,食品饮料,1,2026-05-07,52.16
100491,SKU88105,橙子,生鲜蔬果,1,2026-05-07,11.54
100492,SKU57369,西红柿,生鲜蔬果,1,2026-02-04,41.06
100492,SKU74361,鸡蛋,肉禽蛋品,2,2026-02-04,33.09
100492,SKU73768,黄瓜,生鲜蔬果,1,2026-02-04,34.86
100492,SKU65038,牛肉,肉禽蛋品,1,2026-02-04,19.19
100493,SKU14122,大米,粮油调味,5,2026-07-11,51.6
100493,SKU55453,酱油,粮油调味,1,2026-07-11,78.15
100493,SKU88642,矿泉水,食品饮料,4,2026-07-11,79.61
100493,SKU78386,黄瓜,生鲜蔬果,5,2026-07-11,3.39
100493,SKU35276,食用油,粮油调味,3,2026-07-11,74.35
100494,SKU38437,洗发水,日化清洁,3,2026-01-18,11.84
100494,SKU38804,沐浴露,日化清洁,1,2026-01-18,28.22
100494,SKU26591,牙膏,日化清洁,1,2026-01-18,59.04
100494,SKU36114,料酒,粮油调味,3,2026-01-18,24.07
100495,SKU42780,油纸,烘焙用品,4,2026-02-12,74.02
100495,SKU46842,羊肉卷,火锅食材,2,2026-02-12,18.24
100495,SKU87015,芝士碎,烘焙用品,4,2026-02-12,10.92
100495,SKU36978,鸭血,火锅食材,3,2026-02-12,15.76
100496,SKU59015,饼干,食品饮料,2,2026-08-14,46.67
100496,SKU14424,洗衣液,日化清洁,1,2026-08-14,37.6
100496,SKU63714,鸡蛋,肉禽蛋品,5,2026-08-14,22.49
100496,SKU94554,拖把,日化清洁,3,2026-08-14,49.5
100496,SKU13924,蛋挞皮,烘焙用品,5,2026-08-14,30.12
100497,SKU51215,酱油,粮油调味,3,2026-02-06,31.64
100497,SKU11428,纸巾,日化清洁,1,2026-02-06,3.74
100497,SKU84379,酸奶,食品饮料,3,2026-02-06,19.46
100497,SKU83615,胡萝卜,生鲜蔬果,3,2026-02-06,72.2
100497,SKU88879,料酒,粮油调味,1,2026-02-06,32.69
100498,SKU51958,洗发水,日化清洁,4,2026-04-17,27.47
100498,SKU74740,沐浴露,日化清洁,2,2026-04-17,18.18
100498,SKU45968,牙膏,日化清洁,4,2026-04-17,6.6
100498,SKU69347,胡萝卜,生鲜蔬果,4,2026-04-17,12.18
100498,SKU87485,酵母,烘焙用品,2,2026-04-17,49.31
100499,SKU62797,土豆,生鲜蔬果,2,2026-07-08,67.81
100499,SKU79142,西红柿,生鲜蔬果,1,2026-07-08,71.98
100499,SKU12132,油纸,烘焙用品,1,2026-07-08,28.98
100499,SKU64405,可乐,食品饮料,1,2026-07-08,39.18
100500,SKU61554,大米,粮油调味,4,2026-05-09,50.15
100500,SKU69582,食用油,粮油调味,3,2026-05-09,56.63
100500,SKU25913,酱油,粮油调味,4,2026-05-09,68.35
100500,SKU23466,猪肉,肉禽蛋品,3,2026-05-09,75.2
100500,SKU11362,洗衣液,日化清洁,1,2026-05-09,20.25
100501,SKU16880,蚝油,粮油调味,5,2026-03-04,79.2
100501,SKU15646,面粉,粮油调味,3,2026-03-04,71.02
100501,SKU49883,牛肉,肉禽蛋品,1,2026-03-04,6.7
100501,SKU90314,醋,粮油调味,1,2026-03-04,23.31
100501,SKU32326,肥皂,日化清洁,4,2026-03-04,23.78
100502,SKU78388,洗衣液,日化清洁,4,2026-03-19,54.45
100502,SKU72642,虾仁,肉禽蛋品,5,2026-03-19,21.52
100502,SKU52193,淡奶油,烘焙用品,4,2026-03-19,78.18
100503,SKU19849,西红柿,生鲜蔬果,2,2026-08-08,56.51
100503,SKU11720,鸡蛋,肉禽蛋品,4,2026-08-08,7.64
100503,SKU60470,黄瓜,生鲜蔬果,2,2026-08-08,39.05
100503,SKU54623,猪肉,肉禽蛋品,2,2026-08-08,40.55
100503,SKU79159,纸巾,日化清洁,2,2026-08-08,65.68
100503,SKU50871,酸奶,食品饮料,5,2026-08-08,69.1
100504,SKU60538,洗发水,日化清洁,2,2026-08-21,73.59
100504,SKU77300,沐浴露,日化清洁,4,2026-08-21,69.83
100504,SKU34635,牙膏,日化清洁,2,2026-08-21,63.06
100504,SKU31521,鸡翅,肉禽蛋品,1,2026-08-21,24.39
100505,SKU41531,虾仁,肉禽蛋品,1,2026-05-28,60.37
100505,SKU34514,油纸,烘焙用品,1,2026-05-28,71.85
100506,SKU62026,香草精,烘焙用品,4,2026-05-01,19.33
100506,SKU53743,纸巾,日化清洁,5,2026-05-01,36.18
100506,SKU58467,方便面,食品饮料,1,2026-05-01,36.98
100506,SKU60137,排骨,肉禽蛋品,1,2026-05-01,6.78
100506,SKU34831,猪肉,肉禽蛋品,4,2026-05-01,17.93
100506,SKU46166,蘸料,火锅食材,4,2026-05-01,16.6
100507,SKU14677,鸡蛋,肉禽蛋品,1,2026-09-20,7.09
100507,SKU18630,橙子,生鲜蔬果,5,2026-09-20,23.5
100507,SKU39683,酸奶,食品饮料,5,2026-09-20,10.78
100507,SKU63026,鸭蛋,肉禽蛋品,5,2026-09-20,56.86
100507,SKU38821,蚝油,粮油调味,4,2026-09-20,33.25
100508,SKU75960,洗衣液,日化清洁,1,2026-05-16,10.26
100508,SKU50019,纸巾,日化清洁,5,2026-05-16,39.71
100508,SKU99318,垃圾袋,日化清洁,2,2026-05-16,16.11
100508,SKU53536,可乐,食品饮料,1,2026-05-16,15.83
100509,SKU11275,蛋挞皮,烘焙用品,1,2026-08-05,16.15
100509,SKU72105,牙膏,日化清洁,5,2026-08-05,30.12
100509,SKU42441,土豆,生鲜蔬果,5,2026-08-05,3.08
100509,SKU12279,食用油,粮油调味,4,2026-08-05,11.42
100509,SKU48097,方便面,食品饮料,5,2026-08-05,55.36
100510,SKU55977,鸡肉,肉禽蛋品,4,2026-04-17,40.78
100510,SKU73765,矿泉水,食品饮料,5,2026-04-17,22.82
100510,SKU11777,牙膏,日化清洁,3,2026-04-17,31.05
100511,SKU96424,丸子,火锅食材,4,2026-06-10,68.93
100511,SKU14050,鸭蛋,肉禽蛋品,2,2026-06-10,30.5
100511,SKU66455,饼干,食品饮料,2,2026-06-10,47.47
100511,SKU21701,粉丝,火锅食材,3,2026-06-10,18.89
100511,SKU59516,土豆,生鲜蔬果,2,2026-06-10,73.89
100511,SKU92167,虾仁,肉禽蛋品,1,2026-06-10,77.34
100512,SKU15387,食用油,粮油调味,3,2026-09-15,26.82
100512,SKU54993,方便面,食品饮料,5,2026-09-15,43.05
100512,SKU69641,沐浴露,日化清洁,5,2026-09-15,12.47
100512,SKU55481,牙膏,日化清洁,5,2026-09-15,77.55
100512,SKU11092,蛋糕粉,烘焙用品,3,2026-09-15,11.48
100512,SKU29284,酵母,烘焙用品,4,2026-09-15,74.4
100513,SKU48630,西红柿,生鲜蔬果,3,2026-08-22,7.98
100513,SKU38485,鸡蛋,肉禽蛋品,1,2026-08-22,37.95
100513,SKU26178,黄瓜,生鲜蔬果,3,2026-08-22,66.56
100513,SKU10667,大米,粮油调味,1,2026-08-22,40.6
100513,SKU10084,矿泉水,食品饮料,4,2026-08-22,30.12
100513,SKU55903,肥牛卷,火锅食材,1,2026-08-22,22.36
100514,SKU48116,带鱼,肉禽蛋品,5,2026-05-26,73.71
100514,SKU56482,牛肉,肉禽蛋品,2,2026-05-26,5.47
100514,SKU93498,饼干,食品饮料,2,2026-05-26,65.5
100514,SKU22863,虾仁,肉禽蛋品,4,2026-05-26,35.54
100514,SKU88255,盐,粮油调味,3,2026-05-26,73.85
100514,SKU67123,芝士碎,烘焙用品,3,2026-05-26,16.34
100515,SKU49976,面包,食品饮料,5,2026-06-26,18.36
100515,SKU92355,三文鱼,肉禽蛋品,1,2026-06-26,25.89
100515,SKU59278,酵母,烘焙用品,4,2026-06-26,45.03
100516,SKU71151,排骨,肉禽蛋品,4,2026-07-04,30.27
100516,SKU70461,胡萝卜,生鲜蔬果,4,2026-07-04,77.03
100516,SKU13463,土豆,生鲜蔬果,1,2026-07-04,73.27
100516,SKU28426,洗衣液,日化清洁,4,2026-07-04,9.81
100516,SKU41804,毛肚,火锅食材,5,2026-07-04,72.83
100516,SKU26682,纸巾,日化清洁,5,2026-07-04,42.44
100517,SKU70661,蛋糕粉,烘焙用品,4,2026-09-19,54.6
100517,SKU17123,鸡翅,肉禽蛋品,5,2026-09-19,38.44
100518,SKU53425,火锅底料,火锅食材,5,2026-02-02,40.07
100518,SKU86626,丸子,火锅食材,1,2026-02-02,12.35
100518,SKU16949,肥牛卷,火锅食材,5,2026-02-02,59.93
100518,SKU83668,鸡肉,肉禽蛋品,2,2026-02-02,42.75
100518,SKU98562,果汁,食品饮料,4,2026-02-02,13.5
100519,SKU30056,肥牛卷,火锅食材,1,2026-03-10,8.17
100519,SKU78134,盐,粮油调味,5,2026-03-10,70.75
100520,SKU25966,排骨,肉禽蛋品,4,2026-02-08,33.08
100520,SKU34123,胡萝卜,生鲜蔬果,3,2026-02-08,34.15
100520,SKU81659,土豆,生鲜蔬果,2,2026-02-08,67.81
100520,SKU99302,毛肚,火锅食材,3,2026-02-08,66.27
100521,SKU96175,芝士碎,烘焙用品,1,2026-08-28,17.23
100521,SKU81654,虾仁,肉禽蛋品,2,2026-08-28,16.15
100522,SKU24068,鸡肉,肉禽蛋品,4,2026-04-16,32.71
100522,SKU65683,羊肉卷,火锅食材,4,2026-04-16,35.1
100522,SKU69910,肥皂,日化清洁,2,2026-04-16,5.15
100522,SKU11444,薯片,食品饮料,1,2026-04-16,46.44
100523,SKU30750,糖粉,烘焙用品,3,2026-05-02,3.7
100523,SKU75956,香蕉,生鲜蔬果,3,2026-05-02,41.55
100523,SKU78820,纸巾,日化清洁,2,2026-05-02,29.86
100523,SKU32871,三文鱼,肉禽蛋品,4,2026-05-02,42.5
100523,SKU83812,油纸,烘焙用品,2,2026-05-02,30.09
100523,SKU28355,模具,烘焙用品,3,2026-05-02,38.38
100524,SKU33642,蛋糕粉,烘焙用品,4,2026-05-26,49.65
100524,SKU76450,生菜,生鲜蔬果,5,2026-05-26,57.55
100524,SKU52477,丸子,火锅食材,5,2026-05-26,22.96
100524,SKU55625,消毒液,日化清洁,5,2026-05-26,76.55
100525,SKU99040,蛋糕粉,烘焙用品,1,2026-07-03,41.46
100525,SKU40347,黄油,烘焙用品,4,2026-07-03,27.92
100525,SKU32806,淡奶油,烘焙用品,2,2026-07-03,11.12
100525,SKU65057,鸡蛋,肉禽蛋品,4,2026-07-03,61.2
100525,SKU42831,鸡肉,肉禽蛋品,1,2026-07-03,7.77
100526,SKU13861,糖粉,烘焙用品,5,2026-02-02,51.61
100526,SKU68918,肥皂,日化清洁,2,2026-02-02,27.73
100527,SKU31245,盐,粮油调味,2,2026-07-05,18.49
100527,SKU35204,蔬菜拼盘,火锅食材,4,2026-07-05,65.67
100527,SKU92459,面包,食品饮料,1,2026-07-05,47.82
100527,SKU28423,肥牛卷,火锅食材,1,2026-07-05,18.67
100527,SKU63480,糖粉,烘焙用品,1,2026-07-05,30.69
100527,SKU19432,可乐,食品饮料,5,2026-07-05,45.09
100528,SKU83229,羊肉卷,火锅食材,3,2026-06-06,50.62
100528,SKU67524,醋,粮油调味,2,2026-06-06,64.72
100528,SKU19288,白糖,粮油调味,4,2026-06-06,51.16
100528,SKU77796,火锅底料,火锅食材,5,2026-06-06,9.02
100528,SKU75367,毛肚,火锅食材,3,2026-06-06,10.77
100528,SKU80849,纸巾,日化清洁,2,2026-06-06,6.96
100529,SKU30691,西红柿,生鲜蔬果,1,2026-06-01,70.18
100529,SKU85413,鸡蛋,肉禽蛋品,3,2026-06-01,8.76
100529,SKU90117,黄瓜,生鲜蔬果,2,2026-06-01,68.7
100529,SKU91087,拖把,日化清洁,5,2026-06-01,27.04
100529,SKU24532,纸巾,日化清洁,1,2026-06-01,45.04
100530,SKU17784,洗发水,日化清洁,3,2026-08-09,18.44
100530,SKU53202,酵母,烘焙用品,2,2026-08-09,18.73
100531,SKU15471,苹果,生鲜蔬果,2,2026-01-08,23.83
100531,SKU76532,沐浴露,日化清洁,1,2026-01-08,5.74
100531,SKU66559,胡萝卜,生鲜蔬果,2,2026-01-08,53.08
100531,SKU39852,酵母,烘焙用品,4,2026-01-08,26.36
100531,SKU13454,猪肉,肉禽蛋品,1,2026-01-08,74.71
100531,SKU59727,丸子,火锅食材,2,2026-01-08,44.13
100532,SKU90694,消毒液,日化清洁,1,2026-01-18,36.72
100532,SKU54974,鸡翅,肉禽蛋品,3,2026-01-18,30.09
100532,SKU41217,芝士碎,烘焙用品,4,2026-01-18,73.69
100532,SKU11317,蛋挞皮,烘焙用品,2,2026-01-18,10.08
100532,SKU80283,三文鱼,肉禽蛋品,2,2026-01-18,34.81
100533,SKU33670,洗衣液,日化清洁,1,2026-01-26,12.76
100533,SKU55831,纸巾,日化清洁,3,2026-01-26,6.37
100533,SKU42013,垃圾袋,日化清洁,5,2026-01-26,53.45
100533,SKU62142,胡萝卜,生鲜蔬果,3,2026-01-26,12.99
100534,SKU56787,火锅底料,火锅食材,5,2026-08-22,18.85
100534,SKU49677,丸子,火锅食材,2,2026-08-22,37.15
100534,SKU48362,肥牛卷,火锅食材,3,2026-08-22,63.08
100534,SKU45066,面包,食品饮料,2,2026-08-22,43.57
100535,SKU91509,橙子,生鲜蔬果,4,2026-06-23,57.32
100535,SKU36680,沐浴露,日化清洁,4,2026-06-23,24.54
100536,SKU28607,巧克力,食品饮料,3,2026-03-27,58.82
100536,SKU67708,白糖,粮油调味,1,2026-03-27,78.3
100536,SKU12790,排骨,肉禽蛋品,4,2026-03-27,76.38
100537,SKU89920,西红柿,生鲜蔬果,1,2026-08-27,24.49
100537,SKU60146,鸡蛋,肉禽蛋品,4,2026-08-27,41.14
100537,SKU39418,黄瓜,生鲜蔬果,4,2026-08-27,37.19
100537,SKU96497,拖把,日化清洁,2,2026-08-27,32.21
100537,SKU96560,矿泉水,食品饮料,4,2026-08-27,44.0
100537,SKU55587,猪肉,肉禽蛋品,3,2026-08-27,5.41
100538,SKU66039,方便面,食品饮料,5,2026-01-20,36.42
100538,SKU82521,料酒,粮油调味,1,2026-01-20,65.17
100538,SKU98862,白菜,生鲜蔬果,4,2026-01-20,76.34
100538,SKU80092,洗发水,日化清洁,3,2026-01-20,69.11
100539,SKU46791,粉丝,火锅食材,2,2026-08-14,72.89
100539,SKU42759,方便面,食品饮料,3,2026-08-14,9.59
100539,SKU84852,大米,粮油调味,5,2026-08-14,25.78
100539,SKU45949,消毒液,日化清洁,4,2026-08-14,5.97
100539,SKU42835,油纸,烘焙用品,3,2026-08-14,23.69
100539,SKU50225,牛奶,食品饮料,5,2026-08-14,3.95
100540,SKU14850,蛋糕粉,烘焙用品,4,2026-06-27,3.68
100540,SKU82955,黄油,烘焙用品,3,2026-06-27,39.98
100540,SKU85965,淡奶油,烘焙用品,2,2026-06-27,34.46
100540,SKU89996,鸡蛋,肉禽蛋品,1,2026-06-27,24.29
100540,SKU18394,油纸,烘焙用品,5,2026-06-27,27.18
100540,SKU46194,土豆,生鲜蔬果,4,2026-06-27,16.84
100541,SKU15046,食用油,粮油调味,2,2026-05-28,11.81
100541,SKU67712,虾仁,肉禽蛋品,2,2026-05-28,55.7
100541,SKU82536,橙子,生鲜蔬果,5,2026-05-28,27.43
100542,SKU55839,面包,食品饮料,1,2026-04-02,49.24
100542,SKU68171,土豆,生鲜蔬果,1,2026-04-02,8.97
100542,SKU41061,纸巾,日化清洁,1,2026-04-02,42.35
100542,SKU58674,蔬菜拼盘,火锅食材,2,2026-04-02,28.09
100543,SKU95456,虾仁,肉禽蛋品,3,2026-07-03,78.08
100543,SKU48543,白菜,生鲜蔬果,3,2026-07-03,39.24
100543,SKU58274,洗洁精,日化清洁,5,2026-07-03,5.4
100543,SKU29669,垃圾袋,日化清洁,1,2026-07-03,25.4
100544,SKU29670,鸭血,火锅食材,5,2026-01-04,5.51
100544,SKU95093,沐浴露,日化清洁,4,2026-01-04,61.72
100544,SKU39436,料酒,粮油调味,1,2026-01-04,76.55
100544,SKU85292,消毒液,日化清洁,5,2026-01-04,41.77
100545,SKU78740,豆腐,火锅食材,5,2026-09-24,39.37
100545,SKU45282,橙子,生鲜蔬果,5,2026-09-24,36.96
100546,SKU25127,牙膏,日化清洁,2,2026-04-27,38.1
100546,SKU63729,酸奶,食品饮料,2,2026-04-27,37.27
100546,SKU83460,垃圾袋,日化清洁,3,2026-04-27,9.14
100547,SKU63427,辣椒酱,粮油调味,2,2026-09-03,62.79
100547,SKU89370,香草精,烘焙用品,5,2026-09-03,54.27
100547,SKU54770,酵母,烘焙用品,3,2026-09-03,64.28
100547,SKU63543,鸡翅,肉禽蛋品,3,2026-09-03,12.08
100547,SKU29450,蘸料,火锅食材,4,2026-09-03,41.89
100548,SKU44521,酱油,粮油调味,2,2026-08-21,12.3
100548,SKU71585,模具,烘焙用品,5,2026-08-21,57.78
100548,SKU14466,黄瓜,生鲜蔬果,1,2026-08-21,12.73
100549,SKU65359,鸡翅,肉禽蛋品,5,2026-07-01,73.73
100549,SKU82999,鸭血,火锅食材,3,2026-07-01,12.81
100550,SKU56525,大米,粮油调味,1,2026-04-23,59.88
100550,SKU92684,食用油,粮油调味,4,2026-04-23,73.12
100550,SKU67106,酱油,粮油调味,4,2026-04-23,60.03
100550,SKU27643,鸡蛋,肉禽蛋品,3,2026-04-23,61.34
100550,SKU87274,香蕉,生鲜蔬果,2,2026-04-23,58.73
100551,SKU76672,牛奶,食品饮料,3,2026-09-03,36.77
100551,SKU22700,面包,食品饮料,5,2026-09-03,24.51
100551,SKU54710,肥皂,日化清洁,2,2026-09-03,25.9
100551,SKU78838,模具,烘焙用品,1,2026-09-03,46.44
100551,SKU65927,消毒液,日化清洁,5,2026-09-03,42.13
100552,SKU46471,蛋糕粉,烘焙用品,2,2026-05-11,36.15
100552,SKU51204,黄油,烘焙用品,5,2026-05-11,70.73
100552,SKU31704,淡奶油,烘焙用品,1,2026-05-11,29.75
100552,SKU73784,鸡蛋,肉禽蛋品,1,2026-05-11,25.16
100552,SKU32193,香蕉,生鲜蔬果,4,2026-05-11,20.22
100553,SKU82373,辣椒酱,粮油调味,2,2026-05-09,10.39
100553,SKU13584,薯片,食品饮料,5,2026-05-09,61.12
100554,SKU84863,西红柿,生鲜蔬果,3,2026-01-18,18.64
100554,SKU78274,肥牛卷,火锅食材,4,2026-01-18,59.37
100554,SKU48658,白菜,生鲜蔬果,2,2026-01-18,66.99
100555,SKU27933,糖粉,烘焙用品,4,2026-02-23,23.26
100555,SKU25264,芝士碎,烘焙用品,3,2026-02-23,59.34
100556,SKU69436,洗衣液,日化清洁,5,2026-06-26,28.82
100556,SKU19710,纸巾,日化清洁,5,2026-06-26,54.75
100556,SKU15027,垃圾袋,日化清洁,3,2026-06-26,71.7
100556,SKU78327,胡萝卜,生鲜蔬果,4,2026-06-26,10.73
100556,SKU83160,洗洁精,日化清洁,3,2026-06-26,17.66
100556,SKU92219,大米,粮油调味,1,2026-06-26,76.09
100557,SKU73505,可乐,食品饮料,3,2026-01-08,39.2
100557,SKU47040,薯片,食品饮料,2,2026-01-08,59.48
100557,SKU21627,饼干,食品饮料,2,2026-01-08,18.29
100557,SKU38074,盐,粮油调味,5,2026-01-08,69.0
100558,SKU90396,洗发水,日化清洁,4,2026-01-14,55.97
100558,SKU40764,沐浴露,日化清洁,4,2026-01-14,51.59
100558,SKU96106,牙膏,日化清洁,3,2026-01-14,40.29
100558,SKU40394,白糖,粮油调味,2,2026-01-14,70.6
100558,SKU74254,食用油,粮油调味,3,2026-01-14,54.43
100558,SKU81226,苹果,生鲜蔬果,4,2026-01-14,49.03
100559,SKU65687,火锅底料,火锅食材,3,2026-08-10,22.05
100559,SKU51799,丸子,火锅食材,1,2026-08-10,16.57
100559,SKU62178,肥牛卷,火锅食材,1,2026-08-10,29.76
100559,SKU73404,酵母,烘焙用品,2,2026-08-10,62.57
100559,SKU40783,香草精,烘焙用品,4,2026-08-10,49.28
100560,SKU63900,洗衣液,日化清洁,3,2026-01-10,54.97
100560,SKU65731,纸巾,日化清洁,4,2026-01-10,65.3
100560,SKU17160,垃圾袋,日化清洁,4,2026-01-10,23.07
100560,SKU38697,葡萄,生鲜蔬果,3,2026-01-10,40.38
100560,SKU15980,洗洁精,日化清洁,3,2026-01-10,51.99
100561,SKU12767,面粉,粮油调味,5,2026-05-15,44.56
100561,SKU53684,蘸料,火锅食材,4,2026-05-15,9.95
100561,SKU82468,白糖,粮油调味,3,2026-05-15,62.05
100561,SKU77980,鸭蛋,肉禽蛋品,1,2026-05-15,53.43
100561,SKU36009,牙膏,日化清洁,2,2026-05-15,30.88
100561,SKU61842,鸡翅,肉禽蛋品,2,2026-05-15,67.54
100562,SKU12625,牙膏,日化清洁,1,2026-04-10,5.78
100562,SKU62158,淡奶油,烘焙用品,5,2026-04-10,10.89
100562,SKU47105,料酒,粮油调味,4,2026-04-10,6.26
100562,SKU92779,酸奶,食品饮料,3,2026-04-10,4.87
100563,SKU20030,火锅底料,火锅食材,3,2026-04-02,69.37
100563,SKU64444,丸子,火锅食材,1,2026-04-02,41.85
100563,SKU81001,肥牛卷,火锅食材,1,2026-04-02,4.14
100563,SKU22524,黄油,烘焙用品,5,2026-04-02,73.76
100563,SKU35465,鸡翅,肉禽蛋品,5,2026-04-02,64.03
100564,SKU44638,洗发水,日化清洁,4,2026-05-26,18.61
100564,SKU48173,沐浴露,日化清洁,5,2026-05-26,39.3
100564,SKU63258,牙膏,日化清洁,4,2026-05-26,10.17
100564,SKU47279,土豆,生鲜蔬果,5,2026-05-26,24.45
100564,SKU60123,矿泉水,食品饮料,5,2026-05-26,42.01
100564,SKU61595,薯片,食品饮料,1,2026-05-26,79.47
100565,SKU62081,香草精,烘焙用品,5,2026-06-25,78.09
100565,SKU72495,蚝油,粮油调味,2,2026-06-25,37.43
100566,SKU74200,蛋糕粉,烘焙用品,2,2026-02-21,69.59
100566,SKU28524,黄油,烘焙用品,5,2026-02-21,22.25
100566,SKU72064,淡奶油,烘焙用品,4,2026-02-21,50.47
100566,SKU84270,鸡蛋,肉禽蛋品,5,2026-02-21,58.67
100566,SKU74673,猪肉,肉禽蛋品,2,2026-02-21,7.54
100566,SKU54285,鸡肉,肉禽蛋品,3,2026-02-21,34.71
100566,SKU84096,面粉,粮油调味,2,2026-02-21,5.81
100567,SKU40898,洗衣液,日化清洁,3,2026-07-28,76.88
100567,SKU73307,纸巾,日化清洁,3,2026-07-28,38.53
100567,SKU20673,垃圾袋,日化清洁,5,2026-07-28,45.72
100567,SKU20158,肥牛卷,火锅食材,1,2026-07-28,35.78
100567,SKU11785,蔬菜拼盘,火锅食材,4,2026-07-28,12.8
100567,SKU25922,羊肉卷,火锅食材,2,2026-07-28,43.04
100568,SKU78758,苹果,生鲜蔬果,4,2026-03-07,16.15
100568,SKU81707,蛋挞皮,烘焙用品,4,2026-03-07,13.77
100569,SKU58710,火锅底料,火锅食材,5,2026-07-13,27.82
100569,SKU28548,丸子,火锅食材,5,2026-07-13,53.07
100569,SKU36799,肥牛卷,火锅食材,3,2026-07-13,43.29
100569,SKU58660,果汁,食品饮料,5,2026-07-13,76.3
100569,SKU71880,饼干,食品饮料,5,2026-07-13,49.55
100570,SKU33491,面粉,粮油调味,1,2026-08-07,27.46
100570,SKU10734,豆腐,火锅食材,2,2026-08-07,39.23
100570,SKU36118,火锅底料,火锅食材,3,2026-08-07,57.01
100571,SKU55934,葡萄,生鲜蔬果,5,2026-02-18,15.05
100571,SKU55214,油纸,烘焙用品,5,2026-02-18,71.02
100572,SKU94095,可乐,食品饮料,3,2026-01-07,46.21
100572,SKU29978,薯片,食品饮料,2,2026-01-07,8.97
100572,SKU46698,饼干,食品饮料,1,2026-01-07,59.26
100572,SKU23411,巧克力,食品饮料,2,2026-01-07,23.25
100572,SKU86980,肥皂,日化清洁,2,2026-01-07,64.36
100572,SKU87616,黄油,烘焙用品,4,2026-01-07,28.42
100573,SKU90599,火锅底料,火锅食材,1,2026-05-26,74.58
100573,SKU72320,白糖,粮油调味,2,2026-05-26,14.04
100573,SKU16840,面粉,粮油调味,1,2026-05-26,27.9
100573,SKU67630,西红柿,生鲜蔬果,2,2026-05-26,42.4
100573,SKU52872,辣椒酱,粮油调味,4,2026-05-26,54.19
100573,SKU25374,料酒,粮油调味,3,2026-05-26,41.53
100574,SKU20249,可乐,食品饮料,5,2026-04-18,27.41
100574,SKU31773,薯片,食品饮料,5,2026-04-18,67.85
100574,SKU67310,饼干,食品饮料,3,2026-04-18,57.77
100574,SKU42838,火锅底料,火锅食材,5,2026-04-18,37.01
100574,SKU67070,纸巾,日化清洁,1,2026-04-18,45.96
100574,SKU57931,巧克力,食品饮料,3,2026-04-18,16.71
100575,SKU57315,料酒,粮油调味,1,2026-08-25,18.08
100575,SKU86832,醋,粮油调味,5,2026-08-25,18.01
100575,SKU58348,消毒液,日化清洁,3,2026-08-25,28.29
100575,SKU11703,肥皂,日化清洁,3,2026-08-25,41.72
100575,SKU94832,食用油,粮油调味,5,2026-08-25,24.02
100576,SKU13988,面包,食品饮料,1,2026-05-21,77.78
100576,SKU92868,薯片,食品饮料,4,2026-05-21,79.79
100577,SKU30079,洗发水,日化清洁,3,2026-08-16,5.22
100577,SKU27255,沐浴露,日化清洁,2,2026-08-16,70.06
100577,SKU25653,牙膏,日化清洁,1,2026-08-16,35.31
100577,SKU18169,苹果,生鲜蔬果,1,2026-08-16,37.14
100578,SKU86919,醋,粮油调味,2,2026-06-04,72.74
100578,SKU97096,土豆,生鲜蔬果,3,2026-06-04,42.76
100578,SKU97519,牙膏,日化清洁,4,2026-06-04,35.06
100578,SKU75735,洗衣液,日化清洁,1,2026-06-04,8.0
100579,SKU76252,蛋糕粉,烘焙用品,5,2026-03-24,18.3
100579,SKU10422,黄油,烘焙用品,4,2026-03-24,16.32
100579,SKU55964,淡奶油,烘焙用品,3,2026-03-24,24.08
100579,SKU84471,鸡蛋,肉禽蛋品,1,2026-03-24,29.29
100579,SKU70687,香蕉,生鲜蔬果,1,2026-03-24,46.6
100579,SKU21870,薯片,食品饮料,1,2026-03-24,11.95
100580,SKU70338,大米,粮油调味,2,2026-03-24,52.12
100580,SKU42339,食用油,粮油调味,1,2026-03-24,70.54
100580,SKU94189,酱油,粮油调味,3,2026-03-24,67.47
100580,SKU27397,土豆,生鲜蔬果,2,2026-03-24,60.55
100580,SKU47627,面粉,粮油调味,3,2026-03-24,7.11
100580,SKU84060,黄瓜,生鲜蔬果,2,2026-03-24,24.48
100581,SKU67619,洗衣液,日化清洁,3,2026-06-14,22.97
100581,SKU56550,纸巾,日化清洁,3,2026-06-14,10.12
100581,SKU94125,垃圾袋,日化清洁,5,2026-06-14,31.0
100581,SKU92709,盐,粮油调味,5,2026-06-14,37.62
100581,SKU86706,食用油,粮油调味,2,2026-06-14,5.83
100582,SKU76029,芝士碎,烘焙用品,2,2026-07-05,29.35
100582,SKU45251,沐浴露,日化清洁,5,2026-07-05,66.9
100582,SKU37619,可乐,食品饮料,1,2026-07-05,42.52
100583,SKU71242,鸭蛋,肉禽蛋品,2,2026-05-07,39.59
100583,SKU83894,粉丝,火锅食材,5,2026-05-07,27.87
100584,SKU11035,洗洁精,日化清洁,3,2026-07-22,69.94
100584,SKU53871,鸡蛋,肉禽蛋品,2,2026-07-22,35.45
100585,SKU12850,纸巾,日化清洁,4,2026-06-21,45.1
100585,SKU69827,巧克力,食品饮料,4,2026-06-21,65.31
100585,SKU67012,大米,粮油调味,5,2026-06-21,47.35
100586,SKU40710,肥皂,日化清洁,3,2026-07-16,6.09
100586,SKU65822,洗发水,日化清洁,5,2026-07-16,11.3
100586,SKU62527,丸子,火锅食材,3,2026-07-16,76.46
100586,SKU77135,黄油,烘焙用品,5,2026-07-16,5.2
100587,SKU28541,盐,粮油调味,3,2026-03-10,64.05
100587,SKU31671,三文鱼,肉禽蛋品,3,2026-03-10,38.32
100587,SKU29331,鸡翅,肉禽蛋品,4,2026-03-10,3.06
100587,SKU49489,牙膏,日化清洁,2,2026-03-10,70.99
100587,SKU40957,橙子,生鲜蔬果,3,2026-03-10,9.19
100587,SKU42077,牛肉,肉禽蛋品,2,2026-03-10,36.61
100588,SKU61648,西红柿,生鲜蔬果,1,2026-03-22,39.25
100588,SKU97613,丸子,火锅食材,2,2026-03-22,73.29
100588,SKU41816,大米,粮油调味,4,2026-03-22,67.01
100588,SKU51727,沐浴露,日化清洁,1,2026-03-22,32.84
100589,SKU86864,蛋挞皮,烘焙用品,3,2026-03-13,40.6
100589,SKU89760,蛋糕粉,烘焙用品,1,2026-03-13,20.07
100589,SKU58382,蘸料,火锅食材,2,2026-03-13,62.12
100589,SKU10208,胡萝卜,生鲜蔬果,3,2026-03-13,29.17
100590,SKU22170,羊肉卷,火锅食材,2,2026-07-03,26.25
100590,SKU33576,醋,粮油调味,3,2026-07-03,32.57
100590,SKU50775,香蕉,生鲜蔬果,4,2026-07-03,14.61
100591,SKU99435,方便面,食品饮料,2,2026-07-22,15.59
100591,SKU70938,酵母,烘焙用品,5,2026-07-22,67.24
100592,SKU85324,黄油,烘焙用品,2,2026-02-12,27.56
100592,SKU69597,黄瓜,生鲜蔬果,5,2026-02-12,32.57
100593,SKU69017,蛋挞皮,烘焙用品,5,2026-01-16,65.15
100593,SKU72068,橙子,生鲜蔬果,5,2026-01-16,31.71
100593,SKU57823,矿泉水,食品饮料,3,2026-01-16,68.0
100593,SKU65583,方便面,食品饮料,1,2026-01-16,63.48
100593,SKU98436,鸭蛋,肉禽蛋品,5,2026-01-16,61.49
100594,SKU69636,苹果,生鲜蔬果,5,2026-02-05,59.03
100594,SKU46924,香蕉,生鲜蔬果,4,2026-02-05,6.74
100594,SKU74175,橙子,生鲜蔬果,1,2026-02-05,12.36
100594,SKU88555,盐,粮油调味,4,2026-02-05,31.27
100594,SKU54231,鸭血,火锅食材,3,2026-02-05,22.43
100595,SKU93359,饼干,食品饮料,4,2026-05-25,28.0
100595,SKU56824,食用油,粮油调味,1,2026-05-25,48.87
100595,SKU61932,果汁,食品饮料,1,2026-05-25,43.91
100595,SKU80121,纸巾,日化清洁,2,2026-05-25,16.49
100595,SKU28958,酵母,烘焙用品,1,2026-05-25,12.71
100595,SKU46004,土豆,生鲜蔬果,4,2026-05-25,36.19
100596,SKU15018,豆腐,火锅食材,1,2026-06-15,28.15
100596,SKU93599,模具,烘焙用品,2,2026-06-15,49.92
100596,SKU20323,香蕉,生鲜蔬果,1,2026-06-15,32.41
100597,SKU35119,黄油,烘焙用品,4,2026-06-21,77.32
100597,SKU49741,土豆,生鲜蔬果,5,2026-06-21,23.1
100597,SKU41949,酱油,粮油调味,5,2026-06-21,42.58
100597,SKU71986,面包,食品饮料,1,2026-06-21,31.82
100597,SKU67271,猪肉,肉禽蛋品,2,2026-06-21,61.58
100598,SKU33758,薯片,食品饮料,5,2026-05-24,33.7
100598,SKU63370,毛肚,火锅食材,3,2026-05-24,24.0
100598,SKU64306,香蕉,生鲜蔬果,2,2026-05-24,4.44
100599,SKU52547,苹果,生鲜蔬果,2,2026-03-09,4.39
100599,SKU47726,香蕉,生鲜蔬果,2,2026-03-09,7.91
100599,SKU87059,橙子,生鲜蔬果,5,2026-03-09,66.68
100599,SKU53090,洗衣液,日化清洁,4,2026-03-09,51.88
100599,SKU83093,鸡肉,肉禽蛋品,5,2026-03-09,32.96
100599,SKU51896,蚝油,粮油调味,1,2026-03-09,29.41
100600,SKU96599,羊肉卷,火锅食材,3,2026-06-27,34.03
100600,SKU92756,白糖,粮油调味,5,2026-06-27,77.51
100600,SKU55259,蘸料,火锅食材,4,2026-06-27,46.22
100600,SKU79414,面粉,粮油调味,1,2026-06-27,18.98
100600,SKU51331,拖把,日化清洁,3,2026-06-27,26.41
100601,SKU13068,面粉,粮油调味,4,2026-08-22,79.68
100601,SKU74324,纸巾,日化清洁,3,2026-08-22,45.85
100601,SKU80463,芝士碎,烘焙用品,2,2026-08-22,31.9
100602,SKU24500,鸡肉,肉禽蛋品,2,2026-03-13,19.27
100602,SKU30855,蛋糕粉,烘焙用品,5,2026-03-13,25.28
100603,SKU97062,酵母,烘焙用品,3,2026-07-18,51.53
100603,SKU79796,薯片,食品饮料,3,2026-07-18,41.68
100603,SKU62948,洗衣液,日化清洁,4,2026-07-18,20.33
100604,SKU70820,大米,粮油调味,5,2026-08-25,66.9
100604,SKU22887,食用油,粮油调味,2,2026-08-25,55.62
100604,SKU64801,黄油,烘焙用品,4,2026-08-25,47.67
100604,SKU93416,可乐,食品饮料,4,2026-08-25,34.59
100604,SKU28162,西红柿,生鲜蔬果,1,2026-08-25,50.65
100605,SKU12977,土豆,生鲜蔬果,1,2026-09-03,76.29
100605,SKU95736,洗洁精,日化清洁,5,2026-09-03,71.03
100605,SKU35301,酸奶,食品饮料,4,2026-09-03,45.51
100605,SKU41367,面粉,粮油调味,2,2026-09-03,38.25
100605,SKU36186,火锅底料,火锅食材,2,2026-09-03,39.36
100606,SKU89069,牛奶,食品饮料,4,2026-06-05,21.87
100606,SKU33183,面包,食品饮料,4,2026-06-05,79.21
100606,SKU24569,油纸,烘焙用品,4,2026-06-05,41.52
100607,SKU99394,酸奶,食品饮料,1,2026-06-28,60.64
100607,SKU71631,油纸,烘焙用品,4,2026-06-28,69.76
100607,SKU64668,生菜,生鲜蔬果,4,2026-06-28,8.42
100608,SKU15230,蘸料,火锅食材,4,2026-05-23,66.78
100608,SKU77051,白菜,生鲜蔬果,3,2026-05-23,33.76
100608,SKU26260,糖粉,烘焙用品,4,2026-05-23,36.0
100608,SKU44406,丸子,火锅食材,1,2026-05-23,14.24
100608,SKU24651,葡萄,生鲜蔬果,5,2026-05-23,61.03
100608,SKU96053,果汁,食品饮料,2,2026-05-23,31.22
100609,SKU74431,白糖,粮油调味,4,2026-06-05,72.24
100609,SKU54884,方便面,食品饮料,2,2026-06-05,61.29
100609,SKU53340,鸡肉,肉禽蛋品,3,2026-06-05,56.07
100609,SKU84479,牙膏,日化清洁,4,2026-06-05,56.87
100609,SKU28352,胡萝卜,生鲜蔬果,3,2026-06-05,48.77
100610,SKU30749,洗衣液,日化清洁,3,2026-03-17,75.75
100610,SKU72296,纸巾,日化清洁,5,2026-03-17,51.81
100610,SKU30242,垃圾袋,日化清洁,4,2026-03-17,54.84
100610,SKU48316,果汁,食品饮料,2,2026-03-17,14.28
100611,SKU44002,料酒,粮油调味,2,2026-07-09,47.99
100611,SKU77740,矿泉水,食品饮料,3,2026-07-09,58.53
100612,SKU59542,沐浴露,日化清洁,3,2026-07-16,43.3
100612,SKU78843,带鱼,肉禽蛋品,4,2026-07-16,52.92
100612,SKU59790,毛肚,火锅食材,4,2026-07-16,16.5
100613,SKU25675,蚝油,粮油调味,3,2026-01-22,49.87
100613,SKU70204,巧克力,食品饮料,2,2026-01-22,30.45
100613,SKU11599,白糖,粮油调味,5,2026-01-22,73.28
100613,SKU36546,带鱼,肉禽蛋品,5,2026-01-22,72.16
100614,SKU80091,火锅底料,火锅食材,3,2026-06-22,45.6
100614,SKU17336,丸子,火锅食材,5,2026-06-22,70.19
100614,SKU42502,肥牛卷,火锅食材,4,2026-06-22,46.64
100614,SKU33944,毛肚,火锅食材,2,2026-06-22,22.72
100614,SKU69777,生菜,生鲜蔬果,2,2026-06-22,20.58
100615,SKU17977,薯片,食品饮料,2,2026-03-02,43.24
100615,SKU86765,牛肉,肉禽蛋品,2,2026-03-02,20.52
100615,SKU22880,醋,粮油调味,5,2026-03-02,39.75
100615,SKU16695,生菜,生鲜蔬果,5,2026-03-02,70.89
100616,SKU23090,丸子,火锅食材,1,2026-06-26,39.65
100616,SKU88419,鸭蛋,肉禽蛋品,5,2026-06-26,48.38
100616,SKU11258,糖粉,烘焙用品,4,2026-06-26,26.1
100617,SKU92723,醋,粮油调味,5,2026-07-28,23.85
100617,SKU73344,模具,烘焙用品,2,2026-07-28,28.31
100617,SKU94578,西红柿,生鲜蔬果,5,2026-07-28,24.85
100617,SKU79755,面包,食品饮料,3,2026-07-28,23.34
100617,SKU98846,淡奶油,烘焙用品,2,2026-07-28,29.27
100618,SKU76787,排骨,肉禽蛋品,4,2026-09-17,3.5
100618,SKU33435,胡萝卜,生鲜蔬果,4,2026-09-17,41.18
100618,SKU98208,土豆,生鲜蔬果,1,2026-09-17,61.55
100618,SKU68090,酱油,粮油调味,3,2026-09-17,10.28
100619,SKU50027,醋,粮油调味,2,2026-06-21,26.65
100619,SKU71849,鸡蛋,肉禽蛋品,3,2026-06-21,62.01
100619,SKU89891,辣椒酱,粮油调味,1,2026-06-21,55.73
100620,SKU30595,大米,粮油调味,2,2026-04-19,49.98
100620,SKU72098,醋,粮油调味,3,2026-04-19,76.67
100620,SKU45308,蛋糕粉,烘焙用品,5,2026-04-19,63.73
100620,SKU71863,面粉,粮油调味,2,2026-04-19,74.83
100621,SKU61582,大米,粮油调味,3,2026-05-12,35.75
100621,SKU62963,食用油,粮油调味,4,2026-05-12,3.44
100621,SKU56348,酱油,粮油调味,1,2026-05-12,77.59
100621,SKU45940,纸巾,日化清洁,2,2026-05-12,78.07
100621,SKU36504,洗衣液,日化清洁,1,2026-05-12,66.03
100621,SKU43545,香草精,烘焙用品,2,2026-05-12,53.98
100622,SKU36142,大米,粮油调味,5,2026-05-27,46.12
100622,SKU67685,食用油,粮油调味,2,2026-05-27,50.55
100622,SKU41868,酱油,粮油调味,3,2026-05-27,11.23
100622,SKU72872,消毒液,日化清洁,2,2026-05-27,28.06
100622,SKU16029,洗洁精,日化清洁,5,2026-05-27,39.18
100623,SKU46181,酸奶,食品饮料,1,2026-07-23,52.25
100623,SKU47255,薯片,食品饮料,5,2026-07-23,31.45
100623,SKU19697,消毒液,日化清洁,1,2026-07-23,39.33
100623,SKU64234,葡萄,生鲜蔬果,3,2026-07-23,78.24
100623,SKU87307,鸡肉,肉禽蛋品,2,2026-07-23,70.29
100624,SKU96598,火锅底料,火锅食材,5,2026-05-19,45.09
100624,SKU48196,丸子,火锅食材,3,2026-05-19,45.86
100624,SKU18913,肥牛卷,火锅食材,1,2026-05-19,13.82
100624,SKU57347,酸奶,食品饮料,3,2026-05-19,76.7
100624,SKU38155,洗洁精,日化清洁,4,2026-05-19,60.54
100625,SKU13032,垃圾袋,日化清洁,5,2026-03-11,60.57
100625,SKU63841,牙膏,日化清洁,2,2026-03-11,12.18
100625,SKU73747,盐,粮油调味,4,2026-03-11,33.52
100625,SKU17901,方便面,食品饮料,1,2026-03-11,67.04
100625,SKU84149,面包,食品饮料,5,2026-03-11,31.76
100626,SKU84095,蘸料,火锅食材,1,2026-07-02,59.55
100626,SKU24723,肥牛卷,火锅食材,1,2026-07-02,78.02
100626,SKU77305,可乐,食品饮料,5,2026-07-02,15.18
100626,SKU71400,牙膏,日化清洁,1,2026-07-02,47.19
100627,SKU19571,可乐,食品饮料,2,2026-04-25,53.08
100627,SKU54539,薯片,食品饮料,2,2026-04-25,52.88
100627,SKU66675,饼干,食品饮料,4,2026-04-25,43.63
100627,SKU48510,油纸,烘焙用品,1,2026-04-25,33.91
100627,SKU61111,香草精,烘焙用品,1,2026-04-25,51.02
100628,SKU52810,可乐,食品饮料,2,2026-01-01,48.0
100628,SKU97215,薯片,食品饮料,5,2026-01-01,38.25
100628,SKU85292,饼干,食品饮料,2,2026-01-01,62.28
100628,SKU85609,方便面,食品饮料,3,2026-01-01,71.78
100629,SKU15171,巧克力,食品饮料,1,2026-03-07,44.07
100629,SKU19078,酱油,粮油调味,2,2026-03-07,44.59
100629,SKU40160,鸡肉,肉禽蛋品,3,2026-03-07,70.03
100630,SKU67624,可乐,食品饮料,3,2026-04-07,5.1
100630,SKU59166,薯片,食品饮料,1,2026-04-07,67.23
100630,SKU37339,饼干,食品饮料,1,2026-04-07,37.18
100630,SKU67481,辣椒酱,粮油调味,4,2026-04-07,6.79
100630,SKU59873,料酒,粮油调味,4,2026-04-07,18.3
100631,SKU51534,粉丝,火锅食材,5,2026-02-03,30.6
100631,SKU21900,排骨,肉禽蛋品,4,2026-02-03,17.71
100631,SKU43460,大米,粮油调味,5,2026-02-03,30.71
100631,SKU69893,白糖,粮油调味,5,2026-02-03,11.62
100631,SKU65052,蘸料,火锅食材,1,2026-02-03,3.56
100631,SKU23115,肥牛卷,火锅食材,4,2026-02-03,77.04
100632,SKU21069,芝士碎,烘焙用品,2,2026-06-12,79.98
100632,SKU12077,矿泉水,食品饮料,4,2026-06-12,70.45
100633,SKU77976,香蕉,生鲜蔬果,5,2026-05-24,3.71
100633,SKU71579,虾仁,肉禽蛋品,2,2026-05-24,13.8
100633,SKU37502,酸奶,食品饮料,1,2026-05-24,7.71
100633,SKU64378,食用油,粮油调味,3,2026-05-24,31.62
100634,SKU24338,洗发水,日化清洁,3,2026-03-14,70.69
100634,SKU36748,沐浴露,日化清洁,2,2026-03-14,5.31
100634,SKU58913,牙膏,日化清洁,3,2026-03-14,34.08
100634,SKU13732,酱油,粮油调味,3,2026-03-14,50.89
100635,SKU59418,排骨,肉禽蛋品,4,2026-01-11,6.58
100635,SKU32248,胡萝卜,生鲜蔬果,5,2026-01-11,58.63
100635,SKU55700,土豆,生鲜蔬果,2,2026-01-11,10.71
100635,SKU18693,虾仁,肉禽蛋品,2,2026-01-11,10.09
100636,SKU43667,蘸料,火锅食材,4,2026-02-16,39.15
100636,SKU80777,糖粉,烘焙用品,2,2026-02-16,27.86
100636,SKU97612,三文鱼,肉禽蛋品,3,2026-02-16,76.68
100636,SKU84873,西红柿,生鲜蔬果,1,2026-02-16,39.79
100636,SKU77467,巧克力,食品饮料,2,2026-02-16,12.69
100637,SKU23792,猪肉,肉禽蛋品,3,2026-03-26,71.29
100637,SKU34199,鸡肉,肉禽蛋品,2,2026-03-26,20.42
100637,SKU70574,黄油,烘焙用品,3,2026-03-26,28.3
100638,SKU14485,鸡翅,肉禽蛋品,2,2026-09-17,47.61
100638,SKU35938,洗洁精,日化清洁,4,2026-09-17,51.65
100638,SKU93182,蛋挞皮,烘焙用品,2,2026-09-17,4.1
100638,SKU41172,肥皂,日化清洁,1,2026-09-17,67.32
100639,SKU85654,苹果,生鲜蔬果,2,2026-03-13,51.41
100639,SKU38159,香蕉,生鲜蔬果,4,2026-03-13,37.81
100639,SKU81549,橙子,生鲜蔬果,4,2026-03-13,50.84
100639,SKU46609,丸子,火锅食材,4,2026-03-13,12.07
100639,SKU54204,沐浴露,日化清洁,5,2026-03-13,74.14
100640,SKU57896,排骨,肉禽蛋品,5,2026-03-09,23.24
100640,SKU81213,胡萝卜,生鲜蔬果,4,2026-03-09,52.46
100640,SKU69956,土豆,生鲜蔬果,2,2026-03-09,10.28
100640,SKU48759,模具,烘焙用品,1,2026-03-09,12.26
100640,SKU50243,鸡肉,肉禽蛋品,2,2026-03-09,70.24
100640,SKU20874,洗发水,日化清洁,4,2026-03-09,36.58
100641,SKU36041,洗发水,日化清洁,2,2026-09-06,62.75
100641,SKU29892,沐浴露,日化清洁,3,2026-09-06,43.47
100641,SKU78818,牙膏,日化清洁,5,2026-09-06,69.21
100641,SKU57534,虾仁,肉禽蛋品,1,2026-09-06,64.62
100642,SKU89910,面粉,粮油调味,2,2026-09-08,44.64
100642,SKU46493,肥皂,日化清洁,4,2026-09-08,69.09
100642,SKU62543,大米,粮油调味,1,2026-09-08,76.85
100642,SKU78386,鸡肉,肉禽蛋品,3,2026-09-08,33.01
100642,SKU71342,蔬菜拼盘,火锅食材,4,2026-09-08,71.82
100642,SKU49320,蚝油,粮油调味,3,2026-09-08,13.48
100643,SKU28389,洗发水,日化清洁,1,2026-01-03,61.15
100643,SKU31004,沐浴露,日化清洁,2,2026-01-03,40.03
100643,SKU30898,牙膏,日化清洁,2,2026-01-03,33.13
100643,SKU35345,巧克力,食品饮料,4,2026-01-03,33.11
100643,SKU19244,白糖,粮油调味,2,2026-01-03,67.24
100643,SKU46204,生菜,生鲜蔬果,2,2026-01-03,77.18
100644,SKU52922,苹果,生鲜蔬果,2,2026-03-13,54.76
100644,SKU78238,香蕉,生鲜蔬果,1,2026-03-13,52.03
100644,SKU92384,橙子,生鲜蔬果,3,2026-03-13,43.37
100644,SKU96562,带鱼,肉禽蛋品,5,2026-03-13,39.28
100644,SKU26366,白糖,粮油调味,4,2026-03-13,26.01
100644,SKU69554,糖粉,烘焙用品,5,2026-03-13,60.2
100645,SKU65824,饼干,食品饮料,1,2026-03-03,51.27
100645,SKU73871,香蕉,生鲜蔬果,5,2026-03-03,15.97
100645,SKU23506,消毒液,日化清洁,3,2026-03-03,20.3
100645,SKU89077,面包,食品饮料,1,2026-03-03,79.82
100646,SKU93920,芝士碎,烘焙用品,3,2026-06-08,72.66
100646,SKU97422,酵母,烘焙用品,5,2026-06-08,28.32
100646,SKU20891,葡萄,生鲜蔬果,3,2026-06-08,78.7
100646,SKU73641,鸡蛋,肉禽蛋品,1,2026-06-08,10.79
100646,SKU39017,薯片,食品饮料,2,2026-06-08,48.11
100647,SKU87377,排骨,肉禽蛋品,1,2026-07-22,49.33
100647,SKU25397,胡萝卜,生鲜蔬果,1,2026-07-22,47.32
100647,SKU98160,土豆,生鲜蔬果,2,2026-07-22,30.77
100647,SKU61608,消毒液,日化清洁,5,2026-07-22,35.48
100647,SKU67703,粉丝,火锅食材,1,2026-07-22,29.74
100648,SKU33689,黄油,烘焙用品,1,2026-08-19,19.64
100648,SKU53117,芝士碎,烘焙用品,1,2026-08-19,51.55
100649,SKU55095,模具,烘焙用品,3,2026-02-10,66.01
100649,SKU42597,面包,食品饮料,3,2026-02-10,77.97
100650,SKU81732,模具,烘焙用品,5,2026-05-15,62.35
100650,SKU55683,方便面,食品饮料,3,2026-05-15,60.03
100650,SKU21648,大米,粮油调味,2,2026-05-15,68.04
100650,SKU80547,白糖,粮油调味,3,2026-05-15,30.09
100651,SKU93817,牛肉,肉禽蛋品,3,2026-04-11,50.88
100651,SKU36496,黄油,烘焙用品,2,2026-04-11,61.26
100652,SKU24611,洗发水,日化清洁,2,2026-05-28,27.85
100652,SKU76338,糖粉,烘焙用品,2,2026-05-28,47.8
100652,SKU83389,垃圾袋,日化清洁,5,2026-05-28,25.81
100652,SKU91064,大米,粮油调味,5,2026-05-28,16.7
100653,SKU62003,苹果,生鲜蔬果,3,2026-02-07,44.03
100653,SKU23582,香蕉,生鲜蔬果,2,2026-02-07,73.94
100653,SKU20775,橙子,生鲜蔬果,3,2026-02-07,50.23
100653,SKU68004,黄油,烘焙用品,3,2026-02-07,79.96
100653,SKU30317,方便面,食品饮料,1,2026-02-07,21.93
100653,SKU39421,虾仁,肉禽蛋品,3,2026-02-07,5.03
100654,SKU73343,料酒,粮油调味,1,2026-04-08,69.03
100654,SKU82250,虾仁,肉禽蛋品,4,2026-04-08,34.92
100654,SKU34386,黄瓜,生鲜蔬果,5,2026-04-08,17.8
100654,SKU92215,果汁,食品饮料,5,2026-04-08,47.73
100654,SKU60738,酸奶,食品饮料,5,2026-04-08,71.42
100655,SKU56802,方便面,食品饮料,2,2026-05-23,27.65
100655,SKU27628,芝士碎,烘焙用品,1,2026-05-23,76.77
100655,SKU42361,肥皂,日化清洁,3,2026-05-23,69.22
100655,SKU22664,垃圾袋,日化清洁,5,2026-05-23,47.58
100656,SKU16973,鸡蛋,肉禽蛋品,4,2026-09-23,23.72
100656,SKU75160,辣椒酱,粮油调味,4,2026-09-23,50.65
100656,SKU32458,沐浴露,日化清洁,5,2026-09-23,36.59
100656,SKU83268,蚝油,粮油调味,1,2026-09-23,46.12
100657,SKU13614,生菜,生鲜蔬果,5,2026-01-12,22.4
100657,SKU27479,纸巾,日化清洁,5,2026-01-12,40.79
100657,SKU69259,薯片,食品饮料,4,2026-01-12,19.57
100658,SKU99302,牙膏,日化清洁,2,2026-05-18,62.01
100658,SKU10888,辣椒酱,粮油调味,5,2026-05-18,27.21
100658,SKU56969,鸭血,火锅食材,5,2026-05-18,7.08
100658,SKU19307,淡奶油,烘焙用品,5,2026-05-18,12.22
100659,SKU74877,醋,粮油调味,2,2026-02-17,5.27
100659,SKU22341,酸奶,食品饮料,1,2026-02-17,28.55
100659,SKU99830,食用油,粮油调味,4,2026-02-17,47.2
100660,SKU66408,三文鱼,肉禽蛋品,3,2026-07-26,16.66
100660,SKU34191,洗发水,日化清洁,3,2026-07-26,41.48
100660,SKU39706,酱油,粮油调味,3,2026-07-26,33.91
100660,SKU92969,鸡肉,肉禽蛋品,3,2026-07-26,78.89
100660,SKU22324,巧克力,食品饮料,1,2026-07-26,29.16
100661,SKU10226,苹果,生鲜蔬果,3,2026-09-09,10.35
100661,SKU52842,香蕉,生鲜蔬果,5,2026-09-09,3.97
100661,SKU84459,橙子,生鲜蔬果,4,2026-09-09,26.58
100661,SKU19094,葡萄,生鲜蔬果,5,2026-09-09,31.86
100662,SKU85233,酱油,粮油调味,2,2026-03-07,49.18
100662,SKU33264,蘸料,火锅食材,2,2026-03-07,71.64
100662,SKU68340,料酒,粮油调味,5,2026-03-07,14.46
100662,SKU80462,沐浴露,日化清洁,1,2026-03-07,50.9
100662,SKU50850,鸡肉,肉禽蛋品,1,2026-03-07,65.15
100663,SKU30349,蛋糕粉,烘焙用品,4,2026-05-04,17.87
100663,SKU69594,黄油,烘焙用品,5,2026-05-04,73.84
100663,SKU68711,淡奶油,烘焙用品,5,2026-05-04,67.05
100663,SKU18580,鸡蛋,肉禽蛋品,1,2026-05-04,54.49
100663,SKU28531,粉丝,火锅食材,3,2026-05-04,21.96
100663,SKU74325,面粉,粮油调味,2,2026-05-04,76.95
100663,SKU15451,鸡肉,肉禽蛋品,2,2026-05-04,64.14
100664,SKU79720,鸡肉,肉禽蛋品,5,2026-06-02,47.28
100664,SKU81615,粉丝,火锅食材,5,2026-06-02,33.35
100664,SKU27757,牛肉,肉禽蛋品,2,2026-06-02,24.76
100664,SKU48398,洗洁精,日化清洁,4,2026-06-02,61.79
100664,SKU59422,豆腐,火锅食材,4,2026-06-02,34.13
100665,SKU47643,火锅底料,火锅食材,3,2026-02-16,41.32
100665,SKU15456,丸子,火锅食材,1,2026-02-16,43.62
100665,SKU50254,肥牛卷,火锅食材,2,2026-02-16,75.9
100665,SKU84878,拖把,日化清洁,5,2026-02-16,60.58
100666,SKU60449,蘸料,火锅食材,1,2026-09-06,77.44
100666,SKU80485,白菜,生鲜蔬果,2,2026-09-06,30.09
100667,SKU34340,鸭血,火锅食材,2,2026-01-27,10.6
100667,SKU19563,豆腐,火锅食材,2,2026-01-27,57.86
100667,SKU84861,食用油,粮油调味,2,2026-01-27,41.14
100667,SKU60002,肥皂,日化清洁,5,2026-01-27,4.2
100667,SKU25247,香蕉,生鲜蔬果,2,2026-01-27,72.32
100668,SKU28568,食用油,粮油调味,4,2026-05-01,6.45
100668,SKU97625,拖把,日化清洁,5,2026-05-01,21.96
100668,SKU65422,辣椒酱,粮油调味,3,2026-05-01,70.91
100668,SKU92076,肥皂,日化清洁,5,2026-05-01,57.68
100669,SKU34837,淡奶油,烘焙用品,3,2026-05-07,67.88
100669,SKU11367,黄瓜,生鲜蔬果,4,2026-05-07,22.51
100669,SKU68868,酵母,烘焙用品,4,2026-05-07,6.22
100669,SKU39225,消毒液,日化清洁,2,2026-05-07,54.05
100670,SKU43619,蛋糕粉,烘焙用品,5,2026-02-21,28.21
100670,SKU47544,黄油,烘焙用品,4,2026-02-21,24.93
100670,SKU44275,淡奶油,烘焙用品,3,2026-02-21,68.87
100670,SKU61761,鸡蛋,肉禽蛋品,1,2026-02-21,61.6
100670,SKU82712,生菜,生鲜蔬果,2,2026-02-21,76.17
100670,SKU77924,酱油,粮油调味,4,2026-02-21,18.46
100671,SKU18834,辣椒酱,粮油调味,4,2026-01-16,17.2
100671,SKU58614,苹果,生鲜蔬果,2,2026-01-16,36.57
100672,SKU51670,苹果,生鲜蔬果,2,2026-08-24,62.18
100672,SKU30016,香蕉,生鲜蔬果,1,2026-08-24,46.8
100672,SKU42873,橙子,生鲜蔬果,3,2026-08-24,69.18
100672,SKU36299,毛肚,火锅食材,2,2026-08-24,29.96
100673,SKU67523,西红柿,生鲜蔬果,2,2026-01-13,28.86
100673,SKU19094,鸡蛋,肉禽蛋品,1,2026-01-13,70.09
100673,SKU47723,黄瓜,生鲜蔬果,2,2026-01-13,49.33
100673,SKU81712,生菜,生鲜蔬果,5,2026-01-13,15.4
100673,SKU99753,蚝油,粮油调味,3,2026-01-13,7.37
100673,SKU80028,酱油,粮油调味,1,2026-01-13,34.56
100674,SKU10448,肥皂,日化清洁,2,2026-01-20,3.45
100674,SKU60793,苹果,生鲜蔬果,5,2026-01-20,7.5
100674,SKU39428,虾仁,肉禽蛋品,5,2026-01-20,12.21
100674,SKU19689,鸡蛋,肉禽蛋品,1,2026-01-20,46.4
100675,SKU93453,拖把,日化清洁,5,2026-01-21,22.25
100675,SKU30072,可乐,食品饮料,4,2026-01-21,39.89
100675,SKU57203,香草精,烘焙用品,4,2026-01-21,44.31
100675,SKU93505,牛奶,食品饮料,2,2026-01-21,14.12
100675,SKU60915,肥牛卷,火锅食材,2,2026-01-21,77.15
100676,SKU80975,牛奶,食品饮料,1,2026-05-06,38.41
100676,SKU26387,面包,食品饮料,2,2026-05-06,79.04
100676,SKU63188,矿泉水,食品饮料,3,2026-05-06,19.02
100676,SKU70369,虾仁,肉禽蛋品,4,2026-05-06,71.04
100677,SKU38437,垃圾袋,日化清洁,5,2026-08-15,18.86
100677,SKU96419,洗发水,日化清洁,2,2026-08-15,46.77
100677,SKU70735,洗洁精,日化清洁,5,2026-08-15,30.98
100677,SKU63504,黄油,烘焙用品,5,2026-08-15,69.41
100677,SKU37985,三文鱼,肉禽蛋品,3,2026-08-15,52.59
100678,SKU30541,香草精,烘焙用品,3,2026-07-05,45.48
100678,SKU66594,矿泉水,食品饮料,4,2026-07-05,75.16
100678,SKU13124,淡奶油,烘焙用品,2,2026-07-05,75.63
100678,SKU97424,橙子,生鲜蔬果,2,2026-07-05,32.72
100678,SKU99211,盐,粮油调味,2,2026-07-05,24.05
100678,SKU94048,料酒,粮油调味,5,2026-07-05,62.23
100679,SKU27112,带鱼,肉禽蛋品,4,2026-07-19,21.92
100679,SKU90258,淡奶油,烘焙用品,4,2026-07-19,27.35
100679,SKU14627,洗衣液,日化清洁,5,2026-07-19,59.62
100680,SKU51064,牛奶,食品饮料,3,2026-02-26,68.65
100680,SKU29739,面包,食品饮料,3,2026-02-26,18.63
100680,SKU18653,橙子,生鲜蔬果,2,2026-02-26,26.68
100681,SKU30946,香草精,烘焙用品,1,2026-06-20,64.78
100681,SKU25524,火锅底料,火锅食材,2,2026-06-20,15.57
100681,SKU63697,洗发水,日化清洁,5,2026-06-20,73.09
100681,SKU92402,食用油,粮油调味,2,2026-06-20,46.25
100681,SKU46861,果汁,食品饮料,4,2026-06-20,56.89
100681,SKU97014,矿泉水,食品饮料,2,2026-06-20,78.16
100682,SKU32342,牛奶,食品饮料,4,2026-03-15,32.21
100682,SKU57498,面包,食品饮料,1,2026-03-15,48.14
100682,SKU33833,消毒液,日化清洁,4,2026-03-15,48.04
100683,SKU98784,沐浴露,日化清洁,2,2026-08-01,51.05
100683,SKU24545,洗发水,日化清洁,4,2026-08-01,73.59
100683,SKU52034,猪肉,肉禽蛋品,2,2026-08-01,77.04
100683,SKU20888,肥皂,日化清洁,3,2026-08-01,57.78
100683,SKU74847,生菜,生鲜蔬果,3,2026-08-01,49.42
100683,SKU87374,食用油,粮油调味,1,2026-08-01,50.88
100684,SKU13072,西红柿,生鲜蔬果,3,2026-07-06,78.62
100684,SKU31873,鸡蛋,肉禽蛋品,4,2026-07-06,27.53
100684,SKU50191,黄瓜,生鲜蔬果,1,2026-07-06,53.0
100684,SKU66747,鸭血,火锅食材,3,2026-07-06,37.57
100685,SKU91811,排骨,肉禽蛋品,2,2026-06-02,70.15
100685,SKU12518,胡萝卜,生鲜蔬果,1,2026-06-02,59.57
100685,SKU71619,土豆,生鲜蔬果,3,2026-06-02,32.31
100685,SKU98067,猪肉,肉禽蛋品,4,2026-06-02,32.91
100685,SKU53992,牙膏,日化清洁,3,2026-06-02,56.66
100685,SKU65641,苹果,生鲜蔬果,3,2026-06-02,64.84
100686,SKU68965,大米,粮油调味,3,2026-07-23,23.53
100686,SKU51761,食用油,粮油调味,1,2026-07-23,65.02
100686,SKU13015,酱油,粮油调味,5,2026-07-23,71.98
100686,SKU24031,方便面,食品饮料,2,2026-07-23,65.08
100686,SKU58940,醋,粮油调味,2,2026-07-23,8.73
100686,SKU41056,肥牛卷,火锅食材,1,2026-07-23,14.86
100687,SKU70393,牛奶,食品饮料,5,2026-02-28,51.21
100687,SKU23871,面包,食品饮料,3,2026-02-28,63.53
100687,SKU28181,洗发水,日化清洁,5,2026-02-28,12.39
100687,SKU20637,胡萝卜,生鲜蔬果,2,2026-02-28,73.69
100687,SKU22004,带鱼,肉禽蛋品,2,2026-02-28,10.06
100688,SKU79380,白糖,粮油调味,4,2026-01-14,27.67
100688,SKU35860,橙子,生鲜蔬果,2,2026-01-14,39.66
100688,SKU34387,猪肉,肉禽蛋品,4,2026-01-14,49.62
100689,SKU44506,葡萄,生鲜蔬果,2,2026-08-10,78.01
100689,SKU85423,糖粉,烘焙用品,2,2026-08-10,70.62
100689,SKU19932,酱油,粮油调味,2,2026-08-10,56.9
100689,SKU52127,毛肚,火锅食材,2,2026-08-10,17.4
100689,SKU93269,西红柿,生鲜蔬果,2,2026-08-10,15.51
100689,SKU64038,猪肉,肉禽蛋品,5,2026-08-10,25.85
100690,SKU99591,可乐,食品饮料,5,2026-09-21,3.54
100690,SKU31137,薯片,食品饮料,3,2026-09-21,24.67
100690,SKU74739,饼干,食品饮料,1,2026-09-21,7.74
100690,SKU17917,沐浴露,日化清洁,3,2026-09-21,72.51
100690,SKU66373,牛奶,食品饮料,5,2026-09-21,61.19
100691,SKU51820,黄瓜,生鲜蔬果,5,2026-02-22,23.21
100691,SKU72973,牛肉,肉禽蛋品,4,2026-02-22,30.57
100691,SKU74105,洗衣液,日化清洁,3,2026-02-22,41.48
100691,SKU34941,垃圾袋,日化清洁,3,2026-02-22,45.04
100691,SKU15596,生菜,生鲜蔬果,2,2026-02-22,48.22
100692,SKU60536,洗洁精,日化清洁,2,2026-06-14,59.82
100692,SKU28275,黄油,烘焙用品,4,2026-06-14,76.12
100692,SKU92862,油纸,烘焙用品,3,2026-06-14,32.37
100692,SKU11828,香草精,烘焙用品,2,2026-06-14,33.76
100692,SKU96739,带鱼,肉禽蛋品,4,2026-06-14,63.94
100693,SKU45506,料酒,粮油调味,4,2026-03-05,39.37
100693,SKU75185,鸡肉,肉禽蛋品,3,2026-03-05,18.23
100693,SKU82001,土豆,生鲜蔬果,4,2026-03-05,15.19
100694,SKU97266,苹果,生鲜蔬果,2,2026-05-08,40.53
100694,SKU23895,香蕉,生鲜蔬果,1,2026-05-08,30.21
100694,SKU72482,橙子,生鲜蔬果,1,2026-05-08,76.38
100694,SKU40821,羊肉卷,火锅食材,5,2026-05-08,25.28
100694,SKU38364,芝士碎,烘焙用品,5,2026-05-08,75.64
100695,SKU25970,西红柿,生鲜蔬果,5,2026-07-16,36.03
100695,SKU46948,鸡蛋,肉禽蛋品,5,2026-07-16,12.97
100695,SKU26794,黄瓜,生鲜蔬果,3,2026-07-16,58.81
100695,SKU72065,大米,粮油调味,3,2026-07-16,46.53
100695,SKU58497,洗发水,日化清洁,1,2026-07-16,4.36
100695,SKU52755,巧克力,食品饮料,4,2026-07-16,21.95
100696,SKU85009,薯片,食品饮料,3,2026-04-28,63.18
100696,SKU89873,洗发水,日化清洁,2,2026-04-28,57.52
100696,SKU42649,牙膏,日化清洁,2,2026-04-28,65.63
100696,SKU12542,醋,粮油调味,4,2026-04-28,46.37
100696,SKU22528,鸡翅,肉禽蛋品,3,2026-04-28,42.34
100697,SKU44866,大米,粮油调味,4,2026-07-25,38.63
100697,SKU35320,食用油,粮油调味,1,2026-07-25,37.61
100697,SKU57681,酱油,粮油调味,3,2026-07-25,57.82
100697,SKU39272,豆腐,火锅食材,1,2026-07-25,39.48
100698,SKU51178,苹果,生鲜蔬果,3,2026-01-11,40.32
100698,SKU36222,香蕉,生鲜蔬果,5,2026-01-11,71.01
100698,SKU88326,橙子,生鲜蔬果,2,2026-01-11,76.74
100698,SKU17938,虾仁,肉禽蛋品,5,2026-01-11,12.27
100698,SKU76077,饼干,食品饮料,2,2026-01-11,43.31
100699,SKU95411,黄瓜,生鲜蔬果,3,2026-05-08,4.95
100699,SKU70940,矿泉水,食品饮料,4,2026-05-08,9.06
100699,SKU60072,方便面,食品饮料,2,2026-05-08,37.39
100699,SKU68214,白糖,粮油调味,5,2026-05-08,15.09
100699,SKU45855,虾仁,肉禽蛋品,3,2026-05-08,11.3
100700,SKU12222,苹果,生鲜蔬果,5,2026-08-09,12.9
100700,SKU52799,香蕉,生鲜蔬果,1,2026-08-09,7.04
100700,SKU28579,橙子,生鲜蔬果,5,2026-08-09,39.74
100700,SKU59155,可乐,食品饮料,3,2026-08-09,67.05
100700,SKU66919,大米,粮油调味,5,2026-08-09,4.96
100701,SKU84518,苹果,生鲜蔬果,3,2026-06-13,46.55
100701,SKU17321,香蕉,生鲜蔬果,1,2026-06-13,71.01
100701,SKU18899,橙子,生鲜蔬果,2,2026-06-13,41.24
100701,SKU78521,可乐,食品饮料,2,2026-06-13,14.67
100702,SKU19119,大米,粮油调味,4,2026-03-23,29.46
100702,SKU18146,食用油,粮油调味,4,2026-03-23,33.84
100702,SKU61903,酱油,粮油调味,5,2026-03-23,35.06
100702,SKU21727,洗发水,日化清洁,2,2026-03-23,45.2
100702,SKU25105,猪肉,肉禽蛋品,2,2026-03-23,37.53
100703,SKU15528,洗发水,日化清洁,2,2026-05-08,39.86
100703,SKU30005,沐浴露,日化清洁,2,2026-05-08,61.41
100703,SKU52329,牙膏,日化清洁,2,2026-05-08,41.54
100703,SKU97852,橙子,生鲜蔬果,4,2026-05-08,61.21
100704,SKU14719,羊肉卷,火锅食材,1,2026-07-01,18.41
100704,SKU74417,白菜,生鲜蔬果,2,2026-07-01,20.67
100704,SKU20567,酵母,烘焙用品,1,2026-07-01,29.9
100704,SKU76735,生菜,生鲜蔬果,5,2026-07-01,70.89
100705,SKU76962,洗发水,日化清洁,3,2026-03-13,45.83
100705,SKU36422,沐浴露,日化清洁,4,2026-03-13,15.31
100705,SKU35660,牙膏,日化清洁,5,2026-03-13,22.73
100705,SKU61463,可乐,食品饮料,3,2026-03-13,72.14
100706,SKU15460,牛奶,食品饮料,2,2026-02-21,17.23
100706,SKU36946,面包,食品饮料,4,2026-02-21,64.96
100706,SKU49139,鸭血,火锅食材,2,2026-02-21,61.5
100706,SKU49763,黄油,烘焙用品,2,2026-02-21,71.27
100707,SKU38367,洗衣液,日化清洁,1,2026-06-15,26.86
100707,SKU37047,纸巾,日化清洁,2,2026-06-15,69.25
100707,SKU60930,垃圾袋,日化清洁,4,2026-06-15,75.9
100707,SKU61216,面包,食品饮料,3,2026-06-15,38.26
100707,SKU74445,料酒,粮油调味,5,2026-06-15,61.05
100707,SKU47400,鸭血,火锅食材,4,2026-06-15,46.18
100708,SKU10001,白菜,生鲜蔬果,1,2026-04-03,75.9
100708,SKU84463,橙子,生鲜蔬果,3,2026-04-03,37.27
100709,SKU95672,洗衣液,日化清洁,1,2026-03-04,24.56
100709,SKU14586,纸巾,日化清洁,1,2026-03-04,25.91
100709,SKU44435,垃圾袋,日化清洁,1,2026-03-04,26.26
100709,SKU36825,醋,粮油调味,4,2026-03-04,74.62
100709,SKU99368,蛋挞皮,烘焙用品,1,2026-03-04,73.79
100709,SKU72456,肥皂,日化清洁,1,2026-03-04,70.78
100710,SKU72878,洗衣液,日化清洁,1,2026-03-01,57.12
100710,SKU30092,纸巾,日化清洁,1,2026-03-01,59.32
100710,SKU98869,垃圾袋,日化清洁,2,2026-03-01,8.02
100710,SKU75198,饼干,食品饮料,4,2026-03-01,5.3
100711,SKU72805,黄瓜,生鲜蔬果,3,2026-07-27,57.66
100711,SKU13199,香蕉,生鲜蔬果,2,2026-07-27,64.75
100711,SKU34650,生菜,生鲜蔬果,3,2026-07-27,77.17
100712,SKU74032,香蕉,生鲜蔬果,5,2026-04-23,76.32
100712,SKU16198,芝士碎,烘焙用品,2,2026-04-23,58.1
100713,SKU58663,大米,粮油调味,2,2026-05-12,31.74
100713,SKU52036,食用油,粮油调味,5,2026-05-12,44.64
100713,SKU86049,酱油,粮油调味,3,2026-05-12,34.34
100713,SKU55539,火锅底料,火锅食材,4,2026-05-12,31.65
100713,SKU98166,蔬菜拼盘,火锅食材,3,2026-05-12,14.37
100714,SKU94602,芝士碎,烘焙用品,3,2026-08-22,74.2
100714,SKU80675,牛肉,肉禽蛋品,4,2026-08-22,37.71
100714,SKU55017,面包,食品饮料,2,2026-08-22,71.51
100714,SKU91928,三文鱼,肉禽蛋品,5,2026-08-22,73.71
100715,SKU24664,蛋糕粉,烘焙用品,1,2026-03-20,66.41
100715,SKU78100,黄油,烘焙用品,5,2026-03-20,44.89
100715,SKU43386,淡奶油,烘焙用品,1,2026-03-20,47.31
100715,SKU31587,鸡蛋,肉禽蛋品,5,2026-03-20,54.18
100715,SKU53895,三文鱼,肉禽蛋品,2,2026-03-20,55.67
100715,SKU58932,白糖,粮油调味,4,2026-03-20,12.0
100716,SKU34684,蚝油,粮油调味,2,2026-09-13,67.24
100716,SKU76127,沐浴露,日化清洁,1,2026-09-13,71.78
100716,SKU19464,淡奶油,烘焙用品,1,2026-09-13,41.13
100716,SKU63230,鸡蛋,肉禽蛋品,3,2026-09-13,21.62
100716,SKU81036,模具,烘焙用品,3,2026-09-13,66.54
100717,SKU99192,牛奶,食品饮料,1,2026-02-27,18.95
100717,SKU69323,面包,食品饮料,1,2026-02-27,8.16
100717,SKU56860,果汁,食品饮料,1,2026-02-27,35.49
100718,SKU87291,洗发水,日化清洁,3,2026-07-01,36.0
100718,SKU87769,拖把,日化清洁,4,2026-07-01,51.91
100718,SKU14131,肥皂,日化清洁,1,2026-07-01,55.29
100718,SKU14068,白糖,粮油调味,4,2026-07-01,27.61
100719,SKU73890,蘸料,火锅食材,1,2026-05-23,32.26
100719,SKU81268,鸡肉,肉禽蛋品,1,2026-05-23,39.57
100719,SKU92745,蛋挞皮,烘焙用品,1,2026-05-23,9.39
100719,SKU54221,沐浴露,日化清洁,1,2026-05-23,38.01
100719,SKU71509,肥牛卷,火锅食材,2,2026-05-23,49.48
100720,SKU26827,排骨,肉禽蛋品,1,2026-01-11,3.79
100720,SKU13700,胡萝卜,生鲜蔬果,5,2026-01-11,69.43
100720,SKU75807,土豆,生鲜蔬果,5,2026-01-11,37.22
100720,SKU84062,淡奶油,烘焙用品,2,2026-01-11,38.66
100721,SKU69208,面包,食品饮料,5,2026-07-26,40.81
100721,SKU15218,排骨,肉禽蛋品,3,2026-07-26,68.72
100722,SKU10746,火锅底料,火锅食材,4,2026-05-20,40.44
100722,SKU95704,丸子,火锅食材,4,2026-05-20,62.73
100722,SKU15750,肥牛卷,火锅食材,2,2026-05-20,62.48
100722,SKU54573,带鱼,肉禽蛋品,3,2026-05-20,17.07
100722,SKU39980,胡萝卜,生鲜蔬果,5,2026-05-20,68.11
100722,SKU25216,盐,粮油调味,4,2026-05-20,65.25
100723,SKU66357,苹果,生鲜蔬果,3,2026-02-06,64.16
100723,SKU58272,香蕉,生鲜蔬果,1,2026-02-06,57.55
100723,SKU72083,橙子,生鲜蔬果,5,2026-02-06,11.19
100723,SKU83044,白菜,生鲜蔬果,1,2026-02-06,24.48
100723,SKU21435,糖粉,烘焙用品,4,2026-02-06,8.15
100723,SKU97123,羊肉卷,火锅食材,3,2026-02-06,70.59
100724,SKU34483,三文鱼,肉禽蛋品,2,2026-06-16,9.65
100724,SKU81554,排骨,肉禽蛋品,2,2026-06-16,37.35
100724,SKU72636,白菜,生鲜蔬果,3,2026-06-16,45.92
100725,SKU61211,淡奶油,烘焙用品,3,2026-02-26,13.26
100725,SKU76872,鸭蛋,肉禽蛋品,1,2026-02-26,31.63
100725,SKU97282,香蕉,生鲜蔬果,1,2026-02-26,11.68
100725,SKU11160,辣椒酱,粮油调味,3,2026-02-26,48.09
100725,SKU27964,盐,粮油调味,3,2026-02-26,70.79
100725,SKU72965,虾仁,肉禽蛋品,3,2026-02-26,73.9
100726,SKU80962,丸子,火锅食材,5,2026-04-07,51.77
100726,SKU26640,料酒,粮油调味,1,2026-04-07,14.25
100726,SKU18912,鸡肉,肉禽蛋品,5,2026-04-07,14.2
100726,SKU19514,食用油,粮油调味,4,2026-04-07,42.53
100726,SKU92174,拖把,日化清洁,5,2026-04-07,15.68
100727,SKU52006,方便面,食品饮料,4,2026-07-27,6.3
100727,SKU98035,淡奶油,烘焙用品,4,2026-07-27,5.13
100727,SKU89486,葡萄,生鲜蔬果,3,2026-07-27,33.09
100728,SKU19837,鸭血,火锅食材,3,2026-04-24,41.28
100728,SKU64698,淡奶油,烘焙用品,4,2026-04-24,49.19
100728,SKU29079,大米,粮油调味,1,2026-04-24,46.25
100728,SKU61546,牛奶,食品饮料,1,2026-04-24,31.45
100728,SKU54758,粉丝,火锅食材,3,2026-04-24,38.77
100729,SKU87274,巧克力,食品饮料,4,2026-05-27,61.32
100729,SKU89325,火锅底料,火锅食材,5,2026-05-27,74.11
100729,SKU85233,鸭血,火锅食材,5,2026-05-27,53.9
100729,SKU21925,肥牛卷,火锅食材,2,2026-05-27,39.14
100730,SKU52488,生菜,生鲜蔬果,3,2026-08-11,74.37
100730,SKU55680,面包,食品饮料,2,2026-08-11,46.58
100730,SKU53908,饼干,食品饮料,3,2026-08-11,17.77
100730,SKU46506,豆腐,火锅食材,5,2026-08-11,55.06
100730,SKU97776,可乐,食品饮料,3,2026-08-11,49.03
100730,SKU28255,辣椒酱,粮油调味,2,2026-08-11,62.16
100731,SKU25363,蔬菜拼盘,火锅食材,5,2026-05-07,43.05
100731,SKU36965,洗洁精,日化清洁,3,2026-05-07,52.17
100731,SKU54220,白糖,粮油调味,5,2026-05-07,63.83
100731,SKU75136,油纸,烘焙用品,2,2026-05-07,71.32
100732,SKU19443,西红柿,生鲜蔬果,2,2026-06-08,22.61
100732,SKU59356,鸡蛋,肉禽蛋品,3,2026-06-08,12.58
100732,SKU10428,黄瓜,生鲜蔬果,5,2026-06-08,78.76
100732,SKU43398,模具,烘焙用品,1,2026-06-08,17.55
100732,SKU82174,蘸料,火锅食材,4,2026-06-08,38.02
100732,SKU76993,洗发水,日化清洁,5,2026-06-08,66.23
100733,SKU25655,可乐,食品饮料,4,2026-07-07,32.79
100733,SKU57360,薯片,食品饮料,2,2026-07-07,16.95
100733,SKU19211,饼干,食品饮料,1,2026-07-07,6.16
100733,SKU80152,肥牛卷,火锅食材,3,2026-07-07,11.27
100733,SKU22568,鸡蛋,肉禽蛋品,3,2026-07-07,12.81
100733,SKU96546,火锅底料,火锅食材,4,2026-07-07,18.78
100734,SKU91043,苹果,生鲜蔬果,2,2026-01-01,20.75
100734,SKU44961,香蕉,生鲜蔬果,5,2026-01-01,46.94
100734,SKU40980,橙子,生鲜蔬果,5,2026-01-01,30.22
100734,SKU86561,薯片,食品饮料,2,2026-01-01,4.77
100734,SKU32523,可乐,食品饮料,3,2026-01-01,61.7
100734,SKU90779,芝士碎,烘焙用品,4,2026-01-01,18.64
100735,SKU63267,苹果,生鲜蔬果,1,2026-01-06,21.96
100735,SKU89902,香蕉,生鲜蔬果,2,2026-01-06,21.64
100735,SKU38880,橙子,生鲜蔬果,2,2026-01-06,71.68
100735,SKU41296,肥牛卷,火锅食材,3,2026-01-06,11.27
100735,SKU88606,排骨,肉禽蛋品,3,2026-01-06,36.51
100736,SKU60393,火锅底料,火锅食材,4,2026-07-15,37.07
100736,SKU13018,丸子,火锅食材,5,2026-07-15,60.8
100736,SKU36886,肥牛卷,火锅食材,5,2026-07-15,61.91
100736,SKU78673,淡奶油,烘焙用品,4,2026-07-15,36.62
100737,SKU20139,洗发水,日化清洁,3,2026-06-11,14.13
100737,SKU99558,沐浴露,日化清洁,5,2026-06-11,67.44
100737,SKU62953,牙膏,日化清洁,4,2026-06-11,15.97
100737,SKU56303,拖把,日化清洁,2,2026-06-11,19.78
100737,SKU48099,糖粉,烘焙用品,4,2026-06-11,24.11
100737,SKU71566,白糖,粮油调味,2,2026-06-11,32.22
100738,SKU57123,生菜,生鲜蔬果,4,2026-01-22,47.02
100738,SKU67185,香草精,烘焙用品,4,2026-01-22,4.58
100738,SKU21725,土豆,生鲜蔬果,4,2026-01-22,73.01
100739,SKU86741,西红柿,生鲜蔬果,2,2026-07-09,15.98
100739,SKU35652,鸡蛋,肉禽蛋品,5,2026-07-09,49.13
100739,SKU57785,黄瓜,生鲜蔬果,1,2026-07-09,78.4
100739,SKU21792,方便面,食品饮料,1,2026-07-09,61.57
100739,SKU82459,丸子,火锅食材,2,2026-07-09,10.11
100740,SKU46505,西红柿,生鲜蔬果,2,2026-01-09,69.1
100740,SKU50841,鸡蛋,肉禽蛋品,2,2026-01-09,20.64
100740,SKU40384,黄瓜,生鲜蔬果,2,2026-01-09,43.08
100740,SKU85053,带鱼,肉禽蛋品,1,2026-01-09,50.81
100740,SKU71636,果汁,食品饮料,2,2026-01-09,25.19
100741,SKU33426,洗衣液,日化清洁,3,2026-07-06,65.93
100741,SKU70625,纸巾,日化清洁,5,2026-07-06,12.56
100741,SKU33451,垃圾袋,日化清洁,5,2026-07-06,61.59
100741,SKU34485,胡萝卜,生鲜蔬果,2,2026-07-06,44.09
100741,SKU52661,生菜,生鲜蔬果,2,2026-07-06,63.59
100741,SKU77272,鸡肉,肉禽蛋品,2,2026-07-06,62.01
100742,SKU30435,蛋糕粉,烘焙用品,2,2026-01-17,6.72
100742,SKU89818,三文鱼,肉禽蛋品,2,2026-01-17,21.63
100743,SKU18791,酸奶,食品饮料,5,2026-06-19,61.1
100743,SKU47644,模具,烘焙用品,4,2026-06-19,13.46
100743,SKU74219,食用油,粮油调味,4,2026-06-19,43.72
100743,SKU62939,鸭蛋,肉禽蛋品,4,2026-06-19,45.37
100743,SKU94849,大米,粮油调味,5,2026-06-19,38.93
100744,SKU14773,黄油,烘焙用品,4,2026-09-12,12.72
100744,SKU58169,面包,食品饮料,2,2026-09-12,8.65
100744,SKU64055,豆腐,火锅食材,3,2026-09-12,11.9
100744,SKU58971,淡奶油,烘焙用品,4,2026-09-12,31.95
100744,SKU36044,面粉,粮油调味,1,2026-09-12,27.22
100744,SKU93683,毛肚,火锅食材,1,2026-09-12,19.6
100745,SKU39762,矿泉水,食品饮料,2,2026-03-15,4.26
100745,SKU62329,蛋糕粉,烘焙用品,4,2026-03-15,22.47
100745,SKU58702,酸奶,食品饮料,4,2026-03-15,57.89
100746,SKU16962,牛奶,食品饮料,1,2026-04-15,25.75
100746,SKU60666,面包,食品饮料,3,2026-04-15,38.81
100746,SKU48528,虾仁,肉禽蛋品,4,2026-04-15,9.02
100747,SKU76416,香蕉,生鲜蔬果,2,2026-06-27,26.9
100747,SKU23277,丸子,火锅食材,2,2026-06-27,3.85
100747,SKU83608,生菜,生鲜蔬果,2,2026-06-27,60.31
100747,SKU76782,纸巾,日化清洁,3,2026-06-27,7.61
100747,SKU58662,牙膏,日化清洁,2,2026-06-27,51.56
100748,SKU67461,模具,烘焙用品,5,2026-01-15,48.09
100748,SKU77367,沐浴露,日化清洁,4,2026-01-15,36.37
100748,SKU81826,洗洁精,日化清洁,1,2026-01-15,54.31
100748,SKU30097,可乐,食品饮料,5,2026-01-15,41.96
100748,SKU67653,肥皂,日化清洁,4,2026-01-15,28.42
100748,SKU35733,橙子,生鲜蔬果,3,2026-01-15,14.08
100749,SKU27424,可乐,食品饮料,1,2026-02-20,26.32
100749,SKU35383,薯片,食品饮料,2,2026-02-20,35.21
100749,SKU29876,饼干,食品饮料,4,2026-02-20,64.56
100749,SKU43442,香蕉,生鲜蔬果,4,2026-02-20,45.12
100750,SKU31706,苹果,生鲜蔬果,1,2026-04-01,19.87
100750,SKU97741,方便面,食品饮料,4,2026-04-01,11.8
100750,SKU54923,丸子,火锅食材,4,2026-04-01,65.5
100751,SKU46564,牙膏,日化清洁,5,2026-06-28,43.04
100751,SKU42151,洗洁精,日化清洁,5,2026-06-28,62.93
100751,SKU66868,豆腐,火锅食材,2,2026-06-28,65.75
100751,SKU76694,带鱼,肉禽蛋品,4,2026-06-28,23.96
100752,SKU38698,橙子,生鲜蔬果,5,2026-05-16,20.22
100752,SKU30087,矿泉水,食品饮料,2,2026-05-16,38.75
100752,SKU76301,面包,食品饮料,1,2026-05-16,56.7
100752,SKU62409,鸡蛋,肉禽蛋品,3,2026-05-16,34.77
100752,SKU49201,虾仁,肉禽蛋品,4,2026-05-16,46.63
100753,SKU66645,排骨,肉禽蛋品,4,2026-02-08,34.26
100753,SKU14010,胡萝卜,生鲜蔬果,2,2026-02-08,34.9
100753,SKU25496,土豆,生鲜蔬果,3,2026-02-08,75.19
100753,SKU74469,生菜,生鲜蔬果,3,2026-02-08,21.15
100753,SKU63125,洗衣液,日化清洁,4,2026-02-08,48.31
100753,SKU47547,葡萄,生鲜蔬果,4,2026-02-08,68.41
100754,SKU11112,大米,粮油调味,1,2026-04-20,9.32
100754,SKU74572,洗洁精,日化清洁,2,2026-04-20,44.61
100754,SKU94930,消毒液,日化清洁,1,2026-04-20,74.95
100754,SKU10273,猪肉,肉禽蛋品,2,2026-04-20,79.37
100755,SKU50601,西红柿,生鲜蔬果,1,2026-08-06,15.72
100755,SKU86397,鸡蛋,肉禽蛋品,3,2026-08-06,10.7
100755,SKU90525,黄瓜,生鲜蔬果,1,2026-08-06,79.09
100755,SKU35198,纸巾,日化清洁,1,2026-08-06,66.25
100755,SKU74272,牛肉,肉禽蛋品,2,2026-08-06,72.07
100756,SKU30629,豆腐,火锅食材,5,2026-02-09,68.63
100756,SKU89493,胡萝卜,生鲜蔬果,5,2026-02-09,10.4
100756,SKU14198,可乐,食品饮料,2,2026-02-09,56.06
100756,SKU97164,三文鱼,肉禽蛋品,4,2026-02-09,68.62
100756,SKU69311,生菜,生鲜蔬果,2,2026-02-09,56.51
100756,SKU50160,油纸,烘焙用品,3,2026-02-09,76.28
100757,SKU30344,酵母,烘焙用品,2,2026-05-21,38.52
100757,SKU87028,牛奶,食品饮料,1,2026-05-21,9.12
100757,SKU68840,巧克力,食品饮料,1,2026-05-21,14.37
100757,SKU19626,洗洁精,日化清洁,2,2026-05-21,14.5
100757,SKU51936,白糖,粮油调味,3,2026-05-21,62.32
100758,SKU35098,排骨,肉禽蛋品,3,2026-04-23,15.05
100758,SKU14112,矿泉水,食品饮料,3,2026-04-23,8.09
100758,SKU75223,白糖,粮油调味,3,2026-04-23,33.0
100758,SKU62099,火锅底料,火锅食材,4,2026-04-23,53.69
100758,SKU52848,苹果,生鲜蔬果,3,2026-04-23,37.62
100759,SKU73818,苹果,生鲜蔬果,3,2026-07-22,35.02
100759,SKU28394,香蕉,生鲜蔬果,3,2026-07-22,14.41
100759,SKU74927,橙子,生鲜蔬果,2,2026-07-22,42.48
100759,SKU33660,酱油,粮油调味,3,2026-07-22,72.86
100759,SKU11209,西红柿,生鲜蔬果,4,2026-07-22,5.96
100759,SKU90593,面粉,粮油调味,3,2026-07-22,57.78
100760,SKU76188,排骨,肉禽蛋品,3,2026-06-11,55.39
100760,SKU79302,胡萝卜,生鲜蔬果,3,2026-06-11,43.88
100760,SKU90245,土豆,生鲜蔬果,5,2026-06-11,50.16
100760,SKU15167,盐,粮油调味,2,2026-06-11,36.49
100760,SKU87460,料酒,粮油调味,4,2026-06-11,77.24
100760,SKU69826,虾仁,肉禽蛋品,5,2026-06-11,25.34
100761,SKU89791,可乐,食品饮料,4,2026-01-10,73.39
100761,SKU51311,薯片,食品饮料,5,2026-01-10,20.78
100761,SKU44694,饼干,食品饮料,5,2026-01-10,20.16
100761,SKU15073,生菜,生鲜蔬果,3,2026-01-10,71.65
100761,SKU85964,火锅底料,火锅食材,2,2026-01-10,54.47
100761,SKU10561,酵母,烘焙用品,3,2026-01-10,33.4
100762,SKU19975,排骨,肉禽蛋品,1,2026-09-08,36.11
100762,SKU81636,胡萝卜,生鲜蔬果,3,2026-09-08,44.21
100762,SKU93888,土豆,生鲜蔬果,4,2026-09-08,4.26
100762,SKU96941,蛋糕粉,烘焙用品,3,2026-09-08,62.21
100763,SKU60990,蘸料,火锅食材,2,2026-01-16,74.27
100763,SKU33230,可乐,食品饮料,5,2026-01-16,58.88
100763,SKU11862,鸭蛋,肉禽蛋品,5,2026-01-16,53.52
100764,SKU43841,洗衣液,日化清洁,2,2026-07-03,74.69
100764,SKU98055,纸巾,日化清洁,2,2026-07-03,53.62
100764,SKU65895,垃圾袋,日化清洁,3,2026-07-03,35.0
100764,SKU57373,土豆,生鲜蔬果,2,2026-07-03,59.15
100764,SKU47850,鸡肉,肉禽蛋品,1,2026-07-03,61.91
100765,SKU10436,胡萝卜,生鲜蔬果,1,2026-05-18,68.68
100765,SKU45396,带鱼,肉禽蛋品,2,2026-05-18,8.08
100766,SKU97555,排骨,肉禽蛋品,5,2026-03-04,12.4
100766,SKU20914,毛肚,火锅食材,5,2026-03-04,24.43
100766,SKU56299,蘸料,火锅食材,3,2026-03-04,63.75
100766,SKU34811,油纸,烘焙用品,2,2026-03-04,32.87
100767,SKU80098,牛肉,肉禽蛋品,5,2026-09-09,65.77
100767,SKU92781,生菜,生鲜蔬果,2,2026-09-09,39.86
100767,SKU61023,大米,粮油调味,3,2026-09-09,5.29
100767,SKU77163,虾仁,肉禽蛋品,4,2026-09-09,10.97
100767,SKU34922,洗发水,日化清洁,4,2026-09-09,19.35
100767,SKU86854,豆腐,火锅食材,5,2026-09-09,52.09
100768,SKU15500,排骨,肉禽蛋品,3,2026-02-24,18.33
100768,SKU10487,胡萝卜,生鲜蔬果,1,2026-02-24,37.87
100768,SKU97107,土豆,生鲜蔬果,5,2026-02-24,30.37
100768,SKU64464,模具,烘焙用品,3,2026-02-24,52.95
100768,SKU70749,拖把,日化清洁,1,2026-02-24,77.66
100768,SKU22579,洗洁精,日化清洁,1,2026-02-24,13.32
100769,SKU80396,三文鱼,肉禽蛋品,3,2026-09-18,21.94
100769,SKU23968,火锅底料,火锅食材,4,2026-09-18,25.6
100769,SKU97139,羊肉卷,火锅食材,1,2026-09-18,75.31
100769,SKU59752,洗发水,日化清洁,2,2026-09-18,56.58
100769,SKU64005,排骨,肉禽蛋品,2,2026-09-18,24.61
100769,SKU57682,苹果,生鲜蔬果,1,2026-09-18,78.08
100770,SKU22199,西红柿,生鲜蔬果,3,2026-02-16,28.24
100770,SKU89024,鸡蛋,肉禽蛋品,2,2026-02-16,74.72
100770,SKU57517,黄瓜,生鲜蔬果,5,2026-02-16,68.57
100770,SKU44629,土豆,生鲜蔬果,1,2026-02-16,10.33
100770,SKU26217,白菜,生鲜蔬果,3,2026-02-16,27.51
100771,SKU82116,火锅底料,火锅食材,3,2026-03-19,26.98
100771,SKU20441,丸子,火锅食材,5,2026-03-19,73.3
100771,SKU81573,肥牛卷,火锅食材,5,2026-03-19,75.01
100771,SKU96232,橙子,生鲜蔬果,3,2026-03-19,72.79
100772,SKU45264,巧克力,食品饮料,1,2026-05-04,53.66
100772,SKU22362,酵母,烘焙用品,1,2026-05-04,13.54
100773,SKU44640,火锅底料,火锅食材,4,2026-01-04,44.73
100773,SKU83556,垃圾袋,日化清洁,2,2026-01-04,48.5
100774,SKU26601,蛋糕粉,烘焙用品,2,2026-04-03,59.11
100774,SKU99449,黄油,烘焙用品,2,2026-04-03,59.82
100774,SKU63465,淡奶油,烘焙用品,5,2026-04-03,21.37
100774,SKU45823,鸡蛋,肉禽蛋品,1,2026-04-03,55.47
100774,SKU34582,土豆,生鲜蔬果,5,2026-04-03,64.19
100774,SKU17781,火锅底料,火锅食材,4,2026-04-03,45.16
100775,SKU63941,醋,粮油调味,4,2026-07-07,77.98
100775,SKU42640,豆腐,火锅食材,5,2026-07-07,25.15
100775,SKU26337,果汁,食品饮料,5,2026-07-07,68.92
100775,SKU89332,沐浴露,日化清洁,4,2026-07-07,22.63
100775,SKU25022,三文鱼,肉禽蛋品,4,2026-07-07,3.11
100776,SKU15269,西红柿,生鲜蔬果,2,2026-07-19,13.2
100776,SKU16103,鸡蛋,肉禽蛋品,2,2026-07-19,79.86
100776,SKU27427,黄瓜,生鲜蔬果,1,2026-07-19,55.67
100776,SKU24760,鸡翅,肉禽蛋品,2,2026-07-19,24.29
100776,SKU37551,酱油,粮油调味,5,2026-07-19,3.22
100776,SKU11803,排骨,肉禽蛋品,1,2026-07-19,66.91
100777,SKU52613,排骨,肉禽蛋品,1,2026-07-04,69.9
100777,SKU78008,胡萝卜,生鲜蔬果,4,2026-07-04,32.16
100777,SKU36417,土豆,生鲜蔬果,3,2026-07-04,37.14
100777,SKU56291,虾仁,肉禽蛋品,2,2026-07-04,18.92
100778,SKU66792,肥牛卷,火锅食材,1,2026-04-28,22.41
100778,SKU17810,薯片,食品饮料,4,2026-04-28,15.21
100778,SKU36717,芝士碎,烘焙用品,4,2026-04-28,43.37
100779,SKU72027,可乐,食品饮料,4,2026-07-04,62.22
100779,SKU69562,薯片,食品饮料,5,2026-07-04,8.03
100779,SKU39401,食用油,粮油调味,3,2026-07-04,26.35
100780,SKU27496,丸子,火锅食材,4,2026-08-07,19.98
100780,SKU94570,拖把,日化清洁,1,2026-08-07,63.14
100780,SKU82318,饼干,食品饮料,4,2026-08-07,32.61
100780,SKU28965,大米,粮油调味,5,2026-08-07,52.43
100781,SKU24040,面包,食品饮料,1,2026-02-09,7.85
100781,SKU43043,鸡肉,肉禽蛋品,2,2026-02-09,72.21
100781,SKU97614,饼干,食品饮料,2,2026-02-09,61.35
100781,SKU85289,粉丝,火锅食材,5,2026-02-09,68.9
100781,SKU92250,巧克力,食品饮料,5,2026-02-09,73.98
100781,SKU10441,黄油,烘焙用品,4,2026-02-09,78.26
100782,SKU24216,洗发水,日化清洁,4,2026-03-01,17.89
100782,SKU65685,沐浴露,日化清洁,3,2026-03-01,58.51
100782,SKU45643,牙膏,日化清洁,3,2026-03-01,56.59
100782,SKU62684,西红柿,生鲜蔬果,5,2026-03-01,18.36
100783,SKU54059,苹果,生鲜蔬果,3,2026-06-04,6.53
100783,SKU41610,香蕉,生鲜蔬果,3,2026-06-04,39.3
100783,SKU39829,橙子,生鲜蔬果,5,2026-06-04,28.67
100783,SKU12153,酸奶,食品饮料,4,2026-06-04,76.73
100784,SKU80120,辣椒酱,粮油调味,2,2026-02-04,38.97
100784,SKU81901,淡奶油,烘焙用品,1,2026-02-04,10.9
100784,SKU38931,香蕉,生鲜蔬果,4,2026-02-04,58.32
100785,SKU94281,牛奶,食品饮料,1,2026-04-07,79.33
100785,SKU37405,面包,食品饮料,5,2026-04-07,71.51
100785,SKU41025,黄瓜,生鲜蔬果,1,2026-04-07,29.24
100785,SKU42809,淡奶油,烘焙用品,5,2026-04-07,12.15
100786,SKU10833,香蕉,生鲜蔬果,5,2026-09-24,15.86
100786,SKU38358,火锅底料,火锅食材,4,2026-09-24,65.91
100786,SKU23119,薯片,食品饮料,4,2026-09-24,71.34
100787,SKU13525,薯片,食品饮料,5,2026-02-17,56.59
100787,SKU84934,西红柿,生鲜蔬果,1,2026-02-17,78.51
100787,SKU35237,蛋挞皮,烘焙用品,1,2026-02-17,54.38
100787,SKU40699,沐浴露,日化清洁,2,2026-02-17,66.32
100787,SKU35671,纸巾,日化清洁,1,2026-02-17,59.4
100787,SKU48666,香草精,烘焙用品,2,2026-02-17,18.22
100788,SKU49268,三文鱼,肉禽蛋品,2,2026-08-02,31.23
100788,SKU18292,苹果,生鲜蔬果,4,2026-08-02,14.85
100788,SKU10999,排骨,肉禽蛋品,2,2026-08-02,39.48
100789,SKU30150,蛋糕粉,烘焙用品,2,2026-03-12,19.31
100789,SKU40049,黄油,烘焙用品,4,2026-03-12,11.35
100789,SKU78191,淡奶油,烘焙用品,2,2026-03-12,23.49
100789,SKU79581,鸡蛋,肉禽蛋品,5,2026-03-12,71.05
100789,SKU86758,酵母,烘焙用品,5,2026-03-12,72.22
100789,SKU30630,猪肉,肉禽蛋品,3,2026-03-12,71.25
100790,SKU12625,蛋挞皮,烘焙用品,3,2026-09-22,49.68
100790,SKU59220,食用油,粮油调味,2,2026-09-22,34.25
100790,SKU21930,糖粉,烘焙用品,5,2026-09-22,38.79
100790,SKU26617,薯片,食品饮料,5,2026-09-22,11.88
100790,SKU79932,洗衣液,日化清洁,1,2026-09-22,20.69
100791,SKU76639,三文鱼,肉禽蛋品,2,2026-02-18,72.92
100791,SKU19721,橙子,生鲜蔬果,5,2026-02-18,44.86
100791,SKU20953,粉丝,火锅食材,2,2026-02-18,44.5
100791,SKU22260,酱油,粮油调味,3,2026-02-18,43.43
100791,SKU81946,辣椒酱,粮油调味,3,2026-02-18,23.11
100791,SKU15769,鸡翅,肉禽蛋品,2,2026-02-18,66.76
100792,SKU67979,三文鱼,肉禽蛋品,5,2026-07-16,14.38
100792,SKU93080,蚝油,粮油调味,1,2026-07-16,35.5
100792,SKU52184,牛肉,肉禽蛋品,5,2026-07-16,9.17
100793,SKU93498,白菜,生鲜蔬果,3,2026-08-06,15.7
100793,SKU34958,苹果,生鲜蔬果,5,2026-08-06,9.24
100793,SKU22879,黄瓜,生鲜蔬果,4,2026-08-06,76.39
100793,SKU80651,猪肉,肉禽蛋品,4,2026-08-06,63.34
100794,SKU48291,白菜,生鲜蔬果,5,2026-06-02,52.71
100794,SKU81535,带鱼,肉禽蛋品,3,2026-06-02,15.26
100794,SKU85547,纸巾,日化清洁,2,2026-06-02,49.23
100794,SKU74374,洗衣液,日化清洁,5,2026-06-02,39.71
100794,SKU20040,消毒液,日化清洁,5,2026-06-02,73.09
100794,SKU47876,鸭蛋,肉禽蛋品,2,2026-06-02,16.53
100795,SKU15786,消毒液,日化清洁,4,2026-09-20,38.98
100795,SKU96774,火锅底料,火锅食材,5,2026-09-20,6.76
100795,SKU59531,香蕉,生鲜蔬果,3,2026-09-20,71.21
100795,SKU21624,毛肚,火锅食材,3,2026-09-20,52.02
100796,SKU77067,带鱼,肉禽蛋品,2,2026-06-24,64.42
100796,SKU58439,黄油,烘焙用品,2,2026-06-24,79.28
100796,SKU32313,消毒液,日化清洁,1,2026-06-24,31.2
100796,SKU15488,排骨,肉禽蛋品,5,2026-06-24,31.9
100796,SKU91922,牛奶,食品饮料,5,2026-06-24,58.0
100796,SKU37252,淡奶油,烘焙用品,4,2026-06-24,7.08
100797,SKU16158,模具,烘焙用品,1,2026-04-14,23.62
100797,SKU43136,纸巾,日化清洁,1,2026-04-14,69.62
100797,SKU82848,土豆,生鲜蔬果,5,2026-04-14,12.57
100797,SKU44289,酱油,粮油调味,5,2026-04-14,59.86
100797,SKU94381,鸡翅,肉禽蛋品,3,2026-04-14,77.09
100797,SKU72081,生菜,生鲜蔬果,2,2026-04-14,45.16
100798,SKU18589,醋,粮油调味,2,2026-08-08,14.92
100798,SKU91143,豆腐,火锅食材,2,2026-08-08,56.64
100798,SKU78383,生菜,生鲜蔬果,3,2026-08-08,58.9
100798,SKU97422,黄油,烘焙用品,5,2026-08-08,52.68
100798,SKU30787,饼干,食品饮料,3,2026-08-08,34.39
100799,SKU43010,肥皂,日化清洁,2,2026-01-08,11.02
100799,SKU15344,豆腐,火锅食材,1,2026-01-08,38.57
100799,SKU92789,芝士碎,烘焙用品,4,2026-01-08,25.46
100800,SKU98572,大米,粮油调味,4,2026-07-06,63.73
100800,SKU99546,食用油,粮油调味,3,2026-07-06,29.17
100800,SKU13049,酱油,粮油调味,2,2026-07-06,25.63
100800,SKU50334,香蕉,生鲜蔬果,1,2026-07-06,39.18
100801,SKU58283,西红柿,生鲜蔬果,2,2026-07-26,59.27
100801,SKU75663,鸡蛋,肉禽蛋品,2,2026-07-26,45.82
100801,SKU46101,黄瓜,生鲜蔬果,5,2026-07-26,16.74
100801,SKU27596,豆腐,火锅食材,3,2026-07-26,58.86
100801,SKU18064,毛肚,火锅食材,4,2026-07-26,49.98
100801,SKU93765,土豆,生鲜蔬果,3,2026-07-26,5.89
100802,SKU78971,洗衣液,日化清洁,3,2026-01-28,17.96
100802,SKU26014,纸巾,日化清洁,3,2026-01-28,48.21
100802,SKU28535,垃圾袋,日化清洁,4,2026-01-28,59.09
100802,SKU88624,白糖,粮油调味,1,2026-01-28,9.93
100803,SKU41600,蔬菜拼盘,火锅食材,5,2026-08-17,78.12
100803,SKU98969,橙子,生鲜蔬果,5,2026-08-17,10.04
100804,SKU20071,可乐,食品饮料,4,2026-04-16,68.82
100804,SKU90199,薯片,食品饮料,1,2026-04-16,73.7
100804,SKU52918,饼干,食品饮料,5,2026-04-16,41.24
100804,SKU75625,洗洁精,日化清洁,4,2026-04-16,10.34
100804,SKU78743,蚝油,粮油调味,4,2026-04-16,62.98
100804,SKU34225,香蕉,生鲜蔬果,1,2026-04-16,3.82
100805,SKU88275,牛奶,食品饮料,1,2026-04-27,45.33
100805,SKU42032,面包,食品饮料,5,2026-04-27,74.17
100805,SKU93471,鸡蛋,肉禽蛋品,4,2026-04-27,28.71
100805,SKU47178,牙膏,日化清洁,4,2026-04-27,23.32
100805,SKU64461,酵母,烘焙用品,5,2026-04-27,12.22
100806,SKU26144,肥皂,日化清洁,3,2026-01-20,49.48
100806,SKU85370,沐浴露,日化清洁,5,2026-01-20,52.23
100806,SKU48304,三文鱼,肉禽蛋品,3,2026-01-20,11.38
100806,SKU79453,葡萄,生鲜蔬果,2,2026-01-20,20.81
100806,SKU13457,胡萝卜,生鲜蔬果,4,2026-01-20,29.41
100807,SKU29383,面粉,粮油调味,5,2026-03-25,49.35
100807,SKU46047,大米,粮油调味,1,2026-03-25,21.49
100807,SKU20059,料酒,粮油调味,3,2026-03-25,29.0
100808,SKU92638,鸡翅,肉禽蛋品,1,2026-02-09,66.88
100808,SKU54235,粉丝,火锅食材,1,2026-02-09,62.91
100808,SKU61838,蘸料,火锅食材,2,2026-02-09,40.91
100808,SKU16076,淡奶油,烘焙用品,4,2026-02-09,36.52
100809,SKU17259,蛋糕粉,烘焙用品,2,2026-09-23,70.36
100809,SKU57359,黄油,烘焙用品,5,2026-09-23,71.14
100809,SKU89616,淡奶油,烘焙用品,4,2026-09-23,33.63
100809,SKU13574,鸡蛋,肉禽蛋品,1,2026-09-23,66.0
100809,SKU69720,土豆,生鲜蔬果,4,2026-09-23,14.86
100809,SKU37899,香蕉,生鲜蔬果,1,2026-09-23,27.67
100810,SKU67178,洗发水,日化清洁,5,2026-02-06,45.37
100810,SKU92100,纸巾,日化清洁,5,2026-02-06,11.38
100810,SKU83580,橙子,生鲜蔬果,4,2026-02-06,35.68
100810,SKU78746,芝士碎,烘焙用品,2,2026-02-06,50.83
100811,SKU10649,鸭蛋,肉禽蛋品,3,2026-05-10,72.02
100811,SKU35437,牛奶,食品饮料,5,2026-05-10,78.86
100812,SKU94559,洗发水,日化清洁,1,2026-06-10,19.32
100812,SKU26270,沐浴露,日化清洁,3,2026-06-10,50.32
100812,SKU58570,牙膏,日化清洁,1,2026-06-10,10.89
100812,SKU12366,豆腐,火锅食材,4,2026-06-10,56.22
100812,SKU76505,三文鱼,肉禽蛋品,5,2026-06-10,66.31
100812,SKU86132,淡奶油,烘焙用品,3,2026-06-10,79.48
100813,SKU86401,苹果,生鲜蔬果,4,2026-02-26,79.38
100813,SKU88361,香蕉,生鲜蔬果,2,2026-02-26,34.02
100813,SKU92046,橙子,生鲜蔬果,5,2026-02-26,51.03
100813,SKU85066,土豆,生鲜蔬果,4,2026-02-26,62.03
100814,SKU57996,模具,烘焙用品,2,2026-07-28,44.22
100814,SKU84548,牛肉,肉禽蛋品,5,2026-07-28,32.58
100814,SKU84100,粉丝,火锅食材,2,2026-07-28,14.31
100814,SKU75593,果汁,食品饮料,1,2026-07-28,25.67
100815,SKU39232,食用油,粮油调味,2,2026-05-19,67.62
100815,SKU66344,醋,粮油调味,3,2026-05-19,63.1
100815,SKU17179,鸡蛋,肉禽蛋品,4,2026-05-19,46.42
100816,SKU32795,火锅底料,火锅食材,1,2026-07-20,52.43
100816,SKU39898,带鱼,肉禽蛋品,2,2026-07-20,26.83
100816,SKU52700,蛋糕粉,烘焙用品,5,2026-07-20,49.72
100816,SKU95221,排骨,肉禽蛋品,5,2026-07-20,72.91
100816,SKU78184,模具,烘焙用品,2,2026-07-20,72.19
100816,SKU83551,酵母,烘焙用品,2,2026-07-20,53.61
100817,SKU84221,西红柿,生鲜蔬果,2,2026-01-27,72.47
100817,SKU13924,沐浴露,日化清洁,5,2026-01-27,36.43
100817,SKU29299,淡奶油,烘焙用品,5,2026-01-27,64.95
100817,SKU57018,排骨,肉禽蛋品,4,2026-01-27,48.47
100818,SKU63336,西红柿,生鲜蔬果,5,2026-09-22,32.13
100818,SKU38394,鸡蛋,肉禽蛋品,1,2026-09-22,74.11
100818,SKU65830,黄瓜,生鲜蔬果,1,2026-09-22,46.26
100818,SKU99872,消毒液,日化清洁,1,2026-09-22,54.74
100819,SKU45002,洗发水,日化清洁,3,2026-03-25,67.93
100819,SKU41536,沐浴露,日化清洁,4,2026-03-25,44.69
100819,SKU50729,牙膏,日化清洁,5,2026-03-25,64.31
100819,SKU15316,排骨,肉禽蛋品,5,2026-03-25,23.94
100820,SKU17228,蚝油,粮油调味,4,2026-01-27,7.82
100820,SKU60749,西红柿,生鲜蔬果,1,2026-01-27,67.2
100820,SKU20644,鸭血,火锅食材,5,2026-01-27,18.56
100820,SKU53888,芝士碎,烘焙用品,2,2026-01-27,65.7
100820,SKU18679,蛋糕粉,烘焙用品,1,2026-01-27,6.69
100821,SKU52125,西红柿,生鲜蔬果,5,2026-07-17,8.63
100821,SKU33224,鸡蛋,肉禽蛋品,1,2026-07-17,37.89
100821,SKU86344,黄瓜,生鲜蔬果,5,2026-07-17,18.08
100821,SKU92179,果汁,食品饮料,4,2026-07-17,52.44
100822,SKU88490,薯片,食品饮料,4,2026-03-02,36.93
100822,SKU17626,饼干,食品饮料,3,2026-03-02,33.09
100822,SKU62850,土豆,生鲜蔬果,4,2026-03-02,71.18
100823,SKU72146,蛋糕粉,烘焙用品,4,2026-07-22,58.82
100823,SKU31098,黄油,烘焙用品,4,2026-07-22,74.08
100823,SKU88878,淡奶油,烘焙用品,5,2026-07-22,56.84
100823,SKU44543,鸡蛋,肉禽蛋品,1,2026-07-22,62.22
100823,SKU78679,土豆,生鲜蔬果,1,2026-07-22,33.59
100823,SKU35594,牛肉,肉禽蛋品,5,2026-07-22,23.24
100824,SKU32445,鸡翅,肉禽蛋品,3,2026-04-07,58.05
100824,SKU62600,洗衣液,日化清洁,2,2026-04-07,29.55
100825,SKU31531,油纸,烘焙用品,2,2026-02-15,68.42
100825,SKU31414,黄瓜,生鲜蔬果,1,2026-02-15,9.05
100826,SKU74978,可乐,食品饮料,3,2026-01-13,13.19
100826,SKU55215,薯片,食品饮料,5,2026-01-13,47.15
100826,SKU38606,饼干,食品饮料,4,2026-01-13,12.34
100826,SKU97539,鸭血,火锅食材,4,2026-01-13,8.72
100827,SKU28461,苹果,生鲜蔬果,5,2026-09-10,27.87
100827,SKU15636,香蕉,生鲜蔬果,4,2026-09-10,25.64
100827,SKU47324,橙子,生鲜蔬果,1,2026-09-10,36.2
100827,SKU36855,面粉,粮油调味,1,2026-09-10,21.21
100828,SKU32323,排骨,肉禽蛋品,4,2026-05-27,54.38
100828,SKU31165,胡萝卜,生鲜蔬果,2,2026-05-27,8.79
100828,SKU87200,土豆,生鲜蔬果,1,2026-05-27,70.62
100828,SKU23413,鸡蛋,肉禽蛋品,5,2026-05-27,66.7
100828,SKU65032,虾仁,肉禽蛋品,2,2026-05-27,23.1
100828,SKU54582,油纸,烘焙用品,2,2026-05-27,47.08
100829,SKU99329,糖粉,烘焙用品,5,2026-08-26,16.65
100829,SKU54364,辣椒酱,粮油调味,3,2026-08-26,34.45
100829,SKU68935,蛋挞皮,烘焙用品,2,2026-08-26,47.08
100829,SKU87150,蘸料,火锅食材,1,2026-08-26,40.95
100829,SKU66189,酸奶,食品饮料,5,2026-08-26,58.38
100829,SKU25596,鸭蛋,肉禽蛋品,4,2026-08-26,55.42
100830,SKU10295,羊肉卷,火锅食材,1,2026-08-16,31.11
100830,SKU21056,牛奶,食品饮料,4,2026-08-16,44.63
100830,SKU92467,黄油,烘焙用品,2,2026-08-16,16.89
100830,SKU30868,粉丝,火锅食材,3,2026-08-16,28.25
100830,SKU98964,虾仁,肉禽蛋品,1,2026-08-16,79.4
100831,SKU32834,香草精,烘焙用品,5,2026-06-01,53.15
100831,SKU28185,鸡蛋,肉禽蛋品,1,2026-06-01,78.59
100831,SKU69863,方便面,食品饮料,3,2026-06-01,46.73
100831,SKU83076,黄油,烘焙用品,5,2026-06-01,76.53
100831,SKU99373,带鱼,肉禽蛋品,5,2026-06-01,44.14
100831,SKU91715,胡萝卜,生鲜蔬果,3,2026-06-01,21.11
100832,SKU14444,大米,粮油调味,1,2026-09-10,68.52
100832,SKU40120,鸡翅,肉禽蛋品,5,2026-09-10,56.27
100833,SKU92511,面包,食品饮料,5,2026-09-14,42.44
100833,SKU47167,毛肚,火锅食材,1,2026-09-14,52.84
100833,SKU81524,果汁,食品饮料,3,2026-09-14,37.79
100833,SKU14692,鸡翅,肉禽蛋品,5,2026-09-14,38.26
100833,SKU33467,矿泉水,食品饮料,4,2026-09-14,10.06
100833,SKU62645,洗发水,日化清洁,2,2026-09-14,71.93
100834,SKU92289,酱油,粮油调味,5,2026-08-13,7.89
100834,SKU79756,白菜,生鲜蔬果,4,2026-08-13,41.11
100834,SKU29649,香草精,烘焙用品,4,2026-08-13,32.6
100834,SKU67208,薯片,食品饮料,5,2026-08-13,47.24
100834,SKU30173,消毒液,日化清洁,5,2026-08-13,41.29
100834,SKU85602,胡萝卜,生鲜蔬果,2,2026-08-13,27.65
100835,SKU94351,蘸料,火锅食材,5,2026-04-16,3.05
100835,SKU41127,洗衣液,日化清洁,2,2026-04-16,55.54
100836,SKU53499,垃圾袋,日化清洁,4,2026-06-02,59.03
100836,SKU14015,拖把,日化清洁,4,2026-06-02,46.83
100837,SKU33927,洗发水,日化清洁,3,2026-02-06,23.66
100837,SKU87803,沐浴露,日化清洁,5,2026-02-06,33.27
100837,SKU56271,牙膏,日化清洁,4,2026-02-06,18.1
100838,SKU35502,蘸料,火锅食材,2,2026-05-06,69.7
100838,SKU85051,饼干,食品饮料,5,2026-05-06,76.96
100838,SKU31551,蛋糕粉,烘焙用品,1,2026-05-06,29.19
100839,SKU55003,酱油,粮油调味,2,2026-05-03,73.37
100839,SKU85424,蘸料,火锅食材,4,2026-05-03,15.91
100839,SKU87217,洗发水,日化清洁,2,2026-05-03,34.08
100839,SKU39133,丸子,火锅食材,2,2026-05-03,69.86
100840,SKU94649,鸡蛋,肉禽蛋品,3,2026-06-17,31.17
100840,SKU60630,蚝油,粮油调味,4,2026-06-17,42.96
100840,SKU89938,毛肚,火锅食材,5,2026-06-17,27.98
100840,SKU99142,蛋糕粉,烘焙用品,3,2026-06-17,61.21
100841,SKU98529,牛奶,食品饮料,5,2026-05-27,12.24
100841,SKU19766,面包,食品饮料,5,2026-05-27,66.47
100841,SKU88512,巧克力,食品饮料,1,2026-05-27,73.37
100842,SKU57739,洗发水,日化清洁,1,2026-08-06,9.62
100842,SKU21561,沐浴露,日化清洁,2,2026-08-06,33.38
100842,SKU24093,牙膏,日化清洁,3,2026-08-06,25.61
100842,SKU36515,牛奶,食品饮料,3,2026-08-06,66.73
100842,SKU32742,饼干,食品饮料,1,2026-08-06,19.68
100843,SKU16002,火锅底料,火锅食材,4,2026-06-20,68.57
100843,SKU44832,豆腐,火锅食材,1,2026-06-20,76.9
100843,SKU94320,鸡肉,肉禽蛋品,2,2026-06-20,56.68
100843,SKU21421,牛奶,食品饮料,1,2026-06-20,24.83
100843,SKU33242,蛋挞皮,烘焙用品,1,2026-06-20,62.78
100844,SKU27253,豆腐,火锅食材,5,2026-08-13,7.63
100844,SKU57315,火锅底料,火锅食材,4,2026-08-13,3.52
100845,SKU52526,沐浴露,日化清洁,4,2026-03-08,7.49
100845,SKU68953,黄油,烘焙用品,5,2026-03-08,42.0
100845,SKU49144,大米,粮油调味,5,2026-03-08,37.05
100845,SKU54287,三文鱼,肉禽蛋品,2,2026-03-08,13.64
100845,SKU97728,牙膏,日化清洁,5,2026-03-08,28.97
100845,SKU54503,蛋挞皮,烘焙用品,3,2026-03-08,44.68
100846,SKU25552,可乐,食品饮料,3,2026-07-12,76.77
100846,SKU66112,食用油,粮油调味,1,2026-07-12,65.56
100846,SKU10820,毛肚,火锅食材,3,2026-07-12,4.96
100846,SKU50218,鸡翅,肉禽蛋品,1,2026-07-12,6.3
100847,SKU25169,洗衣液,日化清洁,2,2026-06-21,52.48
100847,SKU19075,纸巾,日化清洁,3,2026-06-21,69.87
100847,SKU54555,垃圾袋,日化清洁,2,2026-06-21,3.43
100847,SKU36750,牛奶,食品饮料,4,2026-06-21,5.6
100848,SKU78785,可乐,食品饮料,3,2026-07-18,68.54
100848,SKU86865,矿泉水,食品饮料,5,2026-07-18,32.5
100849,SKU29622,蛋挞皮,烘焙用品,3,2026-08-05,52.52
100849,SKU77543,香草精,烘焙用品,1,2026-08-05,12.99
100849,SKU47737,糖粉,烘焙用品,2,2026-08-05,73.78
100850,SKU26553,蔬菜拼盘,火锅食材,2,2026-04-03,67.4
100850,SKU94560,鸡蛋,肉禽蛋品,2,2026-04-03,49.71
100850,SKU91797,三文鱼,肉禽蛋品,1,2026-04-03,51.27
100851,SKU74164,牛奶,食品饮料,2,2026-02-02,34.98
100851,SKU82449,面包,食品饮料,2,2026-02-02,18.7
100851,SKU79797,粉丝,火锅食材,4,2026-02-02,29.57
100852,SKU57603,牛肉,肉禽蛋品,4,2026-03-25,27.71
100852,SKU73417,模具,烘焙用品,5,2026-03-25,51.34
100852,SKU84870,食用油,粮油调味,2,2026-03-25,32.18
100852,SKU91082,酱油,粮油调味,1,2026-03-25,28.06
100852,SKU97789,沐浴露,日化清洁,1,2026-03-25,42.34
100852,SKU96203,丸子,火锅食材,4,2026-03-25,32.45
100853,SKU38189,橙子,生鲜蔬果,2,2026-09-08,7.88
100853,SKU38478,酱油,粮油调味,2,2026-09-08,37.1
100853,SKU34398,糖粉,烘焙用品,5,2026-09-08,53.47
100853,SKU32615,排骨,肉禽蛋品,1,2026-09-08,28.09
100853,SKU84301,火锅底料,火锅食材,2,2026-09-08,47.4
100854,SKU49740,鸡肉,肉禽蛋品,5,2026-04-24,8.8
100854,SKU28857,蛋挞皮,烘焙用品,2,2026-04-24,45.59
100854,SKU52611,洗洁精,日化清洁,2,2026-04-24,72.05
100855,SKU94489,蔬菜拼盘,火锅食材,1,2026-06-23,40.66
100855,SKU74631,白糖,粮油调味,4,2026-06-23,59.76
100855,SKU61522,洗衣液,日化清洁,2,2026-06-23,15.44
100855,SKU12563,巧克力,食品饮料,3,2026-06-23,22.03
100855,SKU43278,饼干,食品饮料,5,2026-06-23,28.61
100855,SKU75289,酵母,烘焙用品,5,2026-06-23,65.43
100856,SKU42307,糖粉,烘焙用品,2,2026-02-06,7.27
100856,SKU79074,西红柿,生鲜蔬果,5,2026-02-06,39.08
100856,SKU38080,酱油,粮油调味,4,2026-02-06,58.34
100856,SKU52844,食用油,粮油调味,4,2026-02-06,57.51
100856,SKU83179,蔬菜拼盘,火锅食材,2,2026-02-06,47.63
100856,SKU29561,生菜,生鲜蔬果,5,2026-02-06,21.71
100857,SKU17115,三文鱼,肉禽蛋品,4,2026-01-26,59.15
100857,SKU14935,垃圾袋,日化清洁,5,2026-01-26,17.51
100858,SKU58784,油纸,烘焙用品,2,2026-01-09,56.39
100858,SKU41037,粉丝,火锅食材,5,2026-01-09,30.52
100858,SKU17979,毛肚,火锅食材,5,2026-01-09,33.36
100858,SKU46455,糖粉,烘焙用品,1,2026-01-09,18.55
100858,SKU60836,沐浴露,日化清洁,3,2026-01-09,21.19
100859,SKU84778,洗洁精,日化清洁,2,2026-02-27,70.14
100859,SKU29557,鸭蛋,肉禽蛋品,1,2026-02-27,4.76
100859,SKU86923,模具,烘焙用品,5,2026-02-27,15.9
100859,SKU22120,生菜,生鲜蔬果,3,2026-02-27,54.13
100859,SKU46331,沐浴露,日化清洁,3,2026-02-27,18.31
100859,SKU90226,大米,粮油调味,5,2026-02-27,17.85
100860,SKU93006,猪肉,肉禽蛋品,2,2026-04-01,33.63
100860,SKU25146,白糖,粮油调味,2,2026-04-01,59.35
100860,SKU70338,羊肉卷,火锅食材,2,2026-04-01,15.12
100860,SKU96531,牛肉,肉禽蛋品,4,2026-04-01,38.92
100860,SKU89408,鸭蛋,肉禽蛋品,2,2026-04-01,7.12
100861,SKU90938,可乐,食品饮料,2,2026-02-04,6.22
100861,SKU54949,薯片,食品饮料,1,2026-02-04,37.38
100861,SKU42594,饼干,食品饮料,5,2026-02-04,61.52
100861,SKU38061,鸡翅,肉禽蛋品,2,2026-02-04,74.26
100862,SKU97181,消毒液,日化清洁,2,2026-01-10,38.06
100862,SKU23582,洗发水,日化清洁,3,2026-01-10,62.8
100862,SKU46968,白糖,粮油调味,2,2026-01-10,61.86
100862,SKU47283,蘸料,火锅食材,2,2026-01-10,10.74
100862,SKU99527,黄瓜,生鲜蔬果,1,2026-01-10,63.82
100863,SKU26883,黄瓜,生鲜蔬果,5,2026-07-21,25.08
100863,SKU87516,洗洁精,日化清洁,1,2026-07-21,67.68
100863,SKU58067,三文鱼,肉禽蛋品,2,2026-07-21,56.95
100863,SKU18653,带鱼,肉禽蛋品,3,2026-07-21,58.56
100864,SKU46105,沐浴露,日化清洁,4,2026-01-26,12.14
100864,SKU57056,鸡翅,肉禽蛋品,2,2026-01-26,35.64
100864,SKU58062,羊肉卷,火锅食材,5,2026-01-26,28.15
100864,SKU27083,土豆,生鲜蔬果,4,2026-01-26,26.63
100864,SKU43994,鸡肉,肉禽蛋品,2,2026-01-26,68.17
100864,SKU30469,辣椒酱,粮油调味,1,2026-01-26,71.38
100865,SKU72824,蛋挞皮,烘焙用品,3,2026-01-05,50.3
100865,SKU46428,排骨,肉禽蛋品,2,2026-01-05,45.93
100866,SKU87438,糖粉,烘焙用品,4,2026-01-06,35.82
100866,SKU27037,猪肉,肉禽蛋品,1,2026-01-06,34.75
100867,SKU99712,火锅底料,火锅食材,2,2026-03-28,66.74
100867,SKU47415,丸子,火锅食材,1,2026-03-28,20.08
100867,SKU26343,肥牛卷,火锅食材,1,2026-03-28,22.23
100867,SKU63154,洗衣液,日化清洁,1,2026-03-28,50.44
100867,SKU93864,方便面,食品饮料,4,2026-03-28,46.46
100868,SKU32607,生菜,生鲜蔬果,3,2026-08-12,24.95
100868,SKU23949,肥皂,日化清洁,2,2026-08-12,22.35
100868,SKU42912,糖粉,烘焙用品,2,2026-08-12,67.43
100868,SKU24491,沐浴露,日化清洁,4,2026-08-12,36.43
100869,SKU64076,火锅底料,火锅食材,1,2026-01-18,65.07
100869,SKU68894,丸子,火锅食材,5,2026-01-18,20.7
100869,SKU21793,肥牛卷,火锅食材,4,2026-01-18,24.27
100869,SKU77669,排骨,肉禽蛋品,4,2026-01-18,15.46
100869,SKU77744,苹果,生鲜蔬果,1,2026-01-18,44.92
100869,SKU97843,白糖,粮油调味,1,2026-01-18,65.55
100870,SKU70746,苹果,生鲜蔬果,3,2026-06-15,57.23
100870,SKU15564,香蕉,生鲜蔬果,1,2026-06-15,18.05
100870,SKU42309,橙子,生鲜蔬果,4,2026-06-15,37.88
100870,SKU40040,鸡蛋,肉禽蛋品,1,2026-06-15,38.57
100871,SKU62509,垃圾袋,日化清洁,3,2026-06-03,18.36
100871,SKU35762,豆腐,火锅食材,2,2026-06-03,11.79
100871,SKU67028,薯片,食品饮料,1,2026-06-03,4.34
100871,SKU79222,肥牛卷,火锅食材,2,2026-06-03,29.87
100872,SKU36078,面包,食品饮料,5,2026-06-15,3.42
100872,SKU30523,羊肉卷,火锅食材,2,2026-06-15,49.74
100872,SKU67340,白菜,生鲜蔬果,4,2026-06-15,73.99
100872,SKU29518,白糖,粮油调味,4,2026-06-15,36.63
100872,SKU18398,排骨,肉禽蛋品,1,2026-06-15,30.2
100873,SKU50711,土豆,生鲜蔬果,4,2026-09-08,35.77
100873,SKU13268,苹果,生鲜蔬果,3,2026-09-08,51.27
100873,SKU16629,葡萄,生鲜蔬果,1,2026-09-08,64.22
100873,SKU97364,饼干,食品饮料,4,2026-09-08,48.32
100873,SKU43071,黄油,烘焙用品,4,2026-09-08,12.57
100874,SKU42675,牛奶,食品饮料,5,2026-01-01,3.23
100874,SKU32560,蔬菜拼盘,火锅食材,1,2026-01-01,27.38
100874,SKU89803,生菜,生鲜蔬果,1,2026-01-01,22.68
100874,SKU87286,饼干,食品饮料,5,2026-01-01,5.92
100875,SKU67542,蛋糕粉,烘焙用品,2,2026-05-21,38.67
100875,SKU60098,豆腐,火锅食材,1,2026-05-21,65.65
100875,SKU48353,羊肉卷,火锅食材,5,2026-05-21,45.85
100875,SKU60070,蚝油,粮油调味,1,2026-05-21,34.64
100875,SKU73564,生菜,生鲜蔬果,1,2026-05-21,14.43
100876,SKU77552,饼干,食品饮料,2,2026-05-02,19.24
100876,SKU86397,酸奶,食品饮料,5,2026-05-02,48.82
100876,SKU90025,辣椒酱,粮油调味,5,2026-05-02,73.22
100876,SKU18781,食用油,粮油调味,4,2026-05-02,65.14
100876,SKU66464,洗洁精,日化清洁,3,2026-05-02,15.72
100876,SKU71245,芝士碎,烘焙用品,2,2026-05-02,5.03
100877,SKU96565,面粉,粮油调味,1,2026-01-17,51.57
100877,SKU81532,鸡蛋,肉禽蛋品,3,2026-01-17,10.32
100877,SKU99698,牛肉,肉禽蛋品,1,2026-01-17,21.11
100877,SKU88049,淡奶油,烘焙用品,5,2026-01-17,47.01
100877,SKU86639,葡萄,生鲜蔬果,5,2026-01-17,71.14
100877,SKU24674,大米,粮油调味,4,2026-01-17,72.36
100878,SKU28119,毛肚,火锅食材,3,2026-02-15,26.42
100878,SKU69151,果汁,食品饮料,2,2026-02-15,61.35
100878,SKU40557,鸭血,火锅食材,3,2026-02-15,43.19
100878,SKU76433,白菜,生鲜蔬果,5,2026-02-15,78.68
100878,SKU11511,胡萝卜,生鲜蔬果,3,2026-02-15,36.7
100878,SKU13367,黄油,烘焙用品,5,2026-02-15,16.29
100879,SKU59840,排骨,肉禽蛋品,2,2026-05-18,67.84
100879,SKU88077,胡萝卜,生鲜蔬果,5,2026-05-18,9.55
100879,SKU94928,土豆,生鲜蔬果,4,2026-05-18,10.05
100879,SKU76964,火锅底料,火锅食材,1,2026-05-18,74.93
100879,SKU87388,牛肉,肉禽蛋品,4,2026-05-18,54.92
100880,SKU97854,可乐,食品饮料,4,2026-05-26,47.55
100880,SKU16556,薯片,食品饮料,4,2026-05-26,54.17
100880,SKU56483,饼干,食品饮料,3,2026-05-26,6.32
100880,SKU43901,毛肚,火锅食材,2,2026-05-26,57.93
100880,SKU65511,带鱼,肉禽蛋品,1,2026-05-26,63.84
100880,SKU15769,油纸,烘焙用品,1,2026-05-26,30.3
100881,SKU56405,肥牛卷,火锅食材,3,2026-08-18,58.66
100881,SKU70324,可乐,食品饮料,1,2026-08-18,62.99
100881,SKU96328,蚝油,粮油调味,5,2026-08-18,64.44
100882,SKU44711,牛奶,食品饮料,4,2026-07-06,45.1
100882,SKU44818,面包,食品饮料,5,2026-07-06,36.06
100882,SKU29882,酵母,烘焙用品,4,2026-07-06,42.4
100882,SKU30047,可乐,食品饮料,1,2026-07-06,37.18
100882,SKU60585,消毒液,日化清洁,5,2026-07-06,29.03
100883,SKU75867,酸奶,食品饮料,5,2026-03-06,12.63
100883,SKU39098,淡奶油,烘焙用品,5,2026-03-06,76.93
100883,SKU79822,薯片,食品饮料,3,2026-03-06,44.17
100883,SKU15385,蔬菜拼盘,火锅食材,5,2026-03-06,20.55
100884,SKU18311,丸子,火锅食材,4,2026-07-05,4.7
100884,SKU38108,带鱼,肉禽蛋品,1,2026-07-05,26.09
100884,SKU42543,豆腐,火锅食材,1,2026-07-05,48.16
100884,SKU88602,糖粉,烘焙用品,3,2026-07-05,53.91
100884,SKU36813,生菜,生鲜蔬果,2,2026-07-05,79.89
100885,SKU15739,排骨,肉禽蛋品,2,2026-07-04,78.54
100885,SKU76983,胡萝卜,生鲜蔬果,3,2026-07-04,27.73
100885,SKU12874,土豆,生鲜蔬果,1,2026-07-04,33.85
100885,SKU46492,淡奶油,烘焙用品,2,2026-07-04,30.74
100885,SKU44364,西红柿,生鲜蔬果,3,2026-07-04,41.16
100885,SKU66219,洗发水,日化清洁,1,2026-07-04,50.45
100886,SKU18281,洗衣液,日化清洁,5,2026-06-21,35.06
100886,SKU73470,纸巾,日化清洁,4,2026-06-21,61.18
100886,SKU26616,垃圾袋,日化清洁,1,2026-06-21,62.47
100886,SKU85135,果汁,食品饮料,3,2026-06-21,48.78
100886,SKU81657,薯片,食品饮料,5,2026-06-21,51.55
100886,SKU10373,白菜,生鲜蔬果,5,2026-06-21,76.64
100887,SKU77760,鸡肉,肉禽蛋品,4,2026-07-15,23.86
100887,SKU52788,饼干,食品饮料,1,2026-07-15,63.62
100887,SKU61710,猪肉,肉禽蛋品,5,2026-07-15,17.22
100888,SKU21835,蘸料,火锅食材,4,2026-07-09,46.68
100888,SKU44238,酸奶,食品饮料,3,2026-07-09,29.2
100888,SKU16461,蛋糕粉,烘焙用品,3,2026-07-09,64.88
100888,SKU27664,糖粉,烘焙用品,1,2026-07-09,12.56
100888,SKU17679,巧克力,食品饮料,5,2026-07-09,55.32
100888,SKU42295,毛肚,火锅食材,4,2026-07-09,79.59
100889,SKU18109,火锅底料,火锅食材,1,2026-07-23,35.53
100889,SKU80492,丸子,火锅食材,2,2026-07-23,67.1
100889,SKU37150,肥牛卷,火锅食材,5,2026-07-23,65.18
100890,SKU58809,蛋糕粉,烘焙用品,5,2026-07-11,23.01
100890,SKU73636,黄油,烘焙用品,5,2026-07-11,7.3
100890,SKU87872,淡奶油,烘焙用品,1,2026-07-11,6.78
100890,SKU27810,鸡蛋,肉禽蛋品,5,2026-07-11,26.19
100890,SKU86069,鸭血,火锅食材,3,2026-07-11,43.84
100891,SKU16553,可乐,食品饮料,4,2026-05-06,41.31
100891,SKU44358,薯片,食品饮料,3,2026-05-06,63.77
100891,SKU50729,饼干,食品饮料,2,2026-05-06,4.11
100891,SKU57734,芝士碎,烘焙用品,3,2026-05-06,35.62
100892,SKU13786,白菜,生鲜蔬果,5,2026-08-25,65.01
100892,SKU58434,香草精,烘焙用品,4,2026-08-25,13.08
100892,SKU59972,巧克力,食品饮料,3,2026-08-25,64.52
100892,SKU34159,洗衣液,日化清洁,2,2026-08-25,68.78
100892,SKU47904,蚝油,粮油调味,4,2026-08-25,28.91
100892,SKU92919,醋,粮油调味,1,2026-08-25,11.35
100893,SKU25520,橙子,生鲜蔬果,2,2026-06-20,68.88
100893,SKU33729,黄瓜,生鲜蔬果,2,2026-06-20,14.72
100893,SKU72700,蛋挞皮,烘焙用品,4,2026-06-20,35.97
100894,SKU23096,生菜,生鲜蔬果,1,2026-08-10,16.62
100894,SKU75976,拖把,日化清洁,1,2026-08-10,31.68
100894,SKU77773,白菜,生鲜蔬果,3,2026-08-10,44.07
100894,SKU10802,鸡蛋,肉禽蛋品,4,2026-08-10,79.49
100895,SKU20372,苹果,生鲜蔬果,5,2026-09-01,12.84
100895,SKU56971,香蕉,生鲜蔬果,2,2026-09-01,47.49
100895,SKU11785,橙子,生鲜蔬果,4,2026-09-01,74.67
100895,SKU63549,蛋糕粉,烘焙用品,3,2026-09-01,37.35
100895,SKU93701,丸子,火锅食材,3,2026-09-01,68.66
100895,SKU24536,羊肉卷,火锅食材,4,2026-09-01,8.86
100896,SKU55314,西红柿,生鲜蔬果,3,2026-03-02,20.55
100896,SKU79768,鸡蛋,肉禽蛋品,5,2026-03-02,59.17
100896,SKU55921,黄瓜,生鲜蔬果,1,2026-03-02,38.51
100896,SKU44698,丸子,火锅食材,2,2026-03-02,31.37
100897,SKU45173,火锅底料,火锅食材,3,2026-09-06,30.88
100897,SKU66260,丸子,火锅食材,1,2026-09-06,5.42
100897,SKU58159,肥牛卷,火锅食材,3,2026-09-06,26.52
100897,SKU54373,辣椒酱,粮油调味,3,2026-09-06,53.22
100897,SKU20053,毛肚,火锅食材,2,2026-09-06,69.98
100897,SKU35368,洗洁精,日化清洁,1,2026-09-06,13.78
100898,SKU62185,蘸料,火锅食材,4,2026-03-23,72.39
100898,SKU48465,肥牛卷,火锅食材,2,2026-03-23,21.7
100898,SKU14024,猪肉,肉禽蛋品,2,2026-03-23,40.67
100898,SKU82756,香草精,烘焙用品,2,2026-03-23,69.81
100899,SKU17966,火锅底料,火锅食材,1,2026-09-13,53.44
100899,SKU60728,纸巾,日化清洁,1,2026-09-13,49.72
100900,SKU40086,大米,粮油调味,5,2026-04-27,79.56
100900,SKU75934,食用油,粮油调味,3,2026-04-27,58.38
100900,SKU40072,酱油,粮油调味,2,2026-04-27,23.54
100900,SKU50053,醋,粮油调味,3,2026-04-27,68.28
100900,SKU93148,苹果,生鲜蔬果,1,2026-04-27,5.75
100900,SKU61948,拖把,日化清洁,1,2026-04-27,42.63
100901,SKU57115,生菜,生鲜蔬果,3,2026-08-16,73.59
100901,SKU17010,蛋挞皮,烘焙用品,3,2026-08-16,23.17
100901,SKU80134,沐浴露,日化清洁,5,2026-08-16,19.19
100901,SKU72273,食用油,粮油调味,3,2026-08-16,56.01
100901,SKU69026,薯片,食品饮料,5,2026-08-16,50.7
100901,SKU94120,面包,食品饮料,5,2026-08-16,11.25
100902,SKU77173,虾仁,肉禽蛋品,4,2026-06-08,76.95
100902,SKU60593,蘸料,火锅食材,3,2026-06-08,70.31
100903,SKU27412,葡萄,生鲜蔬果,4,2026-07-19,47.57
100903,SKU68905,巧克力,食品饮料,4,2026-07-19,11.06
100903,SKU40480,洗衣液,日化清洁,2,2026-07-19,22.54
100904,SKU36703,苹果,生鲜蔬果,3,2026-01-26,13.18
100904,SKU87646,香蕉,生鲜蔬果,5,2026-01-26,52.95
100904,SKU40862,橙子,生鲜蔬果,4,2026-01-26,15.53
100904,SKU23527,消毒液,日化清洁,2,2026-01-26,46.74
100904,SKU94681,面包,食品饮料,2,2026-01-26,78.14
100904,SKU61366,食用油,粮油调味,5,2026-01-26,41.5
100905,SKU15869,蛋糕粉,烘焙用品,2,2026-03-19,14.22
100905,SKU40149,黄油,烘焙用品,1,2026-03-19,4.15
100905,SKU12133,淡奶油,烘焙用品,2,2026-03-19,71.45
100905,SKU60585,鸡蛋,肉禽蛋品,1,2026-03-19,56.26
100905,SKU25022,鸭血,火锅食材,4,2026-03-19,36.42
100905,SKU76574,橙子,生鲜蔬果,1,2026-03-19,73.07
100905,SKU83152,料酒,粮油调味,5,2026-03-19,54.7
100906,SKU22181,牛奶,食品饮料,3,2026-08-23,32.55
100906,SKU40832,面包,食品饮料,3,2026-08-23,7.75
100906,SKU51854,猪肉,肉禽蛋品,5,2026-08-23,25.28
100906,SKU21147,果汁,食品饮料,2,2026-08-23,52.37
100906,SKU16208,醋,粮油调味,5,2026-08-23,42.3
100907,SKU36025,三文鱼,肉禽蛋品,1,2026-08-09,5.68
100907,SKU62989,醋,粮油调味,1,2026-08-09,38.19
100907,SKU46562,洗衣液,日化清洁,2,2026-08-09,3.27
100907,SKU87113,巧克力,食品饮料,3,2026-08-09,76.34
100907,SKU19769,淡奶油,烘焙用品,4,2026-08-09,36.69
100907,SKU16039,豆腐,火锅食材,3,2026-08-09,4.5
100908,SKU49202,蛋挞皮,烘焙用品,4,2026-07-14,73.54
100908,SKU39464,饼干,食品饮料,1,2026-07-14,57.59
100908,SKU68591,牛肉,肉禽蛋品,3,2026-07-14,3.12
100908,SKU62274,胡萝卜,生鲜蔬果,5,2026-07-14,27.94
100908,SKU87526,黄瓜,生鲜蔬果,5,2026-07-14,65.98
100909,SKU35512,粉丝,火锅食材,3,2026-05-25,62.52
100909,SKU36516,黄瓜,生鲜蔬果,4,2026-05-25,35.32
100910,SKU12021,洗发水,日化清洁,5,2026-05-18,38.35
100910,SKU66813,沐浴露,日化清洁,5,2026-05-18,21.02
100910,SKU93267,牙膏,日化清洁,5,2026-05-18,45.77
100910,SKU79355,黄油,烘焙用品,5,2026-05-18,12.11
100910,SKU19522,大米,粮油调味,4,2026-05-18,63.18
100910,SKU87510,拖把,日化清洁,3,2026-05-18,5.36
100911,SKU12919,火锅底料,火锅食材,5,2026-07-06,21.23
100911,SKU56990,丸子,火锅食材,1,2026-07-06,13.22
100911,SKU92714,肥牛卷,火锅食材,4,2026-07-06,68.39
100911,SKU34480,模具,烘焙用品,5,2026-07-06,47.45
100911,SKU20310,消毒液,日化清洁,4,2026-07-06,4.13
100911,SKU84925,土豆,生鲜蔬果,5,2026-07-06,68.82
100912,SKU48114,垃圾袋,日化清洁,4,2026-06-05,40.47
100912,SKU28083,牙膏,日化清洁,1,2026-06-05,54.66
100912,SKU88921,鸭血,火锅食材,4,2026-06-05,25.85
100912,SKU22657,洗衣液,日化清洁,2,2026-06-05,63.37
100912,SKU94538,排骨,肉禽蛋品,5,2026-06-05,54.82
100913,SKU28469,苹果,生鲜蔬果,3,2026-09-05,16.63
100913,SKU53813,香蕉,生鲜蔬果,5,2026-09-05,75.61
100913,SKU68887,橙子,生鲜蔬果,5,2026-09-05,48.25
100913,SKU44646,黄油,烘焙用品,1,2026-09-05,65.46
100913,SKU27287,三文鱼,肉禽蛋品,3,2026-09-05,23.51
100913,SKU55431,芝士碎,烘焙用品,1,2026-09-05,66.39
100914,SKU85756,洗衣液,日化清洁,5,2026-05-12,12.73
100914,SKU58125,芝士碎,烘焙用品,2,2026-05-12,12.73
100915,SKU38777,苹果,生鲜蔬果,1,2026-08-27,51.67
100915,SKU16925,香蕉,生鲜蔬果,3,2026-08-27,34.57
100915,SKU27827,橙子,生鲜蔬果,4,2026-08-27,16.22
100916,SKU21660,毛肚,火锅食材,3,2026-05-28,3.39
100916,SKU77726,大米,粮油调味,4,2026-05-28,43.05
100916,SKU44316,洗洁精,日化清洁,2,2026-05-28,15.39
100917,SKU58908,可乐,食品饮料,5,2026-08-08,74.16
100917,SKU17722,薯片,食品饮料,1,2026-08-08,40.07
100917,SKU94080,饼干,食品饮料,3,2026-08-08,75.61
100917,SKU85282,拖把,日化清洁,1,2026-08-08,10.04
100918,SKU15717,鸡蛋,肉禽蛋品,1,2026-06-01,60.56
100918,SKU67748,牛肉,肉禽蛋品,3,2026-06-01,20.51
100918,SKU27847,洗衣液,日化清洁,1,2026-06-01,66.2
100918,SKU70604,酱油,粮油调味,2,2026-06-01,6.38
100918,SKU87810,蛋挞皮,烘焙用品,1,2026-06-01,65.34
100919,SKU83632,排骨,肉禽蛋品,5,2026-06-22,63.46
100919,SKU39753,胡萝卜,生鲜蔬果,3,2026-06-22,56.83
100919,SKU78406,土豆,生鲜蔬果,2,2026-06-22,64.4
100919,SKU82788,牛肉,肉禽蛋品,4,2026-06-22,34.82
100919,SKU64018,毛肚,火锅食材,5,2026-06-22,19.43
100920,SKU77458,火锅底料,火锅食材,5,2026-06-05,64.06
100920,SKU36500,鸭蛋,肉禽蛋品,2,2026-06-05,78.26
100920,SKU20832,淡奶油,烘焙用品,3,2026-06-05,65.44
100920,SKU19269,牛肉,肉禽蛋品,2,2026-06-05,72.43
100921,SKU48898,蛋糕粉,烘焙用品,2,2026-01-09,8.29
100921,SKU57178,黄油,烘焙用品,2,2026-01-09,77.75
100921,SKU41713,淡奶油,烘焙用品,4,2026-01-09,22.71
100921,SKU29842,鸡蛋,肉禽蛋品,3,2026-01-09,70.09
100921,SKU63166,蚝油,粮油调味,4,2026-01-09,43.81
100922,SKU81717,香草精,烘焙用品,5,2026-05-18,41.76
100922,SKU51670,醋,粮油调味,3,2026-05-18,77.51
100922,SKU92656,蚝油,粮油调味,2,2026-05-18,32.46
100922,SKU28074,面包,食品饮料,3,2026-05-18,34.25
100922,SKU53777,矿泉水,食品饮料,5,2026-05-18,6.65
100923,SKU20493,橙子,生鲜蔬果,5,2026-01-15,28.84
100923,SKU30900,蛋糕粉,烘焙用品,3,2026-01-15,76.99
100923,SKU11275,垃圾袋,日化清洁,2,2026-01-15,46.47
100923,SKU53687,香草精,烘焙用品,5,2026-01-15,5.62
100924,SKU23122,西红柿,生鲜蔬果,1,2026-06-04,76.23
100924,SKU60842,鸡蛋,肉禽蛋品,4,2026-06-04,62.98
100924,SKU12503,黄瓜,生鲜蔬果,1,2026-06-04,49.28
100924,SKU48657,白菜,生鲜蔬果,2,2026-06-04,28.3
100924,SKU17075,辣椒酱,粮油调味,4,2026-06-04,55.51
100925,SKU20838,肥皂,日化清洁,2,2026-03-06,79.86
100925,SKU51123,辣椒酱,粮油调味,2,2026-03-06,17.03
100925,SKU17801,洗衣液,日化清洁,5,2026-03-06,30.52
100925,SKU64746,饼干,食品饮料,1,2026-03-06,15.16
100925,SKU24548,猪肉,肉禽蛋品,1,2026-03-06,9.08
100926,SKU67417,沐浴露,日化清洁,5,2026-06-07,29.16
100926,SKU74528,方便面,食品饮料,3,2026-06-07,6.37
100926,SKU35069,糖粉,烘焙用品,1,2026-06-07,61.9
100927,SKU97349,纸巾,日化清洁,1,2026-03-15,73.34
100927,SKU61468,垃圾袋,日化清洁,1,2026-03-15,6.71
100928,SKU14119,黄瓜,生鲜蔬果,3,2026-05-22,29.81
100928,SKU76385,白糖,粮油调味,2,2026-05-22,35.99
100928,SKU47252,排骨,肉禽蛋品,5,2026-05-22,56.8
100928,SKU49307,西红柿,生鲜蔬果,1,2026-05-22,8.54
100929,SKU99918,食用油,粮油调味,2,2026-02-08,73.02
100929,SKU15990,蔬菜拼盘,火锅食材,5,2026-02-08,29.22
100929,SKU14359,纸巾,日化清洁,3,2026-02-08,32.87
100929,SKU73818,沐浴露,日化清洁,1,2026-02-08,34.38
100930,SKU67571,苹果,生鲜蔬果,5,2026-01-21,32.79
100930,SKU41671,香蕉,生鲜蔬果,4,2026-01-21,23.23
100930,SKU99157,橙子,生鲜蔬果,4,2026-01-21,41.57
100930,SKU38548,葡萄,生鲜蔬果,2,2026-01-21,58.18
100930,SKU47876,胡萝卜,生鲜蔬果,2,2026-01-21,46.91
100931,SKU30601,蚝油,粮油调味,4,2026-05-19,38.3
100931,SKU38569,土豆,生鲜蔬果,3,2026-05-19,28.26
100931,SKU11448,西红柿,生鲜蔬果,2,2026-05-19,51.73
100931,SKU59739,蛋糕粉,烘焙用品,1,2026-05-19,40.98
100932,SKU43393,可乐,食品饮料,1,2026-06-09,38.37
100932,SKU92278,薯片,食品饮料,2,2026-06-09,47.82
100932,SKU85062,饼干,食品饮料,2,2026-06-09,53.93
100933,SKU94299,牙膏,日化清洁,1,2026-03-08,46.99
100933,SKU16081,鸡肉,肉禽蛋品,4,2026-03-08,67.6
100933,SKU93519,生菜,生鲜蔬果,3,2026-03-08,21.81
100933,SKU64264,黄瓜,生鲜蔬果,5,2026-03-08,45.8
100934,SKU38828,蛋糕粉,烘焙用品,4,2026-09-09,33.23
100934,SKU10851,黄油,烘焙用品,2,2026-09-09,50.45
100934,SKU53845,淡奶油,烘焙用品,3,2026-09-09,72.02
100934,SKU83737,鸡蛋,肉禽蛋品,4,2026-09-09,28.72
100934,SKU81176,牛肉,肉禽蛋品,5,2026-09-09,63.83
100935,SKU16085,牛肉,肉禽蛋品,3,2026-08-11,15.9
100935,SKU41492,面粉,粮油调味,2,2026-08-11,76.4
100935,SKU33485,蛋挞皮,烘焙用品,4,2026-08-11,54.67
100936,SKU70734,大米,粮油调味,1,2026-01-23,22.7
100936,SKU26525,食用油,粮油调味,1,2026-01-23,56.51
100936,SKU25012,酱油,粮油调味,1,2026-01-23,72.86
100936,SKU31247,粉丝,火锅食材,1,2026-01-23,64.69
100937,SKU32052,酱油,粮油调味,4,2026-04-23,56.93
100937,SKU89691,醋,粮油调味,1,2026-04-23,52.82
100938,SKU10560,洗发水,日化清洁,5,2026-03-03,73.06
100938,SKU66850,沐浴露,日化清洁,3,2026-03-03,46.55
100938,SKU75946,牙膏,日化清洁,1,2026-03-03,62.51
100938,SKU58683,粉丝,火锅食材,4,2026-03-03,19.28
100939,SKU16598,洗衣液,日化清洁,5,2026-06-18,42.79
100939,SKU72750,油纸,烘焙用品,3,2026-06-18,73.62
100939,SKU89150,火锅底料,火锅食材,5,2026-06-18,61.95
100939,SKU59209,面粉,粮油调味,2,2026-06-18,8.17
100939,SKU76652,鸡肉,肉禽蛋品,5,2026-06-18,75.58
100939,SKU32593,消毒液,日化清洁,5,2026-06-18,39.93
100940,SKU72491,西红柿,生鲜蔬果,5,2026-09-09,13.63
100940,SKU33282,鸡蛋,肉禽蛋品,2,2026-09-09,3.09
100940,SKU48606,黄瓜,生鲜蔬果,5,2026-09-09,19.46
100940,SKU39968,鸡肉,肉禽蛋品,5,2026-09-09,12.81
100941,SKU46537,面包,食品饮料,3,2026-03-22,24.46
100941,SKU78799,牛肉,肉禽蛋品,2,2026-03-22,59.3
100942,SKU46306,盐,粮油调味,2,2026-02-03,78.36
100942,SKU27196,黄瓜,生鲜蔬果,2,2026-02-03,19.86
100942,SKU75277,鸡翅,肉禽蛋品,2,2026-02-03,58.2
100942,SKU26671,苹果,生鲜蔬果,3,2026-02-03,68.49
100943,SKU53970,洗衣液,日化清洁,5,2026-02-08,10.2
100943,SKU61887,纸巾,日化清洁,1,2026-02-08,34.35
100943,SKU17528,垃圾袋,日化清洁,2,2026-02-08,3.22
100943,SKU87970,鸡翅,肉禽蛋品,3,2026-02-08,58.07
100944,SKU99625,纸巾,日化清洁,2,2026-04-27,62.13
100944,SKU88409,蛋糕粉,烘焙用品,1,2026-04-27,53.19
100944,SKU99887,鸡肉,肉禽蛋品,1,2026-04-27,35.01
100944,SKU59560,蘸料,火锅食材,1,2026-04-27,39.17
100944,SKU30856,蚝油,粮油调味,5,2026-04-27,6.15
100945,SKU60737,牛奶,食品饮料,3,2026-09-07,8.15
100945,SKU84381,面包,食品饮料,4,2026-09-07,15.49
100945,SKU36610,酸奶,食品饮料,1,2026-09-07,64.71
100945,SKU11833,蔬菜拼盘,火锅食材,1,2026-09-07,35.32
100946,SKU15318,洗发水,日化清洁,4,2026-09-02,76.46
100946,SKU61642,沐浴露,日化清洁,4,2026-09-02,21.01
100946,SKU77127,牙膏,日化清洁,2,2026-09-02,9.48
100946,SKU17922,酵母,烘焙用品,4,2026-09-02,30.88
100946,SKU43388,蛋糕粉,烘焙用品,3,2026-09-02,47.75
100947,SKU39454,可乐,食品饮料,5,2026-05-21,62.31
100947,SKU11118,薯片,食品饮料,5,2026-05-21,35.1
100947,SKU59404,饼干,食品饮料,3,2026-05-21,52.84
100947,SKU26970,盐,粮油调味,2,2026-05-21,37.93
100947,SKU66864,巧克力,食品饮料,2,2026-05-21,32.67
100948,SKU55026,蛋糕粉,烘焙用品,2,2026-02-03,73.81
100948,SKU44937,黄油,烘焙用品,5,2026-02-03,56.55
100948,SKU77461,淡奶油,烘焙用品,2,2026-02-03,10.81
100948,SKU15149,鸡蛋,肉禽蛋品,5,2026-02-03,51.99
100948,SKU87872,料酒,粮油调味,5,2026-02-03,59.59
100949,SKU83361,虾仁,肉禽蛋品,3,2026-02-24,19.99
100949,SKU27560,牛奶,食品饮料,3,2026-02-24,64.98
100949,SKU34465,巧克力,食品饮料,3,2026-02-24,75.94
100949,SKU57798,猪肉,肉禽蛋品,3,2026-02-24,54.34
100949,SKU42181,消毒液,日化清洁,5,2026-02-24,21.16
100950,SKU57951,牛奶,食品饮料,1,2026-05-07,57.39
100950,SKU13668,胡萝卜,生鲜蔬果,5,2026-05-07,41.46
100951,SKU62609,排骨,肉禽蛋品,3,2026-06-24,64.3
100951,SKU45160,胡萝卜,生鲜蔬果,5,2026-06-24,57.83
100951,SKU57250,土豆,生鲜蔬果,3,2026-06-24,75.92
100951,SKU83966,拖把,日化清洁,2,2026-06-24,36.62
100951,SKU45501,饼干,食品饮料,4,2026-06-24,79.32
100951,SKU87941,羊肉卷,火锅食材,4,2026-06-24,32.77
100952,SKU33210,芝士碎,烘焙用品,3,2026-09-13,12.74
100952,SKU12900,白糖,粮油调味,3,2026-09-13,24.99
100953,SKU52348,牙膏,日化清洁,4,2026-09-23,48.89
100953,SKU62045,巧克力,食品饮料,3,2026-09-23,47.33
100953,SKU33818,鸭血,火锅食材,3,2026-09-23,68.01
100953,SKU41395,牛肉,肉禽蛋品,1,2026-09-23,68.72
100953,SKU46199,洗发水,日化清洁,1,2026-09-23,37.9
100953,SKU87136,酱油,粮油调味,2,2026-09-23,21.45
100954,SKU42481,火锅底料,火锅食材,5,2026-02-09,47.93
100954,SKU25249,丸子,火锅食材,2,2026-02-09,75.45
100954,SKU50494,肥牛卷,火锅食材,3,2026-02-09,62.81
100954,SKU17318,橙子,生鲜蔬果,2,2026-02-09,58.32
100954,SKU38837,方便面,食品饮料,4,2026-02-09,46.63
100955,SKU79576,牛奶,食品饮料,1,2026-08-08,41.17
100955,SKU28623,面包,食品饮料,3,2026-08-08,73.82
100955,SKU81956,蘸料,火锅食材,1,2026-08-08,9.11
100956,SKU76255,薯片,食品饮料,2,2026-08-03,36.34
100956,SKU99165,洗衣液,日化清洁,4,2026-08-03,23.0
100956,SKU75171,大米,粮油调味,4,2026-08-03,6.74
100956,SKU31443,白糖,粮油调味,2,2026-08-03,52.5
100956,SKU63860,垃圾袋,日化清洁,1,2026-08-03,56.25
100956,SKU29344,蔬菜拼盘,火锅食材,3,2026-08-03,70.4
100957,SKU71345,芝士碎,烘焙用品,4,2026-04-15,17.5
100957,SKU18119,黄油,烘焙用品,1,2026-04-15,11.58
100957,SKU92483,洗洁精,日化清洁,1,2026-04-15,74.23
100958,SKU96282,排骨,肉禽蛋品,3,2026-06-27,52.98
100958,SKU29920,胡萝卜,生鲜蔬果,1,2026-06-27,5.8
100958,SKU33354,土豆,生鲜蔬果,4,2026-06-27,68.94
100958,SKU34419,生菜,生鲜蔬果,2,2026-06-27,8.06
100958,SKU35541,白菜,生鲜蔬果,3,2026-06-27,38.66
100958,SKU89195,肥皂,日化清洁,1,2026-06-27,35.76
100959,SKU21382,料酒,粮油调味,5,2026-05-08,65.07
100959,SKU14598,蛋糕粉,烘焙用品,4,2026-05-08,79.5
100960,SKU33070,苹果,生鲜蔬果,5,2026-04-04,62.72
100960,SKU34443,香蕉,生鲜蔬果,1,2026-04-04,49.27
100960,SKU73522,橙子,生鲜蔬果,5,2026-04-04,58.92
100960,SKU58959,沐浴露,日化清洁,2,2026-04-04,29.49
100960,SKU96412,带鱼,肉禽蛋品,5,2026-04-04,30.12
100961,SKU32846,蛋糕粉,烘焙用品,5,2026-04-08,49.46
100961,SKU72086,黄油,烘焙用品,1,2026-04-08,25.12
100961,SKU39556,淡奶油,烘焙用品,2,2026-04-08,63.2
100961,SKU65944,鸡蛋,肉禽蛋品,2,2026-04-08,20.45
100961,SKU14555,糖粉,烘焙用品,1,2026-04-08,42.06
100961,SKU16416,辣椒酱,粮油调味,4,2026-04-08,33.58
100961,SKU15971,醋,粮油调味,5,2026-04-08,78.16
100962,SKU36201,排骨,肉禽蛋品,2,2026-09-06,66.89
100962,SKU11855,胡萝卜,生鲜蔬果,4,2026-09-06,5.97
100962,SKU61960,土豆,生鲜蔬果,4,2026-09-06,12.6
100962,SKU82564,毛肚,火锅食材,1,2026-09-06,30.27
100963,SKU43852,牛肉,肉禽蛋品,3,2026-04-18,44.13
100963,SKU52508,羊肉卷,火锅食材,4,2026-04-18,39.84
100963,SKU27173,芝士碎,烘焙用品,4,2026-04-18,61.04
100964,SKU23910,带鱼,肉禽蛋品,5,2026-03-07,4.3
100964,SKU30180,虾仁,肉禽蛋品,5,2026-03-07,25.49
100964,SKU97864,大米,粮油调味,3,2026-03-07,46.14
100965,SKU90993,食用油,粮油调味,1,2026-03-23,32.03
100965,SKU95994,纸巾,日化清洁,3,2026-03-23,19.25
100965,SKU41751,黄油,烘焙用品,1,2026-03-23,72.32
100966,SKU99610,鸭蛋,肉禽蛋品,1,2026-08-28,23.91
100966,SKU40974,蘸料,火锅食材,4,2026-08-28,24.24
100967,SKU96506,巧克力,食品饮料,2,2026-01-16,4.04
100967,SKU60510,排骨,肉禽蛋品,1,2026-01-16,19.92
100967,SKU17514,洗洁精,日化清洁,2,2026-01-16,33.9
100968,SKU51134,可乐,食品饮料,3,2026-09-26,32.73
100968,SKU15902,薯片,食品饮料,3,2026-09-26,63.89
100968,SKU84537,饼干,食品饮料,3,2026-09-26,27.52
100968,SKU92078,火锅底料,火锅食材,1,2026-09-26,64.54
100969,SKU98241,西红柿,生鲜蔬果,5,2026-02-12,62.01
100969,SKU45601,鸡蛋,肉禽蛋品,3,2026-02-12,28.41
100969,SKU97887,黄瓜,生鲜蔬果,1,2026-02-12,46.86
100969,SKU59279,胡萝卜,生鲜蔬果,1,2026-02-12,47.37
100970,SKU10069,洗发水,日化清洁,1,2026-04-19,39.74
100970,SKU32115,沐浴露,日化清洁,2,2026-04-19,4.4
100970,SKU97380,牙膏,日化清洁,4,2026-04-19,78.18
100970,SKU95462,纸巾,日化清洁,1,2026-04-19,8.48
100970,SKU96721,酱油,粮油调味,4,2026-04-19,10.4
100971,SKU94838,洗衣液,日化清洁,4,2026-02-05,43.96
100971,SKU84238,纸巾,日化清洁,4,2026-02-05,34.26
100971,SKU19724,垃圾袋,日化清洁,5,2026-02-05,39.54
100971,SKU73422,酸奶,食品饮料,2,2026-02-05,35.83
100971,SKU88897,芝士碎,烘焙用品,2,2026-02-05,9.15
100971,SKU95463,黄油,烘焙用品,2,2026-02-05,13.15
100972,SKU93545,洗发水,日化清洁,4,2026-07-22,30.14
100972,SKU99776,豆腐,火锅食材,2,2026-07-22,75.43
100972,SKU50470,蘸料,火锅食材,5,2026-07-22,72.31
100972,SKU22018,火锅底料,火锅食材,2,2026-07-22,11.88
100972,SKU34690,蔬菜拼盘,火锅食材,4,2026-07-22,28.32
100973,SKU19077,牙膏,日化清洁,2,2026-01-17,12.32
100973,SKU55757,酱油,粮油调味,3,2026-01-17,67.85
100973,SKU45689,辣椒酱,粮油调味,4,2026-01-17,65.18
100973,SKU69781,排骨,肉禽蛋品,3,2026-01-17,46.35
100973,SKU16545,虾仁,肉禽蛋品,3,2026-01-17,39.96
100973,SKU83565,香蕉,生鲜蔬果,1,2026-01-17,13.8
100974,SKU87736,洗发水,日化清洁,3,2026-08-13,47.07
100974,SKU21668,沐浴露,日化清洁,4,2026-08-13,74.1
100974,SKU60548,牙膏,日化清洁,4,2026-08-13,65.85
100974,SKU14426,芝士碎,烘焙用品,3,2026-08-13,35.85
100974,SKU14328,羊肉卷,火锅食材,3,2026-08-13,69.06
100974,SKU56268,黄油,烘焙用品,1,2026-08-13,34.32
100975,SKU90800,洗衣液,日化清洁,3,2026-06-23,46.51
100975,SKU67852,纸巾,日化清洁,2,2026-06-23,77.14
100975,SKU93229,垃圾袋,日化清洁,1,2026-06-23,11.46
100975,SKU28003,拖把,日化清洁,5,2026-06-23,53.06
100976,SKU24433,牛奶,食品饮料,2,2026-07-08,31.34
100976,SKU70643,面包,食品饮料,2,2026-07-08,43.73
100976,SKU65910,肥皂,日化清洁,4,2026-07-08,54.93
100976,SKU20271,油纸,烘焙用品,3,2026-07-08,21.08
100976,SKU78749,黄瓜,生鲜蔬果,3,2026-07-08,50.28
100977,SKU53307,蛋糕粉,烘焙用品,4,2026-09-27,22.1
100977,SKU48293,沐浴露,日化清洁,3,2026-09-27,70.35
100977,SKU43737,可乐,食品饮料,2,2026-09-27,26.67
100977,SKU50023,淡奶油,烘焙用品,1,2026-09-27,63.96
100978,SKU45342,酸奶,食品饮料,2,2026-02-13,47.27
100978,SKU78920,蔬菜拼盘,火锅食材,4,2026-02-13,23.31
100978,SKU39429,方便面,食品饮料,5,2026-02-13,16.19
100978,SKU75602,薯片,食品饮料,1,2026-02-13,48.69
100978,SKU72525,香草精,烘焙用品,4,2026-02-13,12.88
100978,SKU97688,可乐,食品饮料,2,2026-02-13,79.1
100979,SKU18022,饼干,食品饮料,5,2026-09-21,37.31
100979,SKU72749,鸡肉,肉禽蛋品,2,2026-09-21,11.87
100979,SKU49499,酸奶,食品饮料,1,2026-09-21,39.88
100979,SKU47626,大米,粮油调味,5,2026-09-21,29.78
100979,SKU71946,鸡蛋,肉禽蛋品,4,2026-09-21,31.53
100979,SKU26470,黄瓜,生鲜蔬果,5,2026-09-21,13.16
100980,SKU29448,西红柿,生鲜蔬果,4,2026-01-08,74.53
100980,SKU17157,鸡蛋,肉禽蛋品,5,2026-01-08,20.21
100980,SKU56631,黄瓜,生鲜蔬果,1,2026-01-08,13.89
100980,SKU25046,芝士碎,烘焙用品,1,2026-01-08,13.5
100980,SKU70485,矿泉水,食品饮料,2,2026-01-08,59.51
100981,SKU98806,大米,粮油调味,5,2026-06-28,28.98
100981,SKU82794,食用油,粮油调味,4,2026-06-28,77.22
100981,SKU20339,酱油,粮油调味,4,2026-06-28,77.76
100981,SKU19015,蛋糕粉,烘焙用品,5,2026-06-28,49.93
100981,SKU82423,醋,粮油调味,3,2026-06-28,57.35
100981,SKU52894,牙膏,日化清洁,3,2026-06-28,17.56
100982,SKU36830,火锅底料,火锅食材,5,2026-07-13,31.57
100982,SKU34968,丸子,火锅食材,3,2026-07-13,71.55
100982,SKU97916,肥牛卷,火锅食材,4,2026-07-13,15.13
100982,SKU42592,蔬菜拼盘,火锅食材,2,2026-07-13,5.58
100983,SKU40407,方便面,食品饮料,1,2026-04-10,4.44
100983,SKU64484,淡奶油,烘焙用品,4,2026-04-10,57.99
100983,SKU98447,白糖,粮油调味,5,2026-04-10,60.09
100984,SKU46776,苹果,生鲜蔬果,2,2026-07-26,46.82
100984,SKU16569,洗衣液,日化清洁,4,2026-07-26,61.0
100985,SKU49596,糖粉,烘焙用品,2,2026-03-26,79.5
100985,SKU17660,可乐,食品饮料,2,2026-03-26,67.79
100985,SKU58052,生菜,生鲜蔬果,2,2026-03-26,20.59
100985,SKU83280,油纸,烘焙用品,1,2026-03-26,15.58
100985,SKU65328,方便面,食品饮料,5,2026-03-26,75.71
100986,SKU30095,大米,粮油调味,2,2026-07-11,43.06
100986,SKU11221,食用油,粮油调味,5,2026-07-11,64.08
100986,SKU53278,酱油,粮油调味,2,2026-07-11,4.25
100986,SKU24130,盐,粮油调味,4,2026-07-11,47.17
100987,SKU67799,土豆,生鲜蔬果,3,2026-04-07,34.44
100987,SKU26102,蚝油,粮油调味,1,2026-04-07,59.52
100987,SKU57867,盐,粮油调味,4,2026-04-07,63.32
100988,SKU17427,丸子,火锅食材,2,2026-01-15,72.2
100988,SKU58522,沐浴露,日化清洁,2,2026-01-15,24.41
100988,SKU32680,洗衣液,日化清洁,2,2026-01-15,7.32
100989,SKU27276,肥牛卷,火锅食材,2,2026-04-24,23.86
100989,SKU48797,面粉,粮油调味,1,2026-04-24,12.78
100989,SKU86221,牛奶,食品饮料,4,2026-04-24,8.24
100989,SKU31370,白菜,生鲜蔬果,1,2026-04-24,10.0
100990,SKU43940,橙子,生鲜蔬果,4,2026-03-22,73.55
100990,SKU23315,肥皂,日化清洁,5,2026-03-22,38.62
100990,SKU74905,葡萄,生鲜蔬果,4,2026-03-22,52.45
100990,SKU64253,糖粉,烘焙用品,3,2026-03-22,66.51
100991,SKU67764,酱油,粮油调味,5,2026-02-20,70.17
100991,SKU71493,方便面,食品饮料,2,2026-02-20,63.72
100991,SKU18400,橙子,生鲜蔬果,2,2026-02-20,29.14
100991,SKU88485,拖把,日化清洁,2,2026-02-20,14.98
100991,SKU86668,垃圾袋,日化清洁,1,2026-02-20,64.81
100991,SKU79963,辣椒酱,粮油调味,3,2026-02-20,32.67
100992,SKU69161,洗发水,日化清洁,2,2026-05-23,51.29
100992,SKU20001,沐浴露,日化清洁,5,2026-05-23,62.25
100992,SKU21080,牙膏,日化清洁,2,2026-05-23,10.68
100992,SKU25627,虾仁,肉禽蛋品,1,2026-05-23,78.41
100992,SKU77307,酸奶,食品饮料,5,2026-05-23,38.26
100992,SKU55436,肥牛卷,火锅食材,1,2026-05-23,21.15
100993,SKU39561,橙子,生鲜蔬果,1,2026-09-14,64.44
100993,SKU23574,胡萝卜,生鲜蔬果,5,2026-09-14,14.63
100993,SKU90904,模具,烘焙用品,5,2026-09-14,77.82
100993,SKU33357,蔬菜拼盘,火锅食材,3,2026-09-14,56.47
100993,SKU24338,肥牛卷,火锅食材,5,2026-09-14,27.51
100993,SKU33003,果汁,食品饮料,4,2026-09-14,10.86
100994,SKU47914,酸奶,食品饮料,2,2026-03-16,4.65
100994,SKU59241,蚝油,粮油调味,2,2026-03-16,14.11
100994,SKU52008,模具,烘焙用品,2,2026-03-16,32.02
100994,SKU94678,酱油,粮油调味,3,2026-03-16,48.51
100995,SKU48591,西红柿,生鲜蔬果,2,2026-07-28,78.16
100995,SKU12427,蔬菜拼盘,火锅食材,3,2026-07-28,37.1
100995,SKU77969,盐,粮油调味,3,2026-07-28,41.67
100996,SKU59045,黄瓜,生鲜蔬果,2,2026-08-17,3.79
100996,SKU76517,饼干,食品饮料,5,2026-08-17,55.6
100996,SKU51054,油纸,烘焙用品,3,2026-08-17,8.5
100996,SKU68745,土豆,生鲜蔬果,2,2026-08-17,63.68
100997,SKU88346,蛋糕粉,烘焙用品,2,2026-08-09,75.97
100997,SKU45128,蛋挞皮,烘焙用品,3,2026-08-09,34.89
100997,SKU75274,白糖,粮油调味,2,2026-08-09,37.83
100998,SKU62345,纸巾,日化清洁,4,2026-08-11,9.2
100998,SKU28580,带鱼,肉禽蛋品,3,2026-08-11,44.79
100998,SKU95736,土豆,生鲜蔬果,5,2026-08-11,13.3
100999,SKU63806,带鱼,肉禽蛋品,1,2026-06-19,27.84
100999,SKU87517,可乐,食品饮料,2,2026-06-19,6.24
100999,SKU97141,鸭蛋,肉禽蛋品,3,2026-06-19,27.32
101000,SKU19961,带鱼,肉禽蛋品,1,2026-07-08,36.22
101000,SKU91723,淡奶油,烘焙用品,3,2026-07-08,54.07
101000,SKU97663,食用油,粮油调味,5,2026-07-08,5.08
101000,SKU35497,果汁,食品饮料,5,2026-07-08,29.15
101000,SKU39233,酱油,粮油调味,2,2026-07-08,58.74
101001,SKU30582,饼干,食品饮料,2,2026-09-25,57.24
101001,SKU20971,蘸料,火锅食材,1,2026-09-25,66.06
101002,SKU24765,蛋糕粉,烘焙用品,3,2026-03-28,42.37
101002,SKU67074,黄油,烘焙用品,3,2026-03-28,44.45
101002,SKU75470,淡奶油,烘焙用品,5,2026-03-28,35.12
101002,SKU11105,鸡蛋,肉禽蛋品,4,2026-03-28,25.94
101002,SKU24383,肥皂,日化清洁,1,2026-03-28,61.8
101003,SKU27506,洗发水,日化清洁,3,2026-09-11,79.14
101003,SKU60890,沐浴露,日化清洁,1,2026-09-11,6.28
101003,SKU75860,牙膏,日化清洁,2,2026-09-11,46.89
101003,SKU78736,拖把,日化清洁,4,2026-09-11,37.05
101004,SKU26947,洗洁精,日化清洁,1,2026-08-08,48.88
101004,SKU33631,拖把,日化清洁,2,2026-08-08,25.81
101004,SKU67162,黄油,烘焙用品,1,2026-08-08,50.01
101004,SKU35337,可乐,食品饮料,2,2026-08-08,16.79
101004,SKU18383,豆腐,火锅食材,2,2026-08-08,4.32
101004,SKU90181,巧克力,食品饮料,1,2026-08-08,24.89
101005,SKU24669,火锅底料,火锅食材,5,2026-05-18,62.48
101005,SKU90608,丸子,火锅食材,1,2026-05-18,39.27
101005,SKU63248,肥牛卷,火锅食材,4,2026-05-18,14.81
101005,SKU90342,鸭血,火锅食材,5,2026-05-18,49.92
101006,SKU82030,大米,粮油调味,2,2026-05-19,11.54
101006,SKU66621,鸭血,火锅食材,1,2026-05-19,7.39
101007,SKU31141,蛋糕粉,烘焙用品,3,2026-07-14,75.09
101007,SKU81299,黄油,烘焙用品,5,2026-07-14,28.92
101007,SKU22630,淡奶油,烘焙用品,4,2026-07-14,17.52
101007,SKU16083,鸡蛋,肉禽蛋品,1,2026-07-14,27.78
101007,SKU45409,西红柿,生鲜蔬果,3,2026-07-14,65.34
101007,SKU40794,葡萄,生鲜蔬果,2,2026-07-14,71.24
101008,SKU18185,大米,粮油调味,5,2026-09-23,62.08
101008,SKU79990,食用油,粮油调味,1,2026-09-23,37.73
101008,SKU69950,酱油,粮油调味,4,2026-09-23,15.63
101008,SKU39771,酵母,烘焙用品,4,2026-09-23,74.88
101008,SKU37106,面粉,粮油调味,2,2026-09-23,67.98
101009,SKU93230,料酒,粮油调味,1,2026-09-20,41.94
101009,SKU81084,丸子,火锅食材,1,2026-09-20,71.01
101009,SKU69621,淡奶油,烘焙用品,4,2026-09-20,16.63
101010,SKU30558,鸡蛋,肉禽蛋品,2,2026-02-08,54.11
101010,SKU89793,西红柿,生鲜蔬果,2,2026-02-08,72.31
101010,SKU80852,胡萝卜,生鲜蔬果,2,2026-02-08,10.63
101010,SKU39334,醋,粮油调味,5,2026-02-08,59.29
101011,SKU22448,生菜,生鲜蔬果,4,2026-06-06,40.96
101011,SKU92463,豆腐,火锅食材,1,2026-06-06,35.53
101011,SKU31895,丸子,火锅食材,3,2026-06-06,66.57
101011,SKU80546,洗洁精,日化清洁,1,2026-06-06,51.88
101011,SKU95745,土豆,生鲜蔬果,5,2026-06-06,10.73
101011,SKU19838,黄油,烘焙用品,3,2026-06-06,22.05
101012,SKU94312,鸭蛋,肉禽蛋品,5,2026-03-15,68.7
101012,SKU49178,模具,烘焙用品,2,2026-03-15,44.66
101012,SKU33356,毛肚,火锅食材,3,2026-03-15,53.88
101012,SKU29749,纸巾,日化清洁,1,2026-03-15,79.28
101012,SKU62330,酵母,烘焙用品,4,2026-03-15,32.02
101013,SKU87748,纸巾,日化清洁,3,2026-09-13,50.49
101013,SKU31300,鸡肉,肉禽蛋品,5,2026-09-13,71.62
101013,SKU88950,三文鱼,肉禽蛋品,3,2026-09-13,28.11
101013,SKU92349,洗洁精,日化清洁,3,2026-09-13,54.68
101013,SKU49041,香草精,烘焙用品,1,2026-09-13,61.83
101013,SKU89669,白糖,粮油调味,2,2026-09-13,47.61
101014,SKU49913,排骨,肉禽蛋品,4,2026-01-15,48.45
101014,SKU85247,胡萝卜,生鲜蔬果,1,2026-01-15,61.86
101014,SKU12830,土豆,生鲜蔬果,5,2026-01-15,33.52
101014,SKU88025,淡奶油,烘焙用品,5,2026-01-15,3.3
101015,SKU35367,面包,食品饮料,1,2026-08-10,76.43
101015,SKU49618,纸巾,日化清洁,5,2026-08-10,64.75
101015,SKU41789,可乐,食品饮料,1,2026-08-10,34.64
101015,SKU78024,黄油,烘焙用品,3,2026-08-10,67.59
101015,SKU86221,薯片,食品饮料,3,2026-08-10,18.88
101016,SKU31845,果汁,食品饮料,1,2026-09-26,64.01
101016,SKU11299,蘸料,火锅食材,5,2026-09-26,65.08
101016,SKU25501,白菜,生鲜蔬果,3,2026-09-26,77.29
101016,SKU28289,方便面,食品饮料,1,2026-09-26,15.63
101016,SKU62456,洗衣液,日化清洁,4,2026-09-26,6.01
101017,SKU43117,土豆,生鲜蔬果,2,2026-05-18,23.83
101017,SKU39024,蔬菜拼盘,火锅食材,3,2026-05-18,43.05
101018,SKU72092,醋,粮油调味,5,2026-01-18,48.82
101018,SKU23891,香蕉,生鲜蔬果,3,2026-01-18,67.17
101018,SKU41006,牙膏,日化清洁,5,2026-01-18,29.77
101018,SKU68599,丸子,火锅食材,1,2026-01-18,14.5
101018,SKU16192,巧克力,食品饮料,3,2026-01-18,73.47
101018,SKU99084,牛奶,食品饮料,1,2026-01-18,19.39
101019,SKU56849,可乐,食品饮料,2,2026-06-24,4.33
101019,SKU83132,薯片,食品饮料,4,2026-06-24,25.54
101019,SKU35111,饼干,食品饮料,3,2026-06-24,62.08
101019,SKU97158,纸巾,日化清洁,4,2026-06-24,78.36
101020,SKU79575,毛肚,火锅食材,1,2026-05-14,53.33
101020,SKU94245,丸子,火锅食材,4,2026-05-14,15.47
101021,SKU48748,洗衣液,日化清洁,1,2026-01-01,20.78
101021,SKU43038,纸巾,日化清洁,3,2026-01-01,76.13
101021,SKU15670,垃圾袋,日化清洁,2,2026-01-01,49.31
101021,SKU97197,肥皂,日化清洁,4,2026-01-01,40.26
101021,SKU83220,排骨,肉禽蛋品,3,2026-01-01,76.51
101022,SKU26521,矿泉水,食品饮料,2,2026-07-27,63.63
101022,SKU55114,苹果,生鲜蔬果,1,2026-07-27,27.92
101022,SKU72611,消毒液,日化清洁,5,2026-07-27,49.0
101023,SKU93257,酱油,粮油调味,3,2026-03-11,21.17
101023,SKU13853,排骨,肉禽蛋品,3,2026-03-11,36.85
101023,SKU72967,黄瓜,生鲜蔬果,3,2026-03-11,41.42
101024,SKU40377,肥皂,日化清洁,2,2026-07-10,10.42
101024,SKU10800,蚝油,粮油调味,5,2026-07-10,20.34
101024,SKU27980,芝士碎,烘焙用品,4,2026-07-10,66.94
101024,SKU55573,洗洁精,日化清洁,3,2026-07-10,28.64
101025,SKU96299,苹果,生鲜蔬果,2,2026-04-04,33.37
101025,SKU18911,香蕉,生鲜蔬果,2,2026-04-04,75.88
101025,SKU93898,橙子,生鲜蔬果,4,2026-04-04,21.24
101025,SKU70727,西红柿,生鲜蔬果,2,2026-04-04,51.76
101026,SKU98487,蘸料,火锅食材,5,2026-08-06,27.72
101026,SKU32409,蔬菜拼盘,火锅食材,3,2026-08-06,45.67
101026,SKU50012,酸奶,食品饮料,2,2026-08-06,48.0
101026,SKU55387,沐浴露,日化清洁,2,2026-08-06,55.46
101027,SKU58266,黄油,烘焙用品,5,2026-03-23,28.23
101027,SKU18724,鸭蛋,肉禽蛋品,5,2026-03-23,9.47
101028,SKU71815,橙子,生鲜蔬果,4,2026-01-11,26.66
101028,SKU93706,垃圾袋,日化清洁,2,2026-01-11,61.88
101028,SKU28500,巧克力,食品饮料,2,2026-01-11,30.46
101028,SKU79327,牛肉,肉禽蛋品,3,2026-01-11,36.75
101028,SKU70456,方便面,食品饮料,3,2026-01-11,11.63
101028,SKU49358,香草精,烘焙用品,1,2026-01-11,30.44
101029,SKU76918,苹果,生鲜蔬果,3,2026-08-07,20.82
101029,SKU35589,香蕉,生鲜蔬果,5,2026-08-07,5.33
101029,SKU65218,橙子,生鲜蔬果,1,2026-08-07,43.8
101030,SKU77237,牛奶,食品饮料,4,2026-02-28,75.1
101030,SKU32948,粉丝,火锅食材,4,2026-02-28,41.96
101030,SKU32818,酱油,粮油调味,5,2026-02-28,8.26
101031,SKU18204,可乐,食品饮料,2,2026-08-18,27.33
101031,SKU68349,芝士碎,烘焙用品,3,2026-08-18,16.98
101032,SKU77093,洗衣液,日化清洁,5,2026-05-14,6.85
101032,SKU56693,纸巾,日化清洁,5,2026-05-14,69.49
101032,SKU34640,垃圾袋,日化清洁,4,2026-05-14,55.79
101032,SKU60006,蚝油,粮油调味,3,2026-05-14,24.5
101032,SKU72808,丸子,火锅食材,4,2026-05-14,9.75
101033,SKU61911,蛋糕粉,烘焙用品,2,2026-08-24,19.16
101033,SKU85443,黄油,烘焙用品,2,2026-08-24,48.25
101033,SKU92458,淡奶油,烘焙用品,3,2026-08-24,71.43
101033,SKU54755,鸡蛋,肉禽蛋品,4,2026-08-24,23.17
101033,SKU85381,生菜,生鲜蔬果,1,2026-08-24,49.94
101033,SKU14840,巧克力,食品饮料,5,2026-08-24,63.85
101034,SKU21139,洗发水,日化清洁,2,2026-02-02,10.33
101034,SKU96975,丸子,火锅食材,5,2026-02-02,48.77
101034,SKU47681,辣椒酱,粮油调味,5,2026-02-02,25.37
101034,SKU61100,土豆,生鲜蔬果,2,2026-02-02,53.09
101034,SKU77449,豆腐,火锅食材,3,2026-02-02,59.68
101034,SKU97817,蔬菜拼盘,火锅食材,5,2026-02-02,25.91
101035,SKU78144,蛋糕粉,烘焙用品,5,2026-08-19,29.84
101035,SKU24570,黄油,烘焙用品,2,2026-08-19,75.8
101035,SKU28803,淡奶油,烘焙用品,5,2026-08-19,6.95
101035,SKU86520,鸡蛋,肉禽蛋品,1,2026-08-19,36.97
101035,SKU89849,肥皂,日化清洁,4,2026-08-19,59.3
101035,SKU49221,肥牛卷,火锅食材,1,2026-08-19,66.14
101035,SKU93794,牙膏,日化清洁,5,2026-08-19,44.61
101036,SKU37015,豆腐,火锅食材,1,2026-08-03,63.82
101036,SKU30955,矿泉水,食品饮料,4,2026-08-03,41.22
101036,SKU78599,方便面,食品饮料,5,2026-08-03,79.61
101036,SKU38526,牙膏,日化清洁,1,2026-08-03,9.39
101037,SKU74446,芝士碎,烘焙用品,5,2026-01-07,21.92
101037,SKU54113,蘸料,火锅食材,5,2026-01-07,9.14
101037,SKU12970,鸭蛋,肉禽蛋品,5,2026-01-07,3.87
101037,SKU85085,猪肉,肉禽蛋品,5,2026-01-07,53.57
101038,SKU65735,排骨,肉禽蛋品,2,2026-03-27,46.14
101038,SKU38968,胡萝卜,生鲜蔬果,4,2026-03-27,48.06
101038,SKU96113,土豆,生鲜蔬果,3,2026-03-27,9.89
101038,SKU80577,橙子,生鲜蔬果,3,2026-03-27,60.33
101038,SKU70906,肥皂,日化清洁,1,2026-03-27,61.1
101038,SKU97678,洗衣液,日化清洁,1,2026-03-27,62.2
101039,SKU86610,可乐,食品饮料,1,2026-06-07,47.33
101039,SKU79813,薯片,食品饮料,1,2026-06-07,3.8
101039,SKU72168,饼干,食品饮料,2,2026-06-07,68.67
101039,SKU51307,排骨,肉禽蛋品,3,2026-06-07,13.35
101040,SKU80125,可乐,食品饮料,5,2026-06-04,28.26
101040,SKU26124,薯片,食品饮料,1,2026-06-04,68.88
101040,SKU17994,饼干,食品饮料,1,2026-06-04,24.82
101040,SKU70429,葡萄,生鲜蔬果,2,2026-06-04,26.05
101041,SKU28331,大米,粮油调味,4,2026-04-13,61.33
101041,SKU55702,食用油,粮油调味,4,2026-04-13,9.07
101041,SKU62552,酱油,粮油调味,5,2026-04-13,58.49
101041,SKU56298,豆腐,火锅食材,5,2026-04-13,21.89
101041,SKU17910,羊肉卷,火锅食材,2,2026-04-13,64.48
101041,SKU81375,白糖,粮油调味,1,2026-04-13,51.25
101042,SKU60572,牛肉,肉禽蛋品,1,2026-06-28,53.1
101042,SKU73877,垃圾袋,日化清洁,4,2026-06-28,21.43
101042,SKU55444,果汁,食品饮料,5,2026-06-28,17.32
101042,SKU48034,香草精,烘焙用品,1,2026-06-28,10.8
101042,SKU98977,酸奶,食品饮料,2,2026-06-28,33.25
101043,SKU13692,洗发水,日化清洁,4,2026-01-22,16.99
101043,SKU65289,沐浴露,日化清洁,2,2026-01-22,44.94
101043,SKU54972,牙膏,日化清洁,4,2026-01-22,34.56
101043,SKU78319,火锅底料,火锅食材,2,2026-01-22,25.71
101044,SKU70532,生菜,生鲜蔬果,1,2026-02-13,51.01
101044,SKU36835,淡奶油,烘焙用品,3,2026-02-13,51.86
101044,SKU93206,胡萝卜,生鲜蔬果,3,2026-02-13,44.23
101044,SKU44812,苹果,生鲜蔬果,3,2026-02-13,34.54
101045,SKU38048,醋,粮油调味,1,2026-01-12,13.42
101045,SKU73780,蔬菜拼盘,火锅食材,1,2026-01-12,23.33
101046,SKU40135,鸡蛋,肉禽蛋品,5,2026-07-07,61.13
101046,SKU37710,方便面,食品饮料,5,2026-07-07,27.41
101046,SKU85383,蘸料,火锅食材,1,2026-07-07,47.3
101046,SKU62708,饼干,食品饮料,1,2026-07-07,35.22
101046,SKU96412,模具,烘焙用品,3,2026-07-07,56.53
101046,SKU10471,鸭蛋,肉禽蛋品,5,2026-07-07,51.26
101047,SKU41081,鸭血,火锅食材,3,2026-03-06,11.62
101047,SKU69464,模具,烘焙用品,3,2026-03-06,44.4
101047,SKU26159,饼干,食品饮料,2,2026-03-06,68.13
101047,SKU35761,洗衣液,日化清洁,4,2026-03-06,23.47
101048,SKU87417,排骨,肉禽蛋品,3,2026-01-21,75.93
101048,SKU18520,鸡蛋,肉禽蛋品,5,2026-01-21,61.52
101048,SKU81876,拖把,日化清洁,5,2026-01-21,40.99
101048,SKU57073,饼干,食品饮料,4,2026-01-21,37.13
101048,SKU40675,苹果,生鲜蔬果,5,2026-01-21,20.13
101048,SKU72245,盐,粮油调味,2,2026-01-21,34.16
101049,SKU24774,辣椒酱,粮油调味,5,2026-08-01,3.96
101049,SKU93481,黄瓜,生鲜蔬果,3,2026-08-01,17.86
101050,SKU15179,蛋糕粉,烘焙用品,3,2026-07-01,63.64
101050,SKU32332,黄油,烘焙用品,3,2026-07-01,8.22
101050,SKU90112,淡奶油,烘焙用品,2,2026-07-01,71.87
101050,SKU56674,鸡蛋,肉禽蛋品,1,2026-07-01,58.76
101050,SKU10959,三文鱼,肉禽蛋品,4,2026-07-01,38.56
101050,SKU18688,沐浴露,日化清洁,3,2026-07-01,61.36
101051,SKU94311,饼干,食品饮料,2,2026-01-02,67.69
101051,SKU73271,鸡肉,肉禽蛋品,1,2026-01-02,7.58
101051,SKU93137,料酒,粮油调味,5,2026-01-02,26.84
101051,SKU46313,大米,粮油调味,2,2026-01-02,14.1
101051,SKU13691,肥皂,日化清洁,5,2026-01-02,76.31
101052,SKU20240,可乐,食品饮料,2,2026-09-16,16.66
101052,SKU28894,薯片,食品饮料,4,2026-09-16,67.83
101052,SKU44736,饼干,食品饮料,2,2026-09-16,25.3
101052,SKU23065,淡奶油,烘焙用品,2,2026-09-16,16.27
101052,SKU91508,白糖,粮油调味,1,2026-09-16,44.08
101053,SKU11572,可乐,食品饮料,2,2026-01-02,6.87
101053,SKU68805,薯片,食品饮料,2,2026-01-02,45.05
101053,SKU29850,饼干,食品饮料,2,2026-01-02,7.32
101053,SKU53938,芝士碎,烘焙用品,1,2026-01-02,5.45
101053,SKU64277,鸡肉,肉禽蛋品,2,2026-01-02,33.1
101053,SKU57237,消毒液,日化清洁,2,2026-01-02,8.4
101054,SKU74871,白菜,生鲜蔬果,1,2026-04-14,7.61
101054,SKU83804,黄瓜,生鲜蔬果,2,2026-04-14,13.52
101054,SKU70475,洗发水,日化清洁,1,2026-04-14,5.0
101054,SKU21727,油纸,烘焙用品,2,2026-04-14,50.38
101054,SKU14536,火锅底料,火锅食材,2,2026-04-14,60.95
101054,SKU22258,洗衣液,日化清洁,4,2026-04-14,16.22
101055,SKU25722,香蕉,生鲜蔬果,4,2026-02-07,13.98
101055,SKU43277,鸭血,火锅食材,1,2026-02-07,64.93
101055,SKU46612,火锅底料,火锅食材,3,2026-02-07,70.0
101055,SKU75008,胡萝卜,生鲜蔬果,4,2026-02-07,64.01
101055,SKU81717,拖把,日化清洁,1,2026-02-07,46.85
101056,SKU49522,面包,食品饮料,2,2026-02-16,66.53
101056,SKU27268,巧克力,食品饮料,3,2026-02-16,68.98
101056,SKU22169,酸奶,食品饮料,2,2026-02-16,30.76
101056,SKU54868,淡奶油,烘焙用品,4,2026-02-16,4.19
101056,SKU87032,橙子,生鲜蔬果,2,2026-02-16,19.53
101057,SKU59260,牛奶,食品饮料,4,2026-05-25,71.01
101057,SKU98395,面包,食品饮料,5,2026-05-25,4.74
101057,SKU91986,饼干,食品饮料,2,2026-05-25,35.39
101057,SKU39445,巧克力,食品饮料,3,2026-05-25,27.32
101057,SKU20341,香草精,烘焙用品,2,2026-05-25,39.22
101058,SKU27224,白菜,生鲜蔬果,1,2026-08-20,32.43
101058,SKU97479,三文鱼,肉禽蛋品,1,2026-08-20,11.19
101058,SKU80388,饼干,食品饮料,1,2026-08-20,27.61
101058,SKU21916,沐浴露,日化清洁,5,2026-08-20,74.01
101058,SKU80843,纸巾,日化清洁,2,2026-08-20,65.02
101058,SKU47425,粉丝,火锅食材,4,2026-08-20,79.49
101059,SKU59724,洗发水,日化清洁,2,2026-09-14,19.47
101059,SKU75562,沐浴露,日化清洁,1,2026-09-14,72.9
101059,SKU69793,牙膏,日化清洁,5,2026-09-14,23.73
101059,SKU40241,鸭血,火锅食材,3,2026-09-14,4.82
101059,SKU83071,酵母,烘焙用品,4,2026-09-14,66.21
101060,SKU15716,牛奶,食品饮料,1,2026-02-19,36.66
101060,SKU79348,面包,食品饮料,1,2026-02-19,34.08
101060,SKU91962,果汁,食品饮料,2,2026-02-19,33.26
101060,SKU52734,鸡翅,肉禽蛋品,2,2026-02-19,67.19
101061,SKU79177,芝士碎,烘焙用品,1,2026-04-09,20.25
101061,SKU66582,饼干,食品饮料,4,2026-04-09,27.53
101061,SKU11275,香草精,烘焙用品,2,2026-04-09,14.4
101061,SKU31823,香蕉,生鲜蔬果,2,2026-04-09,8.08
101061,SKU74443,毛肚,火锅食材,2,2026-04-09,60.25
101061,SKU57091,大米,粮油调味,2,2026-04-09,69.7
101062,SKU59401,西红柿,生鲜蔬果,1,2026-06-01,45.24
101062,SKU62862,葡萄,生鲜蔬果,2,2026-06-01,64.08
101062,SKU24579,土豆,生鲜蔬果,4,2026-06-01,21.42
101063,SKU22103,牛肉,肉禽蛋品,1,2026-01-01,47.63
101063,SKU92283,排骨,肉禽蛋品,4,2026-01-01,46.71
101063,SKU28201,面包,食品饮料,2,2026-01-01,66.17
101063,SKU69866,蘸料,火锅食材,4,2026-01-01,18.52
101063,SKU85650,黄油,烘焙用品,5,2026-01-01,54.84
101063,SKU90973,西红柿,生鲜蔬果,4,2026-01-01,59.98
101064,SKU43818,大米,粮油调味,5,2026-01-13,35.74
101064,SKU16640,食用油,粮油调味,4,2026-01-13,21.86
101064,SKU87265,酱油,粮油调味,1,2026-01-13,73.94
101064,SKU38720,蔬菜拼盘,火锅食材,5,2026-01-13,24.35
101064,SKU22685,猪肉,肉禽蛋品,2,2026-01-13,36.46
101065,SKU58415,火锅底料,火锅食材,5,2026-04-15,45.76
101065,SKU28549,丸子,火锅食材,3,2026-04-15,28.39
101065,SKU50507,肥牛卷,火锅食材,5,2026-04-15,77.14
101065,SKU34787,猪肉,肉禽蛋品,2,2026-04-15,77.9
101065,SKU97127,洗衣液,日化清洁,3,2026-04-15,64.98
101065,SKU36667,牛肉,肉禽蛋品,1,2026-04-15,8.27
101066,SKU85334,可乐,食品饮料,3,2026-06-25,31.88
101066,SKU47143,薯片,食品饮料,5,2026-06-25,48.99
101066,SKU45826,饼干,食品饮料,5,2026-06-25,71.57
101066,SKU29434,白菜,生鲜蔬果,4,2026-06-25,36.26
101066,SKU82159,香草精,烘焙用品,1,2026-06-25,10.35
101067,SKU29950,三文鱼,肉禽蛋品,1,2026-03-09,56.03
101067,SKU77284,蔬菜拼盘,火锅食材,2,2026-03-09,53.25
101068,SKU75640,西红柿,生鲜蔬果,1,2026-08-20,43.88
101068,SKU52567,带鱼,肉禽蛋品,1,2026-08-20,41.26
101068,SKU56990,蛋糕粉,烘焙用品,2,2026-08-20,39.0
101068,SKU30941,虾仁,肉禽蛋品,2,2026-08-20,34.69
101069,SKU22412,黄瓜,生鲜蔬果,1,2026-04-12,15.28
101069,SKU82307,果汁,食品饮料,5,2026-04-12,76.18
101070,SKU62111,生菜,生鲜蔬果,3,2026-06-04,54.25
101070,SKU17973,食用油,粮油调味,1,2026-06-04,71.02
101070,SKU38713,洗洁精,日化清洁,4,2026-06-04,49.32
101070,SKU63529,沐浴露,日化清洁,1,2026-06-04,23.37
101070,SKU26749,土豆,生鲜蔬果,1,2026-06-04,7.14
101071,SKU92201,牛肉,肉禽蛋品,5,2026-09-08,59.6
101071,SKU21740,白菜,生鲜蔬果,4,2026-09-08,8.29
101071,SKU44667,食用油,粮油调味,2,2026-09-08,5.26
101071,SKU11511,盐,粮油调味,5,2026-09-08,58.08
101071,SKU67045,鸡翅,肉禽蛋品,4,2026-09-08,59.63
101072,SKU64914,巧克力,食品饮料,2,2026-06-08,78.34
101072,SKU49301,消毒液,日化清洁,2,2026-06-08,68.61
101072,SKU13296,香蕉,生鲜蔬果,4,2026-06-08,66.54
101072,SKU53633,食用油,粮油调味,1,2026-06-08,50.9
101073,SKU83181,洗衣液,日化清洁,3,2026-04-01,21.09
101073,SKU63717,纸巾,日化清洁,4,2026-04-01,9.4
101073,SKU51661,垃圾袋,日化清洁,5,2026-04-01,16.02
101073,SKU26543,巧克力,食品饮料,1,2026-04-01,60.71
101073,SKU34021,肥牛卷,火锅食材,4,2026-04-01,54.45
101073,SKU10497,带鱼,肉禽蛋品,4,2026-04-01,37.89
101074,SKU91448,沐浴露,日化清洁,1,2026-09-13,76.64
101074,SKU63578,黄油,烘焙用品,4,2026-09-13,71.06
101074,SKU45332,带鱼,肉禽蛋品,5,2026-09-13,37.03
101074,SKU71221,鸡翅,肉禽蛋品,5,2026-09-13,25.6
101074,SKU85783,薯片,食品饮料,1,2026-09-13,54.0
101075,SKU49755,牛奶,食品饮料,1,2026-01-21,65.08
101075,SKU49496,面包,食品饮料,5,2026-01-21,46.55
101075,SKU51052,淡奶油,烘焙用品,2,2026-01-21,12.67
101076,SKU24478,牛奶,食品饮料,5,2026-05-26,14.73
101076,SKU93518,面包,食品饮料,2,2026-05-26,9.69
101076,SKU89246,酵母,烘焙用品,4,2026-05-26,67.95
101076,SKU43656,消毒液,日化清洁,3,2026-05-26,15.6
101077,SKU35633,可乐,食品饮料,5,2026-03-01,40.97
101077,SKU79624,牛肉,肉禽蛋品,5,2026-03-01,45.38
101077,SKU10330,排骨,肉禽蛋品,2,2026-03-01,38.7
101077,SKU39536,鸡肉,肉禽蛋品,4,2026-03-01,20.98
101078,SKU65020,毛肚,火锅食材,5,2026-06-22,24.35
101078,SKU63104,食用油,粮油调味,5,2026-06-22,4.79
101078,SKU12396,生菜,生鲜蔬果,4,2026-06-22,22.99
101078,SKU23206,豆腐,火锅食材,3,2026-06-22,68.2
101079,SKU34443,大米,粮油调味,1,2026-01-06,64.77
101079,SKU25527,食用油,粮油调味,2,2026-01-06,69.47
101079,SKU90124,酱油,粮油调味,4,2026-01-06,6.92
101079,SKU41420,盐,粮油调味,5,2026-01-06,35.64
101079,SKU94129,薯片,食品饮料,4,2026-01-06,13.96
101080,SKU36429,牛奶,食品饮料,1,2026-09-13,79.96
101080,SKU82189,面包,食品饮料,1,2026-09-13,48.79
101080,SKU16487,大米,粮油调味,5,2026-09-13,50.96
101081,SKU72238,黄瓜,生鲜蔬果,3,2026-02-03,73.76
101081,SKU75061,白糖,粮油调味,1,2026-02-03,21.53
101082,SKU16675,酵母,烘焙用品,5,2026-02-19,78.29
101082,SKU86262,香蕉,生鲜蔬果,5,2026-02-19,22.89
101082,SKU93379,鸡蛋,肉禽蛋品,3,2026-02-19,68.1
101082,SKU53077,拖把,日化清洁,4,2026-02-19,66.25
101082,SKU92403,带鱼,肉禽蛋品,3,2026-02-19,73.94
101082,SKU67350,纸巾,日化清洁,1,2026-02-19,8.93
101083,SKU98604,蛋糕粉,烘焙用品,2,2026-06-08,45.97
101083,SKU10453,黄油,烘焙用品,4,2026-06-08,43.24
101083,SKU71339,淡奶油,烘焙用品,4,2026-06-08,13.6
101083,SKU39713,鸡蛋,肉禽蛋品,5,2026-06-08,61.55
101083,SKU64460,排骨,肉禽蛋品,4,2026-06-08,11.62
101083,SKU82420,土豆,生鲜蔬果,1,2026-06-08,35.86
101083,SKU90683,火锅底料,火锅食材,5,2026-06-08,11.55
101084,SKU80185,洗衣液,日化清洁,4,2026-08-27,62.67
101084,SKU39712,纸巾,日化清洁,2,2026-08-27,40.36
101084,SKU64948,垃圾袋,日化清洁,1,2026-08-27,37.45
101084,SKU10914,拖把,日化清洁,5,2026-08-27,69.47
101084,SKU81700,面包,食品饮料,2,2026-08-27,64.47
101084,SKU81963,丸子,火锅食材,1,2026-08-27,54.88
101085,SKU97704,洗发水,日化清洁,2,2026-06-26,53.15
101085,SKU27688,沐浴露,日化清洁,3,2026-06-26,17.95
101085,SKU34408,牙膏,日化清洁,2,2026-06-26,70.48
101085,SKU25930,黄瓜,生鲜蔬果,2,2026-06-26,77.71
101086,SKU71886,可乐,食品饮料,3,2026-07-19,33.68
101086,SKU67997,薯片,食品饮料,1,2026-07-19,32.95
101086,SKU91231,饼干,食品饮料,3,2026-07-19,8.1
101086,SKU57798,消毒液,日化清洁,1,2026-07-19,21.93
101086,SKU17198,纸巾,日化清洁,2,2026-07-19,9.89
101086,SKU49084,模具,烘焙用品,1,2026-07-19,67.58
101087,SKU95036,排骨,肉禽蛋品,2,2026-03-13,31.03
101087,SKU30518,胡萝卜,生鲜蔬果,5,2026-03-13,62.05
101087,SKU24746,土豆,生鲜蔬果,3,2026-03-13,68.34
101087,SKU39115,料酒,粮油调味,5,2026-03-13,44.44
101088,SKU24042,毛肚,火锅食材,1,2026-03-10,26.21
101088,SKU19777,生菜,生鲜蔬果,4,2026-03-10,49.25
101088,SKU39967,蚝油,粮油调味,1,2026-03-10,27.36
101088,SKU58273,白菜,生鲜蔬果,1,2026-03-10,14.35
101089,SKU90539,拖把,日化清洁,2,2026-02-13,54.42
101089,SKU82083,果汁,食品饮料,3,2026-02-13,20.92
101089,SKU52710,黄油,烘焙用品,1,2026-02-13,10.2
101089,SKU46193,酸奶,食品饮料,1,2026-02-13,66.15
101090,SKU42346,蛋糕粉,烘焙用品,1,2026-08-14,27.64
101090,SKU24570,黄油,烘焙用品,5,2026-08-14,28.95
101090,SKU20008,淡奶油,烘焙用品,2,2026-08-14,45.04
101090,SKU53190,鸡蛋,肉禽蛋品,4,2026-08-14,72.89
101090,SKU87630,毛肚,火锅食材,1,2026-08-14,13.32
101090,SKU75241,蛋挞皮,烘焙用品,3,2026-08-14,61.91
101091,SKU88454,西红柿,生鲜蔬果,1,2026-09-04,61.71
101091,SKU60246,鸡蛋,肉禽蛋品,4,2026-09-04,15.38
101091,SKU48367,黄瓜,生鲜蔬果,1,2026-09-04,14.82
101091,SKU58471,消毒液,日化清洁,4,2026-09-04,61.4
101092,SKU36682,虾仁,肉禽蛋品,1,2026-05-14,5.1
101092,SKU70797,苹果,生鲜蔬果,1,2026-05-14,66.67
101092,SKU44547,纸巾,日化清洁,1,2026-05-14,30.85
101092,SKU94045,生菜,生鲜蔬果,4,2026-05-14,43.93
101092,SKU18021,糖粉,烘焙用品,2,2026-05-14,40.05
101093,SKU19554,辣椒酱,粮油调味,4,2026-04-04,25.83
101093,SKU52508,豆腐,火锅食材,3,2026-04-04,41.75
101093,SKU60242,土豆,生鲜蔬果,4,2026-04-04,54.72
101093,SKU32643,酱油,粮油调味,1,2026-04-04,15.47
101094,SKU49355,豆腐,火锅食材,5,2026-06-09,42.75
101094,SKU66178,黄油,烘焙用品,1,2026-06-09,37.55
101094,SKU68368,虾仁,肉禽蛋品,3,2026-06-09,13.48
101094,SKU28850,香草精,烘焙用品,4,2026-06-09,55.61
101094,SKU37069,酱油,粮油调味,4,2026-06-09,75.81
101095,SKU66523,火锅底料,火锅食材,2,2026-06-07,71.77
101095,SKU89610,酵母,烘焙用品,5,2026-06-07,67.36
101095,SKU98057,三文鱼,肉禽蛋品,1,2026-06-07,34.3
101095,SKU77765,纸巾,日化清洁,1,2026-06-07,64.39
101095,SKU87505,鸡翅,肉禽蛋品,5,2026-06-07,79.51
101096,SKU13329,大米,粮油调味,1,2026-04-06,29.71
101096,SKU89165,食用油,粮油调味,5,2026-04-06,75.66
101096,SKU85721,酱油,粮油调味,2,2026-04-06,39.52
101096,SKU52909,牛奶,食品饮料,4,2026-04-06,60.15
101096,SKU66238,方便面,食品饮料,5,2026-04-06,68.74
101097,SKU75561,洗衣液,日化清洁,1,2026-05-25,59.73
101097,SKU75511,纸巾,日化清洁,5,2026-05-25,70.9
101097,SKU30812,垃圾袋,日化清洁,3,2026-05-25,29.51
101097,SKU86899,洗洁精,日化清洁,4,2026-05-25,68.49
101097,SKU79070,淡奶油,烘焙用品,1,2026-05-25,21.58
101097,SKU33714,香草精,烘焙用品,3,2026-05-25,14.33
101098,SKU32995,模具,烘焙用品,1,2026-08-07,57.37
101098,SKU23948,白糖,粮油调味,2,2026-08-07,40.13
101098,SKU58626,酱油,粮油调味,1,2026-08-07,67.37
101099,SKU81197,鸡蛋,肉禽蛋品,2,2026-08-14,50.49
101099,SKU45154,蛋挞皮,烘焙用品,3,2026-08-14,11.78
101099,SKU82542,面粉,粮油调味,5,2026-08-14,34.12
101099,SKU33032,葡萄,生鲜蔬果,2,2026-08-14,5.49
101099,SKU85836,果汁,食品饮料,1,2026-08-14,67.34
101100,SKU11823,酱油,粮油调味,5,2026-01-07,64.19
101100,SKU44883,白菜,生鲜蔬果,1,2026-01-07,79.76
101100,SKU45210,淡奶油,烘焙用品,2,2026-01-07,55.25
101101,SKU12533,可乐,食品饮料,4,2026-08-27,71.03
101101,SKU20536,薯片,食品饮料,2,2026-08-27,65.08
101101,SKU68412,饼干,食品饮料,4,2026-08-27,74.14
101101,SKU99817,白菜,生鲜蔬果,1,2026-08-27,71.39
101101,SKU48168,胡萝卜,生鲜蔬果,1,2026-08-27,75.48
101101,SKU34215,香草精,烘焙用品,5,2026-08-27,18.27
101102,SKU46521,薯片,食品饮料,4,2026-07-27,15.31
101102,SKU41675,消毒液,日化清洁,4,2026-07-27,36.36
101102,SKU39136,蚝油,粮油调味,5,2026-07-27,3.41
101102,SKU62127,鸭蛋,肉禽蛋品,5,2026-07-27,5.5
101103,SKU70557,大米,粮油调味,5,2026-06-09,20.31
101103,SKU74652,食用油,粮油调味,2,2026-06-09,79.33
101103,SKU21404,酱油,粮油调味,2,2026-06-09,44.65
101103,SKU25449,洗洁精,日化清洁,2,2026-06-09,71.9
101103,SKU95487,鸡蛋,肉禽蛋品,4,2026-06-09,20.11
101103,SKU83821,蚝油,粮油调味,1,2026-06-09,25.98
101104,SKU69456,可乐,食品饮料,3,2026-07-02,66.45
101104,SKU49809,薯片,食品饮料,2,2026-07-02,45.58
101104,SKU87085,饼干,食品饮料,3,2026-07-02,78.25
101104,SKU92129,酵母,烘焙用品,4,2026-07-02,23.39
101104,SKU69328,香草精,烘焙用品,5,2026-07-02,31.77
101104,SKU81582,蛋糕粉,烘焙用品,1,2026-07-02,41.94
101105,SKU97176,羊肉卷,火锅食材,1,2026-07-10,45.01
101105,SKU32512,垃圾袋,日化清洁,1,2026-07-10,46.51
101105,SKU34401,淡奶油,烘焙用品,5,2026-07-10,6.58
101105,SKU49228,土豆,生鲜蔬果,1,2026-07-10,72.62
101105,SKU46633,面粉,粮油调味,2,2026-07-10,50.72
101106,SKU35221,蚝油,粮油调味,2,2026-05-18,29.83
101106,SKU10859,食用油,粮油调味,2,2026-05-18,18.88
101107,SKU17782,牛奶,食品饮料,3,2026-03-08,29.49
101107,SKU39654,面包,食品饮料,1,2026-03-08,50.6
101107,SKU99515,肥皂,日化清洁,3,2026-03-08,24.84
101108,SKU42281,毛肚,火锅食材,2,2026-01-08,25.68
101108,SKU87607,可乐,食品饮料,4,2026-01-08,73.77
101108,SKU80438,白糖,粮油调味,4,2026-01-08,13.18
101108,SKU80564,醋,粮油调味,1,2026-01-08,29.71
101108,SKU45319,酸奶,食品饮料,2,2026-01-08,12.43
101108,SKU85993,粉丝,火锅食材,3,2026-01-08,9.97
101109,SKU62623,蛋糕粉,烘焙用品,2,2026-01-15,77.46
101109,SKU70265,洗衣液,日化清洁,2,2026-01-15,8.79
101109,SKU46419,三文鱼,肉禽蛋品,3,2026-01-15,48.28
101109,SKU11951,葡萄,生鲜蔬果,2,2026-01-15,8.05
101109,SKU45153,排骨,肉禽蛋品,4,2026-01-15,17.03
101109,SKU68738,虾仁,肉禽蛋品,1,2026-01-15,46.61
101110,SKU40025,鸡翅,肉禽蛋品,4,2026-06-20,37.37
101110,SKU40424,酱油,粮油调味,1,2026-06-20,40.08
101111,SKU23485,火锅底料,火锅食材,4,2026-07-05,22.39
101111,SKU91370,洗衣液,日化清洁,2,2026-07-05,56.99
101111,SKU39958,带鱼,肉禽蛋品,4,2026-07-05,12.28
101111,SKU87737,鸭血,火锅食材,1,2026-07-05,3.35
101112,SKU18230,饼干,食品饮料,2,2026-03-22,57.3
101112,SKU53498,洗衣液,日化清洁,3,2026-03-22,56.21
101112,SKU22332,三文鱼,肉禽蛋品,3,2026-03-22,3.76
101112,SKU28294,蔬菜拼盘,火锅食材,3,2026-03-22,19.16
101112,SKU23771,葡萄,生鲜蔬果,1,2026-03-22,47.81
101112,SKU16470,醋,粮油调味,3,2026-03-22,21.31
101113,SKU30096,油纸,烘焙用品,3,2026-09-28,69.22
101113,SKU40967,三文鱼,肉禽蛋品,1,2026-09-28,41.63
101113,SKU98526,方便面,食品饮料,3,2026-09-28,51.38
101113,SKU80739,蔬菜拼盘,火锅食材,3,2026-09-28,56.93
101113,SKU10973,鸡翅,肉禽蛋品,1,2026-09-28,48.48
101113,SKU73321,肥皂,日化清洁,3,2026-09-28,62.42
101114,SKU90938,盐,粮油调味,3,2026-08-02,10.34
101114,SKU71246,白糖,粮油调味,1,2026-08-02,15.78
101114,SKU66792,牛奶,食品饮料,5,2026-08-02,54.24
101114,SKU78126,面粉,粮油调味,3,2026-08-02,7.41
101114,SKU57091,芝士碎,烘焙用品,3,2026-08-02,52.01
101115,SKU72629,洗发水,日化清洁,4,2026-09-17,57.72
101115,SKU32531,沐浴露,日化清洁,2,2026-09-17,34.15
101115,SKU44881,牙膏,日化清洁,1,2026-09-17,59.95
101115,SKU96305,洗洁精,日化清洁,4,2026-09-17,40.13
101116,SKU82803,洗衣液,日化清洁,5,2026-03-12,33.17
101116,SKU55922,纸巾,日化清洁,2,2026-03-12,16.29
101116,SKU79898,垃圾袋,日化清洁,1,2026-03-12,61.13
101116,SKU96990,肥皂,日化清洁,2,2026-03-12,30.16
101116,SKU49305,猪肉,肉禽蛋品,4,2026-03-12,15.94
101117,SKU32220,面包,食品饮料,1,2026-08-06,68.53
101117,SKU45851,酱油,粮油调味,2,2026-08-06,21.92
101117,SKU85156,黄瓜,生鲜蔬果,1,2026-08-06,25.14
101118,SKU63727,牛奶,食品饮料,4,2026-03-20,6.06
101118,SKU54917,面包,食品饮料,4,2026-03-20,3.02
101118,SKU57357,酵母,烘焙用品,1,2026-03-20,77.14
101118,SKU18749,蛋糕粉,烘焙用品,4,2026-03-20,17.95
101118,SKU94805,面粉,粮油调味,4,2026-03-20,67.37
101119,SKU33283,胡萝卜,生鲜蔬果,2,2026-01-01,44.48
101119,SKU70775,橙子,生鲜蔬果,2,2026-01-01,15.34
101119,SKU87579,猪肉,肉禽蛋品,1,2026-01-01,9.69
101119,SKU10758,蚝油,粮油调味,2,2026-01-01,32.44
101119,SKU12787,酸奶,食品饮料,1,2026-01-01,35.33
101119,SKU73681,肥皂,日化清洁,5,2026-01-01,14.05
101120,SKU67137,可乐,食品饮料,1,2026-01-11,39.5
101120,SKU38624,薯片,食品饮料,2,2026-01-11,33.1
101120,SKU56397,饼干,食品饮料,5,2026-01-11,57.92
101120,SKU52672,酵母,烘焙用品,1,2026-01-11,4.13
101121,SKU39220,西红柿,生鲜蔬果,4,2026-04-15,53.75
101121,SKU35982,鸡蛋,肉禽蛋品,1,2026-04-15,18.83
101121,SKU94268,黄瓜,生鲜蔬果,4,2026-04-15,11.83
101121,SKU22209,牛肉,肉禽蛋品,5,2026-04-15,22.94
101121,SKU36220,糖粉,烘焙用品,4,2026-04-15,26.07
101122,SKU71586,西红柿,生鲜蔬果,4,2026-02-13,16.76
101122,SKU72470,鸡蛋,肉禽蛋品,4,2026-02-13,43.3
101122,SKU14147,黄瓜,生鲜蔬果,4,2026-02-13,71.86
101122,SKU37319,盐,粮油调味,4,2026-02-13,69.12
101123,SKU72047,苹果,生鲜蔬果,4,2026-05-20,65.28
101123,SKU23118,香蕉,生鲜蔬果,3,2026-05-20,69.09
101123,SKU12591,橙子,生鲜蔬果,5,2026-05-20,45.39
101123,SKU74803,薯片,食品饮料,1,2026-05-20,67.36
101124,SKU68365,蛋糕粉,烘焙用品,3,2026-04-06,46.15
101124,SKU45038,黄油,烘焙用品,3,2026-04-06,23.53
101124,SKU32048,淡奶油,烘焙用品,1,2026-04-06,62.18
101124,SKU66151,鸡蛋,肉禽蛋品,2,2026-04-06,23.69
101124,SKU75664,面粉,粮油调味,3,2026-04-06,64.3
101125,SKU80263,苹果,生鲜蔬果,3,2026-07-19,70.31
101125,SKU59610,香蕉,生鲜蔬果,3,2026-07-19,60.39
101125,SKU84425,橙子,生鲜蔬果,2,2026-07-19,35.19
101125,SKU71290,面粉,粮油调味,1,2026-07-19,24.63
101126,SKU54199,生菜,生鲜蔬果,2,2026-03-07,41.57
101126,SKU45116,黄瓜,生鲜蔬果,3,2026-03-07,40.09
101126,SKU46507,西红柿,生鲜蔬果,2,2026-03-07,10.04
101126,SKU87328,洗发水,日化清洁,2,2026-03-07,27.74
101127,SKU94874,蚝油,粮油调味,3,2026-01-27,40.63
101127,SKU48482,丸子,火锅食材,4,2026-01-27,59.75
101127,SKU78491,胡萝卜,生鲜蔬果,2,2026-01-27,38.08
101127,SKU69904,方便面,食品饮料,3,2026-01-27,24.24
101127,SKU59175,蛋挞皮,烘焙用品,1,2026-01-27,33.51
101127,SKU69162,橙子,生鲜蔬果,1,2026-01-27,44.75
101128,SKU18800,可乐,食品饮料,2,2026-06-14,34.12
101128,SKU21420,薯片,食品饮料,3,2026-06-14,53.75
101128,SKU77833,饼干,食品饮料,5,2026-06-14,31.7
101128,SKU17839,鸡翅,肉禽蛋品,5,2026-06-14,46.99
101128,SKU31880,拖把,日化清洁,2,2026-06-14,37.87
101129,SKU40957,牙膏,日化清洁,1,2026-02-01,25.33
101129,SKU66151,香蕉,生鲜蔬果,3,2026-02-01,34.72
101129,SKU14784,模具,烘焙用品,1,2026-02-01,28.98
101129,SKU68223,拖把,日化清洁,2,2026-02-01,57.35
101130,SKU97277,料酒,粮油调味,4,2026-05-14,52.64
101130,SKU63025,白菜,生鲜蔬果,2,2026-05-14,4.71
101130,SKU25760,蛋糕粉,烘焙用品,4,2026-05-14,56.96
101131,SKU20653,蛋糕粉,烘焙用品,5,2026-09-05,52.46
101131,SKU77095,黄油,烘焙用品,5,2026-09-05,4.24
101131,SKU76462,淡奶油,烘焙用品,4,2026-09-05,42.12
101131,SKU75848,鸡蛋,肉禽蛋品,4,2026-09-05,28.34
101131,SKU16119,火锅底料,火锅食材,3,2026-09-05,55.07
101132,SKU13154,酵母,烘焙用品,4,2026-07-16,79.03
101132,SKU93582,白糖,粮油调味,3,2026-07-16,64.51
101132,SKU97915,矿泉水,食品饮料,3,2026-07-16,68.31
101132,SKU28218,面粉,粮油调味,3,2026-07-16,46.97
101132,SKU17691,鸭血,火锅食材,1,2026-07-16,56.47
101132,SKU83535,毛肚,火锅食材,3,2026-07-16,52.89
101133,SKU61216,蔬菜拼盘,火锅食材,4,2026-07-25,5.29
101133,SKU18020,黄油,烘焙用品,2,2026-07-25,17.39
101134,SKU30937,黄瓜,生鲜蔬果,5,2026-02-13,65.86
101134,SKU30174,火锅底料,火锅食材,4,2026-02-13,12.24
101134,SKU36748,醋,粮油调味,4,2026-02-13,57.09
101134,SKU69970,食用油,粮油调味,2,2026-02-13,38.7
101134,SKU50365,鸭血,火锅食材,1,2026-02-13,44.11
101134,SKU63113,猪肉,肉禽蛋品,5,2026-02-13,23.21
101135,SKU93851,苹果,生鲜蔬果,3,2026-05-06,26.29
101135,SKU24805,香蕉,生鲜蔬果,5,2026-05-06,56.31
101135,SKU84131,橙子,生鲜蔬果,3,2026-05-06,30.63
101135,SKU68935,牛奶,食品饮料,5,2026-05-06,78.34
101135,SKU88487,牛肉,肉禽蛋品,1,2026-05-06,79.53
101136,SKU77191,糖粉,烘焙用品,3,2026-03-03,20.86
101136,SKU42159,醋,粮油调味,3,2026-03-03,53.72
101136,SKU98905,西红柿,生鲜蔬果,1,2026-03-03,56.7
101136,SKU80618,肥皂,日化清洁,1,2026-03-03,38.87
101136,SKU75797,方便面,食品饮料,1,2026-03-03,34.9
101136,SKU59401,大米,粮油调味,1,2026-03-03,32.75
101137,SKU43108,火锅底料,火锅食材,1,2026-05-22,32.23
101137,SKU96267,丸子,火锅食材,5,2026-05-22,73.92
101137,SKU95727,肥牛卷,火锅食材,2,2026-05-22,72.4
101137,SKU10193,豆腐,火锅食材,5,2026-05-22,10.17
101137,SKU16079,橙子,生鲜蔬果,2,2026-05-22,75.34
101138,SKU16281,苹果,生鲜蔬果,3,2026-02-16,6.27
101138,SKU92457,香蕉,生鲜蔬果,2,2026-02-16,5.39
101138,SKU93967,橙子,生鲜蔬果,5,2026-02-16,5.42
101138,SKU62705,淡奶油,烘焙用品,1,2026-02-16,37.98
101139,SKU13957,可乐,食品饮料,5,2026-03-17,28.12
101139,SKU77677,薯片,食品饮料,1,2026-03-17,38.24
101139,SKU54417,饼干,食品饮料,5,2026-03-17,53.8
101139,SKU94783,食用油,粮油调味,5,2026-03-17,17.16
101139,SKU21641,果汁,食品饮料,4,2026-03-17,51.61
101139,SKU10286,矿泉水,食品饮料,1,2026-03-17,35.26
101140,SKU14337,拖把,日化清洁,2,2026-07-19,4.2
101140,SKU12194,鸭蛋,肉禽蛋品,5,2026-07-19,13.28
101140,SKU69806,面粉,粮油调味,2,2026-07-19,51.12
101140,SKU32967,火锅底料,火锅食材,1,2026-07-19,51.94
101140,SKU44676,黄油,烘焙用品,4,2026-07-19,17.99
101140,SKU52737,蛋糕粉,烘焙用品,3,2026-07-19,23.74
101141,SKU48697,牙膏,日化清洁,1,2026-07-21,16.76
101141,SKU96196,粉丝,火锅食材,2,2026-07-21,25.97
101141,SKU88206,肥牛卷,火锅食材,3,2026-07-21,19.55
101141,SKU30474,西红柿,生鲜蔬果,1,2026-07-21,48.09
101142,SKU17706,牛奶,食品饮料,5,2026-04-15,37.75
101142,SKU95069,面包,食品饮料,2,2026-04-15,49.97
101142,SKU48488,饼干,食品饮料,4,2026-04-15,3.06
101143,SKU65694,西红柿,生鲜蔬果,3,2026-04-13,20.12
101143,SKU20375,鸡蛋,肉禽蛋品,3,2026-04-13,41.59
101143,SKU58131,黄瓜,生鲜蔬果,5,2026-04-13,65.77
101143,SKU41859,纸巾,日化清洁,3,2026-04-13,55.33
101144,SKU46234,蔬菜拼盘,火锅食材,2,2026-07-27,42.87
101144,SKU35897,虾仁,肉禽蛋品,4,2026-07-27,34.66
101144,SKU15038,排骨,肉禽蛋品,2,2026-07-27,20.77
101144,SKU70764,纸巾,日化清洁,4,2026-07-27,34.05
101144,SKU79329,香草精,烘焙用品,5,2026-07-27,62.71
101144,SKU19658,羊肉卷,火锅食材,4,2026-07-27,24.85
101145,SKU34185,肥牛卷,火锅食材,5,2026-03-12,43.38
101145,SKU83882,食用油,粮油调味,2,2026-03-12,77.02
101145,SKU60309,三文鱼,肉禽蛋品,5,2026-03-12,12.92
101145,SKU69468,橙子,生鲜蔬果,4,2026-03-12,33.66
101145,SKU33189,面包,食品饮料,5,2026-03-12,47.92
101145,SKU59408,酱油,粮油调味,2,2026-03-12,71.73
101146,SKU34548,酸奶,食品饮料,4,2026-03-19,37.72
101146,SKU66862,料酒,粮油调味,3,2026-03-19,73.56
101146,SKU42382,洗洁精,日化清洁,1,2026-03-19,26.19
101146,SKU16403,丸子,火锅食材,3,2026-03-19,43.44
101146,SKU42960,黄油,烘焙用品,5,2026-03-19,75.96
101146,SKU22536,油纸,烘焙用品,5,2026-03-19,65.61
101147,SKU10579,猪肉,肉禽蛋品,4,2026-06-07,3.76
101147,SKU16510,带鱼,肉禽蛋品,1,2026-06-07,25.3
101147,SKU29240,鸡翅,肉禽蛋品,4,2026-06-07,74.61
101148,SKU49389,洗衣液,日化清洁,5,2026-02-26,8.45
101148,SKU77709,纸巾,日化清洁,1,2026-02-26,4.28
101148,SKU29963,垃圾袋,日化清洁,5,2026-02-26,41.17
101148,SKU14347,可乐,食品饮料,5,2026-02-26,39.2
101149,SKU95061,矿泉水,食品饮料,3,2026-09-14,50.82
101149,SKU33940,大米,粮油调味,2,2026-09-14,7.28
101149,SKU40425,三文鱼,肉禽蛋品,2,2026-09-14,28.94
101149,SKU73501,果汁,食品饮料,1,2026-09-14,46.91
101149,SKU23409,黄瓜,生鲜蔬果,4,2026-09-14,35.96
101150,SKU10565,鸡翅,肉禽蛋品,5,2026-05-18,13.14
101150,SKU57775,蔬菜拼盘,火锅食材,1,2026-05-18,39.49
101150,SKU10364,苹果,生鲜蔬果,2,2026-05-18,51.35
101150,SKU63613,肥皂,日化清洁,4,2026-05-18,50.41
101150,SKU66441,黄油,烘焙用品,1,2026-05-18,75.11
101151,SKU50285,西红柿,生鲜蔬果,2,2026-06-16,64.25
101151,SKU31412,鸡蛋,肉禽蛋品,4,2026-06-16,22.84
101151,SKU19508,黄瓜,生鲜蔬果,3,2026-06-16,20.37
101151,SKU91090,巧克力,食品饮料,2,2026-06-16,40.13
101152,SKU94195,橙子,生鲜蔬果,4,2026-06-28,41.18
101152,SKU55824,羊肉卷,火锅食材,2,2026-06-28,8.64
101153,SKU37520,食用油,粮油调味,5,2026-01-08,40.29
101153,SKU49094,香蕉,生鲜蔬果,4,2026-01-08,6.1
101153,SKU50699,虾仁,肉禽蛋品,2,2026-01-08,65.4
101153,SKU47566,牙膏,日化清洁,3,2026-01-08,68.19
101153,SKU45511,胡萝卜,生鲜蔬果,5,2026-01-08,49.89
101153,SKU68186,盐,粮油调味,4,2026-01-08,36.21
101154,SKU19989,洗衣液,日化清洁,4,2026-09-14,34.84
101154,SKU71763,生菜,生鲜蔬果,5,2026-09-14,8.49
101154,SKU83054,西红柿,生鲜蔬果,1,2026-09-14,78.26
101155,SKU60269,面粉,粮油调味,1,2026-06-03,23.63
101155,SKU14854,蘸料,火锅食材,2,2026-06-03,77.81
101155,SKU83183,沐浴露,日化清洁,5,2026-06-03,65.67
101156,SKU91153,大米,粮油调味,4,2026-06-17,23.06
101156,SKU42620,食用油,粮油调味,4,2026-06-17,54.52
101156,SKU62215,酱油,粮油调味,5,2026-06-17,54.31
101156,SKU71970,猪肉,肉禽蛋品,1,2026-06-17,52.79
101156,SKU11482,鸡肉,肉禽蛋品,1,2026-06-17,6.89
101156,SKU11651,洗洁精,日化清洁,5,2026-06-17,21.93
101157,SKU42590,蔬菜拼盘,火锅食材,1,2026-05-11,79.57
101157,SKU81556,薯片,食品饮料,5,2026-05-11,74.08
101158,SKU31013,洗发水,日化清洁,5,2026-03-06,32.46
101158,SKU58725,沐浴露,日化清洁,1,2026-03-06,21.37
101158,SKU99717,牙膏,日化清洁,5,2026-03-06,45.71
101158,SKU12757,白糖,粮油调味,3,2026-03-06,51.38
101159,SKU21867,蛋糕粉,烘焙用品,5,2026-08-18,56.73
101159,SKU67321,洗洁精,日化清洁,4,2026-08-18,24.75
101159,SKU36702,大米,粮油调味,5,2026-08-18,18.91
101160,SKU49319,盐,粮油调味,5,2026-04-11,78.88
101160,SKU75947,葡萄,生鲜蔬果,3,2026-04-11,68.45
101160,SKU66623,醋,粮油调味,5,2026-04-11,72.3
101161,SKU92470,丸子,火锅食材,5,2026-08-02,67.61
101161,SKU20336,香蕉,生鲜蔬果,3,2026-08-02,69.66
101161,SKU29039,面粉,粮油调味,1,2026-08-02,18.38
101161,SKU22615,蘸料,火锅食材,4,2026-08-02,32.15
101161,SKU82554,排骨,肉禽蛋品,3,2026-08-02,44.36
101161,SKU54945,牛肉,肉禽蛋品,3,2026-08-02,46.19
101162,SKU69614,蛋糕粉,烘焙用品,1,2026-03-26,25.74
101162,SKU51096,黄油,烘焙用品,2,2026-03-26,14.3
101162,SKU71654,淡奶油,烘焙用品,2,2026-03-26,49.25
101162,SKU45735,鸡蛋,肉禽蛋品,1,2026-03-26,39.66
101162,SKU48832,排骨,肉禽蛋品,3,2026-03-26,57.76
101162,SKU17432,鸭蛋,肉禽蛋品,4,2026-03-26,58.93
101163,SKU19624,盐,粮油调味,1,2026-09-22,25.27
101163,SKU41965,猪肉,肉禽蛋品,5,2026-09-22,47.07
101163,SKU73690,糖粉,烘焙用品,5,2026-09-22,23.97
101164,SKU85526,可乐,食品饮料,3,2026-07-14,57.14
101164,SKU57618,薯片,食品饮料,4,2026-07-14,74.06
101164,SKU28070,饼干,食品饮料,2,2026-07-14,78.17
101164,SKU80073,酸奶,食品饮料,4,2026-07-14,8.67
101165,SKU16346,排骨,肉禽蛋品,4,2026-05-01,42.8
101165,SKU16793,胡萝卜,生鲜蔬果,3,2026-05-01,74.47
101165,SKU61934,土豆,生鲜蔬果,4,2026-05-01,21.21
101165,SKU11096,香草精,烘焙用品,4,2026-05-01,21.38
101165,SKU79586,西红柿,生鲜蔬果,3,2026-05-01,6.39
101165,SKU66221,料酒,粮油调味,1,2026-05-01,52.82
101166,SKU25501,洗发水,日化清洁,5,2026-05-27,6.37
101166,SKU41097,沐浴露,日化清洁,2,2026-05-27,7.52
101166,SKU27728,牙膏,日化清洁,1,2026-05-27,14.02
101166,SKU54429,排骨,肉禽蛋品,1,2026-05-27,49.84
101166,SKU70302,黄瓜,生鲜蔬果,2,2026-05-27,56.02
101166,SKU88309,料酒,粮油调味,3,2026-05-27,46.77
101167,SKU70747,酱油,粮油调味,2,2026-06-08,69.45
101167,SKU74618,蛋糕粉,烘焙用品,3,2026-06-08,73.63
101167,SKU43788,香蕉,生鲜蔬果,3,2026-06-08,53.94
101167,SKU87402,橙子,生鲜蔬果,3,2026-06-08,78.57
101167,SKU47464,芝士碎,烘焙用品,2,2026-06-08,6.38
101167,SKU46898,豆腐,火锅食材,5,2026-06-08,77.12
101168,SKU81830,火锅底料,火锅食材,5,2026-05-11,12.3
101168,SKU92477,丸子,火锅食材,5,2026-05-11,32.98
101168,SKU47144,肥牛卷,火锅食材,3,2026-05-11,43.76
101168,SKU62184,土豆,生鲜蔬果,3,2026-05-11,61.68
101169,SKU59792,肥皂,日化清洁,3,2026-07-06,56.85
101169,SKU63528,带鱼,肉禽蛋品,1,2026-07-06,21.07
101169,SKU28289,排骨,肉禽蛋品,1,2026-07-06,65.44
101169,SKU13995,羊肉卷,火锅食材,3,2026-07-06,44.72
101169,SKU68839,粉丝,火锅食材,4,2026-07-06,3.81
101169,SKU63228,橙子,生鲜蔬果,2,2026-07-06,61.35
101170,SKU36089,火锅底料,火锅食材,1,2026-01-05,8.47
101170,SKU40198,丸子,火锅食材,1,2026-01-05,8.22
101170,SKU22306,肥牛卷,火锅食材,1,2026-01-05,35.58
101170,SKU55463,毛肚,火锅食材,3,2026-01-05,35.59
101170,SKU18105,垃圾袋,日化清洁,5,2026-01-05,36.88
101171,SKU50316,西红柿,生鲜蔬果,2,2026-06-05,48.49
101171,SKU17420,鸡蛋,肉禽蛋品,4,2026-06-05,46.67
101171,SKU57889,黄瓜,生鲜蔬果,4,2026-06-05,77.58
101171,SKU51926,白糖,粮油调味,2,2026-06-05,10.47
101172,SKU79667,排骨,肉禽蛋品,5,2026-08-19,52.07
101172,SKU49366,胡萝卜,生鲜蔬果,4,2026-08-19,36.47
101172,SKU66319,土豆,生鲜蔬果,4,2026-08-19,47.72
101172,SKU26129,猪肉,肉禽蛋品,3,2026-08-19,32.9
101173,SKU10906,大米,粮油调味,4,2026-09-08,45.11
101173,SKU16445,食用油,粮油调味,3,2026-09-08,55.87
101173,SKU72687,酱油,粮油调味,2,2026-09-08,77.73
101173,SKU21626,羊肉卷,火锅食材,4,2026-09-08,64.7
101173,SKU10783,方便面,食品饮料,5,2026-09-08,23.43
101173,SKU31488,模具,烘焙用品,1,2026-09-08,46.4
101174,SKU28829,排骨,肉禽蛋品,2,2026-01-20,68.47
101174,SKU37879,胡萝卜,生鲜蔬果,5,2026-01-20,56.79
101174,SKU63067,土豆,生鲜蔬果,2,2026-01-20,19.2
101174,SKU34385,料酒,粮油调味,3,2026-01-20,22.95
101175,SKU95556,蛋糕粉,烘焙用品,5,2026-09-05,69.18
101175,SKU67579,黄油,烘焙用品,2,2026-09-05,22.89
101175,SKU91520,淡奶油,烘焙用品,4,2026-09-05,73.72
101175,SKU80112,鸡蛋,肉禽蛋品,2,2026-09-05,20.24
101175,SKU16125,模具,烘焙用品,3,2026-09-05,53.18
101175,SKU33902,消毒液,日化清洁,2,2026-09-05,21.35
101176,SKU32962,牛奶,食品饮料,5,2026-01-19,17.55
101176,SKU28127,面包,食品饮料,5,2026-01-19,24.48
101176,SKU74833,蛋挞皮,烘焙用品,2,2026-01-19,77.04
101177,SKU53025,黄瓜,生鲜蔬果,3,2026-02-20,69.38
101177,SKU26624,丸子,火锅食材,3,2026-02-20,56.13
101177,SKU68007,牙膏,日化清洁,4,2026-02-20,7.43
101178,SKU42224,生菜,生鲜蔬果,4,2026-06-14,63.72
101178,SKU34157,盐,粮油调味,2,2026-06-14,54.85
101178,SKU29732,蚝油,粮油调味,4,2026-06-14,79.45
101178,SKU71268,排骨,肉禽蛋品,2,2026-06-14,40.94
101178,SKU19887,白菜,生鲜蔬果,4,2026-06-14,19.81
101178,SKU76352,西红柿,生鲜蔬果,4,2026-06-14,71.28
101179,SKU16862,丸子,火锅食材,2,2026-01-13,46.01
101179,SKU14528,白菜,生鲜蔬果,2,2026-01-13,32.14
101179,SKU32212,糖粉,烘焙用品,3,2026-01-13,50.31
101179,SKU49876,西红柿,生鲜蔬果,5,2026-01-13,41.76
101180,SKU45422,牛奶,食品饮料,2,2026-03-21,72.13
101180,SKU66928,面包,食品饮料,1,2026-03-21,55.01
101180,SKU58080,火锅底料,火锅食材,4,2026-03-21,63.18
101180,SKU69433,矿泉水,食品饮料,5,2026-03-21,15.86
101180,SKU84602,橙子,生鲜蔬果,4,2026-03-21,13.6
101181,SKU76631,黄瓜,生鲜蔬果,4,2026-01-27,17.7
101181,SKU62892,香蕉,生鲜蔬果,3,2026-01-27,51.84
101181,SKU19302,酸奶,食品饮料,3,2026-01-27,75.83
101182,SKU84807,肥牛卷,火锅食材,2,2026-05-19,78.53
101182,SKU80999,白糖,粮油调味,4,2026-05-19,60.64
101182,SKU88401,鸡蛋,肉禽蛋品,3,2026-05-19,67.84
101182,SKU76333,粉丝,火锅食材,1,2026-05-19,22.84
101183,SKU67215,洗衣液,日化清洁,4,2026-07-02,62.68
101183,SKU27273,蔬菜拼盘,火锅食材,3,2026-07-02,19.67
101183,SKU43719,黄瓜,生鲜蔬果,2,2026-07-02,78.1
101183,SKU23217,可乐,食品饮料,4,2026-07-02,10.81
101183,SKU86771,白糖,粮油调味,2,2026-07-02,58.33
101183,SKU19781,虾仁,肉禽蛋品,5,2026-07-02,65.03
101184,SKU67270,洗发水,日化清洁,2,2026-02-11,55.75
101184,SKU35311,辣椒酱,粮油调味,2,2026-02-11,13.59
101184,SKU49870,面包,食品饮料,5,2026-02-11,77.86
101184,SKU93489,土豆,生鲜蔬果,4,2026-02-11,26.11
101184,SKU70436,西红柿,生鲜蔬果,2,2026-02-11,29.26
101184,SKU18416,胡萝卜,生鲜蔬果,5,2026-02-11,56.6
101185,SKU95056,鸡翅,肉禽蛋品,5,2026-09-25,52.51
101185,SKU96148,白糖,粮油调味,4,2026-09-25,7.45
101185,SKU48027,香草精,烘焙用品,5,2026-09-25,77.88
101186,SKU85360,胡萝卜,生鲜蔬果,3,2026-02-13,39.0
101186,SKU45522,盐,粮油调味,5,2026-02-13,44.31
101186,SKU99056,面包,食品饮料,4,2026-02-13,4.89
101186,SKU68172,肥皂,日化清洁,3,2026-02-13,42.68
101186,SKU60701,黄油,烘焙用品,5,2026-02-13,23.74
101187,SKU25640,糖粉,烘焙用品,2,2026-04-22,33.41
101187,SKU17779,带鱼,肉禽蛋品,1,2026-04-22,67.63
101188,SKU56704,可乐,食品饮料,1,2026-03-14,35.24
101188,SKU99703,薯片,食品饮料,3,2026-03-14,59.4
101188,SKU46409,饼干,食品饮料,5,2026-03-14,34.29
101188,SKU78516,西红柿,生鲜蔬果,3,2026-03-14,41.44
101189,SKU66485,大米,粮油调味,2,2026-07-11,22.62
101189,SKU16855,食用油,粮油调味,3,2026-07-11,3.44
101189,SKU54247,酱油,粮油调味,4,2026-07-11,43.33
101189,SKU64385,纸巾,日化清洁,5,2026-07-11,63.59
101189,SKU48164,鸡肉,肉禽蛋品,5,2026-07-11,68.9
101190,SKU43644,可乐,食品饮料,1,2026-01-12,14.85
101190,SKU77147,薯片,食品饮料,3,2026-01-12,23.02
101190,SKU48811,饼干,食品饮料,5,2026-01-12,50.09
101190,SKU36439,面包,食品饮料,1,2026-01-12,14.07
101190,SKU80046,洗洁精,日化清洁,2,2026-01-12,43.75
101191,SKU42132,洗衣液,日化清洁,1,2026-07-01,37.85
101191,SKU91554,火锅底料,火锅食材,4,2026-07-01,17.94
101191,SKU45098,香蕉,生鲜蔬果,3,2026-07-01,65.36
101192,SKU80080,葡萄,生鲜蔬果,5,2026-03-07,50.08
101192,SKU89785,食用油,粮油调味,2,2026-03-07,5.34
101192,SKU37864,香蕉,生鲜蔬果,3,2026-03-07,60.5
101192,SKU11588,牙膏,日化清洁,3,2026-03-07,54.43
101192,SKU93620,橙子,生鲜蔬果,5,2026-03-07,62.3
101193,SKU37491,肥牛卷,火锅食材,5,2026-02-27,23.69
101193,SKU45428,蔬菜拼盘,火锅食材,3,2026-02-27,32.97
101193,SKU51651,三文鱼,肉禽蛋品,5,2026-02-27,4.02
101193,SKU56391,饼干,食品饮料,1,2026-02-27,38.73
101193,SKU74506,洗发水,日化清洁,4,2026-02-27,60.89
101193,SKU11856,带鱼,肉禽蛋品,3,2026-02-27,79.06
101194,SKU81893,面包,食品饮料,5,2026-06-16,66.79
101194,SKU66648,土豆,生鲜蔬果,1,2026-06-16,13.81
101194,SKU90870,洗发水,日化清洁,1,2026-06-16,15.98
101195,SKU88704,牛奶,食品饮料,3,2026-05-09,73.17
101195,SKU46748,面包,食品饮料,2,2026-05-09,28.57
101195,SKU12301,牛肉,肉禽蛋品,5,2026-05-09,67.8
101196,SKU97161,香蕉,生鲜蔬果,5,2026-08-07,60.3
101196,SKU79807,辣椒酱,粮油调味,4,2026-08-07,39.28
101196,SKU89909,鸡肉,肉禽蛋品,4,2026-08-07,38.44
101197,SKU78508,鸭血,火锅食材,3,2026-06-04,79.49
101197,SKU75648,蛋挞皮,烘焙用品,2,2026-06-04,18.51
101198,SKU42072,洗衣液,日化清洁,5,2026-09-25,35.36
101198,SKU66277,粉丝,火锅食材,2,2026-09-25,15.96
101198,SKU57263,蛋糕粉,烘焙用品,1,2026-09-25,59.74
101198,SKU91619,鸭血,火锅食材,5,2026-09-25,32.01
101198,SKU65048,薯片,食品饮料,3,2026-09-25,15.76
101198,SKU77679,鸡蛋,肉禽蛋品,4,2026-09-25,25.53
101199,SKU94179,醋,粮油调味,5,2026-04-04,19.45
101199,SKU79419,西红柿,生鲜蔬果,1,2026-04-04,31.61
101199,SKU75621,拖把,日化清洁,1,2026-04-04,39.09
101199,SKU29225,黄油,烘焙用品,2,2026-04-04,25.71
101199,SKU54549,酱油,粮油调味,4,2026-04-04,66.4
101200,SKU72096,土豆,生鲜蔬果,2,2026-05-14,19.94
101200,SKU75875,酵母,烘焙用品,1,2026-05-14,37.67
101200,SKU29857,带鱼,肉禽蛋品,5,2026-05-14,5.08
101200,SKU99038,牛奶,食品饮料,2,2026-05-14,20.56
101200,SKU66152,三文鱼,肉禽蛋品,5,2026-05-14,7.36
101200,SKU81061,模具,烘焙用品,3,2026-05-14,66.44
101201,SKU51151,薯片,食品饮料,4,2026-08-02,35.4
101201,SKU78790,油纸,烘焙用品,3,2026-08-02,18.59
101201,SKU81387,香草精,烘焙用品,1,2026-08-02,79.14
101201,SKU15215,洗洁精,日化清洁,5,2026-08-02,51.07
101201,SKU70656,方便面,食品饮料,4,2026-08-02,60.67
101201,SKU86439,胡萝卜,生鲜蔬果,5,2026-08-02,8.11
101202,SKU92206,矿泉水,食品饮料,5,2026-02-11,79.04
101202,SKU82080,肥皂,日化清洁,4,2026-02-11,15.91
101203,SKU30388,洗发水,日化清洁,5,2026-04-17,4.76
101203,SKU62244,沐浴露,日化清洁,1,2026-04-17,55.76
101203,SKU87814,牙膏,日化清洁,1,2026-04-17,14.62
101203,SKU33646,淡奶油,烘焙用品,4,2026-04-17,55.46
101203,SKU97543,白糖,粮油调味,1,2026-04-17,75.05
101204,SKU94808,蔬菜拼盘,火锅食材,2,2026-01-21,74.49
101204,SKU60720,鸡肉,肉禽蛋品,5,2026-01-21,43.27
101205,SKU88117,肥牛卷,火锅食材,4,2026-02-17,32.88
101205,SKU16170,西红柿,生鲜蔬果,1,2026-02-17,70.23
101206,SKU40273,排骨,肉禽蛋品,4,2026-08-19,45.6
101206,SKU77027,胡萝卜,生鲜蔬果,2,2026-08-19,24.17
101206,SKU89622,土豆,生鲜蔬果,4,2026-08-19,53.92
101206,SKU41799,虾仁,肉禽蛋品,4,2026-08-19,73.94
101207,SKU35035,模具,烘焙用品,2,2026-06-02,79.73
101207,SKU68470,鸭血,火锅食材,3,2026-06-02,30.28
101207,SKU67967,淡奶油,烘焙用品,1,2026-06-02,64.63
101207,SKU32388,粉丝,火锅食材,2,2026-06-02,59.96
101208,SKU94372,大米,粮油调味,1,2026-04-04,30.53
101208,SKU90985,食用油,粮油调味,1,2026-04-04,43.41
101208,SKU39182,酱油,粮油调味,5,2026-04-04,55.01
101208,SKU46720,香蕉,生鲜蔬果,5,2026-04-04,24.09
101208,SKU58187,洗衣液,日化清洁,3,2026-04-04,6.44
101208,SKU23719,糖粉,烘焙用品,5,2026-04-04,44.38
101209,SKU94957,排骨,肉禽蛋品,2,2026-02-10,75.09
101209,SKU36011,胡萝卜,生鲜蔬果,3,2026-02-10,68.51
101209,SKU68191,土豆,生鲜蔬果,4,2026-02-10,44.25
101209,SKU61582,鸡蛋,肉禽蛋品,1,2026-02-10,27.97
101210,SKU28628,牛奶,食品饮料,5,2026-09-20,7.11
101210,SKU49656,面包,食品饮料,2,2026-09-20,52.19
101210,SKU77158,糖粉,烘焙用品,3,2026-09-20,30.5
101210,SKU72000,香草精,烘焙用品,3,2026-09-20,23.28
101211,SKU27657,蛋挞皮,烘焙用品,1,2026-05-01,36.26
101211,SKU38656,矿泉水,食品饮料,5,2026-05-01,27.59
101211,SKU37303,土豆,生鲜蔬果,4,2026-05-01,41.96
101212,SKU61577,垃圾袋,日化清洁,2,2026-02-12,11.04
101212,SKU37312,香草精,烘焙用品,5,2026-02-12,62.6
101212,SKU21629,大米,粮油调味,1,2026-02-12,13.53
101212,SKU96755,虾仁,肉禽蛋品,3,2026-02-12,46.06
101212,SKU39723,糖粉,烘焙用品,3,2026-02-12,52.48
101213,SKU86425,可乐,食品饮料,3,2026-04-06,44.39
101213,SKU13141,薯片,食品饮料,4,2026-04-06,64.38
101213,SKU49307,饼干,食品饮料,4,2026-04-06,73.1
101213,SKU71727,肥皂,日化清洁,3,2026-04-06,64.19
101213,SKU26034,生菜,生鲜蔬果,3,2026-04-06,32.94
101213,SKU85012,沐浴露,日化清洁,3,2026-04-06,60.21
101214,SKU10385,火锅底料,火锅食材,4,2026-06-18,7.9
101214,SKU31176,丸子,火锅食材,3,2026-06-18,4.01
101214,SKU97084,肥牛卷,火锅食材,2,2026-06-18,8.92
101214,SKU82327,饼干,食品饮料,1,2026-06-18,34.15
101214,SKU47575,鸭蛋,肉禽蛋品,1,2026-06-18,52.71
101215,SKU83721,薯片,食品饮料,5,2026-02-08,22.65
101215,SKU68949,丸子,火锅食材,2,2026-02-08,56.44
101215,SKU26837,拖把,日化清洁,3,2026-02-08,4.99
101215,SKU26433,葡萄,生鲜蔬果,5,2026-02-08,65.4
101216,SKU93154,洗衣液,日化清洁,2,2026-09-13,35.71
101216,SKU13875,纸巾,日化清洁,3,2026-09-13,77.63
101216,SKU86695,垃圾袋,日化清洁,5,2026-09-13,58.9
101216,SKU34532,白菜,生鲜蔬果,4,2026-09-13,57.45
101217,SKU20218,消毒液,日化清洁,4,2026-02-18,36.53
101217,SKU51084,香草精,烘焙用品,1,2026-02-18,13.75
101217,SKU46422,模具,烘焙用品,4,2026-02-18,73.48
101217,SKU14203,排骨,肉禽蛋品,2,2026-02-18,65.47
101217,SKU26777,酵母,烘焙用品,2,2026-02-18,64.09
101218,SKU37362,饼干,食品饮料,1,2026-03-22,72.27
101218,SKU82578,蔬菜拼盘,火锅食材,4,2026-03-22,77.84
101218,SKU73992,香蕉,生鲜蔬果,2,2026-03-22,71.61
101219,SKU29624,火锅底料,火锅食材,5,2026-06-20,8.56
101219,SKU62901,香草精,烘焙用品,3,2026-06-20,24.26
101220,SKU55935,苹果,生鲜蔬果,2,2026-02-09,62.82
101220,SKU61832,香蕉,生鲜蔬果,1,2026-02-09,38.26
101220,SKU50261,橙子,生鲜蔬果,3,2026-02-09,36.44
101220,SKU59400,料酒,粮油调味,2,2026-02-09,69.88
101221,SKU86618,肥牛卷,火锅食材,2,2026-01-04,8.12
101221,SKU94259,鸡翅,肉禽蛋品,3,2026-01-04,59.6
101221,SKU93061,消毒液,日化清洁,4,2026-01-04,71.81
101222,SKU44433,酱油,粮油调味,4,2026-06-12,68.51
101222,SKU15895,肥牛卷,火锅食材,1,2026-06-12,25.99
101222,SKU81771,糖粉,烘焙用品,1,2026-06-12,19.66
101223,SKU43530,洗发水,日化清洁,3,2026-06-01,74.25
101223,SKU28439,生菜,生鲜蔬果,5,2026-06-01,33.75
101223,SKU80247,白糖,粮油调味,2,2026-06-01,44.08
101223,SKU49412,饼干,食品饮料,2,2026-06-01,47.1
101224,SKU20969,洗衣液,日化清洁,3,2026-08-25,24.25
101224,SKU48326,纸巾,日化清洁,3,2026-08-25,55.87
101224,SKU29505,垃圾袋,日化清洁,5,2026-08-25,66.87
101224,SKU44172,面包,食品饮料,3,2026-08-25,10.15
101225,SKU47409,洗衣液,日化清洁,1,2026-08-17,47.9
101225,SKU95279,料酒,粮油调味,2,2026-08-17,36.94
101225,SKU77349,生菜,生鲜蔬果,4,2026-08-17,35.72
101225,SKU79250,三文鱼,肉禽蛋品,2,2026-08-17,6.99
101225,SKU17834,黄瓜,生鲜蔬果,3,2026-08-17,41.66
101225,SKU80243,果汁,食品饮料,1,2026-08-17,58.68
101226,SKU66771,洗衣液,日化清洁,1,2026-08-08,22.26
101226,SKU32391,纸巾,日化清洁,4,2026-08-08,44.18
101226,SKU11937,垃圾袋,日化清洁,1,2026-08-08,75.79
101226,SKU20173,猪肉,肉禽蛋品,4,2026-08-08,64.48
101226,SKU15942,洗洁精,日化清洁,5,2026-08-08,38.12
101226,SKU92688,牛肉,肉禽蛋品,5,2026-08-08,54.7
101227,SKU95419,牙膏,日化清洁,4,2026-09-11,52.46
101227,SKU66074,模具,烘焙用品,1,2026-09-11,13.99
101227,SKU42032,橙子,生鲜蔬果,5,2026-09-11,53.55
101228,SKU35590,盐,粮油调味,1,2026-02-12,7.07
101228,SKU75824,黄瓜,生鲜蔬果,1,2026-02-12,17.25
101228,SKU94807,黄油,烘焙用品,4,2026-02-12,70.32
101229,SKU22561,大米,粮油调味,3,2026-06-23,60.05
101229,SKU13579,食用油,粮油调味,3,2026-06-23,63.7
101229,SKU14806,酱油,粮油调味,4,2026-06-23,34.48
101229,SKU43566,面粉,粮油调味,1,2026-06-23,27.26
101230,SKU36975,土豆,生鲜蔬果,4,2026-06-24,71.75
101230,SKU27784,鸡肉,肉禽蛋品,5,2026-06-24,13.83
101230,SKU14129,黄油,烘焙用品,2,2026-06-24,24.4
101231,SKU22531,鸡翅,肉禽蛋品,2,2026-06-08,53.44
101231,SKU19899,酱油,粮油调味,5,2026-06-08,61.33
101231,SKU43557,食用油,粮油调味,1,2026-06-08,61.38
101231,SKU39311,橙子,生鲜蔬果,5,2026-06-08,26.62
101231,SKU39861,肥皂,日化清洁,5,2026-06-08,10.78
101231,SKU77767,消毒液,日化清洁,2,2026-06-08,31.0
101232,SKU53680,酸奶,食品饮料,4,2026-07-04,55.3
101232,SKU34336,面包,食品饮料,2,2026-07-04,19.68
101232,SKU49052,牙膏,日化清洁,5,2026-07-04,33.78
101233,SKU32789,方便面,食品饮料,4,2026-08-14,17.89
101233,SKU86459,鸭血,火锅食材,1,2026-08-14,59.19
101233,SKU69482,芝士碎,烘焙用品,3,2026-08-14,22.06
101234,SKU40415,薯片,食品饮料,5,2026-08-21,39.34
101234,SKU22073,垃圾袋,日化清洁,3,2026-08-21,34.17
101234,SKU60285,食用油,粮油调味,3,2026-08-21,56.0
101235,SKU76964,生菜,生鲜蔬果,2,2026-07-12,70.17
101235,SKU64598,饼干,食品饮料,1,2026-07-12,50.71
101235,SKU44943,肥牛卷,火锅食材,4,2026-07-12,26.11
101235,SKU58427,拖把,日化清洁,4,2026-07-12,63.27
101235,SKU86232,大米,粮油调味,2,2026-07-12,22.19
101235,SKU67872,肥皂,日化清洁,3,2026-07-12,15.26
101236,SKU63440,大米,粮油调味,5,2026-05-25,47.7
101236,SKU85574,食用油,粮油调味,2,2026-05-25,61.67
101236,SKU42747,酱油,粮油调味,5,2026-05-25,71.39
101236,SKU60889,辣椒酱,粮油调味,2,2026-05-25,25.3
101236,SKU29757,洗发水,日化清洁,4,2026-05-25,74.13
101236,SKU72235,白糖,粮油调味,3,2026-05-25,10.95
101237,SKU53060,盐,粮油调味,3,2026-02-06,34.63
101237,SKU42289,蚝油,粮油调味,5,2026-02-06,60.68
101237,SKU23273,洗洁精,日化清洁,5,2026-02-06,5.01
101237,SKU29282,饼干,食品饮料,4,2026-02-06,59.27
101237,SKU87363,料酒,粮油调味,3,2026-02-06,46.54
101238,SKU77537,胡萝卜,生鲜蔬果,1,2026-04-20,10.82
101238,SKU21584,酵母,烘焙用品,2,2026-04-20,56.49
101238,SKU75156,鸡肉,肉禽蛋品,1,2026-04-20,21.85
101238,SKU59747,纸巾,日化清洁,2,2026-04-20,39.5
101238,SKU31764,蚝油,粮油调味,1,2026-04-20,39.31
101238,SKU45896,毛肚,火锅食材,1,2026-04-20,75.61
101239,SKU26054,土豆,生鲜蔬果,1,2026-09-20,13.15
101239,SKU35750,三文鱼,肉禽蛋品,3,2026-09-20,33.66
101239,SKU67936,拖把,日化清洁,5,2026-09-20,62.15
101239,SKU94206,薯片,食品饮料,4,2026-09-20,17.16
101239,SKU85779,白糖,粮油调味,3,2026-09-20,67.55
101240,SKU28178,沐浴露,日化清洁,5,2026-03-13,11.38
101240,SKU87153,黄油,烘焙用品,5,2026-03-13,69.26
101240,SKU61827,白糖,粮油调味,3,2026-03-13,3.87
101240,SKU97155,醋,粮油调味,5,2026-03-13,23.19
101241,SKU69178,可乐,食品饮料,1,2026-02-22,50.77
101241,SKU82181,薯片,食品饮料,1,2026-02-22,34.7
101241,SKU38924,饼干,食品饮料,2,2026-02-22,19.82
101241,SKU23746,拖把,日化清洁,5,2026-02-22,11.54
101241,SKU55862,果汁,食品饮料,4,2026-02-22,11.27
101241,SKU62606,模具,烘焙用品,5,2026-02-22,5.12
101242,SKU97278,苹果,生鲜蔬果,3,2026-04-19,19.59
101242,SKU96086,猪肉,肉禽蛋品,4,2026-04-19,67.16
101242,SKU45865,醋,粮油调味,2,2026-04-19,76.69
101242,SKU46889,蚝油,粮油调味,5,2026-04-19,64.18
101242,SKU81499,辣椒酱,粮油调味,1,2026-04-19,66.57
101242,SKU18136,饼干,食品饮料,3,2026-04-19,9.82
101243,SKU47083,料酒,粮油调味,4,2026-02-28,3.8
101243,SKU87373,苹果,生鲜蔬果,5,2026-02-28,53.39
101243,SKU16233,胡萝卜,生鲜蔬果,1,2026-02-28,62.42
101243,SKU31174,面包,食品饮料,3,2026-02-28,53.52
101243,SKU83639,牛肉,肉禽蛋品,1,2026-02-28,14.59
101243,SKU25606,鸡蛋,肉禽蛋品,4,2026-02-28,68.7
101244,SKU36289,香蕉,生鲜蔬果,3,2026-07-18,14.12
101244,SKU53139,酸奶,食品饮料,3,2026-07-18,41.65
101245,SKU65766,蛋糕粉,烘焙用品,3,2026-05-18,18.21
101245,SKU84117,黄油,烘焙用品,1,2026-05-18,56.54
101245,SKU87552,淡奶油,烘焙用品,1,2026-05-18,40.4
101245,SKU81243,鸡蛋,肉禽蛋品,1,2026-05-18,18.82
101245,SKU52457,白糖,粮油调味,4,2026-05-18,7.52
101246,SKU22813,羊肉卷,火锅食材,2,2026-08-04,70.52
101246,SKU12126,鸭蛋,肉禽蛋品,5,2026-08-04,55.5
101247,SKU21569,大米,粮油调味,5,2026-03-10,64.83
101247,SKU27369,粉丝,火锅食材,3,2026-03-10,10.09
101248,SKU67165,洗衣液,日化清洁,5,2026-09-15,19.41
101248,SKU58300,三文鱼,肉禽蛋品,4,2026-09-15,68.38
101248,SKU66190,肥牛卷,火锅食材,4,2026-09-15,32.3
101248,SKU41305,胡萝卜,生鲜蔬果,2,2026-09-15,49.6
101249,SKU96195,羊肉卷,火锅食材,5,2026-09-26,77.74
101249,SKU85706,矿泉水,食品饮料,4,2026-09-26,12.4
101250,SKU19979,蛋糕粉,烘焙用品,3,2026-05-06,70.53
101250,SKU53976,黄油,烘焙用品,2,2026-05-06,9.34
101250,SKU63865,淡奶油,烘焙用品,2,2026-05-06,28.53
101250,SKU96755,鸡蛋,肉禽蛋品,5,2026-05-06,54.09
101250,SKU63283,沐浴露,日化清洁,2,2026-05-06,32.92
101251,SKU10264,面粉,粮油调味,3,2026-09-09,71.79
101251,SKU47092,洗洁精,日化清洁,2,2026-09-09,51.74
101251,SKU18520,食用油,粮油调味,4,2026-09-09,58.49
101251,SKU88277,羊肉卷,火锅食材,4,2026-09-09,47.95
101252,SKU88365,蛋挞皮,烘焙用品,5,2026-05-17,78.61
101252,SKU14014,拖把,日化清洁,2,2026-05-17,78.55
101252,SKU92400,可乐,食品饮料,3,2026-05-17,11.16
101252,SKU55595,毛肚,火锅食材,3,2026-05-17,36.32
101253,SKU21327,洗发水,日化清洁,4,2026-07-07,52.14
101253,SKU62980,沐浴露,日化清洁,4,2026-07-07,15.02
101253,SKU57398,牙膏,日化清洁,2,2026-07-07,61.55
101253,SKU43946,虾仁,肉禽蛋品,4,2026-07-07,31.26
101253,SKU72444,酱油,粮油调味,4,2026-07-07,70.3
101254,SKU59554,西红柿,生鲜蔬果,1,2026-01-22,78.99
101254,SKU65178,鸡蛋,肉禽蛋品,5,2026-01-22,52.92
101254,SKU77102,黄瓜,生鲜蔬果,2,2026-01-22,23.07
101254,SKU23448,薯片,食品饮料,4,2026-01-22,62.91
101254,SKU93646,鸭蛋,肉禽蛋品,1,2026-01-22,3.26
101254,SKU88578,蚝油,粮油调味,4,2026-01-22,34.51
101255,SKU63430,火锅底料,火锅食材,2,2026-01-22,3.59
101255,SKU24591,丸子,火锅食材,2,2026-01-22,17.8
101255,SKU96455,肥牛卷,火锅食材,1,2026-01-22,30.04
101255,SKU28720,三文鱼,肉禽蛋品,2,2026-01-22,13.78
101255,SKU32936,蘸料,火锅食材,5,2026-01-22,14.4
101256,SKU56912,洗发水,日化清洁,2,2026-09-05,43.5
101256,SKU48949,沐浴露,日化清洁,5,2026-09-05,48.51
101256,SKU22093,牙膏,日化清洁,1,2026-09-05,3.1
101256,SKU82645,火锅底料,火锅食材,1,2026-09-05,58.92
101256,SKU25181,洗洁精,日化清洁,3,2026-09-05,37.83
101257,SKU51211,鸭蛋,肉禽蛋品,3,2026-04-12,54.36
101257,SKU68064,酸奶,食品饮料,2,2026-04-12,27.54
101258,SKU15365,鸡翅,肉禽蛋品,4,2026-03-06,45.85
101258,SKU78706,西红柿,生鲜蔬果,5,2026-03-06,61.46
101258,SKU80837,芝士碎,烘焙用品,2,2026-03-06,5.25
101258,SKU13110,果汁,食品饮料,1,2026-03-06,68.56
101258,SKU47709,排骨,肉禽蛋品,3,2026-03-06,10.88
101258,SKU20118,垃圾袋,日化清洁,3,2026-03-06,21.68
101259,SKU92419,鸡肉,肉禽蛋品,3,2026-06-28,59.42
101259,SKU32975,方便面,食品饮料,2,2026-06-28,45.4
101259,SKU98360,可乐,食品饮料,1,2026-06-28,52.4
101259,SKU39264,火锅底料,火锅食材,5,2026-06-28,74.33
101259,SKU55135,淡奶油,烘焙用品,1,2026-06-28,32.69
101259,SKU83301,模具,烘焙用品,4,2026-06-28,78.56
101260,SKU41398,鸭蛋,肉禽蛋品,3,2026-01-22,74.7
101260,SKU11801,虾仁,肉禽蛋品,4,2026-01-22,48.91
101260,SKU82423,鸡肉,肉禽蛋品,3,2026-01-22,65.7
101260,SKU74616,蚝油,粮油调味,3,2026-01-22,76.75
101260,SKU50116,糖粉,烘焙用品,3,2026-01-22,48.61
101261,SKU49064,西红柿,生鲜蔬果,5,2026-01-18,52.1
101261,SKU78134,酵母,烘焙用品,3,2026-01-18,71.83
101261,SKU66249,芝士碎,烘焙用品,5,2026-01-18,64.68
101262,SKU69290,牛奶,食品饮料,4,2026-01-13,21.53
101262,SKU15666,面包,食品饮料,3,2026-01-13,31.59
101262,SKU28861,牙膏,日化清洁,1,2026-01-13,33.73
101262,SKU39185,酵母,烘焙用品,4,2026-01-13,34.91
101263,SKU35487,葡萄,生鲜蔬果,1,2026-07-22,42.43
101263,SKU90735,三文鱼,肉禽蛋品,4,2026-07-22,58.66
101263,SKU90330,纸巾,日化清洁,5,2026-07-22,15.38
101263,SKU49491,蚝油,粮油调味,4,2026-07-22,25.77
101264,SKU41508,洗洁精,日化清洁,3,2026-08-25,55.0
101264,SKU32820,黄瓜,生鲜蔬果,2,2026-08-25,72.37
101264,SKU10624,蘸料,火锅食材,2,2026-08-25,26.21
101265,SKU62208,蛋糕粉,烘焙用品,3,2026-01-09,21.99
101265,SKU80068,黄油,烘焙用品,5,2026-01-09,11.32
101265,SKU46934,淡奶油,烘焙用品,3,2026-01-09,27.28
101265,SKU60354,鸡蛋,肉禽蛋品,5,2026-01-09,74.47
101265,SKU83806,鸭蛋,肉禽蛋品,2,2026-01-09,67.23
101265,SKU46379,牙膏,日化清洁,4,2026-01-09,4.15
101266,SKU98559,料酒,粮油调味,5,2026-03-12,64.2
101266,SKU33761,蚝油,粮油调味,5,2026-03-12,25.42
101266,SKU52225,虾仁,肉禽蛋品,2,2026-03-12,68.32
101267,SKU28326,可乐,食品饮料,3,2026-09-26,4.56
101267,SKU34093,薯片,食品饮料,5,2026-09-26,36.5
101267,SKU68015,饼干,食品饮料,5,2026-09-26,49.21
101267,SKU48730,香蕉,生鲜蔬果,2,2026-09-26,10.64
101268,SKU80985,蛋糕粉,烘焙用品,1,2026-03-20,34.36
101268,SKU57078,黄油,烘焙用品,2,2026-03-20,72.7
101268,SKU63230,淡奶油,烘焙用品,2,2026-03-20,48.46
101268,SKU72238,鸡蛋,肉禽蛋品,4,2026-03-20,49.52
101268,SKU26541,矿泉水,食品饮料,1,2026-03-20,33.51
101269,SKU15918,洗衣液,日化清洁,5,2026-06-25,15.08
101269,SKU56962,纸巾,日化清洁,3,2026-06-25,43.94
101269,SKU15909,垃圾袋,日化清洁,1,2026-06-25,17.24
101269,SKU86682,辣椒酱,粮油调味,4,2026-06-25,10.33
101270,SKU21108,料酒,粮油调味,4,2026-01-04,49.52
101270,SKU17619,肥皂,日化清洁,5,2026-01-04,7.76
101270,SKU86253,蚝油,粮油调味,1,2026-01-04,17.15
101271,SKU98737,蛋糕粉,烘焙用品,4,2026-06-14,58.1
101271,SKU18387,黄油,烘焙用品,3,2026-06-14,56.9
101271,SKU56386,淡奶油,烘焙用品,5,2026-06-14,59.98
101271,SKU68916,鸡蛋,肉禽蛋品,5,2026-06-14,26.8
101271,SKU28694,洗发水,日化清洁,5,2026-06-14,79.81
101272,SKU95313,大米,粮油调味,1,2026-04-01,77.1
101272,SKU80054,食用油,粮油调味,4,2026-04-01,38.84
101272,SKU59393,酱油,粮油调味,1,2026-04-01,24.93
101272,SKU47740,料酒,粮油调味,3,2026-04-01,36.96
101272,SKU25501,三文鱼,肉禽蛋品,2,2026-04-01,37.18
101272,SKU56234,辣椒酱,粮油调味,5,2026-04-01,25.77
101273,SKU65144,猪肉,肉禽蛋品,4,2026-04-22,35.95
101273,SKU55167,香草精,烘焙用品,4,2026-04-22,29.18
101274,SKU17201,生菜,生鲜蔬果,3,2026-03-22,39.71
101274,SKU91913,鸡翅,肉禽蛋品,4,2026-03-22,53.99
101274,SKU42231,白菜,生鲜蔬果,1,2026-03-22,15.0
101274,SKU61221,大米,粮油调味,1,2026-03-22,54.99
101274,SKU99096,牛肉,肉禽蛋品,4,2026-03-22,51.21
101275,SKU36007,排骨,肉禽蛋品,2,2026-08-01,13.43
101275,SKU56626,胡萝卜,生鲜蔬果,4,2026-08-01,12.48
101275,SKU28095,土豆,生鲜蔬果,5,2026-08-01,14.96
101275,SKU77740,蛋挞皮,烘焙用品,4,2026-08-01,66.04
101275,SKU58186,白糖,粮油调味,3,2026-08-01,52.83
101275,SKU75271,牙膏,日化清洁,4,2026-08-01,19.99
101276,SKU42091,蛋糕粉,烘焙用品,1,2026-02-03,5.23
101276,SKU42198,黄油,烘焙用品,4,2026-02-03,66.92
101276,SKU84003,淡奶油,烘焙用品,5,2026-02-03,60.93
101276,SKU19587,鸡蛋,肉禽蛋品,2,2026-02-03,70.28
101276,SKU67324,巧克力,食品饮料,2,2026-02-03,14.03
101276,SKU92099,醋,粮油调味,3,2026-02-03,49.16
101276,SKU59805,土豆,生鲜蔬果,5,2026-02-03,68.56
101277,SKU54672,方便面,食品饮料,3,2026-04-05,46.9
101277,SKU28279,鸡蛋,肉禽蛋品,2,2026-04-05,73.79
101277,SKU46017,肥牛卷,火锅食材,1,2026-04-05,10.26
101277,SKU56281,盐,粮油调味,1,2026-04-05,65.72
101277,SKU61500,羊肉卷,火锅食材,2,2026-04-05,56.93
101277,SKU68342,淡奶油,烘焙用品,3,2026-04-05,17.17
101278,SKU51408,虾仁,肉禽蛋品,2,2026-04-28,79.49
101278,SKU42624,肥牛卷,火锅食材,3,2026-04-28,19.99
101279,SKU67840,可乐,食品饮料,4,2026-08-27,23.03
101279,SKU65818,薯片,食品饮料,5,2026-08-27,25.6
101279,SKU85727,饼干,食品饮料,2,2026-08-27,15.68
101279,SKU25769,拖把,日化清洁,3,2026-08-27,57.53
101279,SKU91982,火锅底料,火锅食材,1,2026-08-27,26.63
101280,SKU53752,可乐,食品饮料,4,2026-03-11,44.11
101280,SKU98102,薯片,食品饮料,1,2026-03-11,14.01
101280,SKU26564,饼干,食品饮料,1,2026-03-11,69.71
101280,SKU74512,鸡翅,肉禽蛋品,4,2026-03-11,70.44
101280,SKU40332,酵母,烘焙用品,2,2026-03-11,48.99
101280,SKU90463,洗洁精,日化清洁,3,2026-03-11,57.07
101281,SKU67289,饼干,食品饮料,5,2026-08-19,11.49
101281,SKU34385,三文鱼,肉禽蛋品,3,2026-08-19,72.38
101281,SKU48365,胡萝卜,生鲜蔬果,2,2026-08-19,63.63
101281,SKU97573,鸡翅,肉禽蛋品,4,2026-08-19,38.53
101282,SKU16807,油纸,烘焙用品,3,2026-01-10,56.75
101282,SKU40169,三文鱼,肉禽蛋品,4,2026-01-10,4.87
101282,SKU22269,肥皂,日化清洁,5,2026-01-10,43.79
101282,SKU99212,鸭蛋,肉禽蛋品,3,2026-01-10,37.86
101282,SKU35305,粉丝,火锅食材,2,2026-01-10,62.61
101283,SKU61735,葡萄,生鲜蔬果,1,2026-08-21,58.27
101283,SKU68362,饼干,食品饮料,4,2026-08-21,33.82
101283,SKU63345,洗衣液,日化清洁,1,2026-08-21,33.45
101284,SKU28129,洗发水,日化清洁,1,2026-04-22,8.19
101284,SKU16423,沐浴露,日化清洁,2,2026-04-22,5.08
101284,SKU45182,牙膏,日化清洁,5,2026-04-22,25.5
101284,SKU43177,盐,粮油调味,2,2026-04-22,32.85
101284,SKU37854,西红柿,生鲜蔬果,5,2026-04-22,18.67
101285,SKU59963,消毒液,日化清洁,1,2026-07-28,56.69
101285,SKU93901,土豆,生鲜蔬果,1,2026-07-28,68.59
101285,SKU47491,鸭血,火锅食材,3,2026-07-28,49.71
101285,SKU88563,面粉,粮油调味,4,2026-07-28,70.51
101285,SKU58558,黄油,烘焙用品,2,2026-07-28,4.85
101285,SKU16815,羊肉卷,火锅食材,4,2026-07-28,24.55
101286,SKU95601,西红柿,生鲜蔬果,3,2026-02-28,6.84
101286,SKU53489,鸡蛋,肉禽蛋品,1,2026-02-28,8.96
101286,SKU72284,黄瓜,生鲜蔬果,3,2026-02-28,33.15
101286,SKU79546,肥皂,日化清洁,3,2026-02-28,63.61
101286,SKU16394,牛肉,肉禽蛋品,1,2026-02-28,44.65
101286,SKU76790,料酒,粮油调味,2,2026-02-28,76.28
101287,SKU18372,火锅底料,火锅食材,1,2026-01-10,23.94
101287,SKU76711,丸子,火锅食材,3,2026-01-10,34.24
101287,SKU37993,肥牛卷,火锅食材,3,2026-01-10,8.84
101287,SKU93139,可乐,食品饮料,3,2026-01-10,17.7
101288,SKU16545,丸子,火锅食材,3,2026-02-09,30.12
101288,SKU93776,巧克力,食品饮料,2,2026-02-09,6.24
101288,SKU62863,模具,烘焙用品,1,2026-02-09,10.94
101289,SKU14730,排骨,肉禽蛋品,4,2026-09-11,45.27
101289,SKU89717,胡萝卜,生鲜蔬果,1,2026-09-11,77.08
101289,SKU70632,土豆,生鲜蔬果,1,2026-09-11,14.92
101289,SKU89470,肥牛卷,火锅食材,1,2026-09-11,34.17
101290,SKU77627,丸子,火锅食材,1,2026-09-23,11.22
101290,SKU77811,鸡蛋,肉禽蛋品,4,2026-09-23,35.67
101290,SKU84547,芝士碎,烘焙用品,4,2026-09-23,11.69
101291,SKU15463,纸巾,日化清洁,1,2026-08-27,39.69
101291,SKU53625,粉丝,火锅食材,3,2026-08-27,69.59
101291,SKU34850,盐,粮油调味,5,2026-08-27,18.97
101291,SKU80663,大米,粮油调味,3,2026-08-27,30.45
101291,SKU65310,淡奶油,烘焙用品,1,2026-08-27,48.28
101292,SKU62452,肥皂,日化清洁,3,2026-06-15,15.26
101292,SKU73173,酸奶,食品饮料,2,2026-06-15,10.26
101292,SKU18720,垃圾袋,日化清洁,3,2026-06-15,46.09
101292,SKU45085,牛奶,食品饮料,3,2026-06-15,44.54
101292,SKU73553,蘸料,火锅食材,4,2026-06-15,35.94
101292,SKU10563,大米,粮油调味,5,2026-06-15,69.91
101293,SKU60364,洗发水,日化清洁,4,2026-04-01,16.77
101293,SKU94849,沐浴露,日化清洁,4,2026-04-01,48.62
101293,SKU19126,牙膏,日化清洁,2,2026-04-01,22.64
101293,SKU18025,白糖,粮油调味,3,2026-04-01,65.45
101293,SKU77876,大米,粮油调味,2,2026-04-01,27.64
101294,SKU11003,西红柿,生鲜蔬果,2,2026-06-10,75.49
101294,SKU71853,蔬菜拼盘,火锅食材,5,2026-06-10,73.54
101294,SKU11045,油纸,烘焙用品,2,2026-06-10,71.22
101295,SKU75701,面粉,粮油调味,1,2026-08-25,70.67
101295,SKU26812,丸子,火锅食材,3,2026-08-25,13.8
101295,SKU61109,火锅底料,火锅食材,4,2026-08-25,53.24
101295,SKU88976,豆腐,火锅食材,2,2026-08-25,3.08
101295,SKU20871,模具,烘焙用品,1,2026-08-25,3.66
101295,SKU28554,鸭蛋,肉禽蛋品,2,2026-08-25,8.64
101296,SKU73363,西红柿,生鲜蔬果,3,2026-05-05,59.89
101296,SKU22312,鸡蛋,肉禽蛋品,4,2026-05-05,78.88
101296,SKU65993,黄瓜,生鲜蔬果,5,2026-05-05,67.23
101296,SKU86357,料酒,粮油调味,1,2026-05-05,55.19
101296,SKU57810,橙子,生鲜蔬果,4,2026-05-05,11.34
101297,SKU35529,模具,烘焙用品,5,2026-07-12,68.81
101297,SKU12107,淡奶油,烘焙用品,3,2026-07-12,62.98
101297,SKU58056,果汁,食品饮料,1,2026-07-12,50.35
101297,SKU46903,香蕉,生鲜蔬果,2,2026-07-12,15.43
101297,SKU59789,消毒液,日化清洁,2,2026-07-12,78.95
101298,SKU11741,盐,粮油调味,2,2026-06-07,78.77
101298,SKU47291,酱油,粮油调味,4,2026-06-07,4.64
101298,SKU65225,鸡翅,肉禽蛋品,4,2026-06-07,54.73
101298,SKU53853,牛肉,肉禽蛋品,1,2026-06-07,61.69
101298,SKU86905,胡萝卜,生鲜蔬果,4,2026-06-07,63.72
101298,SKU53090,方便面,食品饮料,1,2026-06-07,9.36
101299,SKU14027,生菜,生鲜蔬果,2,2026-01-24,35.27
101299,SKU62602,蛋糕粉,烘焙用品,5,2026-01-24,5.52
101300,SKU82916,方便面,食品饮料,5,2026-06-18,38.09
101300,SKU47882,油纸,烘焙用品,2,2026-06-18,19.99
101300,SKU37134,洗发水,日化清洁,5,2026-06-18,41.53
101301,SKU76238,酱油,粮油调味,3,2026-06-16,32.6
101301,SKU60769,鸡蛋,肉禽蛋品,4,2026-06-16,78.84
101301,SKU41465,可乐,食品饮料,3,2026-06-16,55.27
101301,SKU37219,黄油,烘焙用品,2,2026-06-16,4.77
101301,SKU74861,火锅底料,火锅食材,1,2026-06-16,75.57
101301,SKU63433,牛肉,肉禽蛋品,2,2026-06-16,65.93
101302,SKU44585,洗发水,日化清洁,4,2026-07-12,44.48
101302,SKU75281,沐浴露,日化清洁,5,2026-07-12,72.43
101302,SKU15163,牙膏,日化清洁,2,2026-07-12,25.34
101302,SKU98513,巧克力,食品饮料,1,2026-07-12,56.07
101303,SKU51894,牛肉,肉禽蛋品,4,2026-03-01,63.82
101303,SKU83331,矿泉水,食品饮料,1,2026-03-01,48.37
101304,SKU94536,蛋糕粉,烘焙用品,2,2026-06-09,59.18
101304,SKU51978,黄油,烘焙用品,2,2026-06-09,79.1
101304,SKU38451,淡奶油,烘焙用品,4,2026-06-09,68.07
101304,SKU36315,鸡蛋,肉禽蛋品,4,2026-06-09,49.07
101304,SKU17630,鸭蛋,肉禽蛋品,1,2026-06-09,9.88
101305,SKU10465,牛奶,食品饮料,5,2026-01-24,11.77
101305,SKU79690,面包,食品饮料,3,2026-01-24,68.73
101305,SKU94370,生菜,生鲜蔬果,1,2026-01-24,16.36
101305,SKU46527,糖粉,烘焙用品,2,2026-01-24,28.87
101306,SKU21602,酱油,粮油调味,4,2026-02-11,35.12
101306,SKU61630,橙子,生鲜蔬果,2,2026-02-11,62.31
101306,SKU94239,辣椒酱,粮油调味,2,2026-02-11,44.1
101306,SKU20793,蘸料,火锅食材,1,2026-02-11,42.41
101306,SKU98392,方便面,食品饮料,2,2026-02-11,78.85
101306,SKU55716,蚝油,粮油调味,4,2026-02-11,43.03
101307,SKU21570,模具,烘焙用品,1,2026-05-25,79.5
101307,SKU99244,西红柿,生鲜蔬果,1,2026-05-25,78.42
101307,SKU98387,沐浴露,日化清洁,5,2026-05-25,75.91
101307,SKU90330,蚝油,粮油调味,2,2026-05-25,3.64
101308,SKU65337,香草精,烘焙用品,3,2026-07-16,13.77
101308,SKU63502,毛肚,火锅食材,5,2026-07-16,20.92
101308,SKU23611,果汁,食品饮料,3,2026-07-16,52.87
101308,SKU65986,三文鱼,肉禽蛋品,4,2026-07-16,65.55
101308,SKU22883,鸡肉,肉禽蛋品,4,2026-07-16,56.14
101308,SKU62183,排骨,肉禽蛋品,5,2026-07-16,41.13
101309,SKU97136,淡奶油,烘焙用品,5,2026-03-22,43.5
101309,SKU95818,牛奶,食品饮料,3,2026-03-22,4.89
101309,SKU93870,芝士碎,烘焙用品,4,2026-03-22,70.69
101310,SKU77465,大米,粮油调味,4,2026-03-15,36.49
101310,SKU35521,酱油,粮油调味,5,2026-03-15,3.86
101310,SKU21223,蛋挞皮,烘焙用品,4,2026-03-15,52.56
101311,SKU41698,蛋糕粉,烘焙用品,3,2026-07-27,47.72
101311,SKU23916,黄油,烘焙用品,3,2026-07-27,46.55
101311,SKU91590,淡奶油,烘焙用品,2,2026-07-27,27.91
101311,SKU29961,鸡蛋,肉禽蛋品,4,2026-07-27,39.98
101311,SKU89070,蘸料,火锅食材,4,2026-07-27,27.85
101311,SKU13268,西红柿,生鲜蔬果,4,2026-07-27,32.27
101311,SKU83012,油纸,烘焙用品,5,2026-07-27,67.57
101312,SKU60794,白菜,生鲜蔬果,4,2026-06-24,11.42
101312,SKU86377,胡萝卜,生鲜蔬果,3,2026-06-24,40.18
101312,SKU28228,果汁,食品饮料,2,2026-06-24,47.02
101312,SKU56200,排骨,肉禽蛋品,5,2026-06-24,76.71
101313,SKU95391,蘸料,火锅食材,1,2026-07-12,7.32
101313,SKU10571,糖粉,烘焙用品,3,2026-07-12,62.59
101313,SKU45359,猪肉,肉禽蛋品,5,2026-07-12,17.14
101313,SKU33717,鸭蛋,肉禽蛋品,5,2026-07-12,57.21
101313,SKU83554,巧克力,食品饮料,5,2026-07-12,75.99
101313,SKU70693,蛋挞皮,烘焙用品,4,2026-07-12,29.92
101314,SKU29651,牛奶,食品饮料,1,2026-01-21,12.51
101314,SKU18363,面包,食品饮料,3,2026-01-21,51.79
101314,SKU91993,盐,粮油调味,5,2026-01-21,33.14
101315,SKU33744,苹果,生鲜蔬果,5,2026-01-16,29.54
101315,SKU34776,香蕉,生鲜蔬果,2,2026-01-16,20.48
101315,SKU25606,橙子,生鲜蔬果,4,2026-01-16,49.56
101315,SKU32039,黄油,烘焙用品,5,2026-01-16,4.21
101316,SKU65505,盐,粮油调味,4,2026-01-01,53.14
101316,SKU85263,土豆,生鲜蔬果,2,2026-01-01,22.99
101316,SKU71547,三文鱼,肉禽蛋品,4,2026-01-01,30.99
101316,SKU52812,方便面,食品饮料,3,2026-01-01,79.55
101316,SKU22061,食用油,粮油调味,4,2026-01-01,71.08
101317,SKU59863,苹果,生鲜蔬果,3,2026-05-10,6.83
101317,SKU37299,香蕉,生鲜蔬果,5,2026-05-10,72.55
101317,SKU43181,橙子,生鲜蔬果,3,2026-05-10,52.74
101317,SKU53293,淡奶油,烘焙用品,3,2026-05-10,19.85
101317,SKU95893,羊肉卷,火锅食材,1,2026-05-10,24.61
101318,SKU83605,纸巾,日化清洁,2,2026-07-18,63.56
101318,SKU56291,鸭血,火锅食材,2,2026-07-18,53.92
101318,SKU92572,盐,粮油调味,5,2026-07-18,75.74
101318,SKU74818,饼干,食品饮料,2,2026-07-18,68.81
101318,SKU61332,毛肚,火锅食材,2,2026-07-18,36.43
101319,SKU71734,蛋糕粉,烘焙用品,4,2026-05-17,31.1
101319,SKU89816,黄油,烘焙用品,1,2026-05-17,74.17
101319,SKU95255,淡奶油,烘焙用品,3,2026-05-17,21.77
101319,SKU89964,鸡蛋,肉禽蛋品,4,2026-05-17,62.4
101319,SKU95043,模具,烘焙用品,5,2026-05-17,19.82
101320,SKU50055,可乐,食品饮料,3,2026-05-10,4.83
101320,SKU57340,薯片,食品饮料,3,2026-05-10,64.58
101320,SKU79731,饼干,食品饮料,1,2026-05-10,48.88
101320,SKU31651,洗发水,日化清洁,3,2026-05-10,33.87
101320,SKU35830,蘸料,火锅食材,1,2026-05-10,6.94
101320,SKU89103,苹果,生鲜蔬果,3,2026-05-10,16.26
101321,SKU87370,排骨,肉禽蛋品,2,2026-04-19,68.03
101321,SKU55266,胡萝卜,生鲜蔬果,3,2026-04-19,23.76
101321,SKU13745,土豆,生鲜蔬果,1,2026-04-19,21.61
101321,SKU53919,辣椒酱,粮油调味,1,2026-04-19,35.47
101321,SKU24409,肥牛卷,火锅食材,5,2026-04-19,79.45
101322,SKU83705,矿泉水,食品饮料,1,2026-06-02,53.66
101322,SKU55012,洗发水,日化清洁,1,2026-06-02,27.0
101323,SKU53333,排骨,肉禽蛋品,4,2026-04-03,50.77
101323,SKU23181,胡萝卜,生鲜蔬果,2,2026-04-03,9.06
101323,SKU96090,土豆,生鲜蔬果,1,2026-04-03,13.95
101323,SKU46014,方便面,食品饮料,3,2026-04-03,47.36
101323,SKU34202,辣椒酱,粮油调味,2,2026-04-03,33.89
101323,SKU29528,蚝油,粮油调味,4,2026-04-03,65.92
101324,SKU79275,酱油,粮油调味,3,2026-09-14,41.19
101324,SKU98722,沐浴露,日化清洁,2,2026-09-14,45.66
101324,SKU54855,鸭蛋,肉禽蛋品,3,2026-09-14,29.84
101324,SKU66543,橙子,生鲜蔬果,1,2026-09-14,22.98
101324,SKU92026,豆腐,火锅食材,1,2026-09-14,64.46
101325,SKU56855,火锅底料,火锅食材,3,2026-02-19,29.49
101325,SKU38825,丸子,火锅食材,3,2026-02-19,61.2
101325,SKU64772,肥牛卷,火锅食材,4,2026-02-19,56.79
101326,SKU60498,火锅底料,火锅食材,2,2026-03-16,37.05
101326,SKU28402,丸子,火锅食材,1,2026-03-16,79.82
101326,SKU72341,肥牛卷,火锅食材,1,2026-03-16,54.42
101326,SKU31860,模具,烘焙用品,3,2026-03-16,77.18
101326,SKU23304,盐,粮油调味,4,2026-03-16,22.81
101327,SKU91452,面包,食品饮料,2,2026-03-25,4.09
101327,SKU40676,豆腐,火锅食材,1,2026-03-25,35.64
101327,SKU66555,排骨,肉禽蛋品,1,2026-03-25,49.47
101327,SKU40785,鸭血,火锅食材,2,2026-03-25,4.55
101327,SKU19667,糖粉,烘焙用品,5,2026-03-25,49.02
101327,SKU17774,蛋糕粉,烘焙用品,4,2026-03-25,60.34
101328,SKU98696,大米,粮油调味,4,2026-05-11,36.93
101328,SKU38221,食用油,粮油调味,1,2026-05-11,75.97
101328,SKU79601,酱油,粮油调味,3,2026-05-11,63.19
101328,SKU15043,蔬菜拼盘,火锅食材,5,2026-05-11,43.86
101328,SKU21855,虾仁,肉禽蛋品,3,2026-05-11,41.66
101328,SKU17495,鸡翅,肉禽蛋品,3,2026-05-11,53.07
101329,SKU28973,黄油,烘焙用品,1,2026-03-12,69.14
101329,SKU41135,矿泉水,食品饮料,5,2026-03-12,16.53
101329,SKU27368,垃圾袋,日化清洁,1,2026-03-12,21.97
101330,SKU13182,消毒液,日化清洁,3,2026-08-12,25.55
101330,SKU35438,油纸,烘焙用品,3,2026-08-12,51.41
101330,SKU36623,酱油,粮油调味,1,2026-08-12,43.14
101330,SKU90614,生菜,生鲜蔬果,3,2026-08-12,22.15
101330,SKU21082,鸭蛋,肉禽蛋品,3,2026-08-12,20.33
101331,SKU29277,丸子,火锅食材,3,2026-01-22,4.22
101331,SKU98230,排骨,肉禽蛋品,5,2026-01-22,11.83
101331,SKU61095,鸡蛋,肉禽蛋品,4,2026-01-22,49.58
101332,SKU66015,排骨,肉禽蛋品,5,2026-06-26,11.59
101332,SKU20928,胡萝卜,生鲜蔬果,2,2026-06-26,55.77
101332,SKU74116,土豆,生鲜蔬果,1,2026-06-26,59.3
101332,SKU30397,大米,粮油调味,2,2026-06-26,66.15
101333,SKU70359,蛋糕粉,烘焙用品,4,2026-03-04,19.77
101333,SKU24930,胡萝卜,生鲜蔬果,4,2026-03-04,62.91
101333,SKU84039,洗洁精,日化清洁,1,2026-03-04,30.64
101334,SKU91100,糖粉,烘焙用品,3,2026-09-22,68.48
101334,SKU35755,果汁,食品饮料,1,2026-09-22,31.73
101335,SKU94698,牛奶,食品饮料,1,2026-01-09,13.08
101335,SKU78254,面包,食品饮料,4,2026-01-09,60.16
101335,SKU82738,食用油,粮油调味,2,2026-01-09,46.16
101336,SKU61983,沐浴露,日化清洁,5,2026-01-07,33.78
101336,SKU16229,葡萄,生鲜蔬果,1,2026-01-07,21.31
101336,SKU36963,面粉,粮油调味,3,2026-01-07,3.66
101336,SKU70193,洗衣液,日化清洁,3,2026-01-07,34.42
101337,SKU82018,虾仁,肉禽蛋品,1,2026-06-10,71.43
101337,SKU19394,牛奶,食品饮料,2,2026-06-10,37.37
101337,SKU51100,蛋挞皮,烘焙用品,1,2026-06-10,70.09
101337,SKU46807,毛肚,火锅食材,1,2026-06-10,21.76
101337,SKU81498,鸡肉,肉禽蛋品,4,2026-06-10,7.63
101337,SKU10382,香蕉,生鲜蔬果,3,2026-06-10,15.3
101338,SKU98095,面粉,粮油调味,1,2026-02-08,70.87
101338,SKU93515,垃圾袋,日化清洁,4,2026-02-08,43.27
101338,SKU11184,牛奶,食品饮料,4,2026-02-08,20.11
101338,SKU98701,食用油,粮油调味,2,2026-02-08,44.39
101338,SKU72768,苹果,生鲜蔬果,1,2026-02-08,52.94
101338,SKU88673,盐,粮油调味,2,2026-02-08,59.85
101339,SKU26960,巧克力,食品饮料,1,2026-01-15,4.78
101339,SKU23070,肥牛卷,火锅食材,1,2026-01-15,22.79
101339,SKU11158,蛋挞皮,烘焙用品,1,2026-01-15,77.42
101339,SKU41646,丸子,火锅食材,4,2026-01-15,11.79
101339,SKU13615,酱油,粮油调味,3,2026-01-15,46.17
101339,SKU52027,香蕉,生鲜蔬果,5,2026-01-15,67.52
101340,SKU91555,牛奶,食品饮料,5,2026-02-06,61.02
101340,SKU49837,面包,食品饮料,3,2026-02-06,64.49
101340,SKU57627,肥皂,日化清洁,3,2026-02-06,22.98
101340,SKU28581,猪肉,肉禽蛋品,4,2026-02-06,49.62
101340,SKU54358,鸭蛋,肉禽蛋品,5,2026-02-06,33.45
101341,SKU68477,蛋糕粉,烘焙用品,1,2026-07-27,21.2
101341,SKU98569,黄油,烘焙用品,1,2026-07-27,55.98
101341,SKU28529,淡奶油,烘焙用品,5,2026-07-27,41.54
101341,SKU56448,鸡蛋,肉禽蛋品,4,2026-07-27,21.52
101341,SKU62654,蛋挞皮,烘焙用品,4,2026-07-27,11.2
101341,SKU67752,羊肉卷,火锅食材,4,2026-07-27,74.12
101342,SKU78780,垃圾袋,日化清洁,1,2026-09-08,18.06
101342,SKU16099,羊肉卷,火锅食材,4,2026-09-08,60.55
101342,SKU38497,白糖,粮油调味,2,2026-09-08,59.17
101342,SKU19023,模具,烘焙用品,3,2026-09-08,54.38
101343,SKU99125,食用油,粮油调味,1,2026-05-10,25.86
101343,SKU69910,羊肉卷,火锅食材,1,2026-05-10,8.51
101343,SKU99679,蛋挞皮,烘焙用品,4,2026-05-10,62.99
101343,SKU97941,白糖,粮油调味,3,2026-05-10,16.41
101343,SKU48734,料酒,粮油调味,1,2026-05-10,31.84
101344,SKU42801,可乐,食品饮料,3,2026-09-08,39.9
101344,SKU80601,薯片,食品饮料,4,2026-09-08,27.12
101344,SKU76914,饼干,食品饮料,5,2026-09-08,32.84
101344,SKU38370,酵母,烘焙用品,4,2026-09-08,74.38
101344,SKU40320,白糖,粮油调味,4,2026-09-08,45.44
101345,SKU20322,洗衣液,日化清洁,2,2026-01-01,56.14
101345,SKU33740,纸巾,日化清洁,3,2026-01-01,47.4
101345,SKU87838,垃圾袋,日化清洁,2,2026-01-01,63.02
101345,SKU31976,辣椒酱,粮油调味,1,2026-01-01,53.92
101345,SKU60240,黄油,烘焙用品,4,2026-01-01,75.0
101346,SKU99861,火锅底料,火锅食材,1,2026-06-20,32.04
101346,SKU20742,丸子,火锅食材,2,2026-06-20,47.58
101346,SKU26814,肥牛卷,火锅食材,5,2026-06-20,37.78
101346,SKU72890,方便面,食品饮料,5,2026-06-20,15.08
101347,SKU72974,火锅底料,火锅食材,1,2026-02-17,68.29
101347,SKU78920,丸子,火锅食材,3,2026-02-17,55.14
101347,SKU78241,肥牛卷,火锅食材,5,2026-02-17,59.14
101347,SKU72529,鸭蛋,肉禽蛋品,3,2026-02-17,67.11
101347,SKU68824,香草精,烘焙用品,3,2026-02-17,47.79
101347,SKU51382,黄油,烘焙用品,5,2026-02-17,49.22
101348,SKU63637,排骨,肉禽蛋品,3,2026-03-28,45.06
101348,SKU56654,胡萝卜,生鲜蔬果,3,2026-03-28,79.06
101348,SKU82468,土豆,生鲜蔬果,5,2026-03-28,59.81
101348,SKU23370,鸭蛋,肉禽蛋品,5,2026-03-28,44.16
101349,SKU36229,洗衣液,日化清洁,1,2026-01-14,79.47
101349,SKU70423,纸巾,日化清洁,1,2026-01-14,15.95
101349,SKU68803,垃圾袋,日化清洁,3,2026-01-14,67.13
101349,SKU64318,淡奶油,烘焙用品,2,2026-01-14,60.35
101349,SKU49988,酸奶,食品饮料,1,2026-01-14,35.23
101350,SKU31848,毛肚,火锅食材,5,2026-07-07,78.31
101350,SKU37155,胡萝卜,生鲜蔬果,1,2026-07-07,11.76
101350,SKU65839,牛肉,肉禽蛋品,1,2026-07-07,41.47
101350,SKU99557,料酒,粮油调味,4,2026-07-07,29.8
101350,SKU39072,橙子,生鲜蔬果,2,2026-07-07,11.85
101350,SKU25798,蛋糕粉,烘焙用品,2,2026-07-07,35.46
101351,SKU31409,牙膏,日化清洁,2,2026-04-03,39.67
101351,SKU48778,饼干,食品饮料,5,2026-04-03,30.51
101351,SKU53634,苹果,生鲜蔬果,3,2026-04-03,42.72
101351,SKU65194,香蕉,生鲜蔬果,5,2026-04-03,20.32
101351,SKU86807,巧克力,食品饮料,2,2026-04-03,55.37
101351,SKU26208,葡萄,生鲜蔬果,5,2026-04-03,61.4
101352,SKU45694,带鱼,肉禽蛋品,3,2026-03-16,11.15
101352,SKU34150,虾仁,肉禽蛋品,1,2026-03-16,67.19
101352,SKU18751,洗洁精,日化清洁,3,2026-03-16,45.94
101353,SKU81041,食用油,粮油调味,1,2026-05-27,12.36
101353,SKU88411,鸡蛋,肉禽蛋品,4,2026-05-27,20.96
101353,SKU22801,酱油,粮油调味,3,2026-05-27,30.57
101353,SKU82726,醋,粮油调味,2,2026-05-27,58.7
101353,SKU22296,黄油,烘焙用品,3,2026-05-27,27.51
101354,SKU96701,牛奶,食品饮料,5,2026-06-13,33.8
101354,SKU91495,面包,食品饮料,3,2026-06-13,62.69
101354,SKU66183,酸奶,食品饮料,1,2026-06-13,53.1
101354,SKU85929,黄瓜,生鲜蔬果,3,2026-06-13,30.9
101354,SKU92527,火锅底料,火锅食材,5,2026-06-13,38.79
101355,SKU34665,苹果,生鲜蔬果,4,2026-05-24,51.98
101355,SKU22182,香蕉,生鲜蔬果,3,2026-05-24,53.12
101355,SKU18437,橙子,生鲜蔬果,4,2026-05-24,33.84
101355,SKU38284,食用油,粮油调味,1,2026-05-24,70.56
101355,SKU66202,鸡蛋,肉禽蛋品,5,2026-05-24,39.23
101355,SKU27836,模具,烘焙用品,4,2026-05-24,5.22
101356,SKU45438,黄瓜,生鲜蔬果,2,2026-02-16,52.77
101356,SKU78840,酱油,粮油调味,1,2026-02-16,56.0
101356,SKU18038,巧克力,食品饮料,2,2026-02-16,65.43
101356,SKU42195,鸡翅,肉禽蛋品,4,2026-02-16,54.88
101357,SKU50632,大米,粮油调味,5,2026-03-24,10.69
101357,SKU48866,食用油,粮油调味,3,2026-03-24,23.67
101357,SKU45487,酱油,粮油调味,5,2026-03-24,70.19
101357,SKU97576,黄瓜,生鲜蔬果,2,2026-03-24,54.54
101357,SKU46636,鸡肉,肉禽蛋品,1,2026-03-24,15.12
101358,SKU21909,西红柿,生鲜蔬果,3,2026-04-26,57.02
101358,SKU77469,巧克力,食品饮料,1,2026-04-26,54.46
101358,SKU54087,糖粉,烘焙用品,4,2026-04-26,53.62
101358,SKU11057,淡奶油,烘焙用品,4,2026-04-26,79.21
101359,SKU35234,大米,粮油调味,5,2026-05-04,57.41
101359,SKU50769,食用油,粮油调味,4,2026-05-04,6.0
101359,SKU52570,酱油,粮油调味,2,2026-05-04,26.11
101359,SKU91735,蔬菜拼盘,火锅食材,1,2026-05-04,55.7
101360,SKU51880,拖把,日化清洁,2,2026-01-17,27.51
101360,SKU85747,胡萝卜,生鲜蔬果,5,2026-01-17,23.57
101360,SKU14618,白菜,生鲜蔬果,5,2026-01-17,79.24
101361,SKU60295,芝士碎,烘焙用品,2,2026-03-08,20.84
101361,SKU22172,蛋挞皮,烘焙用品,1,2026-03-08,46.79
101361,SKU81010,食用油,粮油调味,1,2026-03-08,51.13
101361,SKU12128,面粉,粮油调味,2,2026-03-08,49.88
101361,SKU50048,沐浴露,日化清洁,5,2026-03-08,64.06
101362,SKU77159,果汁,食品饮料,4,2026-03-09,54.85
101362,SKU35076,西红柿,生鲜蔬果,2,2026-03-09,23.8
101362,SKU98414,消毒液,日化清洁,2,2026-03-09,65.06
101363,SKU79050,面包,食品饮料,3,2026-09-18,10.89
101363,SKU90254,白糖,粮油调味,4,2026-09-18,36.59
101363,SKU76549,火锅底料,火锅食材,3,2026-09-18,59.34
101364,SKU82677,食用油,粮油调味,5,2026-07-25,75.74
101364,SKU68951,可乐,食品饮料,3,2026-07-25,29.45
101364,SKU12845,酸奶,食品饮料,3,2026-07-25,18.72
101364,SKU31376,拖把,日化清洁,5,2026-07-25,69.37
101365,SKU65305,肥皂,日化清洁,5,2026-09-21,70.27
101365,SKU52299,饼干,食品饮料,3,2026-09-21,28.16
101365,SKU71646,丸子,火锅食材,5,2026-09-21,10.4
101365,SKU43897,黄瓜,生鲜蔬果,4,2026-09-21,28.27
101365,SKU82017,酸奶,食品饮料,4,2026-09-21,12.59
101365,SKU14932,蛋挞皮,烘焙用品,5,2026-09-21,18.51
101366,SKU90022,洗发水,日化清洁,3,2026-06-09,59.95
101366,SKU77678,沐浴露,日化清洁,4,2026-06-09,54.36
101366,SKU87207,牙膏,日化清洁,4,2026-06-09,36.09
101366,SKU43844,料酒,粮油调味,5,2026-06-09,50.07
101366,SKU23958,薯片,食品饮料,4,2026-06-09,4.26
101367,SKU91425,芝士碎,烘焙用品,1,2026-08-23,68.16
101367,SKU20589,橙子,生鲜蔬果,4,2026-08-23,72.93
101368,SKU56988,洗发水,日化清洁,3,2026-01-25,33.2
101368,SKU52702,沐浴露,日化清洁,4,2026-01-25,36.27
101368,SKU20036,牙膏,日化清洁,1,2026-01-25,53.25
101368,SKU65361,香草精,烘焙用品,5,2026-01-25,59.05
101368,SKU60378,鸡蛋,肉禽蛋品,1,2026-01-25,55.84
101369,SKU58226,苹果,生鲜蔬果,2,2026-08-22,77.66
101369,SKU67008,香蕉,生鲜蔬果,5,2026-08-22,71.34
101369,SKU12444,橙子,生鲜蔬果,5,2026-08-22,42.82
101369,SKU12180,酱油,粮油调味,3,2026-08-22,27.96
101369,SKU63546,白糖,粮油调味,3,2026-08-22,63.18
101369,SKU40058,可乐,食品饮料,5,2026-08-22,63.91
101370,SKU80393,蛋糕粉,烘焙用品,1,2026-08-11,39.32
101370,SKU53402,黄油,烘焙用品,5,2026-08-11,15.92
101370,SKU14363,淡奶油,烘焙用品,4,2026-08-11,12.58
101370,SKU99455,鸡蛋,肉禽蛋品,2,2026-08-11,28.44
101370,SKU74291,方便面,食品饮料,2,2026-08-11,44.5
101370,SKU59334,食用油,粮油调味,4,2026-08-11,60.33
101370,SKU19351,芝士碎,烘焙用品,3,2026-08-11,42.59
101371,SKU38932,可乐,食品饮料,3,2026-07-25,42.44
101371,SKU21086,酸奶,食品饮料,1,2026-07-25,58.45
101371,SKU28520,淡奶油,烘焙用品,1,2026-07-25,62.27
101371,SKU59462,橙子,生鲜蔬果,4,2026-07-25,45.29
101371,SKU90005,拖把,日化清洁,5,2026-07-25,28.68
101371,SKU48528,盐,粮油调味,2,2026-07-25,3.12
101372,SKU16392,排骨,肉禽蛋品,4,2026-09-28,61.44
101372,SKU64388,胡萝卜,生鲜蔬果,2,2026-09-28,32.82
101372,SKU35467,土豆,生鲜蔬果,2,2026-09-28,6.97
101372,SKU49851,沐浴露,日化清洁,4,2026-09-28,19.6
101372,SKU88005,豆腐,火锅食材,3,2026-09-28,19.27
101373,SKU67638,消毒液,日化清洁,2,2026-05-13,20.12
101373,SKU16267,酸奶,食品饮料,4,2026-05-13,9.84
101373,SKU26257,辣椒酱,粮油调味,4,2026-05-13,70.98
101373,SKU56835,鸡蛋,肉禽蛋品,4,2026-05-13,26.21
101373,SKU66099,胡萝卜,生鲜蔬果,4,2026-05-13,38.54
101373,SKU27813,带鱼,肉禽蛋品,2,2026-05-13,54.99
101374,SKU74984,蘸料,火锅食材,4,2026-07-08,23.4
101374,SKU99671,洗衣液,日化清洁,3,2026-07-08,50.22
101374,SKU47389,香蕉,生鲜蔬果,3,2026-07-08,53.05
101374,SKU28132,鸭血,火锅食材,5,2026-07-08,57.89
101374,SKU34937,肥牛卷,火锅食材,5,2026-07-08,30.27
101375,SKU72301,白菜,生鲜蔬果,4,2026-08-24,35.33
101375,SKU29699,牛奶,食品饮料,3,2026-08-24,4.93
101375,SKU72916,火锅底料,火锅食材,1,2026-08-24,76.79
101375,SKU20553,拖把,日化清洁,4,2026-08-24,38.98
101376,SKU37223,矿泉水,食品饮料,3,2026-05-20,61.09
101376,SKU87117,牛肉,肉禽蛋品,2,2026-05-20,7.57
101376,SKU94325,胡萝卜,生鲜蔬果,1,2026-05-20,63.74
101377,SKU76353,淡奶油,烘焙用品,4,2026-01-19,30.49
101377,SKU48077,肥皂,日化清洁,2,2026-01-19,21.65
101378,SKU36251,大米,粮油调味,3,2026-05-11,76.44
101378,SKU66339,食用油,粮油调味,2,2026-05-11,75.49
101378,SKU97963,酱油,粮油调味,1,2026-05-11,51.61
101378,SKU14825,蛋挞皮,烘焙用品,1,2026-05-11,69.35
101378,SKU84792,垃圾袋,日化清洁,3,2026-05-11,38.91
101378,SKU42180,酸奶,食品饮料,1,2026-05-11,8.4
101379,SKU62311,酵母,烘焙用品,5,2026-05-19,48.55
101379,SKU21372,胡萝卜,生鲜蔬果,3,2026-05-19,79.51
101379,SKU51717,猪肉,肉禽蛋品,5,2026-05-19,10.84
101379,SKU68696,毛肚,火锅食材,5,2026-05-19,19.56
101380,SKU94922,巧克力,食品饮料,1,2026-05-13,42.33
101380,SKU97677,火锅底料,火锅食材,4,2026-05-13,42.36
101380,SKU70497,香草精,烘焙用品,1,2026-05-13,24.61
101380,SKU97977,蛋挞皮,烘焙用品,5,2026-05-13,34.69
101381,SKU12198,土豆,生鲜蔬果,5,2026-07-18,48.13
101381,SKU18886,肥皂,日化清洁,5,2026-07-18,52.43
101381,SKU40496,三文鱼,肉禽蛋品,3,2026-07-18,58.31
101381,SKU33655,蘸料,火锅食材,2,2026-07-18,3.28
101381,SKU75061,黄油,烘焙用品,5,2026-07-18,57.24
101381,SKU12273,洗发水,日化清洁,4,2026-07-18,72.94
101382,SKU17182,蘸料,火锅食材,2,2026-06-09,8.17
101382,SKU21565,蛋挞皮,烘焙用品,3,2026-06-09,8.18
101382,SKU14224,食用油,粮油调味,5,2026-06-09,32.92
101383,SKU75580,洗衣液,日化清洁,3,2026-05-16,37.94
101383,SKU69664,纸巾,日化清洁,3,2026-05-16,15.91
101383,SKU26803,垃圾袋,日化清洁,3,2026-05-16,69.59
101383,SKU89391,牛肉,肉禽蛋品,1,2026-05-16,17.47
101384,SKU20759,蛋糕粉,烘焙用品,2,2026-05-10,67.55
101384,SKU99385,黄油,烘焙用品,5,2026-05-10,73.51
101384,SKU75129,淡奶油,烘焙用品,4,2026-05-10,34.85
101384,SKU36710,鸡蛋,肉禽蛋品,4,2026-05-10,26.29
101384,SKU58033,蚝油,粮油调味,1,2026-05-10,77.64
101384,SKU34628,毛肚,火锅食材,1,2026-05-10,41.92
101384,SKU77386,丸子,火锅食材,1,2026-05-10,13.88
101385,SKU91526,可乐,食品饮料,3,2026-06-07,19.17
101385,SKU57799,薯片,食品饮料,5,2026-06-07,62.74
101385,SKU74088,饼干,食品饮料,2,2026-06-07,56.42
101385,SKU55053,蘸料,火锅食材,5,2026-06-07,49.38
101385,SKU17587,猪肉,肉禽蛋品,5,2026-06-07,65.12
101386,SKU78003,面粉,粮油调味,3,2026-09-10,30.8
101386,SKU55241,消毒液,日化清洁,1,2026-09-10,32.01
101387,SKU84965,蚝油,粮油调味,5,2026-03-07,61.69
101387,SKU15380,巧克力,食品饮料,1,2026-03-07,45.18
101388,SKU89521,方便面,食品饮料,2,2026-01-07,22.95
101388,SKU30576,拖把,日化清洁,2,2026-01-07,27.01
101389,SKU51208,油纸,烘焙用品,2,2026-02-23,7.88
101389,SKU35322,牛奶,食品饮料,2,2026-02-23,39.36
101389,SKU21423,橙子,生鲜蔬果,3,2026-02-23,9.98
101389,SKU21550,鸡蛋,肉禽蛋品,3,2026-02-23,58.73
101390,SKU15110,大米,粮油调味,1,2026-04-08,27.7
101390,SKU50279,食用油,粮油调味,2,2026-04-08,7.53
101390,SKU67796,酱油,粮油调味,3,2026-04-08,3.79
101390,SKU23082,盐,粮油调味,5,2026-04-08,9.77
101390,SKU63381,橙子,生鲜蔬果,1,2026-04-08,50.48
101391,SKU50032,洗衣液,日化清洁,2,2026-06-20,60.7
101391,SKU49790,模具,烘焙用品,3,2026-06-20,79.07
101391,SKU34086,淡奶油,烘焙用品,1,2026-06-20,63.3
101391,SKU28528,芝士碎,烘焙用品,5,2026-06-20,48.51
101392,SKU23497,饼干,食品饮料,1,2026-07-20,74.99
101392,SKU23715,洗发水,日化清洁,1,2026-07-20,35.29
101392,SKU59877,带鱼,肉禽蛋品,4,2026-07-20,78.63
101392,SKU17716,葡萄,生鲜蔬果,5,2026-07-20,10.18
101392,SKU30976,酵母,烘焙用品,5,2026-07-20,52.01
101392,SKU26187,巧克力,食品饮料,3,2026-07-20,13.32
101393,SKU75433,洗发水,日化清洁,1,2026-07-18,51.73
101393,SKU62705,沐浴露,日化清洁,3,2026-07-18,74.45
101393,SKU59942,牙膏,日化清洁,2,2026-07-18,53.08
101393,SKU59998,带鱼,肉禽蛋品,5,2026-07-18,46.77
101394,SKU28238,羊肉卷,火锅食材,3,2026-03-01,46.79
101394,SKU27389,牛肉,肉禽蛋品,3,2026-03-01,40.91
101394,SKU16443,西红柿,生鲜蔬果,5,2026-03-01,51.3
101394,SKU13998,黄瓜,生鲜蔬果,2,2026-03-01,15.16
101395,SKU26003,洗发水,日化清洁,2,2026-01-21,45.85
101395,SKU21583,羊肉卷,火锅食材,2,2026-01-21,49.97
101395,SKU15858,鸡翅,肉禽蛋品,3,2026-01-21,28.77
101395,SKU77072,面包,食品饮料,3,2026-01-21,55.12
101396,SKU33845,黄油,烘焙用品,2,2026-01-23,63.93
101396,SKU57004,土豆,生鲜蔬果,3,2026-01-23,3.99
101396,SKU44536,消毒液,日化清洁,3,2026-01-23,71.25
101396,SKU62315,香蕉,生鲜蔬果,4,2026-01-23,76.51
101396,SKU15460,可乐,食品饮料,5,2026-01-23,77.39
101396,SKU20935,白菜,生鲜蔬果,5,2026-01-23,4.79
101397,SKU60977,芝士碎,烘焙用品,1,2026-09-24,10.22
101397,SKU56454,蛋糕粉,烘焙用品,3,2026-09-24,51.28
101397,SKU38908,方便面,食品饮料,4,2026-09-24,65.0
101397,SKU79578,白糖,粮油调味,5,2026-09-24,46.03
101398,SKU16876,沐浴露,日化清洁,4,2026-09-17,53.74
101398,SKU28094,蛋挞皮,烘焙用品,4,2026-09-17,52.83
101398,SKU21558,牛奶,食品饮料,5,2026-09-17,4.77
101398,SKU35366,胡萝卜,生鲜蔬果,1,2026-09-17,64.55
101398,SKU46627,白糖,粮油调味,5,2026-09-17,32.43
101399,SKU43600,猪肉,肉禽蛋品,2,2026-08-27,28.35
101399,SKU52290,黄瓜,生鲜蔬果,5,2026-08-27,48.19
101399,SKU84650,料酒,粮油调味,2,2026-08-27,46.13
101399,SKU87217,鸭血,火锅食材,3,2026-08-27,26.72
101399,SKU83840,土豆,生鲜蔬果,1,2026-08-27,22.99
101400,SKU22186,排骨,肉禽蛋品,5,2026-01-12,30.6
101400,SKU93834,胡萝卜,生鲜蔬果,4,2026-01-12,39.52
101400,SKU53434,土豆,生鲜蔬果,1,2026-01-12,66.15
101400,SKU61621,牛奶,食品饮料,2,2026-01-12,12.71
101401,SKU53480,鸭血,火锅食材,4,2026-08-01,67.27
101401,SKU29562,粉丝,火锅食材,4,2026-08-01,56.04
101401,SKU58176,黄油,烘焙用品,5,2026-08-01,71.6
101401,SKU30820,豆腐,火锅食材,5,2026-08-01,54.09
101402,SKU58957,鸭蛋,肉禽蛋品,2,2026-09-06,14.88
101402,SKU76840,豆腐,火锅食材,2,2026-09-06,6.21
101403,SKU62327,蛋挞皮,烘焙用品,5,2026-09-11,4.42
101403,SKU82307,肥牛卷,火锅食材,3,2026-09-11,27.94
101403,SKU45232,淡奶油,烘焙用品,2,2026-09-11,39.93
101403,SKU85345,羊肉卷,火锅食材,3,2026-09-11,47.24
101404,SKU55169,洗衣液,日化清洁,4,2026-08-11,27.82
101404,SKU30793,纸巾,日化清洁,3,2026-08-11,49.18
101404,SKU74034,垃圾袋,日化清洁,5,2026-08-11,56.9
101404,SKU69946,盐,粮油调味,3,2026-08-11,44.38
101404,SKU99893,猪肉,肉禽蛋品,3,2026-08-11,9.7
101405,SKU91109,拖把,日化清洁,1,2026-02-23,63.82
101405,SKU53862,大米,粮油调味,4,2026-02-23,35.68
101405,SKU63249,蛋挞皮,烘焙用品,2,2026-02-23,23.65
101405,SKU19429,糖粉,烘焙用品,3,2026-02-23,63.61
101405,SKU67125,洗洁精,日化清洁,3,2026-02-23,62.96
101405,SKU90134,排骨,肉禽蛋品,3,2026-02-23,71.28
101406,SKU17998,牛奶,食品饮料,5,2026-07-15,66.0
101406,SKU35122,黄瓜,生鲜蔬果,1,2026-07-15,33.49
101406,SKU52897,橙子,生鲜蔬果,1,2026-07-15,9.61
101406,SKU93794,白糖,粮油调味,5,2026-07-15,39.61
101406,SKU46802,沐浴露,日化清洁,2,2026-07-15,16.29
101407,SKU92369,料酒,粮油调味,5,2026-03-05,6.76
101407,SKU67133,巧克力,食品饮料,5,2026-03-05,62.0
101407,SKU93069,面粉,粮油调味,1,2026-03-05,76.53
101407,SKU45991,丸子,火锅食材,5,2026-03-05,77.75
101407,SKU35760,消毒液,日化清洁,1,2026-03-05,64.11
101407,SKU19435,淡奶油,烘焙用品,3,2026-03-05,45.62
101408,SKU73697,洗衣液,日化清洁,4,2026-06-28,78.98
101408,SKU52768,纸巾,日化清洁,1,2026-06-28,74.5
101408,SKU12067,垃圾袋,日化清洁,3,2026-06-28,23.99
101408,SKU30216,豆腐,火锅食材,3,2026-06-28,21.87
101408,SKU67333,黄油,烘焙用品,4,2026-06-28,6.15
101409,SKU37028,可乐,食品饮料,1,2026-08-28,51.44
101409,SKU49179,薯片,食品饮料,4,2026-08-28,74.24
101409,SKU24035,饼干,食品饮料,5,2026-08-28,47.15
101409,SKU79561,三文鱼,肉禽蛋品,5,2026-08-28,56.2
101409,SKU92121,羊肉卷,火锅食材,3,2026-08-28,34.48
101410,SKU95066,面粉,粮油调味,3,2026-03-26,77.68
101410,SKU12570,猪肉,肉禽蛋品,2,2026-03-26,45.9
101411,SKU44055,大米,粮油调味,4,2026-08-15,17.04
101411,SKU58598,食用油,粮油调味,2,2026-08-15,75.56
101411,SKU77108,酱油,粮油调味,4,2026-08-15,39.78
101411,SKU61829,三文鱼,肉禽蛋品,3,2026-08-15,25.22
101411,SKU89889,牛肉,肉禽蛋品,1,2026-08-15,37.33
101412,SKU58539,猪肉,肉禽蛋品,4,2026-01-27,40.21
101412,SKU98812,鸡肉,肉禽蛋品,1,2026-01-27,14.79
101412,SKU50215,毛肚,火锅食材,3,2026-01-27,26.02
101412,SKU54440,生菜,生鲜蔬果,5,2026-01-27,63.12
101413,SKU94422,西红柿,生鲜蔬果,2,2026-04-22,42.84
101413,SKU72373,鸡蛋,肉禽蛋品,3,2026-04-22,54.05
101413,SKU66934,黄瓜,生鲜蔬果,3,2026-04-22,36.88
101413,SKU51843,蔬菜拼盘,火锅食材,3,2026-04-22,32.2
101413,SKU73099,食用油,粮油调味,5,2026-04-22,72.14
101413,SKU49713,粉丝,火锅食材,1,2026-04-22,30.85
101414,SKU74569,巧克力,食品饮料,5,2026-05-21,39.25
101414,SKU63808,蚝油,粮油调味,1,2026-05-21,28.89
101414,SKU28463,芝士碎,烘焙用品,5,2026-05-21,16.45
101415,SKU87822,橙子,生鲜蔬果,3,2026-01-27,19.21
101415,SKU16678,肥牛卷,火锅食材,4,2026-01-27,38.93
101415,SKU53650,黄油,烘焙用品,1,2026-01-27,11.45
101415,SKU39978,牛奶,食品饮料,3,2026-01-27,38.6
101415,SKU44449,矿泉水,食品饮料,3,2026-01-27,50.32
101415,SKU96410,鸭蛋,肉禽蛋品,2,2026-01-27,54.07
101416,SKU54140,食用油,粮油调味,4,2026-05-23,77.07
101416,SKU39261,纸巾,日化清洁,4,2026-05-23,22.6
101416,SKU93083,垃圾袋,日化清洁,3,2026-05-23,23.82
101417,SKU51166,洗发水,日化清洁,2,2026-08-10,50.71
101417,SKU28948,沐浴露,日化清洁,2,2026-08-10,21.31
101417,SKU58874,牙膏,日化清洁,5,2026-08-10,31.24
101417,SKU98362,肥皂,日化清洁,3,2026-08-10,45.56
101417,SKU55090,油纸,烘焙用品,5,2026-08-10,63.5
101418,SKU79586,垃圾袋,日化清洁,1,2026-08-24,14.96
101418,SKU25408,毛肚,火锅食材,3,2026-08-24,51.36
101418,SKU41239,鸡肉,肉禽蛋品,2,2026-08-24,34.61
101418,SKU95878,淡奶油,烘焙用品,2,2026-08-24,60.11
101418,SKU49398,黄油,烘焙用品,3,2026-08-24,37.19
101419,SKU74112,可乐,食品饮料,4,2026-01-15,54.55
101419,SKU26316,薯片,食品饮料,2,2026-01-15,78.01
101419,SKU51856,饼干,食品饮料,5,2026-01-15,29.9
101419,SKU15470,糖粉,烘焙用品,5,2026-01-15,29.18
101419,SKU75446,鸡肉,肉禽蛋品,5,2026-01-15,57.89
101419,SKU62746,面包,食品饮料,3,2026-01-15,31.71
101420,SKU90710,拖把,日化清洁,1,2026-01-04,38.43
101420,SKU15152,鸡肉,肉禽蛋品,1,2026-01-04,53.75
101420,SKU14622,土豆,生鲜蔬果,1,2026-01-04,36.75
101421,SKU79337,苹果,生鲜蔬果,5,2026-07-15,16.71
101421,SKU22827,肥牛卷,火锅食材,3,2026-07-15,27.16
101421,SKU30459,蔬菜拼盘,火锅食材,4,2026-07-15,72.6
101421,SKU57862,芝士碎,烘焙用品,1,2026-07-15,60.69
101422,SKU41477,蛋挞皮,烘焙用品,4,2026-04-22,40.48
101422,SKU56667,糖粉,烘焙用品,3,2026-04-22,70.7
101422,SKU15960,黄油,烘焙用品,5,2026-04-22,48.76
101422,SKU26788,酸奶,食品饮料,4,2026-04-22,7.45
101422,SKU38101,纸巾,日化清洁,2,2026-04-22,44.12
101422,SKU38001,盐,粮油调味,3,2026-04-22,62.99
101423,SKU16177,火锅底料,火锅食材,1,2026-04-26,23.95
101423,SKU50617,丸子,火锅食材,5,2026-04-26,39.04
101423,SKU50600,肥牛卷,火锅食材,2,2026-04-26,40.92
101423,SKU63108,西红柿,生鲜蔬果,5,2026-04-26,20.46
101424,SKU69805,淡奶油,烘焙用品,1,2026-04-11,54.14
101424,SKU92429,糖粉,烘焙用品,2,2026-04-11,64.95
101424,SKU83494,生菜,生鲜蔬果,4,2026-04-11,67.95
101424,SKU13301,饼干,食品饮料,2,2026-04-11,33.02
101424,SKU54919,土豆,生鲜蔬果,5,2026-04-11,16.41
101424,SKU97738,盐,粮油调味,2,2026-04-11,76.04
101425,SKU86450,方便面,食品饮料,4,2026-07-08,36.05
101425,SKU26548,生菜,生鲜蔬果,1,2026-07-08,9.81
101425,SKU31790,虾仁,肉禽蛋品,2,2026-07-08,76.68
101425,SKU96202,毛肚,火锅食材,1,2026-07-08,23.32
101425,SKU30849,粉丝,火锅食材,2,2026-07-08,27.81
101426,SKU92467,肥牛卷,火锅食材,4,2026-07-03,77.21
101426,SKU58798,虾仁,肉禽蛋品,3,2026-07-03,32.07
101426,SKU99973,牙膏,日化清洁,2,2026-07-03,16.93
101426,SKU20015,巧克力,食品饮料,3,2026-07-03,24.57
101426,SKU79772,蛋糕粉,烘焙用品,1,2026-07-03,43.1
101426,SKU60075,洗衣液,日化清洁,3,2026-07-03,9.57
101427,SKU94943,洗发水,日化清洁,1,2026-08-07,18.87
101427,SKU87740,虾仁,肉禽蛋品,5,2026-08-07,10.72
101428,SKU44101,鸭血,火锅食材,4,2026-04-15,75.31
101428,SKU31733,矿泉水,食品饮料,4,2026-04-15,54.65
101428,SKU44214,鸡肉,肉禽蛋品,1,2026-04-15,75.85
101428,SKU41841,蘸料,火锅食材,5,2026-04-15,21.77
101428,SKU17820,薯片,食品饮料,3,2026-04-15,23.56
101429,SKU73135,蛋糕粉,烘焙用品,2,2026-02-04,3.12
101429,SKU71435,黄油,烘焙用品,4,2026-02-04,73.85
101429,SKU85105,淡奶油,烘焙用品,4,2026-02-04,6.56
101429,SKU96691,鸡蛋,肉禽蛋品,1,2026-02-04,79.34
101429,SKU81232,白糖,粮油调味,4,2026-02-04,36.53
101429,SKU59442,拖把,日化清洁,2,2026-02-04,62.71
101429,SKU58912,黄瓜,生鲜蔬果,2,2026-02-04,60.02
101430,SKU81512,生菜,生鲜蔬果,2,2026-01-16,6.22
101430,SKU61740,酵母,烘焙用品,5,2026-01-16,68.11
101430,SKU49295,酱油,粮油调味,5,2026-01-16,6.8
101430,SKU85275,鸡肉,肉禽蛋品,1,2026-01-16,41.58
101430,SKU97986,羊肉卷,火锅食材,2,2026-01-16,6.44
101431,SKU90330,黄油,烘焙用品,3,2026-03-13,11.41
101431,SKU52323,面包,食品饮料,1,2026-03-13,33.9
101431,SKU12678,蛋挞皮,烘焙用品,2,2026-03-13,49.91
101431,SKU42790,油纸,烘焙用品,4,2026-03-13,63.42
101432,SKU88142,黄瓜,生鲜蔬果,1,2026-01-19,57.3
101432,SKU26172,辣椒酱,粮油调味,4,2026-01-19,55.57
101432,SKU58989,矿泉水,食品饮料,5,2026-01-19,8.32
101432,SKU34619,鸡翅,肉禽蛋品,5,2026-01-19,47.19
101432,SKU28638,洗发水,日化清洁,4,2026-01-19,79.5
101433,SKU93573,薯片,食品饮料,1,2026-07-15,49.07
101433,SKU54686,食用油,粮油调味,4,2026-07-15,59.1
101433,SKU10451,排骨,肉禽蛋品,2,2026-07-15,33.92
101433,SKU65501,牙膏,日化清洁,2,2026-07-15,16.42
101433,SKU13287,酸奶,食品饮料,5,2026-07-15,59.59
101434,SKU58241,薯片,食品饮料,5,2026-09-23,20.86
101434,SKU75992,鸭血,火锅食材,5,2026-09-23,20.77
101434,SKU91468,黄瓜,生鲜蔬果,3,2026-09-23,17.79
101434,SKU57459,虾仁,肉禽蛋品,1,2026-09-23,3.33
101435,SKU38530,猪肉,肉禽蛋品,3,2026-08-08,32.06
101435,SKU31354,丸子,火锅食材,3,2026-08-08,12.4
101435,SKU21590,巧克力,食品饮料,1,2026-08-08,26.43
101435,SKU42052,洗发水,日化清洁,2,2026-08-08,73.14
101436,SKU89023,鸭血,火锅食材,3,2026-04-03,65.22
101436,SKU74611,丸子,火锅食材,4,2026-04-03,10.7
101436,SKU13516,黄瓜,生鲜蔬果,1,2026-04-03,68.99
101436,SKU63845,蚝油,粮油调味,2,2026-04-03,5.51
101437,SKU61401,矿泉水,食品饮料,3,2026-09-15,10.18
101437,SKU40390,胡萝卜,生鲜蔬果,3,2026-09-15,44.65
101437,SKU37372,鸡翅,肉禽蛋品,5,2026-09-15,48.48
101437,SKU83218,面包,食品饮料,2,2026-09-15,37.51
101437,SKU83053,消毒液,日化清洁,3,2026-09-15,11.88
101437,SKU62915,西红柿,生鲜蔬果,4,2026-09-15,61.83
101438,SKU95990,葡萄,生鲜蔬果,3,2026-08-15,27.99
101438,SKU69643,黄瓜,生鲜蔬果,5,2026-08-15,64.53
101438,SKU93761,拖把,日化清洁,2,2026-08-15,67.89
101438,SKU15846,薯片,食品饮料,4,2026-08-15,61.54
101438,SKU44628,蚝油,粮油调味,2,2026-08-15,20.39
101439,SKU46818,牙膏,日化清洁,1,2026-07-24,26.27
101439,SKU86893,羊肉卷,火锅食材,5,2026-07-24,69.13
101439,SKU67512,方便面,食品饮料,3,2026-07-24,56.97
101439,SKU80962,洗发水,日化清洁,2,2026-07-24,67.96
101439,SKU60727,鸭蛋,肉禽蛋品,1,2026-07-24,79.29
101440,SKU86503,西红柿,生鲜蔬果,1,2026-01-28,38.04
101440,SKU49176,鸡蛋,肉禽蛋品,3,2026-01-28,65.96
101440,SKU25383,黄瓜,生鲜蔬果,4,2026-01-28,34.84
101440,SKU73454,丸子,火锅食材,1,2026-01-28,11.28
101441,SKU29642,排骨,肉禽蛋品,4,2026-08-13,29.29
101441,SKU69757,胡萝卜,生鲜蔬果,5,2026-08-13,46.53
101441,SKU99538,土豆,生鲜蔬果,2,2026-08-13,15.81
101441,SKU76441,果汁,食品饮料,5,2026-08-13,19.18
101441,SKU99168,沐浴露,日化清洁,3,2026-08-13,23.66
101442,SKU64638,牛奶,食品饮料,5,2026-01-25,69.09
101442,SKU59670,面包,食品饮料,1,2026-01-25,67.9
101442,SKU33854,毛肚,火锅食材,5,2026-01-25,59.13
101442,SKU78079,方便面,食品饮料,4,2026-01-25,8.21
101442,SKU81809,消毒液,日化清洁,2,2026-01-25,74.72
101443,SKU63250,糖粉,烘焙用品,2,2026-08-02,46.85
101443,SKU75143,模具,烘焙用品,2,2026-08-02,31.97
101443,SKU68201,肥皂,日化清洁,4,2026-08-02,48.37
101443,SKU21193,油纸,烘焙用品,1,2026-08-02,54.6
101443,SKU41242,香蕉,生鲜蔬果,1,2026-08-02,75.87
101444,SKU95610,苹果,生鲜蔬果,1,2026-06-04,34.33
101444,SKU31491,香蕉,生鲜蔬果,2,2026-06-04,25.13
101444,SKU41700,橙子,生鲜蔬果,2,2026-06-04,17.83
101444,SKU38268,食用油,粮油调味,1,2026-06-04,63.66
101444,SKU40118,酱油,粮油调味,5,2026-06-04,48.38
101445,SKU10302,可乐,食品饮料,2,2026-05-09,55.36
101445,SKU95769,薯片,食品饮料,4,2026-05-09,50.12
101445,SKU67363,饼干,食品饮料,2,2026-05-09,17.69
101445,SKU52351,白菜,生鲜蔬果,5,2026-05-09,70.76
101445,SKU21841,消毒液,日化清洁,2,2026-05-09,49.11
101445,SKU41777,方便面,食品饮料,2,2026-05-09,41.95
101446,SKU82834,消毒液,日化清洁,3,2026-08-23,43.89
101446,SKU72767,方便面,食品饮料,3,2026-08-23,25.12
101447,SKU50765,苹果,生鲜蔬果,2,2026-06-08,30.88
101447,SKU10846,香蕉,生鲜蔬果,2,2026-06-08,43.76
101447,SKU68204,橙子,生鲜蔬果,3,2026-06-08,22.06
101447,SKU49673,粉丝,火锅食材,4,2026-06-08,61.53
101447,SKU13914,黄瓜,生鲜蔬果,2,2026-06-08,31.12
101447,SKU65610,面包,食品饮料,4,2026-06-08,45.9
101448,SKU27047,蔬菜拼盘,火锅食材,2,2026-09-17,58.6
101448,SKU19851,蛋糕粉,烘焙用品,2,2026-09-17,12.42
101448,SKU22193,白菜,生鲜蔬果,4,2026-09-17,5.63
101448,SKU52733,酱油,粮油调味,5,2026-09-17,77.6
101448,SKU64356,香蕉,生鲜蔬果,5,2026-09-17,33.9
101449,SKU78078,蔬菜拼盘,火锅食材,4,2026-04-19,15.28
101449,SKU19999,火锅底料,火锅食材,4,2026-04-19,18.63
101449,SKU50594,豆腐,火锅食材,3,2026-04-19,64.71
101450,SKU35519,鸭蛋,肉禽蛋品,4,2026-06-26,3.64
101450,SKU76395,火锅底料,火锅食材,2,2026-06-26,44.73
101450,SKU12540,蛋糕粉,烘焙用品,1,2026-06-26,39.27
101450,SKU15416,巧克力,食品饮料,3,2026-06-26,9.05
101450,SKU50923,矿泉水,食品饮料,2,2026-06-26,43.58
101450,SKU29669,蔬菜拼盘,火锅食材,3,2026-06-26,55.73
101451,SKU45597,猪肉,肉禽蛋品,3,2026-01-05,25.91
101451,SKU79445,肥牛卷,火锅食材,1,2026-01-05,33.67
101452,SKU71140,火锅底料,火锅食材,4,2026-08-20,34.96
101452,SKU12347,丸子,火锅食材,3,2026-08-20,53.07
101452,SKU63182,肥牛卷,火锅食材,1,2026-08-20,30.37
101452,SKU46146,饼干,食品饮料,5,2026-08-20,37.44
101453,SKU54781,可乐,食品饮料,5,2026-03-27,72.96
101453,SKU34725,薯片,食品饮料,3,2026-03-27,59.59
101453,SKU58819,饼干,食品饮料,2,2026-03-27,4.03
101453,SKU28580,丸子,火锅食材,5,2026-03-27,76.33
101454,SKU87911,蘸料,火锅食材,3,2026-04-23,28.84
101454,SKU62603,黄瓜,生鲜蔬果,2,2026-04-23,20.64
101454,SKU96987,蛋挞皮,烘焙用品,4,2026-04-23,8.81
101454,SKU23070,橙子,生鲜蔬果,5,2026-04-23,29.35
101454,SKU10913,牛肉,肉禽蛋品,5,2026-04-23,51.84
101455,SKU26924,火锅底料,火锅食材,2,2026-02-12,5.13
101455,SKU27130,丸子,火锅食材,3,2026-02-12,8.67
101455,SKU83708,肥牛卷,火锅食材,1,2026-02-12,12.18
101455,SKU56246,芝士碎,烘焙用品,2,2026-02-12,45.33
101455,SKU29581,羊肉卷,火锅食材,2,2026-02-12,21.35
101456,SKU23518,西红柿,生鲜蔬果,5,2026-08-27,15.44
101456,SKU92789,鸡蛋,肉禽蛋品,3,2026-08-27,44.24
101456,SKU26369,黄瓜,生鲜蔬果,3,2026-08-27,73.42
101456,SKU37657,盐,粮油调味,1,2026-08-27,36.06
101456,SKU20915,丸子,火锅食材,5,2026-08-27,52.74
101456,SKU12542,洗发水,日化清洁,3,2026-08-27,49.32
101457,SKU30768,矿泉水,食品饮料,2,2026-08-11,47.88
101457,SKU88812,鸭蛋,肉禽蛋品,4,2026-08-11,13.03
101457,SKU81488,巧克力,食品饮料,1,2026-08-11,42.82
101457,SKU33306,酱油,粮油调味,2,2026-08-11,56.37
101457,SKU71581,油纸,烘焙用品,3,2026-08-11,53.29
101458,SKU35893,油纸,烘焙用品,2,2026-08-08,51.92
101458,SKU91610,丸子,火锅食材,3,2026-08-08,69.21
101458,SKU31599,面粉,粮油调味,4,2026-08-08,42.95
101458,SKU59334,方便面,食品饮料,5,2026-08-08,78.04
101458,SKU54244,矿泉水,食品饮料,3,2026-08-08,39.69
101459,SKU16144,蚝油,粮油调味,5,2026-07-25,73.52
101459,SKU79984,粉丝,火锅食材,2,2026-07-25,23.81
101459,SKU26431,香蕉,生鲜蔬果,1,2026-07-25,52.33
101459,SKU64887,大米,粮油调味,3,2026-07-25,39.26
101460,SKU73298,牛奶,食品饮料,4,2026-01-21,56.82
101460,SKU26704,面包,食品饮料,2,2026-01-21,39.8
101460,SKU63151,可乐,食品饮料,3,2026-01-21,70.68
101460,SKU28143,黄瓜,生鲜蔬果,4,2026-01-21,56.48
101460,SKU87843,生菜,生鲜蔬果,2,2026-01-21,31.18
101461,SKU45183,苹果,生鲜蔬果,5,2026-03-02,61.56
101461,SKU98967,香蕉,生鲜蔬果,1,2026-03-02,73.25
101461,SKU41683,橙子,生鲜蔬果,3,2026-03-02,14.42
101462,SKU18628,排骨,肉禽蛋品,4,2026-02-23,26.93
101462,SKU53025,胡萝卜,生鲜蔬果,3,2026-02-23,40.83
101462,SKU11670,土豆,生鲜蔬果,4,2026-02-23,47.01
101462,SKU78380,酱油,粮油调味,1,2026-02-23,51.83
101463,SKU50130,料酒,粮油调味,3,2026-05-05,37.52
101463,SKU80609,牙膏,日化清洁,2,2026-05-05,15.16
101463,SKU94853,豆腐,火锅食材,2,2026-05-05,67.22
101464,SKU31433,丸子,火锅食材,2,2026-06-20,15.79
101464,SKU40969,猪肉,肉禽蛋品,3,2026-06-20,38.8
101464,SKU15597,纸巾,日化清洁,4,2026-06-20,27.98
101464,SKU83763,酸奶,食品饮料,2,2026-06-20,14.03
101464,SKU93382,土豆,生鲜蔬果,1,2026-06-20,47.25
101465,SKU75960,排骨,肉禽蛋品,3,2026-01-14,14.21
101465,SKU52583,胡萝卜,生鲜蔬果,4,2026-01-14,22.21
101465,SKU16880,土豆,生鲜蔬果,3,2026-01-14,23.01
101465,SKU42582,生菜,生鲜蔬果,3,2026-01-14,16.55
101465,SKU74580,巧克力,食品饮料,1,2026-01-14,33.84
101466,SKU45080,芝士碎,烘焙用品,3,2026-03-24,65.48
101466,SKU35749,糖粉,烘焙用品,5,2026-03-24,20.3
101467,SKU71447,土豆,生鲜蔬果,3,2026-05-08,16.44
101467,SKU53827,薯片,食品饮料,5,2026-05-08,56.43
101467,SKU76970,洗衣液,日化清洁,4,2026-05-08,18.26
101467,SKU42279,料酒,粮油调味,1,2026-05-08,71.68
101467,SKU40466,酱油,粮油调味,1,2026-05-08,74.94
101468,SKU23299,洗衣液,日化清洁,2,2026-05-11,35.58
101468,SKU72344,纸巾,日化清洁,2,2026-05-11,14.74
101468,SKU84718,垃圾袋,日化清洁,3,2026-05-11,4.67
101468,SKU70114,酱油,粮油调味,5,2026-05-11,31.82
101469,SKU26451,大米,粮油调味,1,2026-03-02,33.78
101469,SKU52815,食用油,粮油调味,2,2026-03-02,66.26
101469,SKU73894,酱油,粮油调味,1,2026-03-02,66.05
101469,SKU56726,洗洁精,日化清洁,1,2026-03-02,31.15
101470,SKU94886,饼干,食品饮料,3,2026-06-18,14.7
101470,SKU61546,橙子,生鲜蔬果,3,2026-06-18,75.87
101471,SKU27248,苹果,生鲜蔬果,3,2026-05-03,68.9
101471,SKU14665,香蕉,生鲜蔬果,3,2026-05-03,20.91
101471,SKU19878,橙子,生鲜蔬果,4,2026-05-03,62.34
101471,SKU42698,肥皂,日化清洁,5,2026-05-03,10.02
101472,SKU71662,洗衣液,日化清洁,5,2026-06-01,57.9
101472,SKU75170,纸巾,日化清洁,1,2026-06-01,28.65
101472,SKU25895,垃圾袋,日化清洁,3,2026-06-01,30.56
101472,SKU40227,巧克力,食品饮料,4,2026-06-01,36.28
101472,SKU92811,面包,食品饮料,2,2026-06-01,76.83
101472,SKU63684,生菜,生鲜蔬果,2,2026-06-01,78.51
101473,SKU66698,排骨,肉禽蛋品,3,2026-04-01,71.67
101473,SKU11213,淡奶油,烘焙用品,2,2026-04-01,27.33
101473,SKU19588,三文鱼,肉禽蛋品,1,2026-04-01,38.28
101473,SKU30164,胡萝卜,生鲜蔬果,3,2026-04-01,6.2
101473,SKU83711,蘸料,火锅食材,1,2026-04-01,27.21
101474,SKU65372,香草精,烘焙用品,2,2026-07-17,56.34
101474,SKU76215,模具,烘焙用品,1,2026-07-17,73.29
101474,SKU87707,胡萝卜,生鲜蔬果,1,2026-07-17,60.38
101474,SKU20308,巧克力,食品饮料,1,2026-07-17,11.42
101474,SKU64735,醋,粮油调味,3,2026-07-17,61.93
101475,SKU22866,洗衣液,日化清洁,5,2026-02-28,41.56
101475,SKU15015,纸巾,日化清洁,5,2026-02-28,48.73
101475,SKU61214,垃圾袋,日化清洁,3,2026-02-28,64.54
101475,SKU41860,带鱼,肉禽蛋品,1,2026-02-28,32.71
101475,SKU63429,肥牛卷,火锅食材,5,2026-02-28,43.27
101475,SKU80209,鸭血,火锅食材,5,2026-02-28,39.43
101476,SKU62462,酵母,烘焙用品,5,2026-06-03,32.4
101476,SKU31012,香蕉,生鲜蔬果,5,2026-06-03,44.3
101476,SKU78682,沐浴露,日化清洁,4,2026-06-03,39.85
101476,SKU30458,苹果,生鲜蔬果,1,2026-06-03,3.93
101477,SKU47056,鸭蛋,肉禽蛋品,2,2026-08-06,30.08
101477,SKU39265,果汁,食品饮料,1,2026-08-06,38.89
101477,SKU39090,香草精,烘焙用品,1,2026-08-06,76.88
101477,SKU89122,带鱼,肉禽蛋品,1,2026-08-06,62.19
101477,SKU78213,醋,粮油调味,4,2026-08-06,76.33
101477,SKU84670,模具,烘焙用品,5,2026-08-06,47.97
101478,SKU73020,可乐,食品饮料,1,2026-06-04,23.04
101478,SKU66987,白糖,粮油调味,3,2026-06-04,46.45
101478,SKU64769,淡奶油,烘焙用品,4,2026-06-04,43.57
101478,SKU83555,油纸,烘焙用品,4,2026-06-04,31.69
101479,SKU15955,猪肉,肉禽蛋品,3,2026-06-25,30.28
101479,SKU57899,蛋挞皮,烘焙用品,3,2026-06-25,54.5
101480,SKU29208,牛肉,肉禽蛋品,4,2026-07-07,19.13
101480,SKU27655,毛肚,火锅食材,1,2026-07-07,58.42
101480,SKU55364,橙子,生鲜蔬果,3,2026-07-07,43.75
101481,SKU12415,牛奶,食品饮料,4,2026-07-11,64.18
101481,SKU74897,火锅底料,火锅食材,2,2026-07-11,10.66
101481,SKU87581,丸子,火锅食材,5,2026-07-11,40.04
101482,SKU97134,可乐,食品饮料,1,2026-03-27,14.06
101482,SKU59145,丸子,火锅食材,1,2026-03-27,13.66
101482,SKU13116,带鱼,肉禽蛋品,3,2026-03-27,28.95
101482,SKU48769,黄瓜,生鲜蔬果,1,2026-03-27,79.75
101483,SKU41051,白糖,粮油调味,4,2026-01-17,51.59
101483,SKU27708,羊肉卷,火锅食材,5,2026-01-17,42.27
101484,SKU38804,洗衣液,日化清洁,3,2026-05-13,22.15
101484,SKU86056,纸巾,日化清洁,1,2026-05-13,5.12
101484,SKU51008,垃圾袋,日化清洁,1,2026-05-13,25.41
101484,SKU91062,盐,粮油调味,2,2026-05-13,50.36
101485,SKU60788,鸡蛋,肉禽蛋品,3,2026-04-01,34.83
101485,SKU75081,糖粉,烘焙用品,2,2026-04-01,42.42
101485,SKU78402,淡奶油,烘焙用品,2,2026-04-01,30.66
101485,SKU30547,洗衣液,日化清洁,5,2026-04-01,64.48
101486,SKU14896,大米,粮油调味,2,2026-03-11,12.81
101486,SKU47613,食用油,粮油调味,2,2026-03-11,20.28
101486,SKU71354,酱油,粮油调味,1,2026-03-11,31.67
101486,SKU23380,黄油,烘焙用品,4,2026-03-11,68.69
101486,SKU96415,葡萄,生鲜蔬果,2,2026-03-11,30.68
101486,SKU15698,西红柿,生鲜蔬果,3,2026-03-11,42.94
101487,SKU66538,毛肚,火锅食材,1,2026-05-04,34.79
101487,SKU25041,黄瓜,生鲜蔬果,1,2026-05-04,57.64
101487,SKU26657,洗发水,日化清洁,2,2026-05-04,19.75
101488,SKU28420,肥牛卷,火锅食材,4,2026-08-17,9.38
101488,SKU52330,苹果,生鲜蔬果,4,2026-08-17,33.1
101488,SKU46942,消毒液,日化清洁,5,2026-08-17,65.39
101488,SKU11941,醋,粮油调味,3,2026-08-17,26.33
101489,SKU19240,带鱼,肉禽蛋品,4,2026-03-06,17.74
101489,SKU40763,面包,食品饮料,2,2026-03-06,69.86
101489,SKU58102,蘸料,火锅食材,4,2026-03-06,8.91
101489,SKU19656,蔬菜拼盘,火锅食材,1,2026-03-06,20.43
101490,SKU89204,蛋糕粉,烘焙用品,3,2026-02-18,63.67
101490,SKU63577,黄油,烘焙用品,2,2026-02-18,54.55
101490,SKU13212,淡奶油,烘焙用品,1,2026-02-18,32.51
101490,SKU22126,鸡蛋,肉禽蛋品,3,2026-02-18,37.97
101490,SKU26271,消毒液,日化清洁,5,2026-02-18,46.73
101490,SKU90692,排骨,肉禽蛋品,1,2026-02-18,65.72
101491,SKU97697,可乐,食品饮料,4,2026-03-24,46.14
101491,SKU15933,薯片,食品饮料,2,2026-03-24,25.29
101491,SKU46818,饼干,食品饮料,2,2026-03-24,23.16
101491,SKU19143,虾仁,肉禽蛋品,1,2026-03-24,18.25
101491,SKU83710,矿泉水,食品饮料,5,2026-03-24,10.98
101491,SKU54801,肥牛卷,火锅食材,1,2026-03-24,27.03
101492,SKU50595,洗衣液,日化清洁,5,2026-02-23,54.48
101492,SKU75841,鸭蛋,肉禽蛋品,3,2026-02-23,37.68
101492,SKU85041,糖粉,烘焙用品,3,2026-02-23,34.88
101493,SKU37876,可乐,食品饮料,5,2026-05-26,38.33
101493,SKU23705,薯片,食品饮料,1,2026-05-26,4.68
101493,SKU56358,饼干,食品饮料,3,2026-05-26,65.32
101493,SKU72102,鸡肉,肉禽蛋品,4,2026-05-26,23.93
101493,SKU29984,果汁,食品饮料,2,2026-05-26,75.87
101494,SKU68947,饼干,食品饮料,2,2026-08-11,69.05
101494,SKU92232,橙子,生鲜蔬果,3,2026-08-11,22.89
101494,SKU78847,模具,烘焙用品,5,2026-08-11,50.23
101494,SKU40103,白菜,生鲜蔬果,4,2026-08-11,3.29
101494,SKU39983,蚝油,粮油调味,2,2026-08-11,49.85
101495,SKU12217,可乐,食品饮料,1,2026-07-24,67.18
101495,SKU69103,牛肉,肉禽蛋品,2,2026-07-24,15.92
101495,SKU18567,酱油,粮油调味,3,2026-07-24,21.0
101495,SKU74082,黄油,烘焙用品,5,2026-07-24,6.5
101495,SKU99842,矿泉水,食品饮料,4,2026-07-24,21.59
101495,SKU79968,胡萝卜,生鲜蔬果,1,2026-07-24,9.25
101496,SKU14908,可乐,食品饮料,3,2026-07-21,20.39
101496,SKU12794,薯片,食品饮料,4,2026-07-21,74.69
101496,SKU48088,饼干,食品饮料,1,2026-07-21,24.63
101496,SKU88570,面粉,粮油调味,5,2026-07-21,33.8
101497,SKU11588,苹果,生鲜蔬果,5,2026-05-18,8.34
101497,SKU23962,香蕉,生鲜蔬果,2,2026-05-18,34.21
101497,SKU69768,橙子,生鲜蔬果,1,2026-05-18,79.09
101497,SKU19413,饼干,食品饮料,4,2026-05-18,3.3
101497,SKU39087,鸭血,火锅食材,4,2026-05-18,40.44
101497,SKU50624,面包,食品饮料,4,2026-05-18,27.12
101498,SKU19684,牛奶,食品饮料,1,2026-04-26,74.73
101498,SKU65459,面包,食品饮料,4,2026-04-26,11.21
101498,SKU46442,豆腐,火锅食材,1,2026-04-26,79.44
101498,SKU22166,鸡蛋,肉禽蛋品,5,2026-04-26,4.82
101499,SKU40578,大米,粮油调味,3,2026-05-10,20.51
101499,SKU84009,食用油,粮油调味,5,2026-05-10,26.33
101499,SKU54884,酱油,粮油调味,4,2026-05-10,78.84
101499,SKU39990,蛋挞皮,烘焙用品,3,2026-05-10,75.39
101499,SKU72920,香草精,烘焙用品,5,2026-05-10,78.89
101500,SKU86764,洗衣液,日化清洁,1,2026-01-27,26.96
101500,SKU92117,纸巾,日化清洁,5,2026-01-27,16.87
101500,SKU38107,垃圾袋,日化清洁,4,2026-01-27,78.46
101500,SKU90402,酸奶,食品饮料,4,2026-01-27,58.26
101500,SKU69816,西红柿,生鲜蔬果,4,2026-01-27,52.86
101501,SKU29953,矿泉水,食品饮料,3,2026-04-04,42.01
101501,SKU83420,蛋挞皮,烘焙用品,2,2026-04-04,64.04
101501,SKU59298,带鱼,肉禽蛋品,3,2026-04-04,68.13
101502,SKU97003,苹果,生鲜蔬果,4,2026-06-22,45.61
101502,SKU20255,香蕉,生鲜蔬果,1,2026-06-22,23.08
101502,SKU36313,橙子,生鲜蔬果,2,2026-06-22,24.06
101502,SKU73124,丸子,火锅食材,1,2026-06-22,71.88
101503,SKU26422,西红柿,生鲜蔬果,3,2026-07-15,38.61
101503,SKU25916,垃圾袋,日化清洁,1,2026-07-15,70.82
101503,SKU13210,鸡肉,肉禽蛋品,4,2026-07-15,13.49
101503,SKU86997,丸子,火锅食材,4,2026-07-15,56.71
101503,SKU58626,辣椒酱,粮油调味,5,2026-07-15,50.15
101504,SKU96851,洗衣液,日化清洁,1,2026-05-13,75.28
101504,SKU10642,纸巾,日化清洁,3,2026-05-13,30.77
101504,SKU41108,垃圾袋,日化清洁,2,2026-05-13,49.15
101504,SKU72316,蘸料,火锅食材,3,2026-05-13,53.93
101504,SKU61789,香草精,烘焙用品,1,2026-05-13,58.77
101504,SKU86440,黄瓜,生鲜蔬果,4,2026-05-13,76.44
101505,SKU61043,苹果,生鲜蔬果,5,2026-03-12,74.14
101505,SKU97400,香蕉,生鲜蔬果,1,2026-03-12,3.55
101505,SKU24560,橙子,生鲜蔬果,1,2026-03-12,63.35
101505,SKU52821,葡萄,生鲜蔬果,1,2026-03-12,9.4
101505,SKU19229,牙膏,日化清洁,4,2026-03-12,8.68
101505,SKU83642,白菜,生鲜蔬果,5,2026-03-12,38.39
101506,SKU10158,苹果,生鲜蔬果,1,2026-05-26,68.87
101506,SKU82881,香蕉,生鲜蔬果,1,2026-05-26,54.79
101506,SKU35325,橙子,生鲜蔬果,5,2026-05-26,13.77
101506,SKU97295,鸭血,火锅食材,5,2026-05-26,68.73
101506,SKU91853,猪肉,肉禽蛋品,4,2026-05-26,67.08
101506,SKU99993,三文鱼,肉禽蛋品,1,2026-05-26,61.84
101507,SKU44393,盐,粮油调味,1,2026-09-28,23.3
101507,SKU98639,料酒,粮油调味,5,2026-09-28,12.61
101507,SKU42114,胡萝卜,生鲜蔬果,4,2026-09-28,76.05
101508,SKU79508,洗衣液,日化清洁,2,2026-07-28,79.06
101508,SKU28311,酵母,烘焙用品,5,2026-07-28,13.49
101508,SKU20696,生菜,生鲜蔬果,1,2026-07-28,34.62
101508,SKU62118,三文鱼,肉禽蛋品,5,2026-07-28,59.0
101509,SKU44314,蚝油,粮油调味,2,2026-05-04,17.6
101509,SKU67194,白菜,生鲜蔬果,1,2026-05-04,56.15
101510,SKU41957,生菜,生鲜蔬果,3,2026-04-14,4.15
101510,SKU85681,淡奶油,烘焙用品,2,2026-04-14,20.35
101510,SKU39899,油纸,烘焙用品,1,2026-04-14,57.9
101510,SKU28338,芝士碎,烘焙用品,2,2026-04-14,78.27
101511,SKU89300,模具,烘焙用品,4,2026-09-05,47.9
101511,SKU31681,鸡蛋,肉禽蛋品,5,2026-09-05,46.71
101511,SKU90596,食用油,粮油调味,2,2026-09-05,27.1
101511,SKU43834,消毒液,日化清洁,4,2026-09-05,61.64
101511,SKU46493,牛奶,食品饮料,3,2026-09-05,55.65
101512,SKU39171,蔬菜拼盘,火锅食材,3,2026-04-26,63.3
101512,SKU43751,芝士碎,烘焙用品,2,2026-04-26,6.57
101512,SKU78123,毛肚,火锅食材,1,2026-04-26,49.58
101512,SKU75494,鸭蛋,肉禽蛋品,1,2026-04-26,27.68
101512,SKU53770,胡萝卜,生鲜蔬果,4,2026-04-26,9.56
101513,SKU89921,牛奶,食品饮料,5,2026-06-23,39.88
101513,SKU56704,面包,食品饮料,1,2026-06-23,16.22
101513,SKU29915,拖把,日化清洁,5,2026-06-23,10.54
101513,SKU44923,面粉,粮油调味,1,2026-06-23,57.92
101513,SKU71336,丸子,火锅食材,4,2026-06-23,76.44
101514,SKU19497,蛋糕粉,烘焙用品,3,2026-03-04,42.17
101514,SKU32965,土豆,生鲜蔬果,5,2026-03-04,64.32
101514,SKU96231,料酒,粮油调味,5,2026-03-04,27.6
101514,SKU74186,虾仁,肉禽蛋品,5,2026-03-04,48.39
101514,SKU69686,醋,粮油调味,4,2026-03-04,62.26
101515,SKU21185,洗衣液,日化清洁,4,2026-04-20,23.75
101515,SKU98527,沐浴露,日化清洁,1,2026-04-20,7.96
101515,SKU69775,生菜,生鲜蔬果,2,2026-04-20,79.05
101515,SKU79167,虾仁,肉禽蛋品,1,2026-04-20,19.82
101515,SKU56549,面包,食品饮料,4,2026-04-20,14.43
101516,SKU11889,鸡蛋,肉禽蛋品,2,2026-07-21,5.36
101516,SKU62156,大米,粮油调味,5,2026-07-21,6.31
101516,SKU76606,垃圾袋,日化清洁,2,2026-07-21,5.47
101516,SKU31774,果汁,食品饮料,2,2026-07-21,47.51
101516,SKU83219,白糖,粮油调味,3,2026-07-21,79.56
101517,SKU20908,鸭蛋,肉禽蛋品,5,2026-03-17,43.41
101517,SKU40084,香蕉,生鲜蔬果,2,2026-03-17,52.02
101517,SKU48090,火锅底料,火锅食材,4,2026-03-17,78.58
101518,SKU12949,牛奶,食品饮料,1,2026-09-12,50.52
101518,SKU81404,面包,食品饮料,5,2026-09-12,25.71
101518,SKU98266,三文鱼,肉禽蛋品,4,2026-09-12,22.51
101518,SKU30993,西红柿,生鲜蔬果,1,2026-09-12,36.64
101519,SKU52891,蛋糕粉,烘焙用品,2,2026-08-20,51.1
101519,SKU99709,洗洁精,日化清洁,3,2026-08-20,28.57
101519,SKU57635,生菜,生鲜蔬果,1,2026-08-20,4.41
101520,SKU16246,矿泉水,食品饮料,2,2026-02-02,19.02
101520,SKU11407,蘸料,火锅食材,1,2026-02-02,19.15
101520,SKU41539,面包,食品饮料,4,2026-02-02,13.37
101520,SKU95746,鸡翅,肉禽蛋品,3,2026-02-02,5.95
101520,SKU34956,粉丝,火锅食材,5,2026-02-02,20.78
101520,SKU93852,蛋挞皮,烘焙用品,3,2026-02-02,55.58
101521,SKU89448,白糖,粮油调味,5,2026-05-07,5.32
101521,SKU61956,鸭蛋,肉禽蛋品,1,2026-05-07,70.08
101521,SKU65872,芝士碎,烘焙用品,2,2026-05-07,12.55
101521,SKU83158,虾仁,肉禽蛋品,5,2026-05-07,32.68
101522,SKU46496,酸奶,食品饮料,1,2026-08-24,22.58
101522,SKU12472,白糖,粮油调味,3,2026-08-24,7.95
101523,SKU53422,油纸,烘焙用品,3,2026-07-04,25.34
101523,SKU53148,西红柿,生鲜蔬果,5,2026-07-04,5.12
101523,SKU49232,白菜,生鲜蔬果,1,2026-07-04,40.71
101523,SKU64116,蔬菜拼盘,火锅食材,2,2026-07-04,47.67
101524,SKU12380,蛋糕粉,烘焙用品,3,2026-03-17,3.47
101524,SKU63470,黄油,烘焙用品,5,2026-03-17,77.25
101524,SKU64486,淡奶油,烘焙用品,5,2026-03-17,47.13
101524,SKU35577,鸡蛋,肉禽蛋品,1,2026-03-17,59.27
101524,SKU31289,鸡肉,肉禽蛋品,1,2026-03-17,28.4
101524,SKU42052,排骨,肉禽蛋品,3,2026-03-17,31.68
101525,SKU45522,橙子,生鲜蔬果,3,2026-03-05,21.1
101525,SKU50116,洗洁精,日化清洁,1,2026-03-05,76.51
101525,SKU32853,毛肚,火锅食材,4,2026-03-05,79.62
101525,SKU98652,醋,粮油调味,3,2026-03-05,60.45
101525,SKU16124,模具,烘焙用品,2,2026-03-05,48.88
101525,SKU53202,糖粉,烘焙用品,1,2026-03-05,9.69
101526,SKU82373,洗发水,日化清洁,4,2026-03-27,57.22
101526,SKU15292,沐浴露,日化清洁,5,2026-03-27,16.64
101526,SKU68345,牙膏,日化清洁,2,2026-03-27,9.35
101526,SKU12448,芝士碎,烘焙用品,3,2026-03-27,43.93
101526,SKU57021,酱油,粮油调味,2,2026-03-27,4.53
101526,SKU76518,油纸,烘焙用品,5,2026-03-27,71.6
101527,SKU38860,排骨,肉禽蛋品,2,2026-01-23,16.71
101527,SKU53054,蔬菜拼盘,火锅食材,3,2026-01-23,76.71
101527,SKU57771,芝士碎,烘焙用品,3,2026-01-23,53.88
101527,SKU15923,生菜,生鲜蔬果,5,2026-01-23,70.7
101527,SKU56219,巧克力,食品饮料,3,2026-01-23,59.71
101528,SKU81860,排骨,肉禽蛋品,4,2026-07-15,79.19
101528,SKU50035,胡萝卜,生鲜蔬果,2,2026-07-15,4.41
101528,SKU28716,土豆,生鲜蔬果,3,2026-07-15,39.02
101528,SKU52616,牛肉,肉禽蛋品,4,2026-07-15,70.3
101528,SKU60994,鸡蛋,肉禽蛋品,1,2026-07-15,9.76
101528,SKU56746,醋,粮油调味,1,2026-07-15,45.31
101529,SKU36883,鸡蛋,肉禽蛋品,2,2026-09-19,16.98
101529,SKU78378,沐浴露,日化清洁,2,2026-09-19,32.18
101530,SKU19220,洗发水,日化清洁,4,2026-07-02,36.31
101530,SKU93311,沐浴露,日化清洁,2,2026-07-02,54.71
101530,SKU86901,牙膏,日化清洁,5,2026-07-02,71.39
101530,SKU10921,饼干,食品饮料,5,2026-07-02,58.56
101531,SKU87908,火锅底料,火锅食材,5,2026-08-09,71.06
101531,SKU93021,丸子,火锅食材,2,2026-08-09,38.92
101531,SKU16375,肥牛卷,火锅食材,3,2026-08-09,56.59
101531,SKU98704,鸭蛋,肉禽蛋品,2,2026-08-09,19.27
101531,SKU78032,酸奶,食品饮料,4,2026-08-09,60.61
101532,SKU43843,大米,粮油调味,1,2026-06-27,45.05
101532,SKU71264,食用油,粮油调味,2,2026-06-27,77.62
101532,SKU16704,酱油,粮油调味,4,2026-06-27,56.64
101532,SKU10533,鸭血,火锅食材,5,2026-06-27,3.66
101532,SKU86989,蛋糕粉,烘焙用品,4,2026-06-27,21.27
101533,SKU15664,矿泉水,食品饮料,3,2026-05-20,11.49
101533,SKU32328,薯片,食品饮料,4,2026-05-20,34.03
101533,SKU93918,洗衣液,日化清洁,4,2026-05-20,13.43
101533,SKU40442,油纸,烘焙用品,3,2026-05-20,24.93
101533,SKU56485,面包,食品饮料,3,2026-05-20,62.18
101533,SKU61249,巧克力,食品饮料,5,2026-05-20,11.4
101534,SKU92139,洗发水,日化清洁,5,2026-01-26,42.71
101534,SKU70563,鸭血,火锅食材,5,2026-01-26,60.04
101534,SKU85012,白糖,粮油调味,5,2026-01-26,57.21
101535,SKU82373,香草精,烘焙用品,3,2026-07-12,35.08
101535,SKU78976,毛肚,火锅食材,1,2026-07-12,32.14
101535,SKU38584,蚝油,粮油调味,3,2026-07-12,79.69
101535,SKU74068,羊肉卷,火锅食材,3,2026-07-12,55.14
101536,SKU99926,油纸,烘焙用品,1,2026-04-02,70.77
101536,SKU13347,拖把,日化清洁,2,2026-04-02,27.36
101537,SKU75673,拖把,日化清洁,2,2026-01-16,18.2
101537,SKU40971,大米,粮油调味,3,2026-01-16,24.75
101537,SKU87053,带鱼,肉禽蛋品,2,2026-01-16,34.48
101538,SKU99571,香蕉,生鲜蔬果,2,2026-06-05,74.59
101538,SKU30790,酱油,粮油调味,4,2026-06-05,27.26
101538,SKU97945,蚝油,粮油调味,4,2026-06-05,21.32
101538,SKU47321,牛肉,肉禽蛋品,3,2026-06-05,65.28
101539,SKU73186,牛奶,食品饮料,2,2026-08-05,21.92
101539,SKU65558,面包,食品饮料,4,2026-08-05,8.76
101539,SKU14375,三文鱼,肉禽蛋品,5,2026-08-05,28.39
101540,SKU63880,大米,粮油调味,2,2026-04-23,5.83
101540,SKU19652,食用油,粮油调味,1,2026-04-23,39.21
101540,SKU50523,酱油,粮油调味,2,2026-04-23,35.19
101540,SKU57245,香草精,烘焙用品,3,2026-04-23,75.15
101540,SKU71617,香蕉,生鲜蔬果,5,2026-04-23,24.11
101541,SKU11870,酸奶,食品饮料,2,2026-07-04,39.78
101541,SKU67357,牛肉,肉禽蛋品,4,2026-07-04,28.02
101542,SKU48802,带鱼,肉禽蛋品,1,2026-07-04,31.08
101542,SKU56229,蔬菜拼盘,火锅食材,3,2026-07-04,35.28
101542,SKU43642,牛奶,食品饮料,2,2026-07-04,54.68
101543,SKU53624,大米,粮油调味,4,2026-06-12,19.34
101543,SKU75328,食用油,粮油调味,4,2026-06-12,3.51
101543,SKU89392,酱油,粮油调味,4,2026-06-12,62.15
101543,SKU38362,牙膏,日化清洁,3,2026-06-12,74.07
101543,SKU73983,橙子,生鲜蔬果,2,2026-06-12,52.75
101543,SKU35124,鸡翅,肉禽蛋品,4,2026-06-12,69.05
101544,SKU96597,苹果,生鲜蔬果,4,2026-01-09,46.55
101544,SKU65586,白菜,生鲜蔬果,2,2026-01-09,76.0
101544,SKU99869,粉丝,火锅食材,5,2026-01-09,4.34
101544,SKU83955,食用油,粮油调味,2,2026-01-09,14.52
101544,SKU54192,酸奶,食品饮料,4,2026-01-09,31.84
101545,SKU18799,苹果,生鲜蔬果,4,2026-01-13,4.83
101545,SKU32628,香蕉,生鲜蔬果,3,2026-01-13,55.22
101545,SKU86548,橙子,生鲜蔬果,1,2026-01-13,7.3
101545,SKU90163,芝士碎,烘焙用品,2,2026-01-13,22.47
101546,SKU99897,大米,粮油调味,5,2026-01-15,52.98
101546,SKU40305,鸭蛋,肉禽蛋品,2,2026-01-15,61.13
101546,SKU19511,消毒液,日化清洁,5,2026-01-15,59.57
101546,SKU59535,酱油,粮油调味,5,2026-01-15,15.13
101546,SKU10320,胡萝卜,生鲜蔬果,5,2026-01-15,14.3
101547,SKU17294,火锅底料,火锅食材,4,2026-06-08,6.24
101547,SKU29047,丸子,火锅食材,5,2026-06-08,12.7
101547,SKU70725,肥牛卷,火锅食材,5,2026-06-08,20.95
101547,SKU33832,食用油,粮油调味,4,2026-06-08,60.64
101548,SKU31825,西红柿,生鲜蔬果,5,2026-08-25,71.46
101548,SKU18144,鸡蛋,肉禽蛋品,5,2026-08-25,74.88
101548,SKU30811,黄瓜,生鲜蔬果,4,2026-08-25,17.9
101548,SKU13380,洗洁精,日化清洁,5,2026-08-25,66.96
101548,SKU31942,肥牛卷,火锅食材,1,2026-08-25,78.53
101548,SKU82536,蔬菜拼盘,火锅食材,4,2026-08-25,78.16
101549,SKU45487,可乐,食品饮料,2,2026-01-10,60.03
101549,SKU84431,薯片,食品饮料,4,2026-01-10,34.44
101549,SKU12549,饼干,食品饮料,4,2026-01-10,66.02
101549,SKU44769,毛肚,火锅食材,4,2026-01-10,71.23
101549,SKU92264,洗洁精,日化清洁,4,2026-01-10,14.98
101550,SKU42847,垃圾袋,日化清洁,4,2026-05-27,45.36
101550,SKU80299,油纸,烘焙用品,4,2026-05-27,41.1
101550,SKU10472,料酒,粮油调味,3,2026-05-27,4.09
101551,SKU90585,排骨,肉禽蛋品,1,2026-05-14,13.96
101551,SKU69475,胡萝卜,生鲜蔬果,5,2026-05-14,41.51
101551,SKU30324,土豆,生鲜蔬果,2,2026-05-14,45.02
101551,SKU88477,橙子,生鲜蔬果,4,2026-05-14,43.23
101551,SKU29218,芝士碎,烘焙用品,2,2026-05-14,42.47
101552,SKU74578,面包,食品饮料,3,2026-07-22,18.08
101552,SKU65606,排骨,肉禽蛋品,1,2026-07-22,52.7
101552,SKU62142,糖粉,烘焙用品,1,2026-07-22,28.77
101552,SKU36380,白菜,生鲜蔬果,5,2026-07-22,42.68
101552,SKU94051,西红柿,生鲜蔬果,1,2026-07-22,56.13
101553,SKU35022,排骨,肉禽蛋品,4,2026-07-13,47.86
101553,SKU44407,胡萝卜,生鲜蔬果,1,2026-07-13,70.77
101553,SKU57312,土豆,生鲜蔬果,2,2026-07-13,45.86
101553,SKU98113,肥皂,日化清洁,2,2026-07-13,78.69
101553,SKU62285,生菜,生鲜蔬果,3,2026-07-13,9.41
101553,SKU89158,虾仁,肉禽蛋品,1,2026-07-13,9.53
101554,SKU77428,土豆,生鲜蔬果,1,2026-02-20,39.29
101554,SKU23470,粉丝,火锅食材,4,2026-02-20,40.41
101554,SKU72854,糖粉,烘焙用品,3,2026-02-20,16.13
101554,SKU17184,西红柿,生鲜蔬果,4,2026-02-20,52.96
101555,SKU85888,西红柿,生鲜蔬果,4,2026-08-27,78.08
101555,SKU88263,鸡蛋,肉禽蛋品,3,2026-08-27,59.36
101555,SKU29879,黄瓜,生鲜蔬果,4,2026-08-27,37.88
101555,SKU97777,蚝油,粮油调味,3,2026-08-27,34.75
101556,SKU16684,苹果,生鲜蔬果,1,2026-01-11,55.07
101556,SKU57463,西红柿,生鲜蔬果,1,2026-01-11,41.22
101557,SKU84101,大米,粮油调味,3,2026-01-24,54.21
101557,SKU92145,食用油,粮油调味,4,2026-01-24,15.59
101557,SKU90972,酱油,粮油调味,2,2026-01-24,57.16
101557,SKU11566,带鱼,肉禽蛋品,2,2026-01-24,5.52
101558,SKU65346,垃圾袋,日化清洁,2,2026-03-20,69.85
101558,SKU69153,火锅底料,火锅食材,3,2026-03-20,48.82
101558,SKU31888,饼干,食品饮料,3,2026-03-20,22.59
101558,SKU96914,模具,烘焙用品,3,2026-03-20,14.65
101558,SKU43805,牙膏,日化清洁,5,2026-03-20,61.79
101559,SKU15157,可乐,食品饮料,2,2026-03-02,36.94
101559,SKU34596,薯片,食品饮料,3,2026-03-02,10.15
101559,SKU90295,饼干,食品饮料,2,2026-03-02,38.31
101559,SKU65541,鸭蛋,肉禽蛋品,2,2026-03-02,69.87
101559,SKU89681,沐浴露,日化清洁,4,2026-03-02,60.1
101560,SKU70005,西红柿,生鲜蔬果,1,2026-08-13,65.24
101560,SKU16085,豆腐,火锅食材,3,2026-08-13,49.1
101560,SKU90658,洗衣液,日化清洁,3,2026-08-13,43.11
101560,SKU20333,洗发水,日化清洁,4,2026-08-13,42.75
101560,SKU90252,羊肉卷,火锅食材,3,2026-08-13,24.01
101561,SKU68223,大米,粮油调味,1,2026-01-17,54.89
101561,SKU13513,食用油,粮油调味,3,2026-01-17,23.45
101561,SKU83117,酱油,粮油调味,5,2026-01-17,50.52
101561,SKU43873,黄油,烘焙用品,4,2026-01-17,19.1
101561,SKU51594,面粉,粮油调味,3,2026-01-17,61.89
101561,SKU87484,可乐,食品饮料,2,2026-01-17,78.0
101562,SKU19282,葡萄,生鲜蔬果,3,2026-02-04,64.65
101562,SKU98791,粉丝,火锅食材,5,2026-02-04,22.27
101563,SKU64008,蚝油,粮油调味,3,2026-07-17,66.66
101563,SKU37478,面粉,粮油调味,1,2026-07-17,41.51
101563,SKU69501,胡萝卜,生鲜蔬果,1,2026-07-17,66.04
101563,SKU79713,酸奶,食品饮料,2,2026-07-17,53.11
101564,SKU90766,蛋糕粉,烘焙用品,3,2026-01-25,14.92
101564,SKU27597,黄油,烘焙用品,4,2026-01-25,54.03
101564,SKU53500,淡奶油,烘焙用品,1,2026-01-25,28.79
101564,SKU31491,鸡蛋,肉禽蛋品,3,2026-01-25,45.09
101564,SKU73474,酵母,烘焙用品,5,2026-01-25,42.81
101565,SKU99533,苹果,生鲜蔬果,3,2026-09-28,39.23
101565,SKU80756,香蕉,生鲜蔬果,3,2026-09-28,49.88
101565,SKU60671,橙子,生鲜蔬果,3,2026-09-28,37.41
101565,SKU86529,生菜,生鲜蔬果,1,2026-09-28,25.69
101566,SKU34007,面包,食品饮料,4,2026-04-15,9.05
101566,SKU16215,火锅底料,火锅食材,4,2026-04-15,28.87
101566,SKU28881,酱油,粮油调味,3,2026-04-15,29.5
101566,SKU33714,猪肉,肉禽蛋品,5,2026-04-15,67.08
101566,SKU66080,方便面,食品饮料,4,2026-04-15,37.34
101567,SKU77203,蔬菜拼盘,火锅食材,3,2026-09-17,24.47
101567,SKU48654,豆腐,火锅食材,3,2026-09-17,71.03
101567,SKU10559,油纸,烘焙用品,1,2026-09-17,21.14
101567,SKU27851,火锅底料,火锅食材,1,2026-09-17,73.69
101567,SKU37922,牙膏,日化清洁,5,2026-09-17,79.32
101568,SKU42662,芝士碎,烘焙用品,3,2026-07-01,32.02
101568,SKU24533,酱油,粮油调味,5,2026-07-01,49.42
101568,SKU79204,模具,烘焙用品,2,2026-07-01,67.7
101568,SKU72720,牙膏,日化清洁,3,2026-07-01,63.65
101568,SKU97697,生菜,生鲜蔬果,5,2026-07-01,21.66
101568,SKU19162,白糖,粮油调味,3,2026-07-01,34.35
101569,SKU53946,三文鱼,肉禽蛋品,1,2026-06-14,53.61
101569,SKU13965,鸡翅,肉禽蛋品,5,2026-06-14,22.43
101569,SKU23387,牛奶,食品饮料,3,2026-06-14,77.52
101569,SKU27109,葡萄,生鲜蔬果,4,2026-06-14,5.7
101569,SKU49257,油纸,烘焙用品,4,2026-06-14,51.95
101570,SKU95026,排骨,肉禽蛋品,5,2026-04-08,34.87
101570,SKU69843,胡萝卜,生鲜蔬果,2,2026-04-08,24.89
101570,SKU18208,土豆,生鲜蔬果,3,2026-04-08,35.21
101570,SKU20026,食用油,粮油调味,1,2026-04-08,13.01
101570,SKU11879,肥牛卷,火锅食材,2,2026-04-08,44.86
101570,SKU34380,生菜,生鲜蔬果,4,2026-04-08,44.93
101571,SKU49165,蛋糕粉,烘焙用品,1,2026-09-16,27.56
101571,SKU76932,酵母,烘焙用品,3,2026-09-16,50.94
101572,SKU13764,纸巾,日化清洁,3,2026-06-17,9.15
101572,SKU82217,芝士碎,烘焙用品,2,2026-06-17,51.39
101572,SKU28285,洗洁精,日化清洁,5,2026-06-17,16.55
101573,SKU89393,蔬菜拼盘,火锅食材,4,2026-02-06,48.38
101573,SKU33016,消毒液,日化清洁,5,2026-02-06,61.61
101573,SKU30489,芝士碎,烘焙用品,5,2026-02-06,41.62
101573,SKU68852,香蕉,生鲜蔬果,5,2026-02-06,79.24
101573,SKU15826,洗衣液,日化清洁,1,2026-02-06,28.28
101573,SKU38864,饼干,食品饮料,2,2026-02-06,9.1
101574,SKU60021,模具,烘焙用品,2,2026-03-27,69.79
101574,SKU48401,牛肉,肉禽蛋品,5,2026-03-27,36.61
101574,SKU72984,面粉,粮油调味,2,2026-03-27,63.65
101574,SKU66030,白糖,粮油调味,5,2026-03-27,32.97
101574,SKU54292,大米,粮油调味,5,2026-03-27,57.09
101574,SKU79361,土豆,生鲜蔬果,2,2026-03-27,39.28
101575,SKU73323,牛奶,食品饮料,5,2026-08-24,79.53
101575,SKU45210,面包,食品饮料,4,2026-08-24,46.2
101575,SKU10950,酸奶,食品饮料,4,2026-08-24,77.69
101575,SKU80378,带鱼,肉禽蛋品,4,2026-08-24,17.01
101575,SKU44859,西红柿,生鲜蔬果,2,2026-08-24,66.44
101576,SKU95245,丸子,火锅食材,2,2026-06-27,17.85
101576,SKU69364,酸奶,食品饮料,2,2026-06-27,69.13
101576,SKU14790,洗发水,日化清洁,4,2026-06-27,52.61
101576,SKU37913,蛋挞皮,烘焙用品,1,2026-06-27,22.61
101577,SKU38917,苹果,生鲜蔬果,2,2026-06-17,62.75
101577,SKU55140,香蕉,生鲜蔬果,2,2026-06-17,16.11
101577,SKU12968,橙子,生鲜蔬果,4,2026-06-17,74.05
101577,SKU43367,料酒,粮油调味,3,2026-06-17,57.61
101577,SKU29974,葡萄,生鲜蔬果,1,2026-06-17,61.77
101578,SKU23631,可乐,食品饮料,1,2026-06-11,25.57
101578,SKU83127,薯片,食品饮料,4,2026-06-11,39.7
101578,SKU19063,饼干,食品饮料,5,2026-06-11,68.74
101578,SKU65224,蚝油,粮油调味,3,2026-06-11,63.73
101578,SKU94531,香草精,烘焙用品,3,2026-06-11,33.78
101578,SKU61245,模具,烘焙用品,4,2026-06-11,20.93
101579,SKU37161,薯片,食品饮料,4,2026-06-13,60.45
101579,SKU91736,鸭血,火锅食材,2,2026-06-13,57.8
101579,SKU31369,方便面,食品饮料,1,2026-06-13,77.29
101579,SKU53292,芝士碎,烘焙用品,3,2026-06-13,44.92
101580,SKU50997,白菜,生鲜蔬果,5,2026-06-18,23.16
101580,SKU98799,黄瓜,生鲜蔬果,5,2026-06-18,67.7
101580,SKU65279,蛋挞皮,烘焙用品,3,2026-06-18,76.83
101580,SKU64077,大米,粮油调味,3,2026-06-18,5.45
101580,SKU87940,牛奶,食品饮料,1,2026-06-18,51.99
101581,SKU25378,蛋糕粉,烘焙用品,5,2026-06-07,42.4
101581,SKU76132,黄油,烘焙用品,2,2026-06-07,58.54
101581,SKU59272,淡奶油,烘焙用品,4,2026-06-07,10.02
101581,SKU42473,鸡蛋,肉禽蛋品,2,2026-06-07,44.91
101581,SKU91861,橙子,生鲜蔬果,3,2026-06-07,35.67
101581,SKU81842,蚝油,粮油调味,1,2026-06-07,27.68
101581,SKU98297,酸奶,食品饮料,1,2026-06-07,5.94
101582,SKU35916,洗衣液,日化清洁,3,2026-01-04,67.5
101582,SKU12775,纸巾,日化清洁,3,2026-01-04,34.08
101582,SKU68962,垃圾袋,日化清洁,2,2026-01-04,51.96
101582,SKU70398,模具,烘焙用品,4,2026-01-04,15.76
101583,SKU54646,芝士碎,烘焙用品,3,2026-02-11,76.98
101583,SKU84716,肥皂,日化清洁,5,2026-02-11,29.43
101583,SKU13331,油纸,烘焙用品,3,2026-02-11,78.17
101583,SKU95005,果汁,食品饮料,3,2026-02-11,27.96
101584,SKU47516,猪肉,肉禽蛋品,3,2026-04-23,42.57
101584,SKU91823,糖粉,烘焙用品,1,2026-04-23,46.05
101584,SKU51018,鸭蛋,肉禽蛋品,3,2026-04-23,75.54
101585,SKU19739,虾仁,肉禽蛋品,5,2026-03-24,15.63
101585,SKU22619,葡萄,生鲜蔬果,4,2026-03-24,53.06
101585,SKU34244,模具,烘焙用品,1,2026-03-24,49.99
101585,SKU59055,豆腐,火锅食材,1,2026-03-24,26.05
101586,SKU60556,带鱼,肉禽蛋品,2,2026-08-10,39.47
101586,SKU70716,葡萄,生鲜蔬果,5,2026-08-10,70.89
101586,SKU81686,白糖,粮油调味,2,2026-08-10,4.98
101586,SKU17429,香蕉,生鲜蔬果,2,2026-08-10,26.11
101587,SKU47451,食用油,粮油调味,3,2026-04-27,70.61
101587,SKU32658,牛肉,肉禽蛋品,1,2026-04-27,59.73
101587,SKU67213,面粉,粮油调味,5,2026-04-27,18.42
101588,SKU21606,面包,食品饮料,2,2026-04-10,64.39
101588,SKU57408,牛肉,肉禽蛋品,5,2026-04-10,72.39
101589,SKU21605,葡萄,生鲜蔬果,5,2026-03-12,73.31
101589,SKU95905,白菜,生鲜蔬果,2,2026-03-12,64.64
101589,SKU52587,可乐,食品饮料,2,2026-03-12,72.63
101589,SKU21317,丸子,火锅食材,3,2026-03-12,34.31
101590,SKU75842,火锅底料,火锅食材,2,2026-09-20,23.17
101590,SKU36493,丸子,火锅食材,3,2026-09-20,39.42
101590,SKU99865,肥牛卷,火锅食材,2,2026-09-20,49.26
101590,SKU33055,矿泉水,食品饮料,5,2026-09-20,36.3
101591,SKU26832,酱油,粮油调味,2,2026-08-14,25.36
101591,SKU29757,羊肉卷,火锅食材,1,2026-08-14,62.14
101592,SKU48010,火锅底料,火锅食材,2,2026-01-25,6.04
101592,SKU83463,丸子,火锅食材,5,2026-01-25,69.17
101592,SKU78897,肥牛卷,火锅食材,1,2026-01-25,15.53
101592,SKU81438,白糖,粮油调味,5,2026-01-25,6.91
101592,SKU85811,毛肚,火锅食材,5,2026-01-25,57.78
101592,SKU49586,猪肉,肉禽蛋品,4,2026-01-25,55.16
101593,SKU97910,苹果,生鲜蔬果,5,2026-06-06,14.86
101593,SKU61452,香蕉,生鲜蔬果,2,2026-06-06,17.8
101593,SKU37118,橙子,生鲜蔬果,5,2026-06-06,58.98
101594,SKU19070,芝士碎,烘焙用品,1,2026-02-15,79.36
101594,SKU95877,黄油,烘焙用品,4,2026-02-15,9.55
101594,SKU83817,肥牛卷,火锅食材,2,2026-02-15,56.19
101595,SKU13954,洗发水,日化清洁,3,2026-02-20,65.61
101595,SKU36993,沐浴露,日化清洁,1,2026-02-20,21.42
101595,SKU42638,牙膏,日化清洁,2,2026-02-20,4.77
101595,SKU44537,果汁,食品饮料,3,2026-02-20,76.36
101595,SKU13645,苹果,生鲜蔬果,5,2026-02-20,31.33
101596,SKU75002,洗发水,日化清洁,1,2026-08-03,66.63
101596,SKU30119,沐浴露,日化清洁,4,2026-08-03,29.7
101596,SKU95592,牙膏,日化清洁,3,2026-08-03,57.48
101596,SKU19862,蛋糕粉,烘焙用品,4,2026-08-03,14.71
101597,SKU94212,蛋糕粉,烘焙用品,2,2026-07-25,53.98
101597,SKU22166,白菜,生鲜蔬果,5,2026-07-25,59.06
101598,SKU70510,白菜,生鲜蔬果,4,2026-01-11,33.72
101598,SKU87831,醋,粮油调味,1,2026-01-11,4.05
101598,SKU88275,消毒液,日化清洁,5,2026-01-11,24.63
101598,SKU89245,白糖,粮油调味,4,2026-01-11,33.59
101598,SKU27947,葡萄,生鲜蔬果,2,2026-01-11,69.32
101599,SKU51717,白菜,生鲜蔬果,1,2026-04-07,60.15
101599,SKU13463,羊肉卷,火锅食材,5,2026-04-07,66.05
101600,SKU38245,橙子,生鲜蔬果,2,2026-08-28,19.65
101600,SKU63244,酵母,烘焙用品,1,2026-08-28,64.53
101600,SKU74345,盐,粮油调味,3,2026-08-28,71.5
101600,SKU81003,酸奶,食品饮料,3,2026-08-28,24.97
101601,SKU10682,蛋糕粉,烘焙用品,3,2026-09-18,49.18
101601,SKU28630,黄油,烘焙用品,5,2026-09-18,40.95
101601,SKU52601,淡奶油,烘焙用品,5,2026-09-18,68.52
101601,SKU28530,鸡蛋,肉禽蛋品,5,2026-09-18,67.56
101601,SKU54258,油纸,烘焙用品,3,2026-09-18,45.38
101602,SKU13136,火锅底料,火锅食材,5,2026-05-12,76.52
101602,SKU78076,丸子,火锅食材,2,2026-05-12,73.79
101602,SKU40829,肥牛卷,火锅食材,2,2026-05-12,62.93
101602,SKU83504,鸭蛋,肉禽蛋品,4,2026-05-12,41.16
101603,SKU14265,蛋糕粉,烘焙用品,2,2026-04-18,43.96
101603,SKU63896,醋,粮油调味,3,2026-04-18,56.5
101603,SKU78010,虾仁,肉禽蛋品,3,2026-04-18,36.8
101604,SKU74368,粉丝,火锅食材,1,2026-05-14,33.25
101604,SKU62471,芝士碎,烘焙用品,1,2026-05-14,13.03
101604,SKU53636,丸子,火锅食材,2,2026-05-14,11.13
101604,SKU85377,饼干,食品饮料,3,2026-05-14,71.55
101605,SKU23557,火锅底料,火锅食材,3,2026-08-16,3.38
101605,SKU45304,丸子,火锅食材,1,2026-08-16,60.7
101605,SKU58479,肥牛卷,火锅食材,3,2026-08-16,64.54
101605,SKU24777,纸巾,日化清洁,4,2026-08-16,16.73
101605,SKU59708,鸭血,火锅食材,3,2026-08-16,57.77
101606,SKU19978,排骨,肉禽蛋品,2,2026-02-03,70.56
101606,SKU31808,鸡蛋,肉禽蛋品,1,2026-02-03,42.76
101606,SKU12901,巧克力,食品饮料,4,2026-02-03,60.64
101606,SKU92653,拖把,日化清洁,3,2026-02-03,29.31
101606,SKU55958,白菜,生鲜蔬果,3,2026-02-03,32.19
101607,SKU44985,酸奶,食品饮料,4,2026-05-06,9.89
101607,SKU98690,消毒液,日化清洁,1,2026-05-06,18.28
101607,SKU51256,毛肚,火锅食材,3,2026-05-06,51.66
101607,SKU84265,面包,食品饮料,3,2026-05-06,79.37
101607,SKU65573,辣椒酱,粮油调味,3,2026-05-06,54.94
101607,SKU10910,羊肉卷,火锅食材,1,2026-05-06,3.68
101608,SKU71810,三文鱼,肉禽蛋品,4,2026-02-03,64.59
101608,SKU22974,带鱼,肉禽蛋品,3,2026-02-03,55.9
101608,SKU37218,羊肉卷,火锅食材,4,2026-02-03,60.27
101608,SKU40376,蚝油,粮油调味,4,2026-02-03,64.43
101608,SKU17255,粉丝,火锅食材,5,2026-02-03,31.31
101609,SKU57279,土豆,生鲜蔬果,4,2026-06-27,55.59
101609,SKU19126,醋,粮油调味,1,2026-06-27,44.86
101609,SKU44029,方便面,食品饮料,2,2026-06-27,34.71
101609,SKU79165,白菜,生鲜蔬果,1,2026-06-27,21.52
101609,SKU34748,猪肉,肉禽蛋品,3,2026-06-27,46.27
101610,SKU53348,酵母,烘焙用品,4,2026-08-27,74.45
101610,SKU26267,食用油,粮油调味,5,2026-08-27,28.82
101611,SKU48493,大米,粮油调味,4,2026-05-26,47.36
101611,SKU72387,食用油,粮油调味,2,2026-05-26,67.32
101611,SKU27095,酱油,粮油调味,3,2026-05-26,68.05
101611,SKU75600,可乐,食品饮料,4,2026-05-26,29.4
101611,SKU24712,拖把,日化清洁,1,2026-05-26,77.48
101612,SKU86016,香草精,烘焙用品,3,2026-07-24,26.56
101612,SKU51802,白糖,粮油调味,3,2026-07-24,56.68
101613,SKU77421,火锅底料,火锅食材,2,2026-03-08,35.54
101613,SKU21940,丸子,火锅食材,5,2026-03-08,40.45
101613,SKU68321,肥牛卷,火锅食材,1,2026-03-08,7.08
101613,SKU23558,料酒,粮油调味,1,2026-03-08,38.81
101613,SKU91652,辣椒酱,粮油调味,2,2026-03-08,55.6
101614,SKU46941,黄油,烘焙用品,5,2026-05-21,26.23
101614,SKU47803,胡萝卜,生鲜蔬果,1,2026-05-21,56.81
101614,SKU93505,牛奶,食品饮料,2,2026-05-21,51.16
101614,SKU55954,香蕉,生鲜蔬果,2,2026-05-21,27.13
101614,SKU81017,饼干,食品饮料,2,2026-05-21,63.61
101615,SKU85206,蛋糕粉,烘焙用品,4,2026-04-21,53.7
101615,SKU37278,黄油,烘焙用品,5,2026-04-21,12.6
101615,SKU64336,淡奶油,烘焙用品,1,2026-04-21,73.71
101615,SKU93520,鸡蛋,肉禽蛋品,3,2026-04-21,32.13
101615,SKU71912,蘸料,火锅食材,4,2026-04-21,76.2
101615,SKU54780,火锅底料,火锅食材,1,2026-04-21,66.75
101615,SKU18486,纸巾,日化清洁,5,2026-04-21,46.15
101616,SKU25836,苹果,生鲜蔬果,4,2026-09-28,59.03
101616,SKU25631,粉丝,火锅食材,1,2026-09-28,79.14
101616,SKU62602,薯片,食品饮料,1,2026-09-28,26.15
101616,SKU95149,胡萝卜,生鲜蔬果,3,2026-09-28,22.6
101616,SKU86352,西红柿,生鲜蔬果,1,2026-09-28,77.52
101617,SKU49580,苹果,生鲜蔬果,2,2026-09-08,59.32
101617,SKU97885,香蕉,生鲜蔬果,4,2026-09-08,19.39
101617,SKU95397,橙子,生鲜蔬果,5,2026-09-08,73.63
101617,SKU34212,垃圾袋,日化清洁,3,2026-09-08,77.7
101617,SKU97700,矿泉水,食品饮料,2,2026-09-08,41.27
101618,SKU32620,模具,烘焙用品,2,2026-08-10,29.23
101618,SKU30555,西红柿,生鲜蔬果,3,2026-08-10,74.72
101618,SKU82735,葡萄,生鲜蔬果,1,2026-08-10,60.82
101618,SKU31420,火锅底料,火锅食材,1,2026-08-10,45.4
101618,SKU84940,排骨,肉禽蛋品,2,2026-08-10,34.28
101619,SKU36642,淡奶油,烘焙用品,3,2026-01-20,73.11
101619,SKU84854,土豆,生鲜蔬果,5,2026-01-20,79.44
101619,SKU63722,虾仁,肉禽蛋品,3,2026-01-20,38.37
101619,SKU97639,蔬菜拼盘,火锅食材,3,2026-01-20,33.99
101619,SKU24210,芝士碎,烘焙用品,5,2026-01-20,13.29
101620,SKU42239,排骨,肉禽蛋品,4,2026-01-27,6.59
101620,SKU17965,胡萝卜,生鲜蔬果,4,2026-01-27,43.05
101620,SKU64645,土豆,生鲜蔬果,5,2026-01-27,51.63
101621,SKU87839,蚝油,粮油调味,3,2026-07-25,41.85
101621,SKU67041,面粉,粮油调味,2,2026-07-25,54.77
101621,SKU80887,苹果,生鲜蔬果,4,2026-07-25,58.64
101621,SKU99668,羊肉卷,火锅食材,4,2026-07-25,69.62
101621,SKU55562,豆腐,火锅食材,2,2026-07-25,50.41
101621,SKU47538,牛奶,食品饮料,1,2026-07-25,68.64
101622,SKU98733,大米,粮油调味,4,2026-05-26,33.43
101622,SKU88391,食用油,粮油调味,3,2026-05-26,9.92
101622,SKU23495,酱油,粮油调味,5,2026-05-26,15.33
101622,SKU45579,三文鱼,肉禽蛋品,4,2026-05-26,79.84
101622,SKU55878,蛋挞皮,烘焙用品,4,2026-05-26,39.7
101623,SKU29551,醋,粮油调味,3,2026-01-28,61.88
101623,SKU33534,巧克力,食品饮料,1,2026-01-28,17.31
101624,SKU43513,葡萄,生鲜蔬果,4,2026-07-20,54.07
101624,SKU58656,料酒,粮油调味,3,2026-07-20,16.23
101624,SKU11325,鸡翅,肉禽蛋品,4,2026-07-20,20.15
101625,SKU54935,香蕉,生鲜蔬果,1,2026-01-15,36.32
101625,SKU45620,消毒液,日化清洁,2,2026-01-15,52.84
101625,SKU72735,辣椒酱,粮油调味,4,2026-01-15,33.78
101625,SKU54905,牙膏,日化清洁,3,2026-01-15,12.41
101626,SKU35444,白菜,生鲜蔬果,5,2026-09-07,74.66
101626,SKU40218,葡萄,生鲜蔬果,2,2026-09-07,40.93
101626,SKU26976,纸巾,日化清洁,2,2026-09-07,79.45
101626,SKU56524,白糖,粮油调味,2,2026-09-07,44.02
101626,SKU78109,黄油,烘焙用品,4,2026-09-07,15.27
101626,SKU38719,淡奶油,烘焙用品,2,2026-09-07,38.83
101627,SKU71805,大米,粮油调味,2,2026-08-22,65.36
101627,SKU86554,食用油,粮油调味,1,2026-08-22,3.53
101627,SKU37212,酱油,粮油调味,3,2026-08-22,13.98
101627,SKU14460,白糖,粮油调味,3,2026-08-22,75.04
101627,SKU11460,鸡蛋,肉禽蛋品,2,2026-08-22,60.22
101627,SKU40568,苹果,生鲜蔬果,3,2026-08-22,18.21
101628,SKU20812,洗发水,日化清洁,3,2026-04-22,33.69
101628,SKU73814,沐浴露,日化清洁,2,2026-04-22,30.72
101628,SKU11656,牙膏,日化清洁,5,2026-04-22,51.2
101628,SKU67657,白糖,粮油调味,3,2026-04-22,38.78
101628,SKU94111,蘸料,火锅食材,1,2026-04-22,48.62
101628,SKU98805,薯片,食品饮料,3,2026-04-22,60.96
101629,SKU28884,拖把,日化清洁,3,2026-02-16,26.29
101629,SKU97253,土豆,生鲜蔬果,1,2026-02-16,31.31
101629,SKU70760,蔬菜拼盘,火锅食材,5,2026-02-16,63.95
101629,SKU67026,果汁,食品饮料,5,2026-02-16,54.49
101629,SKU37034,肥皂,日化清洁,3,2026-02-16,5.32
101629,SKU69022,纸巾,日化清洁,2,2026-02-16,51.45
101630,SKU82888,蛋挞皮,烘焙用品,2,2026-04-21,43.52
101630,SKU84994,粉丝,火锅食材,2,2026-04-21,51.95
101630,SKU69875,豆腐,火锅食材,1,2026-04-21,20.01
101630,SKU71439,垃圾袋,日化清洁,5,2026-04-21,73.08
101630,SKU98830,白糖,粮油调味,5,2026-04-21,69.41
101630,SKU58797,方便面,食品饮料,2,2026-04-21,9.18
101631,SKU99251,苹果,生鲜蔬果,3,2026-01-08,63.01
101631,SKU11531,香蕉,生鲜蔬果,1,2026-01-08,12.84
101631,SKU95111,橙子,生鲜蔬果,4,2026-01-08,36.57
101631,SKU97961,肥皂,日化清洁,5,2026-01-08,34.17
101631,SKU69997,酵母,烘焙用品,1,2026-01-08,34.05
101631,SKU74777,沐浴露,日化清洁,2,2026-01-08,79.27
101632,SKU56972,西红柿,生鲜蔬果,2,2026-07-16,46.08
101632,SKU10127,鸡蛋,肉禽蛋品,5,2026-07-16,9.86
101632,SKU34274,黄瓜,生鲜蔬果,2,2026-07-16,43.64
101632,SKU71564,蘸料,火锅食材,3,2026-07-16,14.29
101632,SKU23521,蛋挞皮,烘焙用品,4,2026-07-16,16.01
101632,SKU62486,酸奶,食品饮料,3,2026-07-16,30.14
101633,SKU88181,酵母,烘焙用品,5,2026-04-22,28.93
101633,SKU82919,辣椒酱,粮油调味,3,2026-04-22,3.56
101633,SKU47486,面包,食品饮料,5,2026-04-22,29.79
101634,SKU14104,盐,粮油调味,5,2026-07-12,40.78
101634,SKU21932,胡萝卜,生鲜蔬果,1,2026-07-12,14.52
101634,SKU71307,火锅底料,火锅食材,1,2026-07-12,53.99
101634,SKU59288,葡萄,生鲜蔬果,2,2026-07-12,32.27
101635,SKU34364,沐浴露,日化清洁,2,2026-04-22,58.43
101635,SKU36804,拖把,日化清洁,2,2026-04-22,75.92
101635,SKU69246,油纸,烘焙用品,3,2026-04-22,73.7
101636,SKU14375,火锅底料,火锅食材,1,2026-05-19,47.68
101636,SKU81921,丸子,火锅食材,5,2026-05-19,3.8
101636,SKU13002,肥牛卷,火锅食材,5,2026-05-19,36.17
101636,SKU30218,蛋糕粉,烘焙用品,4,2026-05-19,19.01
101636,SKU68625,西红柿,生鲜蔬果,4,2026-05-19,26.83
101637,SKU46620,火锅底料,火锅食材,5,2026-09-19,30.96
101637,SKU66458,鸭血,火锅食材,1,2026-09-19,40.29
101637,SKU90787,纸巾,日化清洁,1,2026-09-19,63.59
101638,SKU47429,火锅底料,火锅食材,5,2026-01-20,11.27
101638,SKU42364,丸子,火锅食材,3,2026-01-20,60.84
101638,SKU85320,肥牛卷,火锅食材,3,2026-01-20,35.22
101638,SKU74717,果汁,食品饮料,3,2026-01-20,22.63
101638,SKU40645,垃圾袋,日化清洁,2,2026-01-20,56.03
101639,SKU13931,洗洁精,日化清洁,5,2026-09-15,75.64
101639,SKU55189,鸡翅,肉禽蛋品,3,2026-09-15,32.95
101640,SKU80745,洗发水,日化清洁,1,2026-02-18,48.69
101640,SKU68334,沐浴露,日化清洁,5,2026-02-18,21.2
101640,SKU44606,牙膏,日化清洁,3,2026-02-18,21.9
101640,SKU62858,香草精,烘焙用品,3,2026-02-18,6.34
101640,SKU38091,糖粉,烘焙用品,5,2026-02-18,27.56
101641,SKU84796,大米,粮油调味,2,2026-09-02,6.47
101641,SKU61109,食用油,粮油调味,5,2026-09-02,66.81
101641,SKU89725,酱油,粮油调味,3,2026-09-02,33.28
101641,SKU39136,带鱼,肉禽蛋品,2,2026-09-02,23.42
101642,SKU34466,面包,食品饮料,2,2026-05-25,79.75
101642,SKU60970,豆腐,火锅食材,1,2026-05-25,55.82
101642,SKU76113,黄油,烘焙用品,1,2026-05-25,66.34
101642,SKU78303,牙膏,日化清洁,4,2026-05-25,7.89
101643,SKU49276,西红柿,生鲜蔬果,4,2026-09-02,3.05
101643,SKU37779,鸡蛋,肉禽蛋品,5,2026-09-02,64.78
101643,SKU67841,黄瓜,生鲜蔬果,4,2026-09-02,33.98
101643,SKU86393,果汁,食品饮料,3,2026-09-02,38.39
101643,SKU20737,消毒液,日化清洁,1,2026-09-02,53.59
101644,SKU63092,火锅底料,火锅食材,5,2026-07-03,65.84
101644,SKU82253,丸子,火锅食材,3,2026-07-03,78.39
101644,SKU19192,肥牛卷,火锅食材,4,2026-07-03,57.68
101644,SKU15821,香蕉,生鲜蔬果,5,2026-07-03,72.53
101644,SKU49675,牛奶,食品饮料,1,2026-07-03,63.66
101645,SKU96705,料酒,粮油调味,5,2026-02-11,35.03
101645,SKU39284,肥皂,日化清洁,4,2026-02-11,3.1
101645,SKU10042,鸡翅,肉禽蛋品,5,2026-02-11,27.16
101646,SKU48574,醋,粮油调味,1,2026-01-06,17.2
101646,SKU22409,粉丝,火锅食材,3,2026-01-06,68.92
101646,SKU59123,黄瓜,生鲜蔬果,5,2026-01-06,10.13
101646,SKU95730,鸡蛋,肉禽蛋品,5,2026-01-06,7.22
101646,SKU89637,白菜,生鲜蔬果,1,2026-01-06,49.03
101647,SKU87740,苹果,生鲜蔬果,5,2026-02-07,10.31
101647,SKU85548,纸巾,日化清洁,2,2026-02-07,67.17
101647,SKU20680,洗发水,日化清洁,4,2026-02-07,43.98
101647,SKU96542,排骨,肉禽蛋品,5,2026-02-07,36.35
101648,SKU23292,黄瓜,生鲜蔬果,1,2026-08-03,40.76
101648,SKU30145,巧克力,食品饮料,5,2026-08-03,35.54
101648,SKU28415,虾仁,肉禽蛋品,5,2026-08-03,19.94
101648,SKU46627,白糖,粮油调味,1,2026-08-03,61.71
101648,SKU27664,大米,粮油调味,5,2026-08-03,30.18
101648,SKU44758,垃圾袋,日化清洁,1,2026-08-03,46.32
101649,SKU82832,洗衣液,日化清洁,4,2026-01-22,30.97
101649,SKU68846,纸巾,日化清洁,3,2026-01-22,32.67
101649,SKU60942,垃圾袋,日化清洁,3,2026-01-22,44.65
101649,SKU33765,胡萝卜,生鲜蔬果,4,2026-01-22,11.18
101649,SKU27210,火锅底料,火锅食材,4,2026-01-22,63.75
101650,SKU98312,牛奶,食品饮料,4,2026-01-21,27.49
101650,SKU25450,面包,食品饮料,1,2026-01-21,15.94
101650,SKU94308,肥皂,日化清洁,5,2026-01-21,36.23
101650,SKU25917,胡萝卜,生鲜蔬果,1,2026-01-21,44.74
101651,SKU86508,蚝油,粮油调味,2,2026-03-28,27.99
101651,SKU86127,盐,粮油调味,5,2026-03-28,62.21
101651,SKU29745,葡萄,生鲜蔬果,2,2026-03-28,7.59
101652,SKU93003,芝士碎,烘焙用品,5,2026-04-04,57.2
101652,SKU63026,毛肚,火锅食材,1,2026-04-04,46.95
101652,SKU47775,鸡蛋,肉禽蛋品,5,2026-04-04,6.73
101652,SKU31401,土豆,生鲜蔬果,3,2026-04-04,5.37
101653,SKU63077,牛奶,食品饮料,1,2026-02-03,42.95
101653,SKU82980,面包,食品饮料,3,2026-02-03,62.75
101653,SKU63355,蛋挞皮,烘焙用品,1,2026-02-03,22.49
101654,SKU44552,羊肉卷,火锅食材,4,2026-01-18,46.42
101654,SKU56189,鸡蛋,肉禽蛋品,3,2026-01-18,46.59
101654,SKU11514,面包,食品饮料,1,2026-01-18,66.16
101654,SKU53570,苹果,生鲜蔬果,5,2026-01-18,55.37
101654,SKU27262,牛奶,食品饮料,5,2026-01-18,5.67
101654,SKU62215,饼干,食品饮料,4,2026-01-18,23.2
101655,SKU20246,蔬菜拼盘,火锅食材,5,2026-07-20,78.68
101655,SKU91089,沐浴露,日化清洁,3,2026-07-20,14.02
101655,SKU57066,香蕉,生鲜蔬果,1,2026-07-20,25.36
101655,SKU95267,肥牛卷,火锅食材,4,2026-07-20,74.6
101655,SKU33480,方便面,食品饮料,4,2026-07-20,72.89
101655,SKU98405,虾仁,肉禽蛋品,3,2026-07-20,68.29
101656,SKU47446,猪肉,肉禽蛋品,4,2026-09-10,75.24
101656,SKU92577,沐浴露,日化清洁,4,2026-09-10,13.7
101656,SKU48468,醋,粮油调味,4,2026-09-10,12.51
101656,SKU51965,香蕉,生鲜蔬果,4,2026-09-10,71.54
101656,SKU27662,鸡肉,肉禽蛋品,5,2026-09-10,72.81
101657,SKU34856,拖把,日化清洁,4,2026-07-05,36.52
101657,SKU26708,猪肉,肉禽蛋品,3,2026-07-05,48.95
101657,SKU62431,排骨,肉禽蛋品,3,2026-07-05,65.21
101657,SKU92749,三文鱼,肉禽蛋品,5,2026-07-05,48.78
101657,SKU16025,蔬菜拼盘,火锅食材,4,2026-07-05,40.2
101658,SKU57700,蛋糕粉,烘焙用品,1,2026-02-13,15.18
101658,SKU37037,黄油,烘焙用品,4,2026-02-13,76.29
101658,SKU29335,淡奶油,烘焙用品,1,2026-02-13,58.19
101658,SKU33502,鸡蛋,肉禽蛋品,3,2026-02-13,14.39
101658,SKU54770,肥牛卷,火锅食材,2,2026-02-13,29.2
101658,SKU10090,果汁,食品饮料,4,2026-02-13,67.0
101659,SKU17414,巧克力,食品饮料,3,2026-09-11,76.6
101659,SKU11081,拖把,日化清洁,3,2026-09-11,62.5
101659,SKU39840,生菜,生鲜蔬果,3,2026-09-11,72.93
101659,SKU21489,香草精,烘焙用品,3,2026-09-11,18.34
101659,SKU77506,酱油,粮油调味,2,2026-09-11,58.36
101659,SKU64225,鸡蛋,肉禽蛋品,3,2026-09-11,31.6
101660,SKU21166,辣椒酱,粮油调味,1,2026-01-11,3.51
101660,SKU85845,可乐,食品饮料,2,2026-01-11,73.94
101660,SKU39651,带鱼,肉禽蛋品,3,2026-01-11,73.56
101660,SKU46328,酸奶,食品饮料,1,2026-01-11,64.05
101660,SKU14059,豆腐,火锅食材,1,2026-01-11,24.64
101660,SKU73632,鸡翅,肉禽蛋品,5,2026-01-11,74.32
101661,SKU49811,洗衣液,日化清洁,2,2026-09-08,56.07
101661,SKU22670,纸巾,日化清洁,1,2026-09-08,61.24
101661,SKU79586,垃圾袋,日化清洁,1,2026-09-08,35.89
101661,SKU38444,油纸,烘焙用品,2,2026-09-08,20.56
101661,SKU84167,丸子,火锅食材,4,2026-09-08,50.95
101661,SKU24293,蔬菜拼盘,火锅食材,5,2026-09-08,9.22
101662,SKU90812,拖把,日化清洁,4,2026-01-02,42.99
101662,SKU99034,带鱼,肉禽蛋品,4,2026-01-02,65.43
101662,SKU72058,巧克力,食品饮料,3,2026-01-02,30.84
101662,SKU55459,大米,粮油调味,4,2026-01-02,77.88
101662,SKU49388,淡奶油,烘焙用品,2,2026-01-02,35.11
101662,SKU79885,沐浴露,日化清洁,5,2026-01-02,43.25
101663,SKU36555,带鱼,肉禽蛋品,2,2026-03-07,52.23
101663,SKU71071,洗衣液,日化清洁,3,2026-03-07,11.99
101663,SKU34453,巧克力,食品饮料,5,2026-03-07,55.33
101663,SKU16037,果汁,食品饮料,5,2026-03-07,4.94
101663,SKU57909,酱油,粮油调味,2,2026-03-07,22.39
101664,SKU67852,鸭血,火锅食材,1,2026-04-18,79.0
101664,SKU59766,火锅底料,火锅食材,4,2026-04-18,39.41
101664,SKU79766,大米,粮油调味,4,2026-04-18,57.56
101665,SKU71949,矿泉水,食品饮料,2,2026-03-18,7.28
101665,SKU99655,洗洁精,日化清洁,3,2026-03-18,18.99
101665,SKU61121,毛肚,火锅食材,2,2026-03-18,58.19
101665,SKU34848,香草精,烘焙用品,5,2026-03-18,30.71
101665,SKU27860,猪肉,肉禽蛋品,1,2026-03-18,31.6
101666,SKU44514,牛奶,食品饮料,3,2026-07-05,63.86
101666,SKU25962,面包,食品饮料,2,2026-07-05,3.29
101666,SKU20698,果汁,食品饮料,1,2026-07-05,65.01
101666,SKU56592,猪肉,肉禽蛋品,3,2026-07-05,73.99
101667,SKU88008,消毒液,日化清洁,2,2026-03-19,19.44
101667,SKU22672,巧克力,食品饮料,5,2026-03-19,68.47
101667,SKU57503,纸巾,日化清洁,1,2026-03-19,55.63
101667,SKU41855,油纸,烘焙用品,2,2026-03-19,20.49
101667,SKU69103,蘸料,火锅食材,3,2026-03-19,63.48
101667,SKU90643,饼干,食品饮料,2,2026-03-19,50.91
101668,SKU88597,牛奶,食品饮料,3,2026-08-01,26.22
101668,SKU81137,面包,食品饮料,4,2026-08-01,31.05
101668,SKU64179,白糖,粮油调味,3,2026-08-01,65.66
101668,SKU78615,矿泉水,食品饮料,1,2026-08-01,59.49
101668,SKU72411,蚝油,粮油调味,5,2026-08-01,10.11
101669,SKU75423,蛋糕粉,烘焙用品,5,2026-09-13,48.49
101669,SKU69813,黄油,烘焙用品,5,2026-09-13,22.64
101669,SKU38782,淡奶油,烘焙用品,4,2026-09-13,78.28
101669,SKU47809,鸡蛋,肉禽蛋品,5,2026-09-13,12.82
101669,SKU37611,垃圾袋,日化清洁,5,2026-09-13,69.8
101670,SKU67536,蛋糕粉,烘焙用品,3,2026-04-04,45.87
101670,SKU37097,黄油,烘焙用品,1,2026-04-04,25.32
101670,SKU78860,淡奶油,烘焙用品,1,2026-04-04,78.5
101670,SKU82820,鸡蛋,肉禽蛋品,2,2026-04-04,64.41
101670,SKU71813,洗洁精,日化清洁,4,2026-04-04,26.84
101671,SKU56301,牛奶,食品饮料,4,2026-08-09,34.66
101671,SKU98107,面包,食品饮料,4,2026-08-09,3.96
101671,SKU28251,黄油,烘焙用品,4,2026-08-09,32.08
101672,SKU37856,排骨,肉禽蛋品,2,2026-03-28,12.31
101672,SKU80409,酱油,粮油调味,5,2026-03-28,34.98
101672,SKU44287,蘸料,火锅食材,2,2026-03-28,40.02
101673,SKU57205,白糖,粮油调味,3,2026-08-05,58.59
101673,SKU66477,盐,粮油调味,5,2026-08-05,79.87
101673,SKU14808,黄瓜,生鲜蔬果,5,2026-08-05,15.79
101674,SKU43079,苹果,生鲜蔬果,1,2026-07-13,16.99
101674,SKU54571,饼干,食品饮料,3,2026-07-13,18.83
101674,SKU46322,蔬菜拼盘,火锅食材,5,2026-07-13,65.48
101674,SKU83717,纸巾,日化清洁,5,2026-07-13,70.63
101674,SKU78269,辣椒酱,粮油调味,1,2026-07-13,11.66
101675,SKU60960,鸡肉,肉禽蛋品,1,2026-05-28,5.24
101675,SKU99418,带鱼,肉禽蛋品,2,2026-05-28,39.01
101675,SKU12487,方便面,食品饮料,1,2026-05-28,39.49
101675,SKU39559,酱油,粮油调味,3,2026-05-28,46.05
101676,SKU58794,鸡肉,肉禽蛋品,5,2026-07-09,65.1
101676,SKU31878,猪肉,肉禽蛋品,5,2026-07-09,74.77
101676,SKU75488,淡奶油,烘焙用品,1,2026-07-09,50.95
101676,SKU23684,洗发水,日化清洁,5,2026-07-09,61.11
101676,SKU63754,沐浴露,日化清洁,2,2026-07-09,61.76
101676,SKU61626,垃圾袋,日化清洁,2,2026-07-09,73.04
101677,SKU84443,黄油,烘焙用品,4,2026-06-19,40.58
101677,SKU83269,油纸,烘焙用品,2,2026-06-19,30.79
101677,SKU50448,蛋挞皮,烘焙用品,4,2026-06-19,8.54
101677,SKU88068,粉丝,火锅食材,1,2026-06-19,40.39
101677,SKU38843,羊肉卷,火锅食材,1,2026-06-19,48.03
101678,SKU11702,矿泉水,食品饮料,2,2026-09-01,49.8
101678,SKU25070,食用油,粮油调味,4,2026-09-01,68.41
101678,SKU14346,芝士碎,烘焙用品,3,2026-09-01,69.67
101678,SKU39352,肥牛卷,火锅食材,1,2026-09-01,8.77
101678,SKU50363,鸡翅,肉禽蛋品,5,2026-09-01,11.18
101678,SKU50346,醋,粮油调味,5,2026-09-01,77.46
101679,SKU21407,面包,食品饮料,5,2026-05-06,49.49
101679,SKU78757,羊肉卷,火锅食材,1,2026-05-06,69.53
101679,SKU60393,大米,粮油调味,4,2026-05-06,10.49
101679,SKU89377,胡萝卜,生鲜蔬果,3,2026-05-06,66.56
101679,SKU92423,方便面,食品饮料,1,2026-05-06,27.01
101680,SKU59924,蚝油,粮油调味,5,2026-02-11,75.27
101680,SKU60738,豆腐,火锅食材,4,2026-02-11,54.31
101680,SKU14793,白菜,生鲜蔬果,4,2026-02-11,16.98
101680,SKU25488,消毒液,日化清洁,5,2026-02-11,55.02
101680,SKU35384,模具,烘焙用品,1,2026-02-11,64.67
101681,SKU84398,食用油,粮油调味,5,2026-08-06,64.48
101681,SKU30739,葡萄,生鲜蔬果,5,2026-08-06,36.79
101681,SKU91323,垃圾袋,日化清洁,3,2026-08-06,73.16
101682,SKU25537,垃圾袋,日化清洁,4,2026-08-04,38.95
101682,SKU50403,糖粉,烘焙用品,1,2026-08-04,55.46
101682,SKU71150,盐,粮油调味,5,2026-08-04,10.38
101682,SKU33971,大米,粮油调味,4,2026-08-04,18.83
101683,SKU78648,蛋挞皮,烘焙用品,1,2026-07-01,5.69
101683,SKU72165,鸭血,火锅食材,3,2026-07-01,54.86
101683,SKU75661,洗发水,日化清洁,2,2026-07-01,75.52
101683,SKU72763,淡奶油,烘焙用品,4,2026-07-01,78.95
101683,SKU37857,蘸料,火锅食材,5,2026-07-01,25.59
101683,SKU63834,酵母,烘焙用品,2,2026-07-01,79.45
101684,SKU61853,面粉,粮油调味,2,2026-05-09,14.58
101684,SKU55960,消毒液,日化清洁,4,2026-05-09,53.65
101685,SKU86463,牙膏,日化清洁,4,2026-07-26,50.66
101685,SKU20263,粉丝,火锅食材,3,2026-07-26,77.88
101685,SKU92360,糖粉,烘焙用品,3,2026-07-26,30.23
101685,SKU68111,拖把,日化清洁,2,2026-07-26,24.18
101686,SKU74900,牛奶,食品饮料,3,2026-05-28,21.58
101686,SKU10728,面包,食品饮料,2,2026-05-28,49.24
101686,SKU99027,鸡翅,肉禽蛋品,5,2026-05-28,58.82
101686,SKU51264,白菜,生鲜蔬果,5,2026-05-28,50.06
101687,SKU14264,白菜,生鲜蔬果,3,2026-04-21,45.66
101687,SKU59099,牛奶,食品饮料,4,2026-04-21,43.42
101687,SKU36046,糖粉,烘焙用品,2,2026-04-21,43.97
101687,SKU62810,沐浴露,日化清洁,5,2026-04-21,31.63
101688,SKU78794,酸奶,食品饮料,5,2026-04-06,32.24
101688,SKU46267,淡奶油,烘焙用品,1,2026-04-06,56.64
101689,SKU60636,洗衣液,日化清洁,1,2026-01-16,30.08
101689,SKU43759,纸巾,日化清洁,2,2026-01-16,16.6
101689,SKU16014,垃圾袋,日化清洁,1,2026-01-16,27.2
101689,SKU77702,薯片,食品饮料,2,2026-01-16,34.39
101690,SKU44927,芝士碎,烘焙用品,3,2026-04-28,52.87
101690,SKU14894,白糖,粮油调味,4,2026-04-28,69.51
101690,SKU27890,盐,粮油调味,2,2026-04-28,19.82
101690,SKU84760,果汁,食品饮料,4,2026-04-28,18.14
101690,SKU24609,蛋糕粉,烘焙用品,5,2026-04-28,39.54
101690,SKU17036,油纸,烘焙用品,3,2026-04-28,48.79
101691,SKU67175,牛肉,肉禽蛋品,2,2026-05-27,51.38
101691,SKU79903,土豆,生鲜蔬果,1,2026-05-27,40.19
101692,SKU70487,鸭蛋,肉禽蛋品,3,2026-02-22,48.58
101692,SKU71516,蛋糕粉,烘焙用品,4,2026-02-22,46.57
101692,SKU40940,矿泉水,食品饮料,2,2026-02-22,42.91
101692,SKU44548,粉丝,火锅食材,1,2026-02-22,35.89
101693,SKU55080,肥皂,日化清洁,3,2026-05-07,4.77
101693,SKU34343,饼干,食品饮料,2,2026-05-07,34.56
101693,SKU62885,火锅底料,火锅食材,4,2026-05-07,5.23
101693,SKU66716,豆腐,火锅食材,5,2026-05-07,39.22
101693,SKU21166,白糖,粮油调味,4,2026-05-07,7.66
101694,SKU84709,酱油,粮油调味,1,2026-09-22,69.43
101694,SKU74485,牛奶,食品饮料,1,2026-09-22,12.81
101694,SKU88410,黄油,烘焙用品,4,2026-09-22,22.52
101695,SKU75607,白糖,粮油调味,4,2026-09-10,34.66
101695,SKU76194,酸奶,食品饮料,4,2026-09-10,3.69
101696,SKU66009,黄油,烘焙用品,1,2026-01-16,71.26
101696,SKU14694,垃圾袋,日化清洁,3,2026-01-16,6.14
101697,SKU35726,洗发水,日化清洁,3,2026-08-17,42.45
101697,SKU77835,沐浴露,日化清洁,1,2026-08-17,20.56
101697,SKU66735,牙膏,日化清洁,3,2026-08-17,38.61
101697,SKU98918,矿泉水,食品饮料,3,2026-08-17,53.81
101697,SKU44382,糖粉,烘焙用品,1,2026-08-17,69.83
101697,SKU34209,豆腐,火锅食材,5,2026-08-17,12.96
101698,SKU61112,排骨,肉禽蛋品,2,2026-09-02,63.97
101698,SKU20840,香草精,烘焙用品,3,2026-09-02,21.92
101698,SKU78060,毛肚,火锅食材,4,2026-09-02,40.92
101699,SKU36201,方便面,食品饮料,5,2026-06-24,19.6
101699,SKU14413,饼干,食品饮料,2,2026-06-24,77.82
101699,SKU58725,香蕉,生鲜蔬果,4,2026-06-24,51.23
101699,SKU54863,洗衣液,日化清洁,4,2026-06-24,3.39
101700,SKU95062,排骨,肉禽蛋品,2,2026-03-14,18.92
101700,SKU89567,垃圾袋,日化清洁,1,2026-03-14,72.22
101701,SKU10421,牛奶,食品饮料,4,2026-07-13,30.15
101701,SKU88281,面包,食品饮料,2,2026-07-13,5.26
101701,SKU56297,面粉,粮油调味,5,2026-07-13,12.04
101701,SKU17880,酸奶,食品饮料,3,2026-07-13,64.99
101701,SKU37325,纸巾,日化清洁,2,2026-07-13,55.56
101702,SKU52776,苹果,生鲜蔬果,5,2026-03-01,78.18
101702,SKU26780,香蕉,生鲜蔬果,1,2026-03-01,4.69
101702,SKU79690,橙子,生鲜蔬果,2,2026-03-01,9.04
101702,SKU60398,料酒,粮油调味,2,2026-03-01,56.88
101702,SKU17270,牛肉,肉禽蛋品,5,2026-03-01,12.73
101703,SKU47733,牛奶,食品饮料,3,2026-05-17,25.89
101703,SKU77660,葡萄,生鲜蔬果,4,2026-05-17,19.75
101704,SKU52915,香草精,烘焙用品,3,2026-06-15,52.13
101704,SKU23759,白糖,粮油调味,2,2026-06-15,43.52
101704,SKU80226,豆腐,火锅食材,3,2026-06-15,69.07
101704,SKU98931,带鱼,肉禽蛋品,2,2026-06-15,40.42
101704,SKU28098,饼干,食品饮料,2,2026-06-15,61.88
101705,SKU99857,纸巾,日化清洁,3,2026-07-09,52.78
101705,SKU78937,鸡肉,肉禽蛋品,4,2026-07-09,62.6
101705,SKU54361,毛肚,火锅食材,1,2026-07-09,28.91
101705,SKU17030,洗发水,日化清洁,5,2026-07-09,6.16
101705,SKU65472,酱油,粮油调味,5,2026-07-09,12.54
101705,SKU49758,垃圾袋,日化清洁,5,2026-07-09,28.28
101706,SKU25090,鸡蛋,肉禽蛋品,5,2026-05-24,24.69
101706,SKU76901,洗发水,日化清洁,3,2026-05-24,59.76
101706,SKU43463,黄瓜,生鲜蔬果,5,2026-05-24,13.49
101706,SKU48073,果汁,食品饮料,3,2026-05-24,34.36
101706,SKU53573,鸭血,火锅食材,1,2026-05-24,21.27
101707,SKU20197,垃圾袋,日化清洁,3,2026-01-15,42.14
101707,SKU27577,沐浴露,日化清洁,1,2026-01-15,42.1
101707,SKU53219,纸巾,日化清洁,2,2026-01-15,37.39
101707,SKU69247,白糖,粮油调味,3,2026-01-15,37.42
101707,SKU45587,肥皂,日化清洁,4,2026-01-15,74.9
101708,SKU47808,可乐,食品饮料,5,2026-06-19,37.45
101708,SKU42547,排骨,肉禽蛋品,5,2026-06-19,65.54
101708,SKU90700,鸡翅,肉禽蛋品,4,2026-06-19,48.9
101708,SKU18142,料酒,粮油调味,1,2026-06-19,4.31
101709,SKU23831,大米,粮油调味,4,2026-05-28,72.02
101709,SKU35883,食用油,粮油调味,4,2026-05-28,35.83
101709,SKU65282,酱油,粮油调味,5,2026-05-28,29.25
101709,SKU53239,可乐,食品饮料,4,2026-05-28,12.04
101709,SKU55024,巧克力,食品饮料,3,2026-05-28,48.13
101709,SKU69035,酵母,烘焙用品,1,2026-05-28,74.62
101710,SKU30059,牛奶,食品饮料,2,2026-07-15,73.17
101710,SKU73265,面包,食品饮料,4,2026-07-15,14.36
101710,SKU18225,矿泉水,食品饮料,4,2026-07-15,30.75
101710,SKU24834,排骨,肉禽蛋品,3,2026-07-15,65.91
101711,SKU54091,牛奶,食品饮料,3,2026-04-09,76.95
101711,SKU47983,面包,食品饮料,5,2026-04-09,21.53
101711,SKU54067,洗发水,日化清洁,3,2026-04-09,30.38
101712,SKU96248,蛋挞皮,烘焙用品,2,2026-06-14,31.72
101712,SKU64344,料酒,粮油调味,4,2026-06-14,56.85
101713,SKU75895,苹果,生鲜蔬果,5,2026-07-17,10.06
101713,SKU16660,香蕉,生鲜蔬果,4,2026-07-17,61.45
101713,SKU72082,橙子,生鲜蔬果,3,2026-07-17,18.47
101713,SKU53205,西红柿,生鲜蔬果,1,2026-07-17,31.53
101713,SKU30797,矿泉水,食品饮料,4,2026-07-17,46.05
101714,SKU41794,辣椒酱,粮油调味,5,2026-02-21,55.49
101714,SKU65080,蚝油,粮油调味,1,2026-02-21,54.45
101714,SKU77849,蛋糕粉,烘焙用品,1,2026-02-21,43.31
101714,SKU94702,拖把,日化清洁,5,2026-02-21,45.07
101714,SKU14379,香蕉,生鲜蔬果,1,2026-02-21,78.42
101715,SKU63201,盐,粮油调味,2,2026-06-12,6.37
101715,SKU90096,猪肉,肉禽蛋品,3,2026-06-12,6.73
101715,SKU41111,牛肉,肉禽蛋品,2,2026-06-12,55.82
101715,SKU66810,鸡蛋,肉禽蛋品,2,2026-06-12,75.41
101715,SKU15579,肥皂,日化清洁,2,2026-06-12,41.48
101715,SKU97253,白糖,粮油调味,2,2026-06-12,73.04
101716,SKU68955,粉丝,火锅食材,5,2026-04-18,25.88
101716,SKU64029,面粉,粮油调味,5,2026-04-18,10.65
101716,SKU42566,生菜,生鲜蔬果,4,2026-04-18,36.29
101716,SKU27709,蘸料,火锅食材,3,2026-04-18,70.81
101716,SKU49187,料酒,粮油调味,1,2026-04-18,44.86
101717,SKU46450,西红柿,生鲜蔬果,4,2026-09-23,25.49
101717,SKU64136,鸡蛋,肉禽蛋品,2,2026-09-23,59.05
101717,SKU13930,黄瓜,生鲜蔬果,3,2026-09-23,24.16
101717,SKU83243,黄油,烘焙用品,3,2026-09-23,38.66
101718,SKU95354,羊肉卷,火锅食材,2,2026-04-25,37.06
101718,SKU99535,芝士碎,烘焙用品,3,2026-04-25,42.91
101718,SKU49629,淡奶油,烘焙用品,5,2026-04-25,39.53
101719,SKU43717,拖把,日化清洁,3,2026-05-20,74.78
101719,SKU38472,豆腐,火锅食材,4,2026-05-20,65.79
101719,SKU53903,香草精,烘焙用品,5,2026-05-20,50.48
101719,SKU52865,牛肉,肉禽蛋品,2,2026-05-20,10.07
101720,SKU86459,虾仁,肉禽蛋品,2,2026-06-26,51.25
101720,SKU84101,盐,粮油调味,1,2026-06-26,68.21
101720,SKU87221,薯片,食品饮料,4,2026-06-26,23.66
101720,SKU97513,黄瓜,生鲜蔬果,4,2026-06-26,33.07
101721,SKU29122,蘸料,火锅食材,2,2026-09-03,47.39
101721,SKU95187,酱油,粮油调味,2,2026-09-03,54.2
101722,SKU37235,排骨,肉禽蛋品,1,2026-03-09,20.44
101722,SKU83137,胡萝卜,生鲜蔬果,2,2026-03-09,40.42
101722,SKU60699,土豆,生鲜蔬果,3,2026-03-09,7.1
101722,SKU64221,酱油,粮油调味,1,2026-03-09,18.69
101723,SKU60468,洗洁精,日化清洁,3,2026-08-10,28.25
101723,SKU68897,羊肉卷,火锅食材,3,2026-08-10,55.04
101723,SKU97305,毛肚,火锅食材,4,2026-08-10,53.18
101723,SKU70342,酸奶,食品饮料,3,2026-08-10,66.58
101723,SKU98735,橙子,生鲜蔬果,5,2026-08-10,32.67
101723,SKU56210,方便面,食品饮料,1,2026-08-10,7.17
101724,SKU88860,蛋糕粉,烘焙用品,3,2026-06-03,52.21
101724,SKU64294,丸子,火锅食材,3,2026-06-03,19.54
101724,SKU14773,蛋挞皮,烘焙用品,2,2026-06-03,15.75
101725,SKU18054,可乐,食品饮料,3,2026-06-14,16.67
101725,SKU99784,薯片,食品饮料,3,2026-06-14,14.62
101725,SKU42775,饼干,食品饮料,5,2026-06-14,36.21
101725,SKU58320,醋,粮油调味,4,2026-06-14,58.08
101725,SKU52702,面包,食品饮料,2,2026-06-14,6.9
101726,SKU51497,豆腐,火锅食材,1,2026-02-21,21.13
101726,SKU81227,沐浴露,日化清洁,5,2026-02-21,27.6
101726,SKU34580,土豆,生鲜蔬果,1,2026-02-21,51.19
101726,SKU83748,洗发水,日化清洁,2,2026-02-21,67.14
101726,SKU72363,淡奶油,烘焙用品,5,2026-02-21,69.84
101726,SKU36845,肥皂,日化清洁,4,2026-02-21,34.63
101727,SKU76244,橙子,生鲜蔬果,1,2026-03-28,33.97
101727,SKU74364,薯片,食品饮料,5,2026-03-28,77.73
101727,SKU29805,鸡翅,肉禽蛋品,1,2026-03-28,5.94
101727,SKU79303,白糖,粮油调味,2,2026-03-28,49.44
101727,SKU95762,粉丝,火锅食材,3,2026-03-28,29.92
101727,SKU63271,鸡肉,肉禽蛋品,3,2026-03-28,47.69
101728,SKU66258,鸡翅,肉禽蛋品,3,2026-06-20,50.46
101728,SKU48001,火锅底料,火锅食材,1,2026-06-20,76.73
101728,SKU76034,土豆,生鲜蔬果,2,2026-06-20,27.37
101728,SKU10817,酱油,粮油调味,2,2026-06-20,6.45
101729,SKU30072,排骨,肉禽蛋品,1,2026-08-16,3.83
101729,SKU82058,蚝油,粮油调味,2,2026-08-16,11.37
101729,SKU54453,香蕉,生鲜蔬果,5,2026-08-16,38.09
101729,SKU24448,蛋挞皮,烘焙用品,2,2026-08-16,66.38
101730,SKU26549,蛋糕粉,烘焙用品,2,2026-05-15,9.37
101730,SKU21401,黄油,烘焙用品,4,2026-05-15,24.71
101730,SKU63901,淡奶油,烘焙用品,2,2026-05-15,34.86
101730,SKU15666,鸡蛋,肉禽蛋品,3,2026-05-15,33.66
101730,SKU62652,可乐,食品饮料,2,2026-05-15,20.07
101731,SKU53484,鸭血,火锅食材,3,2026-02-14,37.93
101731,SKU69887,土豆,生鲜蔬果,3,2026-02-14,14.53
101731,SKU98401,酵母,烘焙用品,2,2026-02-14,71.86
101731,SKU72006,虾仁,肉禽蛋品,2,2026-02-14,34.2
101732,SKU65871,鸭蛋,肉禽蛋品,5,2026-01-05,40.53
101732,SKU70602,西红柿,生鲜蔬果,5,2026-01-05,3.21
101732,SKU33308,纸巾,日化清洁,1,2026-01-05,62.49
101732,SKU21968,芝士碎,烘焙用品,1,2026-01-05,56.73
101733,SKU58572,盐,粮油调味,2,2026-07-15,4.29
101733,SKU86383,酱油,粮油调味,3,2026-07-15,43.79
101733,SKU64867,牛奶,食品饮料,3,2026-07-15,77.56
101733,SKU17348,垃圾袋,日化清洁,3,2026-07-15,39.43
101733,SKU34686,醋,粮油调味,4,2026-07-15,47.79
101733,SKU79207,辣椒酱,粮油调味,2,2026-07-15,69.27
101734,SKU92323,蛋糕粉,烘焙用品,5,2026-04-02,63.38
101734,SKU85174,黄油,烘焙用品,3,2026-04-02,59.92
101734,SKU14524,淡奶油,烘焙用品,1,2026-04-02,13.99
101734,SKU95517,鸡蛋,肉禽蛋品,3,2026-04-02,8.3
101734,SKU49948,方便面,食品饮料,1,2026-04-02,27.87
101735,SKU47281,大米,粮油调味,5,2026-09-17,20.04
101735,SKU42481,食用油,粮油调味,4,2026-09-17,62.65
101735,SKU36618,酱油,粮油调味,2,2026-09-17,78.5
101735,SKU73175,橙子,生鲜蔬果,2,2026-09-17,3.5
101736,SKU44543,排骨,肉禽蛋品,3,2026-06-23,12.2
101736,SKU68847,胡萝卜,生鲜蔬果,2,2026-06-23,37.71
101736,SKU29231,土豆,生鲜蔬果,1,2026-06-23,52.26
101736,SKU11405,橙子,生鲜蔬果,1,2026-06-23,63.54
101736,SKU24590,西红柿,生鲜蔬果,3,2026-06-23,36.94
101736,SKU91579,蔬菜拼盘,火锅食材,2,2026-06-23,29.26
101737,SKU80657,料酒,粮油调味,4,2026-03-18,52.43
101737,SKU24213,火锅底料,火锅食材,3,2026-03-18,32.31
101737,SKU68254,牛肉,肉禽蛋品,4,2026-03-18,32.15
101738,SKU19068,火锅底料,火锅食材,1,2026-06-02,61.79
101738,SKU57590,丸子,火锅食材,1,2026-06-02,55.79
101738,SKU59600,肥牛卷,火锅食材,5,2026-06-02,9.47
101738,SKU34799,牛奶,食品饮料,5,2026-06-02,62.22
101739,SKU43777,料酒,粮油调味,5,2026-04-23,49.37
101739,SKU55925,消毒液,日化清洁,3,2026-04-23,6.32
101739,SKU56523,可乐,食品饮料,3,2026-04-23,74.46
101739,SKU53784,羊肉卷,火锅食材,2,2026-04-23,78.39
101739,SKU58314,白菜,生鲜蔬果,5,2026-04-23,18.6
101740,SKU94938,肥皂,日化清洁,1,2026-08-01,39.11
101740,SKU95531,西红柿,生鲜蔬果,3,2026-08-01,35.75
101740,SKU86148,方便面,食品饮料,2,2026-08-01,37.66
101740,SKU26865,蛋糕粉,烘焙用品,2,2026-08-01,34.62
101740,SKU18500,酱油,粮油调味,4,2026-08-01,63.65
101741,SKU38872,排骨,肉禽蛋品,5,2026-02-18,71.23
101741,SKU87022,白菜,生鲜蔬果,4,2026-02-18,67.56
101742,SKU35730,苹果,生鲜蔬果,4,2026-02-19,6.77
101742,SKU63243,香蕉,生鲜蔬果,2,2026-02-19,41.47
101742,SKU55183,橙子,生鲜蔬果,2,2026-02-19,43.61
101742,SKU74349,生菜,生鲜蔬果,5,2026-02-19,38.56
101743,SKU23180,西红柿,生鲜蔬果,5,2026-08-26,12.97
101743,SKU65941,鸡蛋,肉禽蛋品,1,2026-08-26,46.36
101743,SKU50096,黄瓜,生鲜蔬果,5,2026-08-26,72.97
101743,SKU74337,油纸,烘焙用品,4,2026-08-26,5.17
101743,SKU51672,三文鱼,肉禽蛋品,4,2026-08-26,18.58
101743,SKU83784,拖把,日化清洁,5,2026-08-26,30.88
101744,SKU41478,苹果,生鲜蔬果,2,2026-02-19,31.37
101744,SKU96887,纸巾,日化清洁,5,2026-02-19,74.9
101744,SKU79552,排骨,肉禽蛋品,4,2026-02-19,64.38
101745,SKU78805,排骨,肉禽蛋品,4,2026-03-12,60.52
101745,SKU34790,胡萝卜,生鲜蔬果,4,2026-03-12,52.2
101745,SKU82220,土豆,生鲜蔬果,3,2026-03-12,44.68
101745,SKU74233,鸡蛋,肉禽蛋品,2,2026-03-12,59.27
101745,SKU68887,蛋挞皮,烘焙用品,4,2026-03-12,23.18
101746,SKU58869,肥皂,日化清洁,2,2026-05-16,44.35
101746,SKU87365,牙膏,日化清洁,4,2026-05-16,49.54
101746,SKU33257,巧克力,食品饮料,4,2026-05-16,60.88
101747,SKU65808,盐,粮油调味,4,2026-06-05,71.69
101747,SKU60007,葡萄,生鲜蔬果,5,2026-06-05,12.48
101748,SKU42154,酵母,烘焙用品,2,2026-08-04,51.29
101748,SKU38409,醋,粮油调味,5,2026-08-04,39.84
101748,SKU61552,白糖,粮油调味,1,2026-08-04,27.71
101748,SKU72579,肥皂,日化清洁,5,2026-08-04,13.21
101748,SKU53178,牛奶,食品饮料,3,2026-08-04,20.87
101748,SKU32500,苹果,生鲜蔬果,3,2026-08-04,16.7
101749,SKU83207,肥牛卷,火锅食材,1,2026-01-05,11.76
101749,SKU97091,面包,食品饮料,2,2026-01-05,34.05
101749,SKU58285,丸子,火锅食材,5,2026-01-05,18.17
101749,SKU84787,毛肚,火锅食材,1,2026-01-05,37.81
101750,SKU76936,苹果,生鲜蔬果,4,2026-03-26,52.65
101750,SKU11058,香蕉,生鲜蔬果,4,2026-03-26,28.84
101750,SKU46294,橙子,生鲜蔬果,2,2026-03-26,46.71
101750,SKU94432,猪肉,肉禽蛋品,4,2026-03-26,31.76
101751,SKU19720,排骨,肉禽蛋品,4,2026-01-11,26.15
101751,SKU37745,胡萝卜,生鲜蔬果,2,2026-01-11,54.54
101751,SKU37052,土豆,生鲜蔬果,3,2026-01-11,52.34
101751,SKU20025,羊肉卷,火锅食材,3,2026-01-11,22.07
101751,SKU74874,丸子,火锅食材,1,2026-01-11,56.12
101751,SKU87019,猪肉,肉禽蛋品,3,2026-01-11,5.44
101752,SKU58910,苹果,生鲜蔬果,2,2026-03-15,32.3
101752,SKU64749,香蕉,生鲜蔬果,4,2026-03-15,52.56
101752,SKU43630,橙子,生鲜蔬果,2,2026-03-15,70.92
101752,SKU23162,鸭血,火锅食材,2,2026-03-15,18.36
101753,SKU12172,排骨,肉禽蛋品,5,2026-07-18,27.29
101753,SKU45687,胡萝卜,生鲜蔬果,4,2026-07-18,47.09
101753,SKU85918,土豆,生鲜蔬果,2,2026-07-18,62.6
101753,SKU23913,粉丝,火锅食材,3,2026-07-18,23.48
101754,SKU87726,矿泉水,食品饮料,4,2026-01-26,63.02
101754,SKU35290,虾仁,肉禽蛋品,4,2026-01-26,23.05
101755,SKU76182,鸭蛋,肉禽蛋品,5,2026-06-09,64.58
101755,SKU90603,西红柿,生鲜蔬果,5,2026-06-09,70.55
101755,SKU91585,鸡蛋,肉禽蛋品,4,2026-06-09,50.07
101756,SKU20166,酸奶,食品饮料,5,2026-02-07,71.36
101756,SKU75468,肥皂,日化清洁,1,2026-02-07,9.86
101756,SKU49264,香草精,烘焙用品,1,2026-02-07,68.84
101756,SKU16974,洗洁精,日化清洁,4,2026-02-07,31.45
101756,SKU64006,白糖,粮油调味,1,2026-02-07,70.04
101756,SKU31151,巧克力,食品饮料,3,2026-02-07,67.8
101757,SKU33313,大米,粮油调味,2,2026-07-06,3.25
101757,SKU54785,食用油,粮油调味,1,2026-07-06,66.95
101757,SKU91655,酱油,粮油调味,3,2026-07-06,64.06
101757,SKU42762,可乐,食品饮料,2,2026-07-06,14.09
101757,SKU74250,酵母,烘焙用品,5,2026-07-06,24.91
101758,SKU43972,辣椒酱,粮油调味,5,2026-02-25,74.3
101758,SKU96768,薯片,食品饮料,4,2026-02-25,55.76
101758,SKU42746,拖把,日化清洁,1,2026-02-25,35.12
101758,SKU20091,葡萄,生鲜蔬果,5,2026-02-25,43.46
101759,SKU92890,鸡蛋,肉禽蛋品,2,2026-01-15,8.74
101759,SKU10059,蛋糕粉,烘焙用品,1,2026-01-15,60.0
101759,SKU92982,醋,粮油调味,2,2026-01-15,15.74
101759,SKU62344,洗发水,日化清洁,1,2026-01-15,40.55
101760,SKU98357,洗发水,日化清洁,1,2026-02-13,17.76
101760,SKU57140,芝士碎,烘焙用品,2,2026-02-13,36.48
101760,SKU54635,面包,食品饮料,1,2026-02-13,13.82
101760,SKU18826,猪肉,肉禽蛋品,5,2026-02-13,64.61
101760,SKU51876,牙膏,日化清洁,3,2026-02-13,72.67
101760,SKU94776,饼干,食品饮料,5,2026-02-13,11.98
101761,SKU49848,排骨,肉禽蛋品,2,2026-02-22,59.8
101761,SKU21225,胡萝卜,生鲜蔬果,5,2026-02-22,16.73
101761,SKU94295,土豆,生鲜蔬果,5,2026-02-22,69.43
101761,SKU30975,面粉,粮油调味,1,2026-02-22,53.08
101761,SKU89639,葡萄,生鲜蔬果,5,2026-02-22,47.88
101761,SKU48036,牙膏,日化清洁,3,2026-02-22,41.79
101762,SKU62005,火锅底料,火锅食材,3,2026-02-10,56.39
101762,SKU86085,丸子,火锅食材,5,2026-02-10,47.74
101762,SKU32073,肥牛卷,火锅食材,1,2026-02-10,24.91
101762,SKU10749,鸭血,火锅食材,4,2026-02-10,27.75
101763,SKU29942,牛奶,食品饮料,3,2026-02-27,71.53
101763,SKU76334,面包,食品饮料,1,2026-02-27,50.68
101763,SKU67126,香草精,烘焙用品,3,2026-02-27,57.04
101764,SKU34460,黄油,烘焙用品,5,2026-09-17,14.31
101764,SKU96779,垃圾袋,日化清洁,5,2026-09-17,12.6
101764,SKU97559,矿泉水,食品饮料,4,2026-09-17,38.19
101764,SKU23340,蔬菜拼盘,火锅食材,3,2026-09-17,76.11
101764,SKU45797,胡萝卜,生鲜蔬果,4,2026-09-17,27.04
101765,SKU77814,蛋糕粉,烘焙用品,1,2026-02-11,17.68
101765,SKU38538,黄油,烘焙用品,3,2026-02-11,70.97
101765,SKU79942,淡奶油,烘焙用品,1,2026-02-11,30.67
101765,SKU40909,鸡蛋,肉禽蛋品,2,2026-02-11,71.32
101765,SKU42860,鸭蛋,肉禽蛋品,3,2026-02-11,17.09
101765,SKU29339,白菜,生鲜蔬果,1,2026-02-11,59.0
101765,SKU61519,鸡肉,肉禽蛋品,3,2026-02-11,33.38
101766,SKU43179,洗衣液,日化清洁,2,2026-08-27,27.11
101766,SKU65562,纸巾,日化清洁,2,2026-08-27,21.61
101766,SKU68744,垃圾袋,日化清洁,4,2026-08-27,64.59
101766,SKU50755,黄瓜,生鲜蔬果,4,2026-08-27,32.63
101767,SKU49634,蘸料,火锅食材,4,2026-03-20,73.07
101767,SKU75432,羊肉卷,火锅食材,1,2026-03-20,77.79
101767,SKU19835,蛋挞皮,烘焙用品,4,2026-03-20,69.47
101768,SKU14691,果汁,食品饮料,2,2026-01-15,67.11
101768,SKU12447,橙子,生鲜蔬果,3,2026-01-15,68.79
101768,SKU74624,土豆,生鲜蔬果,5,2026-01-15,58.03
101769,SKU18484,沐浴露,日化清洁,4,2026-03-10,29.67
101769,SKU97349,薯片,食品饮料,4,2026-03-10,60.36
101769,SKU37180,酱油,粮油调味,5,2026-03-10,48.63
101770,SKU77015,辣椒酱,粮油调味,5,2026-03-16,16.03
101770,SKU59981,洗衣液,日化清洁,5,2026-03-16,17.69
101770,SKU92124,酱油,粮油调味,2,2026-03-16,77.71
101770,SKU70217,蚝油,粮油调味,2,2026-03-16,62.83
101770,SKU77629,鸡蛋,肉禽蛋品,5,2026-03-16,53.12
101771,SKU69848,薯片,食品饮料,2,2026-01-16,30.13
101771,SKU90503,酱油,粮油调味,2,2026-01-16,9.09
101772,SKU50954,火锅底料,火锅食材,2,2026-06-19,27.54
101772,SKU55374,丸子,火锅食材,4,2026-06-19,58.43
101772,SKU95910,肥牛卷,火锅食材,1,2026-06-19,65.76
101772,SKU59146,蛋挞皮,烘焙用品,1,2026-06-19,41.16
101772,SKU82296,酱油,粮油调味,1,2026-06-19,58.69
101772,SKU96326,猪肉,肉禽蛋品,3,2026-06-19,46.61
101773,SKU11505,消毒液,日化清洁,2,2026-07-07,45.11
101773,SKU56976,毛肚,火锅食材,3,2026-07-07,73.22
101773,SKU43712,酵母,烘焙用品,1,2026-07-07,50.04
101773,SKU57054,鸡翅,肉禽蛋品,5,2026-07-07,24.52
101773,SKU31349,胡萝卜,生鲜蔬果,3,2026-07-07,60.62
101774,SKU90259,火锅底料,火锅食材,1,2026-06-19,60.17
101774,SKU22617,丸子,火锅食材,1,2026-06-19,30.03
101774,SKU96435,肥牛卷,火锅食材,5,2026-06-19,34.84
101774,SKU23041,醋,粮油调味,3,2026-06-19,11.45
101775,SKU56593,洗发水,日化清洁,2,2026-01-20,33.95
101775,SKU53932,鸡蛋,肉禽蛋品,5,2026-01-20,3.76
101775,SKU74387,辣椒酱,粮油调味,1,2026-01-20,22.39
101775,SKU28659,蛋挞皮,烘焙用品,2,2026-01-20,41.24
101776,SKU36046,可乐,食品饮料,1,2026-03-08,79.46
101776,SKU81433,薯片,食品饮料,2,2026-03-08,19.67
101776,SKU20509,饼干,食品饮料,1,2026-03-08,13.77
101776,SKU78986,肥牛卷,火锅食材,4,2026-03-08,7.86
101776,SKU84737,毛肚,火锅食材,5,2026-03-08,53.35
101776,SKU50266,油纸,烘焙用品,2,2026-03-08,30.2
101777,SKU86197,三文鱼,肉禽蛋品,4,2026-08-24,60.69
101777,SKU75279,排骨,肉禽蛋品,4,2026-08-24,21.8
101777,SKU50083,胡萝卜,生鲜蔬果,2,2026-08-24,8.42
101777,SKU36980,大米,粮油调味,5,2026-08-24,67.78
101778,SKU86213,毛肚,火锅食材,3,2026-04-04,63.17
101778,SKU13453,黄油,烘焙用品,3,2026-04-04,54.85
101778,SKU79802,大米,粮油调味,1,2026-04-04,21.09
101778,SKU12452,牛奶,食品饮料,1,2026-04-04,42.23
101778,SKU49038,橙子,生鲜蔬果,2,2026-04-04,57.28
101778,SKU22147,芝士碎,烘焙用品,5,2026-04-04,76.29
101779,SKU13111,洗发水,日化清洁,1,2026-01-02,57.39
101779,SKU15969,沐浴露,日化清洁,5,2026-01-02,9.72
101779,SKU65398,牙膏,日化清洁,2,2026-01-02,42.87
101779,SKU82109,矿泉水,食品饮料,1,2026-01-02,35.7
101780,SKU72684,酱油,粮油调味,5,2026-08-18,49.71
101780,SKU26824,生菜,生鲜蔬果,1,2026-08-18,19.14
101780,SKU94440,可乐,食品饮料,1,2026-08-18,24.57
101781,SKU57346,白糖,粮油调味,1,2026-05-22,6.34
101781,SKU12727,巧克力,食品饮料,1,2026-05-22,70.05
101781,SKU10254,鸡翅,肉禽蛋品,3,2026-05-22,67.95
101782,SKU53772,盐,粮油调味,2,2026-02-01,28.89
101782,SKU27453,排骨,肉禽蛋品,4,2026-02-01,46.98
101783,SKU70850,鸡翅,肉禽蛋品,4,2026-01-24,61.14
101783,SKU74110,辣椒酱,粮油调味,2,2026-01-24,53.58
101783,SKU20060,纸巾,日化清洁,4,2026-01-24,64.21
101784,SKU38539,羊肉卷,火锅食材,3,2026-09-26,69.59
101784,SKU96020,模具,烘焙用品,5,2026-09-26,39.99
101784,SKU37929,肥牛卷,火锅食材,1,2026-09-26,12.92
101784,SKU79865,蛋挞皮,烘焙用品,5,2026-09-26,44.35
101784,SKU69830,火锅底料,火锅食材,5,2026-09-26,20.19
101784,SKU76411,糖粉,烘焙用品,2,2026-09-26,6.21
101785,SKU75705,大米,粮油调味,3,2026-08-08,29.3
101785,SKU21074,食用油,粮油调味,4,2026-08-08,74.56
101785,SKU39274,酱油,粮油调味,4,2026-08-08,66.78
101785,SKU82813,面包,食品饮料,3,2026-08-08,11.74
101786,SKU76846,黄油,烘焙用品,4,2026-01-16,64.97
101786,SKU84544,巧克力,食品饮料,3,2026-01-16,50.73
101786,SKU80691,香蕉,生鲜蔬果,1,2026-01-16,62.08
101786,SKU61288,酸奶,食品饮料,3,2026-01-16,21.36
101786,SKU46559,鸡蛋,肉禽蛋品,2,2026-01-16,5.54
101786,SKU40872,沐浴露,日化清洁,3,2026-01-16,49.27
101787,SKU51158,苹果,生鲜蔬果,4,2026-03-15,20.55
101787,SKU11105,香蕉,生鲜蔬果,4,2026-03-15,72.02
101787,SKU71375,橙子,生鲜蔬果,2,2026-03-15,78.24
101787,SKU35849,面包,食品饮料,1,2026-03-15,62.12
101787,SKU46582,白菜,生鲜蔬果,4,2026-03-15,46.04
101788,SKU14720,纸巾,日化清洁,3,2026-03-02,23.56
101788,SKU77652,沐浴露,日化清洁,4,2026-03-02,61.43
101788,SKU69773,洗发水,日化清洁,5,2026-03-02,55.17
101788,SKU75973,蚝油,粮油调味,4,2026-03-02,56.79
101789,SKU11199,面粉,粮油调味,2,2026-09-18,55.29
101789,SKU91074,三文鱼,肉禽蛋品,3,2026-09-18,4.67
101789,SKU18919,鸡蛋,肉禽蛋品,3,2026-09-18,41.08
101789,SKU48672,苹果,生鲜蔬果,1,2026-09-18,63.24
101789,SKU68142,粉丝,火锅食材,4,2026-09-18,11.14
101789,SKU80440,模具,烘焙用品,3,2026-09-18,54.49
101790,SKU64845,牛奶,食品饮料,4,2026-01-09,9.3
101790,SKU29521,面包,食品饮料,3,2026-01-09,76.23
101790,SKU48318,巧克力,食品饮料,4,2026-01-09,12.71
101790,SKU75216,蛋挞皮,烘焙用品,3,2026-01-09,66.43
101790,SKU83787,淡奶油,烘焙用品,1,2026-01-09,56.57
101791,SKU11806,土豆,生鲜蔬果,5,2026-09-14,38.67
101791,SKU52768,排骨,肉禽蛋品,2,2026-09-14,21.65
101792,SKU50364,西红柿,生鲜蔬果,4,2026-08-25,21.81
101792,SKU79482,鸡蛋,肉禽蛋品,4,2026-08-25,53.77
101792,SKU73292,黄瓜,生鲜蔬果,5,2026-08-25,79.37
101792,SKU99039,果汁,食品饮料,3,2026-08-25,49.26
101792,SKU93766,蚝油,粮油调味,1,2026-08-25,61.12
101792,SKU39829,白菜,生鲜蔬果,1,2026-08-25,23.08
101793,SKU47029,毛肚,火锅食材,3,2026-09-04,38.97
101793,SKU99140,虾仁,肉禽蛋品,5,2026-09-04,12.33
101793,SKU77063,方便面,食品饮料,2,2026-09-04,7.56
101793,SKU47802,黄油,烘焙用品,4,2026-09-04,62.12
101793,SKU20975,大米,粮油调味,2,2026-09-04,13.46
101794,SKU20574,鸡肉,肉禽蛋品,4,2026-05-12,31.27
101794,SKU42208,鸭血,火锅食材,4,2026-05-12,7.38
101794,SKU70331,排骨,肉禽蛋品,3,2026-05-12,21.64
101794,SKU30258,面粉,粮油调味,3,2026-05-12,18.23
101795,SKU95118,果汁,食品饮料,2,2026-06-13,27.27
101795,SKU19573,白菜,生鲜蔬果,2,2026-06-13,18.82
101795,SKU93491,牙膏,日化清洁,3,2026-06-13,22.85
101795,SKU13541,白糖,粮油调味,1,2026-06-13,11.74
101795,SKU11517,消毒液,日化清洁,2,2026-06-13,5.14
101796,SKU33138,可乐,食品饮料,3,2026-08-04,70.08
101796,SKU50539,薯片,食品饮料,1,2026-08-04,78.29
101796,SKU65552,饼干,食品饮料,3,2026-08-04,15.62
101796,SKU42026,白糖,粮油调味,4,2026-08-04,53.36
101796,SKU83470,橙子,生鲜蔬果,3,2026-08-04,65.86
101796,SKU51413,苹果,生鲜蔬果,3,2026-08-04,54.57
101797,SKU90099,可乐,食品饮料,5,2026-07-04,46.96
101797,SKU28568,薯片,食品饮料,3,2026-07-04,23.8
101797,SKU21176,饼干,食品饮料,4,2026-07-04,63.99
101797,SKU53181,洗衣液,日化清洁,5,2026-07-04,24.19
101798,SKU91902,蘸料,火锅食材,2,2026-06-07,58.43
101798,SKU23954,带鱼,肉禽蛋品,3,2026-06-07,7.62
101798,SKU86091,黄油,烘焙用品,3,2026-06-07,68.57
101798,SKU33982,豆腐,火锅食材,3,2026-06-07,77.5
101799,SKU37034,洗发水,日化清洁,5,2026-04-05,7.31
101799,SKU32465,沐浴露,日化清洁,3,2026-04-05,70.44
101799,SKU54048,牙膏,日化清洁,5,2026-04-05,42.88
101799,SKU74990,辣椒酱,粮油调味,1,2026-04-05,74.31
101800,SKU46765,牛肉,肉禽蛋品,2,2026-06-02,30.58
101800,SKU73232,香草精,烘焙用品,4,2026-06-02,40.91
101800,SKU45844,料酒,粮油调味,3,2026-06-02,24.97
101800,SKU86978,垃圾袋,日化清洁,5,2026-06-02,33.07
101800,SKU65985,方便面,食品饮料,2,2026-06-02,5.61
101800,SKU16397,果汁,食品饮料,3,2026-06-02,65.12
101801,SKU98027,洗发水,日化清洁,5,2026-07-01,36.45
101801,SKU57842,沐浴露,日化清洁,4,2026-07-01,31.04
101801,SKU87816,牙膏,日化清洁,2,2026-07-01,41.26
101801,SKU83724,三文鱼,肉禽蛋品,2,2026-07-01,63.46
101801,SKU48044,拖把,日化清洁,3,2026-07-01,72.55
101801,SKU23195,矿泉水,食品饮料,4,2026-07-01,4.59
101802,SKU43198,西红柿,生鲜蔬果,2,2026-03-04,69.2
101802,SKU89043,鸡蛋,肉禽蛋品,3,2026-03-04,59.3
101802,SKU66903,黄瓜,生鲜蔬果,4,2026-03-04,6.35
101802,SKU90543,油纸,烘焙用品,1,2026-03-04,47.16
101803,SKU57260,油纸,烘焙用品,4,2026-04-05,76.32
101803,SKU48882,白菜,生鲜蔬果,1,2026-04-05,57.41
101803,SKU61674,糖粉,烘焙用品,2,2026-04-05,12.58
101803,SKU58723,虾仁,肉禽蛋品,1,2026-04-05,19.76
101804,SKU56856,矿泉水,食品饮料,4,2026-01-21,45.87
101804,SKU41823,酸奶,食品饮料,2,2026-01-21,55.8
101804,SKU75454,鸭血,火锅食材,4,2026-01-21,9.99
101804,SKU84699,方便面,食品饮料,5,2026-01-21,73.1
101804,SKU54056,饼干,食品饮料,4,2026-01-21,58.89
101804,SKU56444,带鱼,肉禽蛋品,3,2026-01-21,49.55
101805,SKU96343,鸭蛋,肉禽蛋品,3,2026-06-27,55.44
101805,SKU23955,食用油,粮油调味,2,2026-06-27,36.84
101805,SKU29014,香草精,烘焙用品,5,2026-06-27,20.6
101805,SKU31155,醋,粮油调味,3,2026-06-27,72.47
101805,SKU37350,鸡蛋,肉禽蛋品,2,2026-06-27,49.18
101805,SKU26953,羊肉卷,火锅食材,4,2026-06-27,69.41
101806,SKU61044,可乐,食品饮料,1,2026-08-13,24.42
101806,SKU23015,薯片,食品饮料,3,2026-08-13,54.11
101806,SKU59515,饼干,食品饮料,1,2026-08-13,15.58
101806,SKU26091,白菜,生鲜蔬果,2,2026-08-13,41.86
101807,SKU95177,蛋糕粉,烘焙用品,1,2026-01-12,39.72
101807,SKU54369,黄油,烘焙用品,3,2026-01-12,55.3
101807,SKU78929,淡奶油,烘焙用品,5,2026-01-12,30.45
101807,SKU65050,鸡蛋,肉禽蛋品,2,2026-01-12,37.06
101807,SKU45770,鸡翅,肉禽蛋品,4,2026-01-12,40.08
101807,SKU37550,蘸料,火锅食材,2,2026-01-12,18.88
101807,SKU38445,大米,粮油调味,3,2026-01-12,56.84
101808,SKU85820,醋,粮油调味,5,2026-04-27,35.2
101808,SKU55182,三文鱼,肉禽蛋品,2,2026-04-27,9.15
101808,SKU28081,糖粉,烘焙用品,1,2026-04-27,6.16
101808,SKU67805,粉丝,火锅食材,4,2026-04-27,3.11
101808,SKU35389,料酒,粮油调味,2,2026-04-27,8.21
101809,SKU24601,消毒液,日化清洁,3,2026-05-23,39.68
101809,SKU10563,洗发水,日化清洁,1,2026-05-23,30.42
101809,SKU35499,料酒,粮油调味,5,2026-05-23,46.72
101809,SKU39095,羊肉卷,火锅食材,1,2026-05-23,45.82
101809,SKU84494,生菜,生鲜蔬果,1,2026-05-23,54.23
101809,SKU91618,垃圾袋,日化清洁,3,2026-05-23,6.98
101810,SKU35266,排骨,肉禽蛋品,2,2026-04-27,50.15
101810,SKU50808,胡萝卜,生鲜蔬果,3,2026-04-27,75.48
101810,SKU30959,土豆,生鲜蔬果,5,2026-04-27,29.17
101810,SKU58905,鸡蛋,肉禽蛋品,4,2026-04-27,54.58
101811,SKU13606,洗发水,日化清洁,4,2026-01-17,14.61
101811,SKU72598,沐浴露,日化清洁,5,2026-01-17,53.45
101811,SKU25890,牙膏,日化清洁,1,2026-01-17,70.1
101811,SKU46605,土豆,生鲜蔬果,5,2026-01-17,47.99
101811,SKU88146,西红柿,生鲜蔬果,3,2026-01-17,16.86
101811,SKU14954,葡萄,生鲜蔬果,3,2026-01-17,46.91
101812,SKU68389,大米,粮油调味,1,2026-03-08,38.44
101812,SKU31934,食用油,粮油调味,5,2026-03-08,5.28
101812,SKU82194,酱油,粮油调味,2,2026-03-08,4.06
101812,SKU66878,粉丝,火锅食材,5,2026-03-08,44.46
101812,SKU47094,油纸,烘焙用品,1,2026-03-08,71.22
101812,SKU11544,沐浴露,日化清洁,1,2026-03-08,38.79
101813,SKU91955,蚝油,粮油调味,1,2026-03-26,37.17
101813,SKU95147,白菜,生鲜蔬果,5,2026-03-26,35.59
101814,SKU48885,洗洁精,日化清洁,3,2026-06-17,28.81
101814,SKU67375,洗发水,日化清洁,5,2026-06-17,66.82
101814,SKU61226,蔬菜拼盘,火锅食材,2,2026-06-17,72.4
101814,SKU98756,西红柿,生鲜蔬果,4,2026-06-17,50.9
101814,SKU33328,鸡肉,肉禽蛋品,4,2026-06-17,12.85
101815,SKU27607,蔬菜拼盘,火锅食材,3,2026-09-14,62.07
101815,SKU39617,排骨,肉禽蛋品,1,2026-09-14,26.75
101816,SKU60602,香蕉,生鲜蔬果,1,2026-09-09,40.5
101816,SKU48783,方便面,食品饮料,3,2026-09-09,54.0
101816,SKU85234,黄油,烘焙用品,5,2026-09-09,69.98
101816,SKU59500,虾仁,肉禽蛋品,3,2026-09-09,11.21
101817,SKU19879,酵母,烘焙用品,4,2026-08-09,23.85
101817,SKU94623,鸭血,火锅食材,1,2026-08-09,7.2
101817,SKU29822,垃圾袋,日化清洁,4,2026-08-09,38.25
101817,SKU22012,蘸料,火锅食材,4,2026-08-09,25.31
101817,SKU40952,洗衣液,日化清洁,5,2026-08-09,37.47
101818,SKU46534,料酒,粮油调味,1,2026-08-18,77.46
101818,SKU24354,模具,烘焙用品,5,2026-08-18,19.38
101818,SKU56710,火锅底料,火锅食材,4,2026-08-18,60.02
101818,SKU29296,橙子,生鲜蔬果,5,2026-08-18,43.16
101819,SKU92348,蔬菜拼盘,火锅食材,3,2026-05-08,6.02
101819,SKU55162,黄瓜,生鲜蔬果,5,2026-05-08,18.47
101819,SKU68596,饼干,食品饮料,1,2026-05-08,64.74
101819,SKU86009,糖粉,烘焙用品,3,2026-05-08,33.33
101819,SKU87265,西红柿,生鲜蔬果,2,2026-05-08,78.9
101820,SKU25441,洗衣液,日化清洁,3,2026-03-25,62.78
101820,SKU73408,纸巾,日化清洁,2,2026-03-25,31.04
101820,SKU30224,垃圾袋,日化清洁,2,2026-03-25,79.15
101820,SKU82426,大米,粮油调味,2,2026-03-25,3.37
101820,SKU76315,火锅底料,火锅食材,3,2026-03-25,38.25
101820,SKU86936,白糖,粮油调味,5,2026-03-25,29.87
101821,SKU10905,西红柿,生鲜蔬果,4,2026-02-12,32.31
101821,SKU10110,鸡蛋,肉禽蛋品,5,2026-02-12,44.55
101821,SKU80476,黄瓜,生鲜蔬果,3,2026-02-12,73.6
101821,SKU89396,洗发水,日化清洁,2,2026-02-12,34.36
101822,SKU42229,盐,粮油调味,1,2026-01-23,66.23
101822,SKU34778,饼干,食品饮料,4,2026-01-23,29.06
101823,SKU13262,蘸料,火锅食材,1,2026-03-19,35.82
101823,SKU59457,饼干,食品饮料,4,2026-03-19,23.97
101823,SKU41406,糖粉,烘焙用品,1,2026-03-19,67.03
101823,SKU14113,白菜,生鲜蔬果,2,2026-03-19,70.13
101823,SKU87496,羊肉卷,火锅食材,1,2026-03-19,63.36
101824,SKU93483,巧克力,食品饮料,1,2026-02-24,53.84
101824,SKU70087,可乐,食品饮料,4,2026-02-24,21.35
101824,SKU20398,盐,粮油调味,4,2026-02-24,17.36
101824,SKU74198,拖把,日化清洁,3,2026-02-24,71.69
101824,SKU52602,糖粉,烘焙用品,3,2026-02-24,67.1
101825,SKU50318,蛋挞皮,烘焙用品,5,2026-05-12,58.78
101825,SKU74098,排骨,肉禽蛋品,1,2026-05-12,24.1
101825,SKU40653,豆腐,火锅食材,5,2026-05-12,30.84
101825,SKU89214,带鱼,肉禽蛋品,1,2026-05-12,22.3
101825,SKU32691,果汁,食品饮料,5,2026-05-12,41.54
101826,SKU78701,食用油,粮油调味,5,2026-07-07,69.95
101826,SKU83818,猪肉,肉禽蛋品,2,2026-07-07,12.45
101826,SKU26111,大米,粮油调味,1,2026-07-07,4.1
101826,SKU28168,三文鱼,肉禽蛋品,2,2026-07-07,69.31
101826,SKU45796,白糖,粮油调味,1,2026-07-07,25.29
101826,SKU56020,蚝油,粮油调味,5,2026-07-07,22.91
101827,SKU48889,胡萝卜,生鲜蔬果,4,2026-07-15,33.08
101827,SKU87214,垃圾袋,日化清洁,3,2026-07-15,35.16
101827,SKU22940,饼干,食品饮料,2,2026-07-15,47.41
101827,SKU50647,鸭蛋,肉禽蛋品,4,2026-07-15,55.79
101827,SKU62516,油纸,烘焙用品,3,2026-07-15,36.89
101828,SKU73000,黄油,烘焙用品,4,2026-08-26,69.32
101828,SKU56240,肥皂,日化清洁,4,2026-08-26,6.61
101828,SKU97977,火锅底料,火锅食材,2,2026-08-26,3.65
101828,SKU28307,芝士碎,烘焙用品,3,2026-08-26,68.44
101828,SKU53192,拖把,日化清洁,5,2026-08-26,36.56
101829,SKU78079,大米,粮油调味,5,2026-06-06,50.99
101829,SKU87763,食用油,粮油调味,4,2026-06-06,43.75
101829,SKU28820,酱油,粮油调味,5,2026-06-06,41.6
101829,SKU46159,可乐,食品饮料,4,2026-06-06,30.77
101830,SKU80282,火锅底料,火锅食材,5,2026-03-06,16.1
101830,SKU40429,丸子,火锅食材,4,2026-03-06,63.34
101830,SKU99859,肥牛卷,火锅食材,5,2026-03-06,36.25
101830,SKU59794,垃圾袋,日化清洁,3,2026-03-06,5.67
101830,SKU64379,香蕉,生鲜蔬果,4,2026-03-06,13.76
101830,SKU14905,酵母,烘焙用品,4,2026-03-06,18.57
101831,SKU81301,面包,食品饮料,1,2026-04-06,17.94
101831,SKU41334,酸奶,食品饮料,2,2026-04-06,79.99
101832,SKU12811,火锅底料,火锅食材,5,2026-04-27,23.24
101832,SKU75767,丸子,火锅食材,4,2026-04-27,30.23
101832,SKU78559,肥牛卷,火锅食材,5,2026-04-27,27.9
101832,SKU27488,鸭蛋,肉禽蛋品,4,2026-04-27,27.62
101833,SKU64010,可乐,食品饮料,1,2026-05-12,24.29
101833,SKU43154,薯片,食品饮料,5,2026-05-12,38.22
101833,SKU78587,饼干,食品饮料,3,2026-05-12,38.02
101833,SKU69384,洗发水,日化清洁,2,2026-05-12,27.44
101834,SKU66626,牛肉,肉禽蛋品,4,2026-09-07,73.37
101834,SKU36651,牛奶,食品饮料,2,2026-09-07,53.59
101834,SKU85388,牙膏,日化清洁,5,2026-09-07,57.83
101834,SKU80411,沐浴露,日化清洁,3,2026-09-07,57.72
101834,SKU18951,蛋糕粉,烘焙用品,4,2026-09-07,54.15
101835,SKU86435,洗洁精,日化清洁,1,2026-08-21,49.2
101835,SKU66644,拖把,日化清洁,1,2026-08-21,62.67
101835,SKU65649,香蕉,生鲜蔬果,2,2026-08-21,23.31
101836,SKU78840,盐,粮油调味,3,2026-05-21,13.58
101836,SKU73602,蛋糕粉,烘焙用品,3,2026-05-21,67.41
101836,SKU66899,蘸料,火锅食材,5,2026-05-21,38.23
101837,SKU99086,橙子,生鲜蔬果,5,2026-08-19,61.44
101837,SKU98617,牛肉,肉禽蛋品,5,2026-08-19,27.09
101837,SKU34624,西红柿,生鲜蔬果,2,2026-08-19,67.42
101837,SKU69532,鸡翅,肉禽蛋品,5,2026-08-19,76.54
101837,SKU26856,羊肉卷,火锅食材,2,2026-08-19,10.77
101837,SKU57884,胡萝卜,生鲜蔬果,1,2026-08-19,62.74
101838,SKU45476,西红柿,生鲜蔬果,3,2026-02-19,65.79
101838,SKU29726,鸡蛋,肉禽蛋品,4,2026-02-19,56.02
101838,SKU54116,黄瓜,生鲜蔬果,1,2026-02-19,10.23
101838,SKU92859,消毒液,日化清洁,4,2026-02-19,34.42
101838,SKU98881,面粉,粮油调味,2,2026-02-19,49.33
101839,SKU21972,醋,粮油调味,2,2026-06-02,54.87
101839,SKU17032,鸡翅,肉禽蛋品,3,2026-06-02,4.12
101839,SKU88027,拖把,日化清洁,4,2026-06-02,27.17
101839,SKU18591,洗洁精,日化清洁,5,2026-06-02,67.54
101840,SKU58375,西红柿,生鲜蔬果,1,2026-05-06,40.57
101840,SKU88675,鸡蛋,肉禽蛋品,1,2026-05-06,61.52
101840,SKU42342,黄瓜,生鲜蔬果,2,2026-05-06,59.79
101840,SKU86579,矿泉水,食品饮料,2,2026-05-06,42.69
101840,SKU71031,醋,粮油调味,5,2026-05-06,49.82
101840,SKU45367,沐浴露,日化清洁,1,2026-05-06,13.76
101841,SKU97723,牛肉,肉禽蛋品,4,2026-01-10,40.28
101841,SKU98824,白菜,生鲜蔬果,5,2026-01-10,16.39
101841,SKU41657,黄瓜,生鲜蔬果,3,2026-01-10,57.1
101842,SKU18502,蚝油,粮油调味,3,2026-03-25,36.94
101842,SKU56788,肥牛卷,火锅食材,4,2026-03-25,12.8
101842,SKU54243,芝士碎,烘焙用品,4,2026-03-25,75.92
101842,SKU23990,纸巾,日化清洁,3,2026-03-25,26.87
101842,SKU22756,洗发水,日化清洁,3,2026-03-25,39.05
101843,SKU85641,洗发水,日化清洁,5,2026-03-13,19.72
101843,SKU33492,酸奶,食品饮料,2,2026-03-13,49.76
101844,SKU22874,蛋糕粉,烘焙用品,1,2026-08-23,74.9
101844,SKU39174,黄油,烘焙用品,2,2026-08-23,71.12
101844,SKU67234,淡奶油,烘焙用品,2,2026-08-23,46.84
101844,SKU80725,鸡蛋,肉禽蛋品,2,2026-08-23,39.39
101844,SKU53327,沐浴露,日化清洁,5,2026-08-23,52.59
101845,SKU15688,火锅底料,火锅食材,5,2026-09-06,69.59
101845,SKU24669,醋,粮油调味,2,2026-09-06,37.64
101845,SKU67881,料酒,粮油调味,5,2026-09-06,11.44
101845,SKU84364,生菜,生鲜蔬果,3,2026-09-06,49.16
101845,SKU97550,鸡翅,肉禽蛋品,3,2026-09-06,27.26
101846,SKU14403,牛肉,肉禽蛋品,2,2026-02-10,78.69
101846,SKU98208,酵母,烘焙用品,4,2026-02-10,68.94
101847,SKU38257,牛奶,食品饮料,4,2026-06-20,22.34
101847,SKU42896,面包,食品饮料,4,2026-06-20,23.56
101847,SKU83849,薯片,食品饮料,2,2026-06-20,66.43
101847,SKU43145,醋,粮油调味,4,2026-06-20,48.29
101848,SKU67859,葡萄,生鲜蔬果,2,2026-03-06,15.72
101848,SKU41323,油纸,烘焙用品,4,2026-03-06,58.27
101849,SKU73229,毛肚,火锅食材,5,2026-06-06,27.61
101849,SKU38612,香草精,烘焙用品,1,2026-06-06,7.34
101850,SKU28417,香蕉,生鲜蔬果,4,2026-04-18,19.3
101850,SKU65591,黄瓜,生鲜蔬果,3,2026-04-18,42.61
101850,SKU53346,葡萄,生鲜蔬果,4,2026-04-18,74.75
101851,SKU50509,可乐,食品饮料,2,2026-05-13,45.56
101851,SKU41631,薯片,食品饮料,4,2026-05-13,53.38
101851,SKU65201,饼干,食品饮料,3,2026-05-13,24.11
101851,SKU47623,丸子,火锅食材,2,2026-05-13,19.96
101852,SKU53633,豆腐,火锅食材,4,2026-07-12,59.58
101852,SKU74891,可乐,食品饮料,1,2026-07-12,38.85
101852,SKU18910,生菜,生鲜蔬果,2,2026-07-12,27.15
101852,SKU75496,牙膏,日化清洁,5,2026-07-12,31.22
101852,SKU60673,果汁,食品饮料,4,2026-07-12,46.8
101853,SKU68681,淡奶油,烘焙用品,2,2026-06-23,57.31
101853,SKU84628,洗洁精,日化清洁,3,2026-06-23,14.82
101853,SKU77611,黄瓜,生鲜蔬果,4,2026-06-23,59.73
101853,SKU21570,香蕉,生鲜蔬果,3,2026-06-23,52.08
101854,SKU87053,蛋糕粉,烘焙用品,3,2026-01-19,30.19
101854,SKU35947,黄油,烘焙用品,3,2026-01-19,67.62
101854,SKU40127,淡奶油,烘焙用品,4,2026-01-19,52.37
101854,SKU15907,鸡蛋,肉禽蛋品,4,2026-01-19,33.53
101854,SKU28864,牛肉,肉禽蛋品,3,2026-01-19,8.4
101854,SKU17525,方便面,食品饮料,4,2026-01-19,26.63
101855,SKU30349,蔬菜拼盘,火锅食材,2,2026-03-20,63.84
101855,SKU28709,胡萝卜,生鲜蔬果,2,2026-03-20,48.46
101856,SKU31783,垃圾袋,日化清洁,2,2026-02-01,49.67
101856,SKU14317,带鱼,肉禽蛋品,5,2026-02-01,52.12
101856,SKU98304,巧克力,食品饮料,1,2026-02-01,58.16
101857,SKU97505,蛋糕粉,烘焙用品,4,2026-05-19,55.12
101857,SKU35970,黄油,烘焙用品,5,2026-05-19,65.37
101857,SKU81535,淡奶油,烘焙用品,5,2026-05-19,7.19
101857,SKU37842,鸡蛋,肉禽蛋品,4,2026-05-19,44.46
101857,SKU62805,方便面,食品饮料,3,2026-05-19,60.87
101857,SKU13151,白菜,生鲜蔬果,4,2026-05-19,55.9
101857,SKU67449,模具,烘焙用品,1,2026-05-19,76.22
101858,SKU83663,可乐,食品饮料,5,2026-09-05,26.76
101858,SKU99690,薯片,食品饮料,2,2026-09-05,36.22
101858,SKU84064,饼干,食品饮料,1,2026-09-05,55.36
101858,SKU63539,蛋糕粉,烘焙用品,3,2026-09-05,19.2
101858,SKU99427,消毒液,日化清洁,5,2026-09-05,15.23
101859,SKU72485,大米,粮油调味,4,2026-06-24,15.72
101859,SKU84129,食用油,粮油调味,2,2026-06-24,32.03
101859,SKU28710,酱油,粮油调味,2,2026-06-24,19.23
101859,SKU30819,牙膏,日化清洁,3,2026-06-24,37.49
101860,SKU45452,淡奶油,烘焙用品,1,2026-08-08,59.03
101860,SKU98076,蔬菜拼盘,火锅食材,4,2026-08-08,16.62
101860,SKU42952,面粉,粮油调味,2,2026-08-08,22.51
101860,SKU23809,火锅底料,火锅食材,4,2026-08-08,35.05
101861,SKU77266,西红柿,生鲜蔬果,1,2026-01-12,78.48
101861,SKU81945,鸡蛋,肉禽蛋品,4,2026-01-12,16.0
101861,SKU78151,黄瓜,生鲜蔬果,4,2026-01-12,61.35
101861,SKU90750,拖把,日化清洁,5,2026-01-12,76.59
101861,SKU42844,牛肉,肉禽蛋品,2,2026-01-12,23.93
101861,SKU43399,蔬菜拼盘,火锅食材,5,2026-01-12,71.85
101862,SKU52468,苹果,生鲜蔬果,4,2026-01-25,50.86
101862,SKU40087,香蕉,生鲜蔬果,4,2026-01-25,64.6
101862,SKU83589,橙子,生鲜蔬果,3,2026-01-25,24.03
101862,SKU95953,猪肉,肉禽蛋品,5,2026-01-25,20.55
101862,SKU81363,粉丝,火锅食材,2,2026-01-25,69.9
101863,SKU27723,可乐,食品饮料,4,2026-04-18,48.09
101863,SKU74727,薯片,食品饮料,2,2026-04-18,41.03
101863,SKU42466,饼干,食品饮料,5,2026-04-18,77.65
101863,SKU10309,醋,粮油调味,5,2026-04-18,45.43
101863,SKU30676,火锅底料,火锅食材,1,2026-04-18,62.74
101864,SKU33642,可乐,食品饮料,5,2026-03-26,61.86
101864,SKU30091,薯片,食品饮料,1,2026-03-26,3.45
101864,SKU57685,饼干,食品饮料,2,2026-03-26,47.66
101864,SKU35539,鸡肉,肉禽蛋品,2,2026-03-26,19.65
101865,SKU20426,生菜,生鲜蔬果,5,2026-04-27,45.61
101865,SKU34063,果汁,食品饮料,2,2026-04-27,40.35
101865,SKU87962,西红柿,生鲜蔬果,2,2026-04-27,12.41
101866,SKU42097,火锅底料,火锅食材,5,2026-07-16,4.4
101866,SKU69834,丸子,火锅食材,1,2026-07-16,54.06
101866,SKU62278,肥牛卷,火锅食材,4,2026-07-16,51.94
101866,SKU11801,沐浴露,日化清洁,5,2026-07-16,56.71
101867,SKU37861,火锅底料,火锅食材,3,2026-01-23,67.9
101867,SKU50489,丸子,火锅食材,2,2026-01-23,75.3
101867,SKU38667,肥牛卷,火锅食材,5,2026-01-23,21.36
101867,SKU73040,猪肉,肉禽蛋品,5,2026-01-23,73.04
101867,SKU19532,油纸,烘焙用品,1,2026-01-23,31.7
101867,SKU74593,消毒液,日化清洁,3,2026-01-23,24.92
101868,SKU27481,油纸,烘焙用品,5,2026-05-14,37.82
101868,SKU34428,葡萄,生鲜蔬果,4,2026-05-14,13.83
101869,SKU36490,牛奶,食品饮料,5,2026-01-28,74.85
101869,SKU84435,面包,食品饮料,3,2026-01-28,51.29
101869,SKU36856,粉丝,火锅食材,1,2026-01-28,16.76
101869,SKU97302,黄瓜,生鲜蔬果,2,2026-01-28,11.72
101870,SKU28197,苹果,生鲜蔬果,1,2026-01-01,45.07
101870,SKU69096,香蕉,生鲜蔬果,3,2026-01-01,17.39
101870,SKU29340,橙子,生鲜蔬果,4,2026-01-01,15.33
101870,SKU21568,料酒,粮油调味,1,2026-01-01,71.07
101870,SKU67232,食用油,粮油调味,2,2026-01-01,11.6
101870,SKU48028,方便面,食品饮料,4,2026-01-01,46.43
101871,SKU20936,面粉,粮油调味,1,2026-03-17,10.82
101871,SKU24524,拖把,日化清洁,4,2026-03-17,37.34
101871,SKU71378,羊肉卷,火锅食材,1,2026-03-17,64.85
101872,SKU43631,西红柿,生鲜蔬果,5,2026-09-14,33.57
101872,SKU40652,食用油,粮油调味,2,2026-09-14,36.29
101872,SKU15347,洗衣液,日化清洁,1,2026-09-14,16.14
101872,SKU20966,鸡肉,肉禽蛋品,5,2026-09-14,47.15
101872,SKU54303,牙膏,日化清洁,4,2026-09-14,55.8
101872,SKU13035,醋,粮油调味,2,2026-09-14,52.34
101873,SKU17949,洗衣液,日化清洁,3,2026-05-22,63.01
101873,SKU52251,纸巾,日化清洁,3,2026-05-22,5.12
101873,SKU44007,垃圾袋,日化清洁,3,2026-05-22,3.2
101873,SKU81794,粉丝,火锅食材,5,2026-05-22,27.63
101874,SKU74505,葡萄,生鲜蔬果,4,2026-05-14,37.81
101874,SKU83286,辣椒酱,粮油调味,1,2026-05-14,59.51
101874,SKU95250,羊肉卷,火锅食材,2,2026-05-14,79.71
101874,SKU96491,毛肚,火锅食材,4,2026-05-14,33.24
101874,SKU54530,面包,食品饮料,3,2026-05-14,66.97
101875,SKU69580,牛奶,食品饮料,2,2026-09-08,37.02
101875,SKU41768,面包,食品饮料,5,2026-09-08,78.61
101875,SKU84017,羊肉卷,火锅食材,2,2026-09-08,45.23
101876,SKU35333,牛奶,食品饮料,2,2026-01-04,7.87
101876,SKU35617,鸡翅,肉禽蛋品,3,2026-01-04,5.13
101876,SKU19567,黄瓜,生鲜蔬果,4,2026-01-04,44.13
101876,SKU57694,垃圾袋,日化清洁,5,2026-01-04,48.93
101876,SKU15433,鸡蛋,肉禽蛋品,1,2026-01-04,16.77
101876,SKU18669,牛肉,肉禽蛋品,4,2026-01-04,27.24
101877,SKU45588,火锅底料,火锅食材,1,2026-08-21,54.46
101877,SKU67662,胡萝卜,生鲜蔬果,5,2026-08-21,30.08
101877,SKU76874,牛肉,肉禽蛋品,5,2026-08-21,36.54
101877,SKU35590,模具,烘焙用品,5,2026-08-21,34.23
101878,SKU20518,葡萄,生鲜蔬果,3,2026-02-06,44.81
101878,SKU96198,香草精,烘焙用品,2,2026-02-06,44.77
101878,SKU18184,白菜,生鲜蔬果,5,2026-02-06,12.28
101878,SKU45962,巧克力,食品饮料,1,2026-02-06,10.68
101879,SKU62311,油纸,烘焙用品,2,2026-06-23,23.63
101879,SKU15113,糖粉,烘焙用品,1,2026-06-23,10.43
101879,SKU22393,酵母,烘焙用品,5,2026-06-23,14.8
101879,SKU53398,胡萝卜,生鲜蔬果,4,2026-06-23,35.51
101879,SKU73330,洗发水,日化清洁,1,2026-06-23,74.76
101880,SKU55876,带鱼,肉禽蛋品,3,2026-08-25,57.21
101880,SKU76165,白糖,粮油调味,2,2026-08-25,26.51
101880,SKU96129,西红柿,生鲜蔬果,2,2026-08-25,36.91
101881,SKU83928,葡萄,生鲜蔬果,5,2026-03-11,23.62
101881,SKU40896,纸巾,日化清洁,5,2026-03-11,39.52
101881,SKU75385,酱油,粮油调味,3,2026-03-11,57.57
101882,SKU90269,醋,粮油调味,3,2026-03-15,5.31
101882,SKU62544,料酒,粮油调味,2,2026-03-15,47.3
101882,SKU89485,洗发水,日化清洁,4,2026-03-15,18.05
101882,SKU60347,火锅底料,火锅食材,5,2026-03-15,26.74
101882,SKU44939,土豆,生鲜蔬果,3,2026-03-15,44.1
101882,SKU42566,大米,粮油调味,2,2026-03-15,55.15
101883,SKU82464,可乐,食品饮料,5,2026-09-08,8.96
101883,SKU63118,薯片,食品饮料,4,2026-09-08,53.94
101883,SKU30384,饼干,食品饮料,2,2026-09-08,63.76
101883,SKU39589,沐浴露,日化清洁,4,2026-09-08,22.17
101883,SKU10389,鸡翅,肉禽蛋品,2,2026-09-08,68.98
101883,SKU17408,牛奶,食品饮料,4,2026-09-08,51.57
101884,SKU27457,饼干,食品饮料,3,2026-02-14,56.22
101884,SKU35722,葡萄,生鲜蔬果,1,2026-02-14,31.83
101884,SKU55006,鸭蛋,肉禽蛋品,3,2026-02-14,70.93
101885,SKU14214,面粉,粮油调味,2,2026-03-28,31.06
101885,SKU57684,豆腐,火锅食材,3,2026-03-28,24.25
101885,SKU25360,酵母,烘焙用品,3,2026-03-28,64.54
101885,SKU48075,酱油,粮油调味,3,2026-03-28,18.66
101885,SKU23795,料酒,粮油调味,2,2026-03-28,9.47
101886,SKU31849,苹果,生鲜蔬果,4,2026-08-11,52.4
101886,SKU79661,香蕉,生鲜蔬果,1,2026-08-11,51.65
101886,SKU91980,橙子,生鲜蔬果,3,2026-08-11,16.83
101886,SKU76278,果汁,食品饮料,3,2026-08-11,32.15
101886,SKU19777,牙膏,日化清洁,1,2026-08-11,72.24
101887,SKU47784,可乐,食品饮料,3,2026-03-20,53.87
101887,SKU75681,薯片,食品饮料,2,2026-03-20,48.17
101887,SKU67793,饼干,食品饮料,4,2026-03-20,16.36
101887,SKU95434,肥牛卷,火锅食材,2,2026-03-20,27.89
101887,SKU74991,食用油,粮油调味,5,2026-03-20,50.61
101888,SKU51429,垃圾袋,日化清洁,1,2026-06-25,7.71
101888,SKU95316,牛奶,食品饮料,1,2026-06-25,23.1
101889,SKU83099,丸子,火锅食材,3,2026-02-26,76.76
101889,SKU35764,食用油,粮油调味,2,2026-02-26,23.03
101889,SKU75951,牛奶,食品饮料,1,2026-02-26,4.98
101889,SKU63018,橙子,生鲜蔬果,1,2026-02-26,13.8
101890,SKU11736,拖把,日化清洁,3,2026-05-08,51.66
101890,SKU87376,面粉,粮油调味,4,2026-05-08,35.4
101890,SKU13471,巧克力,食品饮料,4,2026-05-08,11.8
101890,SKU87979,白糖,粮油调味,4,2026-05-08,65.29
101890,SKU68441,橙子,生鲜蔬果,4,2026-05-08,21.66
101890,SKU29272,胡萝卜,生鲜蔬果,3,2026-05-08,49.75
101891,SKU55874,苹果,生鲜蔬果,3,2026-02-17,36.71
101891,SKU24087,拖把,日化清洁,5,2026-02-17,3.69
101891,SKU28191,洗发水,日化清洁,2,2026-02-17,27.52
101891,SKU15780,黄瓜,生鲜蔬果,2,2026-02-17,9.27
101891,SKU16907,蛋挞皮,烘焙用品,1,2026-02-17,73.05
101891,SKU72992,胡萝卜,生鲜蔬果,2,2026-02-17,73.1
101892,SKU61263,蔬菜拼盘,火锅食材,2,2026-03-18,7.63
101892,SKU90884,酵母,烘焙用品,1,2026-03-18,23.35
101892,SKU58749,鸭血,火锅食材,5,2026-03-18,25.74
101892,SKU91065,辣椒酱,粮油调味,1,2026-03-18,68.49
101892,SKU90987,三文鱼,肉禽蛋品,4,2026-03-18,61.74
101892,SKU69330,鸭蛋,肉禽蛋品,5,2026-03-18,65.71
101893,SKU27880,牛奶,食品饮料,3,2026-09-09,67.54
101893,SKU94100,面包,食品饮料,3,2026-09-09,33.2
101893,SKU74007,生菜,生鲜蔬果,4,2026-09-09,20.16
101893,SKU79895,可乐,食品饮料,2,2026-09-09,22.0
101893,SKU56394,猪肉,肉禽蛋品,4,2026-09-09,8.22
101894,SKU74196,饼干,食品饮料,4,2026-06-06,19.43
101894,SKU87730,模具,烘焙用品,5,2026-06-06,41.8
101894,SKU51207,洗洁精,日化清洁,2,2026-06-06,5.21
101894,SKU71502,火锅底料,火锅食材,4,2026-06-06,39.8
101895,SKU86890,糖粉,烘焙用品,1,2026-09-28,6.11
101895,SKU98165,芝士碎,烘焙用品,2,2026-09-28,49.6
101895,SKU10582,土豆,生鲜蔬果,5,2026-09-28,10.96
101895,SKU40131,火锅底料,火锅食材,3,2026-09-28,65.93
101895,SKU40983,巧克力,食品饮料,5,2026-09-28,7.29
101896,SKU92925,三文鱼,肉禽蛋品,3,2026-06-26,62.1
101896,SKU60209,豆腐,火锅食材,4,2026-06-26,50.66
101897,SKU61484,苹果,生鲜蔬果,3,2026-07-23,55.09
101897,SKU52815,香蕉,生鲜蔬果,1,2026-07-23,72.82
101897,SKU21412,橙子,生鲜蔬果,1,2026-07-23,64.38
101897,SKU48137,料酒,粮油调味,1,2026-07-23,9.82
101897,SKU96938,纸巾,日化清洁,2,2026-07-23,32.99
101898,SKU27125,西红柿,生鲜蔬果,1,2026-03-13,70.49
101898,SKU48455,鸡蛋,肉禽蛋品,3,2026-03-13,29.58
101898,SKU89500,黄瓜,生鲜蔬果,1,2026-03-13,41.63
101898,SKU58955,豆腐,火锅食材,2,2026-03-13,27.77
101899,SKU68623,西红柿,生鲜蔬果,5,2026-04-11,28.48
101899,SKU57516,鸡蛋,肉禽蛋品,4,2026-04-11,73.93
101899,SKU39295,黄瓜,生鲜蔬果,3,2026-04-11,38.32
101899,SKU43031,酸奶,食品饮料,4,2026-04-11,70.41
101899,SKU56218,火锅底料,火锅食材,5,2026-04-11,65.56
101899,SKU32342,模具,烘焙用品,2,2026-04-11,28.43
101900,SKU30682,果汁,食品饮料,3,2026-03-11,62.51
101900,SKU93169,酵母,烘焙用品,4,2026-03-11,48.35
101900,SKU83742,模具,烘焙用品,2,2026-03-11,50.83
101900,SKU31247,橙子,生鲜蔬果,4,2026-03-11,28.24
101900,SKU62089,猪肉,肉禽蛋品,2,2026-03-11,63.56
101900,SKU86651,肥牛卷,火锅食材,4,2026-03-11,22.62
101901,SKU17713,洗衣液,日化清洁,1,2026-01-05,36.7
101901,SKU21754,纸巾,日化清洁,5,2026-01-05,23.19
101901,SKU20767,垃圾袋,日化清洁,3,2026-01-05,46.92
101901,SKU64375,粉丝,火锅食材,2,2026-01-05,24.78
101901,SKU71575,洗发水,日化清洁,5,2026-01-05,59.96
101901,SKU81218,饼干,食品饮料,3,2026-01-05,20.05
101902,SKU47266,丸子,火锅食材,3,2026-06-03,15.4
101902,SKU27149,消毒液,日化清洁,4,2026-06-03,8.41
101902,SKU12852,酸奶,食品饮料,4,2026-06-03,60.58
101903,SKU63427,土豆,生鲜蔬果,2,2026-05-02,23.29
101903,SKU88488,蛋糕粉,烘焙用品,1,2026-05-02,8.31
101903,SKU34753,酸奶,食品饮料,4,2026-05-02,43.47
101904,SKU90343,沐浴露,日化清洁,3,2026-08-05,10.89
101904,SKU60409,醋,粮油调味,1,2026-08-05,40.03
101904,SKU36520,料酒,粮油调味,1,2026-08-05,79.41
101904,SKU58982,毛肚,火锅食材,2,2026-08-05,7.71
101904,SKU79355,香蕉,生鲜蔬果,3,2026-08-05,24.67
101905,SKU82525,橙子,生鲜蔬果,2,2026-05-08,39.28
101905,SKU30754,酱油,粮油调味,5,2026-05-08,6.72
101905,SKU41495,土豆,生鲜蔬果,1,2026-05-08,5.42
101905,SKU64158,盐,粮油调味,4,2026-05-08,40.39
101905,SKU70788,牛肉,肉禽蛋品,4,2026-05-08,75.34
101906,SKU90934,模具,烘焙用品,3,2026-08-08,26.01
101906,SKU76094,消毒液,日化清洁,1,2026-08-08,19.02
101906,SKU42783,巧克力,食品饮料,1,2026-08-08,50.23
101906,SKU24554,纸巾,日化清洁,2,2026-08-08,30.58
101907,SKU16463,苹果,生鲜蔬果,3,2026-02-02,18.82
101907,SKU27733,香蕉,生鲜蔬果,5,2026-02-02,50.61
101907,SKU34719,橙子,生鲜蔬果,2,2026-02-02,56.22
101907,SKU98960,洗衣液,日化清洁,1,2026-02-02,18.84
101908,SKU66644,洗衣液,日化清洁,4,2026-02-10,22.28
101908,SKU65389,洗发水,日化清洁,2,2026-02-10,64.62
101908,SKU46889,白菜,生鲜蔬果,1,2026-02-10,32.68
101908,SKU26160,油纸,烘焙用品,1,2026-02-10,27.63
101908,SKU76459,土豆,生鲜蔬果,3,2026-02-10,26.54
101908,SKU24072,虾仁,肉禽蛋品,4,2026-02-10,36.65
101909,SKU17147,面包,食品饮料,5,2026-07-10,37.93
101909,SKU17035,三文鱼,肉禽蛋品,2,2026-07-10,47.9
101909,SKU72650,模具,烘焙用品,4,2026-07-10,46.64
101910,SKU37032,牛奶,食品饮料,3,2026-03-12,42.06
101910,SKU24635,面包,食品饮料,4,2026-03-12,38.58
101910,SKU33689,辣椒酱,粮油调味,2,2026-03-12,31.82
101911,SKU86543,猪肉,肉禽蛋品,5,2026-09-09,47.84
101911,SKU61587,矿泉水,食品饮料,3,2026-09-09,27.14
101911,SKU66696,纸巾,日化清洁,3,2026-09-09,79.88
101911,SKU28924,蔬菜拼盘,火锅食材,3,2026-09-09,62.09
101911,SKU10773,拖把,日化清洁,2,2026-09-09,66.5
101911,SKU58549,牙膏,日化清洁,1,2026-09-09,22.85
101912,SKU75812,消毒液,日化清洁,1,2026-03-10,63.63
101912,SKU73972,羊肉卷,火锅食材,5,2026-03-10,39.18
101912,SKU15905,垃圾袋,日化清洁,5,2026-03-10,55.94
101912,SKU49486,牙膏,日化清洁,1,2026-03-10,71.78
101912,SKU15700,面包,食品饮料,4,2026-03-10,37.76
101912,SKU39951,蘸料,火锅食材,5,2026-03-10,55.29
101913,SKU17509,大米,粮油调味,5,2026-07-16,56.72
101913,SKU70480,食用油,粮油调味,3,2026-07-16,54.28
101913,SKU14253,酱油,粮油调味,4,2026-07-16,72.32
101913,SKU65490,鸡翅,肉禽蛋品,4,2026-07-16,21.58
101914,SKU73874,可乐,食品饮料,3,2026-01-22,3.97
101914,SKU99814,薯片,食品饮料,5,2026-01-22,50.59
101914,SKU45152,饼干,食品饮料,1,2026-01-22,32.67
101914,SKU33263,蚝油,粮油调味,3,2026-01-22,40.07
101915,SKU74210,蛋糕粉,烘焙用品,5,2026-08-12,61.09
101915,SKU21837,黄油,烘焙用品,5,2026-08-12,29.06
101915,SKU65430,淡奶油,烘焙用品,3,2026-08-12,55.36
101915,SKU76596,鸡蛋,肉禽蛋品,4,2026-08-12,43.12
101915,SKU71354,毛肚,火锅食材,1,2026-08-12,29.76
101915,SKU57815,盐,粮油调味,1,2026-08-12,56.33
101915,SKU20610,鸡翅,肉禽蛋品,4,2026-08-12,55.16
101916,SKU11854,矿泉水,食品饮料,3,2026-07-14,34.36
101916,SKU58561,香蕉,生鲜蔬果,3,2026-07-14,46.79
101916,SKU64174,牛奶,食品饮料,3,2026-07-14,12.2
101916,SKU19404,酵母,烘焙用品,1,2026-07-14,69.5
101916,SKU53807,豆腐,火锅食材,2,2026-07-14,18.94
101916,SKU34558,拖把,日化清洁,4,2026-07-14,78.78
101917,SKU62964,鸭血,火锅食材,3,2026-03-09,33.41
101917,SKU20685,带鱼,肉禽蛋品,1,2026-03-09,48.7
101918,SKU76514,香草精,烘焙用品,5,2026-03-21,61.03
101918,SKU35978,巧克力,食品饮料,5,2026-03-21,79.26
101918,SKU39421,拖把,日化清洁,1,2026-03-21,47.02
101918,SKU74836,肥牛卷,火锅食材,1,2026-03-21,29.76
101918,SKU36852,矿泉水,食品饮料,1,2026-03-21,23.01
101918,SKU34012,丸子,火锅食材,4,2026-03-21,46.94
101919,SKU25794,苹果,生鲜蔬果,2,2026-03-25,21.1
101919,SKU63132,香蕉,生鲜蔬果,2,2026-03-25,40.17
101919,SKU11308,橙子,生鲜蔬果,5,2026-03-25,73.59
101919,SKU36712,猪肉,肉禽蛋品,1,2026-03-25,40.57
101919,SKU21858,蛋挞皮,烘焙用品,1,2026-03-25,60.99
101919,SKU65738,面包,食品饮料,5,2026-03-25,66.56
101920,SKU60896,豆腐,火锅食材,3,2026-04-15,20.42
101920,SKU29648,垃圾袋,日化清洁,1,2026-04-15,35.34
101921,SKU56240,洗衣液,日化清洁,2,2026-03-07,52.37
101921,SKU61326,纸巾,日化清洁,4,2026-03-07,38.02
101921,SKU31784,垃圾袋,日化清洁,5,2026-03-07,59.32
101921,SKU18504,酵母,烘焙用品,5,2026-03-07,43.1
101921,SKU11100,火锅底料,火锅食材,1,2026-03-07,64.54
101922,SKU50440,火锅底料,火锅食材,2,2026-01-07,60.93
101922,SKU68260,白糖,粮油调味,5,2026-01-07,16.41
101922,SKU59930,土豆,生鲜蔬果,3,2026-01-07,69.6
101923,SKU77482,辣椒酱,粮油调味,1,2026-04-24,11.93
101923,SKU41828,洗发水,日化清洁,2,2026-04-24,3.99
101923,SKU66264,淡奶油,烘焙用品,5,2026-04-24,3.25
101924,SKU31440,三文鱼,肉禽蛋品,1,2026-06-17,53.5
101924,SKU71162,生菜,生鲜蔬果,5,2026-06-17,61.68
101924,SKU13934,牙膏,日化清洁,4,2026-06-17,64.23
101924,SKU65561,盐,粮油调味,2,2026-06-17,52.09
101924,SKU61417,鸡蛋,肉禽蛋品,4,2026-06-17,33.28
101925,SKU46684,火锅底料,火锅食材,3,2026-05-16,47.78
101925,SKU36352,丸子,火锅食材,3,2026-05-16,3.78
101925,SKU32679,肥牛卷,火锅食材,4,2026-05-16,50.06
101925,SKU14045,酸奶,食品饮料,5,2026-05-16,24.41
101925,SKU38666,大米,粮油调味,2,2026-05-16,40.77
101925,SKU35943,酵母,烘焙用品,3,2026-05-16,51.74
101926,SKU22863,西红柿,生鲜蔬果,3,2026-02-22,34.92
101926,SKU16217,鸡蛋,肉禽蛋品,5,2026-02-22,51.61
101926,SKU62796,黄瓜,生鲜蔬果,2,2026-02-22,7.2
101926,SKU18072,洗发水,日化清洁,5,2026-02-22,38.02
101926,SKU26489,鸡翅,肉禽蛋品,4,2026-02-22,63.81
101926,SKU47229,香草精,烘焙用品,4,2026-02-22,28.39
101927,SKU88563,毛肚,火锅食材,2,2026-05-26,64.55
101927,SKU75901,纸巾,日化清洁,5,2026-05-26,21.32
101928,SKU67896,洗洁精,日化清洁,3,2026-03-01,48.21
101928,SKU85280,排骨,肉禽蛋品,4,2026-03-01,34.85
101929,SKU28044,火锅底料,火锅食材,4,2026-02-08,67.61
101929,SKU31826,丸子,火锅食材,5,2026-02-08,72.47
101929,SKU60689,肥牛卷,火锅食材,2,2026-02-08,57.14
101929,SKU95919,纸巾,日化清洁,1,2026-02-08,67.66
101929,SKU83866,糖粉,烘焙用品,3,2026-02-08,53.55
101930,SKU63645,巧克力,食品饮料,4,2026-01-28,39.98
101930,SKU41157,方便面,食品饮料,4,2026-01-28,8.92
101930,SKU67269,果汁,食品饮料,5,2026-01-28,44.28
101930,SKU12156,醋,粮油调味,3,2026-01-28,51.15
101930,SKU86365,面包,食品饮料,1,2026-01-28,57.44
101930,SKU87901,洗衣液,日化清洁,1,2026-01-28,56.7
101931,SKU60282,鸭血,火锅食材,5,2026-06-24,61.26
101931,SKU85913,醋,粮油调味,1,2026-06-24,74.12
101931,SKU93508,虾仁,肉禽蛋品,3,2026-06-24,9.7
101931,SKU60182,白糖,粮油调味,4,2026-06-24,5.36
101931,SKU52884,垃圾袋,日化清洁,1,2026-06-24,46.27
101932,SKU97679,洗发水,日化清洁,4,2026-04-14,13.46
101932,SKU39293,沐浴露,日化清洁,2,2026-04-14,5.24
101932,SKU81975,牙膏,日化清洁,2,2026-04-14,45.39
101932,SKU30701,蘸料,火锅食材,1,2026-04-14,75.65
101932,SKU85738,香蕉,生鲜蔬果,1,2026-04-14,61.39
101933,SKU42796,蚝油,粮油调味,4,2026-07-13,20.21
101933,SKU59195,糖粉,烘焙用品,5,2026-07-13,20.23
101933,SKU10125,大米,粮油调味,3,2026-07-13,35.38
101933,SKU85930,土豆,生鲜蔬果,4,2026-07-13,52.33
101933,SKU96422,盐,粮油调味,1,2026-07-13,29.76
101934,SKU61261,淡奶油,烘焙用品,1,2026-06-16,27.46
101934,SKU41980,肥牛卷,火锅食材,4,2026-06-16,18.49
101934,SKU88248,丸子,火锅食材,1,2026-06-16,33.22
101935,SKU16563,饼干,食品饮料,2,2026-01-19,58.34
101935,SKU75878,蛋挞皮,烘焙用品,3,2026-01-19,42.85
101935,SKU17619,蘸料,火锅食材,4,2026-01-19,44.1
101935,SKU22388,羊肉卷,火锅食材,2,2026-01-19,28.45
101936,SKU99970,酵母,烘焙用品,5,2026-03-19,71.88
101936,SKU77591,鸡翅,肉禽蛋品,1,2026-03-19,46.39
101936,SKU21878,洗衣液,日化清洁,1,2026-03-19,26.55
101936,SKU51351,饼干,食品饮料,3,2026-03-19,32.73
101936,SKU11703,羊肉卷,火锅食材,5,2026-03-19,63.63
101937,SKU51972,苹果,生鲜蔬果,2,2026-01-01,42.97
101937,SKU40381,香蕉,生鲜蔬果,3,2026-01-01,33.22
101937,SKU47100,橙子,生鲜蔬果,3,2026-01-01,59.09
101937,SKU85032,葡萄,生鲜蔬果,2,2026-01-01,68.03
101937,SKU93391,香草精,烘焙用品,2,2026-01-01,66.16
101938,SKU85397,白糖,粮油调味,5,2026-01-18,43.9
101938,SKU78639,鸡蛋,肉禽蛋品,4,2026-01-18,41.33
101939,SKU95818,牛奶,食品饮料,5,2026-04-05,52.08
101939,SKU18881,面包,食品饮料,2,2026-04-05,30.6
101939,SKU86405,果汁,食品饮料,1,2026-04-05,9.67
101939,SKU56317,鸡翅,肉禽蛋品,1,2026-04-05,18.12
101940,SKU91901,果汁,食品饮料,5,2026-05-28,37.53
101940,SKU99553,面粉,粮油调味,5,2026-05-28,5.8
101940,SKU28287,可乐,食品饮料,2,2026-05-28,61.55
101940,SKU68675,生菜,生鲜蔬果,2,2026-05-28,45.95
101940,SKU61011,酱油,粮油调味,4,2026-05-28,79.02
101940,SKU92936,洗衣液,日化清洁,4,2026-05-28,5.79
101941,SKU37846,洗发水,日化清洁,3,2026-07-27,4.29
101941,SKU71654,沐浴露,日化清洁,5,2026-07-27,50.12
101941,SKU70441,牙膏,日化清洁,5,2026-07-27,19.78
101941,SKU95521,洗衣液,日化清洁,3,2026-07-27,25.35
101941,SKU23096,胡萝卜,生鲜蔬果,2,2026-07-27,4.64
101941,SKU41302,盐,粮油调味,5,2026-07-27,18.13
101942,SKU41766,香草精,烘焙用品,4,2026-03-23,60.91
101942,SKU10578,黄瓜,生鲜蔬果,5,2026-03-23,15.85
101942,SKU50490,酱油,粮油调味,4,2026-03-23,12.43
101943,SKU76762,蚝油,粮油调味,1,2026-09-03,65.58
101943,SKU67372,鸡蛋,肉禽蛋品,4,2026-09-03,7.35
101944,SKU68184,胡萝卜,生鲜蔬果,2,2026-08-13,43.86
101944,SKU45365,三文鱼,肉禽蛋品,3,2026-08-13,64.89
101944,SKU91821,苹果,生鲜蔬果,1,2026-08-13,30.53
101944,SKU11695,辣椒酱,粮油调味,2,2026-08-13,21.34
101944,SKU59554,葡萄,生鲜蔬果,2,2026-08-13,35.16
101945,SKU32933,面粉,粮油调味,5,2026-08-16,39.36
101945,SKU70992,饼干,食品饮料,4,2026-08-16,27.92
101946,SKU50524,酵母,烘焙用品,1,2026-02-07,56.47
101946,SKU56713,丸子,火锅食材,3,2026-02-07,20.62
101946,SKU49380,方便面,食品饮料,2,2026-02-07,30.37
101946,SKU77922,垃圾袋,日化清洁,3,2026-02-07,55.2
101947,SKU23661,三文鱼,肉禽蛋品,5,2026-09-05,31.13
101947,SKU51244,酵母,烘焙用品,1,2026-09-05,66.06
101947,SKU42722,橙子,生鲜蔬果,4,2026-09-05,39.68
101947,SKU55130,鸭蛋,肉禽蛋品,2,2026-09-05,44.85
101948,SKU79737,酵母,烘焙用品,1,2026-02-11,53.9
101948,SKU81381,羊肉卷,火锅食材,1,2026-02-11,77.73
101948,SKU37462,苹果,生鲜蔬果,2,2026-02-11,41.81
101948,SKU39273,肥皂,日化清洁,1,2026-02-11,69.18
101949,SKU66141,牛奶,食品饮料,3,2026-05-14,42.2
101949,SKU91999,面包,食品饮料,1,2026-05-14,22.14
101949,SKU55102,肥牛卷,火锅食材,3,2026-05-14,60.48
101950,SKU57128,蔬菜拼盘,火锅食材,3,2026-07-07,51.02
101950,SKU52077,带鱼,肉禽蛋品,2,2026-07-07,24.48
101950,SKU20109,酸奶,食品饮料,4,2026-07-07,7.13
101951,SKU10990,火锅底料,火锅食材,2,2026-06-28,44.23
101951,SKU45303,豆腐,火锅食材,2,2026-06-28,64.92
101951,SKU59484,三文鱼,肉禽蛋品,2,2026-06-28,38.73
101951,SKU98043,黄油,烘焙用品,1,2026-06-28,54.21
101952,SKU33575,洗发水,日化清洁,4,2026-07-25,35.18
101952,SKU13222,沐浴露,日化清洁,2,2026-07-25,51.71
101952,SKU55159,牙膏,日化清洁,2,2026-07-25,55.71
101952,SKU68182,消毒液,日化清洁,3,2026-07-25,39.16
101952,SKU22580,油纸,烘焙用品,2,2026-07-25,34.82
101952,SKU34800,面包,食品饮料,5,2026-07-25,79.3
101953,SKU10127,薯片,食品饮料,2,2026-02-26,13.74
101953,SKU41542,牛肉,肉禽蛋品,4,2026-02-26,17.28
101953,SKU22424,食用油,粮油调味,5,2026-02-26,22.3
101954,SKU80617,大米,粮油调味,5,2026-09-12,15.64
101954,SKU41330,食用油,粮油调味,5,2026-09-12,71.36
101954,SKU10471,酱油,粮油调味,1,2026-09-12,23.12
101954,SKU55502,生菜,生鲜蔬果,1,2026-09-12,71.57
101954,SKU36610,蔬菜拼盘,火锅食材,4,2026-09-12,20.3
101955,SKU11189,排骨,肉禽蛋品,3,2026-03-17,70.07
101955,SKU85965,胡萝卜,生鲜蔬果,3,2026-03-17,78.76
101955,SKU57223,土豆,生鲜蔬果,5,2026-03-17,76.24
101955,SKU76026,洗洁精,日化清洁,4,2026-03-17,10.72
101956,SKU32625,洗衣液,日化清洁,1,2026-07-21,43.39
101956,SKU80286,纸巾,日化清洁,5,2026-07-21,34.4
101956,SKU91934,垃圾袋,日化清洁,3,2026-07-21,32.72
101957,SKU85578,豆腐,火锅食材,2,2026-04-10,19.24
101957,SKU81352,蘸料,火锅食材,2,2026-04-10,68.53
101958,SKU41992,蛋糕粉,烘焙用品,1,2026-08-06,33.54
101958,SKU48471,油纸,烘焙用品,1,2026-08-06,68.6
101958,SKU71484,料酒,粮油调味,4,2026-08-06,6.22
101958,SKU29955,白糖,粮油调味,2,2026-08-06,60.3
101959,SKU47222,洗衣液,日化清洁,5,2026-09-25,66.55
101959,SKU20582,纸巾,日化清洁,4,2026-09-25,24.66
101959,SKU41397,垃圾袋,日化清洁,1,2026-09-25,36.35
101959,SKU39172,黄油,烘焙用品,3,2026-09-25,68.7
101959,SKU22454,巧克力,食品饮料,1,2026-09-25,20.61
101959,SKU22834,橙子,生鲜蔬果,1,2026-09-25,57.93
101960,SKU51701,可乐,食品饮料,5,2026-07-14,24.11
101960,SKU10348,薯片,食品饮料,3,2026-07-14,8.57
101960,SKU69469,饼干,食品饮料,5,2026-07-14,51.95
101960,SKU59592,食用油,粮油调味,5,2026-07-14,73.36
101960,SKU85358,虾仁,肉禽蛋品,2,2026-07-14,15.54
101961,SKU20459,西红柿,生鲜蔬果,3,2026-06-03,43.58
101961,SKU64338,鸭血,火锅食材,1,2026-06-03,32.46
101962,SKU87481,酱油,粮油调味,1,2026-01-24,25.81
101962,SKU67959,拖把,日化清洁,1,2026-01-24,52.06
101963,SKU46366,鸭血,火锅食材,2,2026-05-20,72.42
101963,SKU64580,鸡蛋,肉禽蛋品,1,2026-05-20,77.26
101963,SKU81524,消毒液,日化清洁,4,2026-05-20,51.24
101964,SKU17337,排骨,肉禽蛋品,1,2026-09-10,36.15
101964,SKU45888,胡萝卜,生鲜蔬果,2,2026-09-10,73.16
101964,SKU78790,土豆,生鲜蔬果,2,2026-09-10,72.06
101964,SKU44875,虾仁,肉禽蛋品,5,2026-09-10,18.02
101965,SKU13142,胡萝卜,生鲜蔬果,5,2026-05-28,42.72
101965,SKU96347,生菜,生鲜蔬果,2,2026-05-28,21.78
101965,SKU93714,黄瓜,生鲜蔬果,1,2026-05-28,79.27
101965,SKU66848,油纸,烘焙用品,1,2026-05-28,67.72
101965,SKU80895,面粉,粮油调味,4,2026-05-28,10.26
101966,SKU51522,排骨,肉禽蛋品,3,2026-06-08,38.04
101966,SKU18649,羊肉卷,火锅食材,3,2026-06-08,22.67
101966,SKU82404,猪肉,肉禽蛋品,2,2026-06-08,46.34
101967,SKU33723,食用油,粮油调味,3,2026-03-10,63.53
101967,SKU99137,大米,粮油调味,1,2026-03-10,42.19
101967,SKU67735,西红柿,生鲜蔬果,3,2026-03-10,13.68
101967,SKU25754,酱油,粮油调味,4,2026-03-10,45.16
101967,SKU66375,毛肚,火锅食材,2,2026-03-10,35.11
101967,SKU15962,胡萝卜,生鲜蔬果,2,2026-03-10,28.73
101968,SKU48711,洗衣液,日化清洁,2,2026-06-25,71.33
101968,SKU32120,纸巾,日化清洁,2,2026-06-25,7.17
101968,SKU32070,垃圾袋,日化清洁,3,2026-06-25,6.53
101968,SKU62092,三文鱼,肉禽蛋品,4,2026-06-25,22.3
101968,SKU41419,薯片,食品饮料,2,2026-06-25,63.7
101968,SKU46924,生菜,生鲜蔬果,5,2026-06-25,20.74
101969,SKU86550,丸子,火锅食材,3,2026-05-02,19.21
101969,SKU83681,蛋糕粉,烘焙用品,5,2026-05-02,23.48
101969,SKU12511,纸巾,日化清洁,3,2026-05-02,59.78
101970,SKU16135,淡奶油,烘焙用品,2,2026-04-08,48.49
101970,SKU12667,面包,食品饮料,5,2026-04-08,27.59
101970,SKU45701,鸡肉,肉禽蛋品,3,2026-04-08,78.04
101970,SKU96611,可乐,食品饮料,5,2026-04-08,68.83
101970,SKU13634,蔬菜拼盘,火锅食材,1,2026-04-08,28.76
101970,SKU26417,酸奶,食品饮料,3,2026-04-08,12.08
101971,SKU43705,葡萄,生鲜蔬果,4,2026-04-15,22.49
101971,SKU40343,橙子,生鲜蔬果,4,2026-04-15,47.07
101972,SKU43580,火锅底料,火锅食材,1,2026-02-23,18.43
101972,SKU99076,丸子,火锅食材,3,2026-02-23,33.38
101972,SKU79462,肥牛卷,火锅食材,5,2026-02-23,55.96
101972,SKU73801,面包,食品饮料,4,2026-02-23,28.38
101972,SKU46455,黄瓜,生鲜蔬果,2,2026-02-23,39.87
101973,SKU17608,牛奶,食品饮料,4,2026-07-13,32.14
101973,SKU71599,面包,食品饮料,3,2026-07-13,68.54
101973,SKU10875,三文鱼,肉禽蛋品,3,2026-07-13,10.97
101973,SKU10206,蚝油,粮油调味,5,2026-07-13,11.13
101974,SKU98916,毛肚,火锅食材,2,2026-04-14,63.87
101974,SKU10622,带鱼,肉禽蛋品,5,2026-04-14,51.14
101974,SKU42383,纸巾,日化清洁,3,2026-04-14,19.63
101975,SKU66434,蛋糕粉,烘焙用品,4,2026-06-04,31.76
101975,SKU83258,牙膏,日化清洁,4,2026-06-04,46.17
101975,SKU22929,丸子,火锅食材,1,2026-06-04,19.71
101976,SKU73895,生菜,生鲜蔬果,2,2026-07-07,29.05
101976,SKU30543,模具,烘焙用品,4,2026-07-07,71.25
101976,SKU77520,洗衣液,日化清洁,5,2026-07-07,66.91
101976,SKU38863,带鱼,肉禽蛋品,2,2026-07-07,61.2
101976,SKU91804,方便面,食品饮料,1,2026-07-07,19.11
101976,SKU58063,蔬菜拼盘,火锅食材,3,2026-07-07,21.51
101977,SKU83250,香蕉,生鲜蔬果,2,2026-03-24,49.21
101977,SKU48047,粉丝,火锅食材,4,2026-03-24,70.73
101977,SKU43286,蘸料,火锅食材,1,2026-03-24,10.16
101977,SKU74072,沐浴露,日化清洁,5,2026-03-24,65.35
101977,SKU53128,醋,粮油调味,3,2026-03-24,38.06
101978,SKU89056,油纸,烘焙用品,4,2026-05-24,44.12
101978,SKU61034,苹果,生鲜蔬果,3,2026-05-24,31.07
101978,SKU69076,薯片,食品饮料,3,2026-05-24,47.27
101978,SKU22332,香蕉,生鲜蔬果,2,2026-05-24,49.94
101978,SKU42875,酵母,烘焙用品,1,2026-05-24,54.08
101979,SKU98398,蔬菜拼盘,火锅食材,3,2026-01-11,65.4
101979,SKU51126,鸡肉,肉禽蛋品,4,2026-01-11,77.41
101979,SKU46426,橙子,生鲜蔬果,4,2026-01-11,51.12
101979,SKU31174,粉丝,火锅食材,2,2026-01-11,5.44
101979,SKU75910,土豆,生鲜蔬果,1,2026-01-11,72.13
101980,SKU70633,蛋挞皮,烘焙用品,4,2026-09-15,27.66
101980,SKU42407,鸡肉,肉禽蛋品,2,2026-09-15,20.83
101981,SKU64995,牛奶,食品饮料,4,2026-05-25,79.75
101981,SKU24467,面包,食品饮料,4,2026-05-25,74.84
101981,SKU72529,蘸料,火锅食材,2,2026-05-25,32.65
101981,SKU18739,牙膏,日化清洁,2,2026-05-25,45.29
101982,SKU98312,排骨,肉禽蛋品,3,2026-09-05,47.46
101982,SKU62996,面粉,粮油调味,5,2026-09-05,7.93
101982,SKU48299,肥牛卷,火锅食材,1,2026-09-05,52.14
101982,SKU55570,鸭血,火锅食材,1,2026-09-05,58.37
101982,SKU58222,垃圾袋,日化清洁,5,2026-09-05,62.94
101982,SKU39741,蘸料,火锅食材,2,2026-09-05,38.82
101983,SKU58288,模具,烘焙用品,1,2026-01-23,43.78
101983,SKU74752,酵母,烘焙用品,5,2026-01-23,34.07
101983,SKU26155,白糖,粮油调味,1,2026-01-23,40.96
101984,SKU45616,面包,食品饮料,1,2026-07-25,3.37
101984,SKU58443,鸡肉,肉禽蛋品,1,2026-07-25,63.39
101984,SKU41253,饼干,食品饮料,4,2026-07-25,6.48
101984,SKU65418,巧克力,食品饮料,1,2026-07-25,6.92
101985,SKU33129,苹果,生鲜蔬果,5,2026-05-25,60.02
101985,SKU53278,香蕉,生鲜蔬果,5,2026-05-25,41.75
101985,SKU37018,橙子,生鲜蔬果,3,2026-05-25,14.85
101985,SKU87160,大米,粮油调味,3,2026-05-25,22.91
101985,SKU88539,淡奶油,烘焙用品,4,2026-05-25,47.33
101986,SKU52166,苹果,生鲜蔬果,4,2026-03-28,51.59
101986,SKU58001,香蕉,生鲜蔬果,3,2026-03-28,37.29
101986,SKU70482,橙子,生鲜蔬果,5,2026-03-28,72.4
101986,SKU97424,醋,粮油调味,5,2026-03-28,57.07
101986,SKU73480,淡奶油,烘焙用品,2,2026-03-28,76.52
101987,SKU74954,醋,粮油调味,4,2026-02-02,56.38
101987,SKU52442,虾仁,肉禽蛋品,4,2026-02-02,12.27
101987,SKU10265,纸巾,日化清洁,2,2026-02-02,58.03
101987,SKU39412,葡萄,生鲜蔬果,1,2026-02-02,39.61
101988,SKU36342,蛋糕粉,烘焙用品,1,2026-01-09,25.6
101988,SKU62015,黄油,烘焙用品,1,2026-01-09,34.49
101988,SKU29354,淡奶油,烘焙用品,4,2026-01-09,38.79
101988,SKU10078,鸡蛋,肉禽蛋品,4,2026-01-09,62.78
101988,SKU30414,消毒液,日化清洁,4,2026-01-09,11.51
101988,SKU71435,葡萄,生鲜蔬果,4,2026-01-09,47.33
101989,SKU89624,黄瓜,生鲜蔬果,4,2026-02-15,15.11
101989,SKU37611,淡奶油,烘焙用品,1,2026-02-15,55.94
101989,SKU23197,果汁,食品饮料,5,2026-02-15,45.18
101989,SKU63372,食用油,粮油调味,4,2026-02-15,72.95
101990,SKU19419,蛋糕粉,烘焙用品,3,2026-08-13,27.02
101990,SKU40426,黄油,烘焙用品,4,2026-08-13,52.31
101990,SKU76882,淡奶油,烘焙用品,5,2026-08-13,8.14
101990,SKU45744,鸡蛋,肉禽蛋品,3,2026-08-13,79.66
101990,SKU64859,苹果,生鲜蔬果,4,2026-08-13,12.71
101990,SKU60325,虾仁,肉禽蛋品,1,2026-08-13,66.61
101991,SKU24090,牛奶,食品饮料,4,2026-08-17,56.42
101991,SKU55995,面包,食品饮料,3,2026-08-17,57.67
101991,SKU34219,白糖,粮油调味,1,2026-08-17,54.06
101991,SKU41137,芝士碎,烘焙用品,4,2026-08-17,73.09
101991,SKU91766,土豆,生鲜蔬果,3,2026-08-17,5.27
101992,SKU67072,蛋糕粉,烘焙用品,4,2026-08-08,32.56
101992,SKU47550,黄油,烘焙用品,4,2026-08-08,77.7
101992,SKU93220,淡奶油,烘焙用品,1,2026-08-08,27.97
101992,SKU92209,鸡蛋,肉禽蛋品,2,2026-08-08,24.38
101992,SKU63985,葡萄,生鲜蔬果,1,2026-08-08,56.25
101993,SKU57932,蛋糕粉,烘焙用品,5,2026-05-08,54.25
101993,SKU41425,黄油,烘焙用品,5,2026-05-08,71.49
101993,SKU53637,淡奶油,烘焙用品,5,2026-05-08,5.47
101993,SKU25170,鸡蛋,肉禽蛋品,4,2026-05-08,20.28
101993,SKU68141,芝士碎,烘焙用品,2,2026-05-08,32.12
101993,SKU95657,胡萝卜,生鲜蔬果,5,2026-05-08,61.31
101993,SKU56779,油纸,烘焙用品,5,2026-05-08,32.63
101994,SKU11459,可乐,食品饮料,1,2026-06-27,5.32
101994,SKU75237,薯片,食品饮料,3,2026-06-27,54.25
101994,SKU30504,饼干,食品饮料,1,2026-06-27,31.04
101994,SKU14734,洗衣液,日化清洁,5,2026-06-27,75.86
101995,SKU86897,果汁,食品饮料,3,2026-09-13,74.49
101995,SKU81586,牛肉,肉禽蛋品,5,2026-09-13,67.48
101995,SKU32719,鸡翅,肉禽蛋品,5,2026-09-13,36.42
101995,SKU88210,醋,粮油调味,3,2026-09-13,46.22
101996,SKU53873,大米,粮油调味,4,2026-03-28,52.91
101996,SKU21454,食用油,粮油调味,3,2026-03-28,7.84
101996,SKU86988,酱油,粮油调味,4,2026-03-28,64.63
101996,SKU57609,白菜,生鲜蔬果,4,2026-03-28,56.5
101996,SKU36313,苹果,生鲜蔬果,1,2026-03-28,69.68
101997,SKU35937,大米,粮油调味,2,2026-08-17,37.98
101997,SKU42922,食用油,粮油调味,3,2026-08-17,61.92
101997,SKU12607,酱油,粮油调味,3,2026-08-17,43.81
101997,SKU74554,生菜,生鲜蔬果,1,2026-08-17,51.08
101998,SKU59375,洗衣液,日化清洁,4,2026-07-23,24.35
101998,SKU66561,纸巾,日化清洁,1,2026-07-23,27.63
101998,SKU28499,垃圾袋,日化清洁,3,2026-07-23,22.12
101998,SKU44302,酵母,烘焙用品,2,2026-07-23,68.21
101998,SKU98671,牛肉,肉禽蛋品,4,2026-07-23,6.01
101999,SKU31996,鸡蛋,肉禽蛋品,5,2026-09-04,56.21
101999,SKU19476,饼干,食品饮料,5,2026-09-04,58.48
102000,SKU94919,洗发水,日化清洁,3,2026-09-18,45.64
102000,SKU62671,沐浴露,日化清洁,1,2026-09-18,65.33
102000,SKU88836,牙膏,日化清洁,5,2026-09-18,11.47
102000,SKU11861,面包,食品饮料,2,2026-09-18,3.64
102000,SKU52418,酸奶,食品饮料,5,2026-09-18,68.58
102000,SKU87695,香草精,烘焙用品,5,2026-09-18,44.72
102001,SKU13298,香蕉,生鲜蔬果,3,2026-01-11,57.85
102001,SKU82465,排骨,肉禽蛋品,3,2026-01-11,79.54
102001,SKU16320,饼干,食品饮料,1,2026-01-11,56.51
102001,SKU39013,土豆,生鲜蔬果,3,2026-01-11,32.0
102001,SKU77923,醋,粮油调味,3,2026-01-11,76.7
102001,SKU87504,料酒,粮油调味,4,2026-01-11,65.4
102002,SKU64374,火锅底料,火锅食材,1,2026-01-21,34.64
102002,SKU12888,丸子,火锅食材,5,2026-01-21,26.37
102002,SKU19841,肥牛卷,火锅食材,2,2026-01-21,76.98
102002,SKU48091,生菜,生鲜蔬果,2,2026-01-21,73.27
102003,SKU34922,虾仁,肉禽蛋品,3,2026-07-15,46.58
102003,SKU16759,毛肚,火锅食材,4,2026-07-15,62.85
102003,SKU45058,鸭蛋,肉禽蛋品,4,2026-07-15,66.0
102003,SKU83400,带鱼,肉禽蛋品,5,2026-07-15,42.21
102004,SKU42072,胡萝卜,生鲜蔬果,5,2026-05-19,14.44
102004,SKU44041,食用油,粮油调味,2,2026-05-19,9.09
102004,SKU56393,拖把,日化清洁,4,2026-05-19,31.45
102004,SKU25726,西红柿,生鲜蔬果,4,2026-05-19,58.09
102005,SKU91739,洗发水,日化清洁,3,2026-07-13,78.46
102005,SKU49741,沐浴露,日化清洁,3,2026-07-13,68.4
102005,SKU84686,牙膏,日化清洁,2,2026-07-13,74.39
102005,SKU23163,鸡肉,肉禽蛋品,4,2026-07-13,25.38
102005,SKU15172,料酒,粮油调味,4,2026-07-13,23.84
102005,SKU83864,土豆,生鲜蔬果,5,2026-07-13,32.69
102006,SKU45548,鸡翅,肉禽蛋品,4,2026-06-07,79.71
102006,SKU60534,蚝油,粮油调味,5,2026-06-07,73.64
102006,SKU34425,土豆,生鲜蔬果,3,2026-06-07,10.24
102007,SKU11746,垃圾袋,日化清洁,1,2026-07-04,41.81
102007,SKU36224,蔬菜拼盘,火锅食材,3,2026-07-04,68.85
102007,SKU14736,肥牛卷,火锅食材,5,2026-07-04,21.9
102007,SKU45559,面包,食品饮料,5,2026-07-04,19.88
102007,SKU98516,洗洁精,日化清洁,3,2026-07-04,67.71
102007,SKU56251,蛋糕粉,烘焙用品,4,2026-07-04,42.65
102008,SKU59924,蛋糕粉,烘焙用品,5,2026-09-17,32.5
102008,SKU58556,黄油,烘焙用品,5,2026-09-17,18.1
102008,SKU28621,淡奶油,烘焙用品,5,2026-09-17,34.94
102008,SKU31395,鸡蛋,肉禽蛋品,4,2026-09-17,36.54
102008,SKU80631,芝士碎,烘焙用品,2,2026-09-17,21.48
102009,SKU89604,洗发水,日化清洁,2,2026-04-03,50.2
102009,SKU93201,辣椒酱,粮油调味,3,2026-04-03,77.32
102009,SKU14288,面包,食品饮料,4,2026-04-03,67.3
102009,SKU27590,排骨,肉禽蛋品,2,2026-04-03,72.69
102009,SKU69552,蘸料,火锅食材,5,2026-04-03,4.37
102010,SKU12323,酵母,烘焙用品,5,2026-08-03,25.81
102010,SKU96578,鸡翅,肉禽蛋品,2,2026-08-03,60.67
102011,SKU14017,料酒,粮油调味,2,2026-05-09,50.84
102011,SKU41238,薯片,食品饮料,2,2026-05-09,17.34
102011,SKU66516,鸡肉,肉禽蛋品,1,2026-05-09,66.68
102011,SKU85119,可乐,食品饮料,4,2026-05-09,77.41
102012,SKU18063,面包,食品饮料,1,2026-01-14,9.12
102012,SKU40207,火锅底料,火锅食材,3,2026-01-14,3.12
102012,SKU71377,丸子,火锅食材,5,2026-01-14,22.27
102012,SKU12338,三文鱼,肉禽蛋品,5,2026-01-14,16.35
102012,SKU68584,橙子,生鲜蔬果,1,2026-01-14,52.47
102013,SKU39619,沐浴露,日化清洁,3,2026-08-23,19.3
102013,SKU44560,蚝油,粮油调味,5,2026-08-23,12.98
102013,SKU74558,醋,粮油调味,2,2026-08-23,30.73
102013,SKU33784,可乐,食品饮料,4,2026-08-23,37.73
102013,SKU57462,虾仁,肉禽蛋品,4,2026-08-23,38.13
102013,SKU16278,三文鱼,肉禽蛋品,4,2026-08-23,54.93
102014,SKU14567,豆腐,火锅食材,5,2026-03-04,26.79
102014,SKU34851,沐浴露,日化清洁,2,2026-03-04,57.75
102014,SKU61935,酱油,粮油调味,5,2026-03-04,20.73
102014,SKU76256,牛肉,肉禽蛋品,5,2026-03-04,40.67
102014,SKU12072,鸡肉,肉禽蛋品,3,2026-03-04,16.58
102014,SKU92031,可乐,食品饮料,3,2026-03-04,38.58
102015,SKU85527,洗发水,日化清洁,1,2026-09-08,70.8
102015,SKU33286,沐浴露,日化清洁,2,2026-09-08,55.55
102015,SKU27144,牙膏,日化清洁,5,2026-09-08,29.21
102015,SKU51580,巧克力,食品饮料,1,2026-09-08,14.57
102015,SKU65009,香草精,烘焙用品,3,2026-09-08,34.36
102015,SKU47986,火锅底料,火锅食材,4,2026-09-08,48.59
102016,SKU20279,豆腐,火锅食材,4,2026-07-24,60.46
102016,SKU52672,生菜,生鲜蔬果,2,2026-07-24,69.97
102016,SKU93520,粉丝,火锅食材,5,2026-07-24,58.34
102016,SKU86778,芝士碎,烘焙用品,3,2026-07-24,78.32
102016,SKU18472,料酒,粮油调味,2,2026-07-24,57.23
102017,SKU38018,食用油,粮油调味,5,2026-02-23,24.62
102017,SKU65380,辣椒酱,粮油调味,4,2026-02-23,40.53
102017,SKU35782,牙膏,日化清洁,2,2026-02-23,33.88
102017,SKU86469,橙子,生鲜蔬果,5,2026-02-23,73.48
102017,SKU56278,牛肉,肉禽蛋品,4,2026-02-23,71.02
102018,SKU94515,羊肉卷,火锅食材,1,2026-05-25,6.39
102018,SKU13952,油纸,烘焙用品,1,2026-05-25,4.79
102018,SKU33318,猪肉,肉禽蛋品,1,2026-05-25,60.16
102018,SKU97530,丸子,火锅食材,5,2026-05-25,65.91
102018,SKU61788,带鱼,肉禽蛋品,4,2026-05-25,48.9
102018,SKU52180,三文鱼,肉禽蛋品,2,2026-05-25,27.62
102019,SKU68366,面包,食品饮料,5,2026-08-11,56.84
102019,SKU97908,香蕉,生鲜蔬果,1,2026-08-11,51.7
102020,SKU34037,方便面,食品饮料,5,2026-01-22,56.49
102020,SKU32871,纸巾,日化清洁,3,2026-01-22,15.06
102021,SKU77669,蛋糕粉,烘焙用品,5,2026-08-28,25.9
102021,SKU55263,蛋挞皮,烘焙用品,2,2026-08-28,68.72
102021,SKU86850,沐浴露,日化清洁,1,2026-08-28,38.16
102021,SKU53501,鸡翅,肉禽蛋品,4,2026-08-28,14.96
102022,SKU98540,白糖,粮油调味,4,2026-02-06,38.67
102022,SKU75235,牛奶,食品饮料,4,2026-02-06,55.35
102022,SKU27049,洗洁精,日化清洁,4,2026-02-06,19.38
102022,SKU53883,辣椒酱,粮油调味,4,2026-02-06,64.54
102023,SKU94810,白糖,粮油调味,1,2026-09-28,26.07
102023,SKU22078,生菜,生鲜蔬果,5,2026-09-28,36.7
102024,SKU85552,胡萝卜,生鲜蔬果,1,2026-05-01,75.41
102024,SKU44629,酱油,粮油调味,5,2026-05-01,5.71
102024,SKU64041,鸭血,火锅食材,4,2026-05-01,33.26
102024,SKU97622,白菜,生鲜蔬果,5,2026-05-01,61.75
102024,SKU21809,淡奶油,烘焙用品,3,2026-05-01,39.54
102025,SKU96040,果汁,食品饮料,4,2026-08-04,35.59
102025,SKU16608,辣椒酱,粮油调味,2,2026-08-04,63.26
102025,SKU35850,肥皂,日化清洁,2,2026-08-04,14.83
102026,SKU59775,虾仁,肉禽蛋品,4,2026-07-28,59.03
102026,SKU11378,垃圾袋,日化清洁,4,2026-07-28,18.93
102026,SKU22270,洗洁精,日化清洁,4,2026-07-28,77.66
102026,SKU33050,蘸料,火锅食材,1,2026-07-28,53.91
102027,SKU64420,苹果,生鲜蔬果,3,2026-09-23,75.94
102027,SKU59660,香蕉,生鲜蔬果,1,2026-09-23,17.12
102027,SKU93756,橙子,生鲜蔬果,1,2026-09-23,23.04
102027,SKU63068,油纸,烘焙用品,5,2026-09-23,18.75
102027,SKU85118,拖把,日化清洁,2,2026-09-23,11.26
102028,SKU15013,牙膏,日化清洁,5,2026-07-06,69.8
102028,SKU92516,蛋糕粉,烘焙用品,5,2026-07-06,27.51
102028,SKU61543,矿泉水,食品饮料,5,2026-07-06,67.44
102028,SKU12163,面包,食品饮料,4,2026-07-06,19.76
102028,SKU36326,蚝油,粮油调味,1,2026-07-06,53.2
102029,SKU17403,橙子,生鲜蔬果,1,2026-07-05,32.94
102029,SKU94931,纸巾,日化清洁,4,2026-07-05,42.3
102030,SKU57703,洗发水,日化清洁,2,2026-01-28,60.05
102030,SKU72445,沐浴露,日化清洁,2,2026-01-28,70.27
102030,SKU57826,牙膏,日化清洁,2,2026-01-28,49.54
102030,SKU92392,牛肉,肉禽蛋品,2,2026-01-28,40.17
102031,SKU53861,蔬菜拼盘,火锅食材,4,2026-03-25,56.67
102031,SKU87689,蛋糕粉,烘焙用品,3,2026-03-25,25.96
102031,SKU14840,糖粉,烘焙用品,5,2026-03-25,58.0
102031,SKU33874,模具,烘焙用品,4,2026-03-25,9.87
102032,SKU72686,洗洁精,日化清洁,5,2026-07-20,17.1
102032,SKU26684,果汁,食品饮料,1,2026-07-20,6.82
102033,SKU35563,料酒,粮油调味,4,2026-04-07,42.22
102033,SKU65141,鸡翅,肉禽蛋品,4,2026-04-07,65.78
102034,SKU20956,可乐,食品饮料,3,2026-01-06,41.48
102034,SKU18834,薯片,食品饮料,2,2026-01-06,60.12
102034,SKU91972,饼干,食品饮料,5,2026-01-06,23.48
102034,SKU87389,蘸料,火锅食材,3,2026-01-06,7.86
102034,SKU21137,胡萝卜,生鲜蔬果,3,2026-01-06,64.33
102035,SKU26992,洗发水,日化清洁,3,2026-08-14,30.84
102035,SKU74257,大米,粮油调味,5,2026-08-14,27.88
102035,SKU67301,带鱼,肉禽蛋品,1,2026-08-14,69.96
102035,SKU97411,蚝油,粮油调味,2,2026-08-14,3.44
102036,SKU67518,蛋糕粉,烘焙用品,2,2026-03-25,44.82
102036,SKU23614,黄油,烘焙用品,5,2026-03-25,50.16
102036,SKU35413,淡奶油,烘焙用品,3,2026-03-25,58.92
102036,SKU88463,鸡蛋,肉禽蛋品,3,2026-03-25,64.82
102036,SKU30532,蚝油,粮油调味,4,2026-03-25,26.12
102036,SKU50606,牛奶,食品饮料,4,2026-03-25,43.52
102036,SKU46304,纸巾,日化清洁,4,2026-03-25,23.49
102037,SKU56323,蛋糕粉,烘焙用品,1,2026-06-11,79.9
102037,SKU16437,黄油,烘焙用品,1,2026-06-11,43.53
102037,SKU62837,淡奶油,烘焙用品,5,2026-06-11,39.97
102037,SKU55956,鸡蛋,肉禽蛋品,3,2026-06-11,66.05
102037,SKU54357,酸奶,食品饮料,1,2026-06-11,60.53
102037,SKU11569,黄瓜,生鲜蔬果,5,2026-06-11,11.56
102038,SKU67048,牛奶,食品饮料,3,2026-06-17,22.53
102038,SKU68528,面包,食品饮料,1,2026-06-17,48.3
102038,SKU81834,酵母,烘焙用品,5,2026-06-17,65.47
102038,SKU60344,肥牛卷,火锅食材,4,2026-06-17,32.02
102039,SKU85245,蚝油,粮油调味,4,2026-05-13,37.09
102039,SKU36035,辣椒酱,粮油调味,4,2026-05-13,78.0
102039,SKU29385,矿泉水,食品饮料,4,2026-05-13,47.44
102040,SKU73559,面粉,粮油调味,1,2026-03-26,16.96
102040,SKU93731,毛肚,火锅食材,3,2026-03-26,18.92
102040,SKU51054,鸭蛋,肉禽蛋品,4,2026-03-26,21.86
102040,SKU31573,胡萝卜,生鲜蔬果,1,2026-03-26,27.88
102040,SKU11136,沐浴露,日化清洁,1,2026-03-26,49.22
102041,SKU94095,排骨,肉禽蛋品,1,2026-06-21,51.07
102041,SKU88010,胡萝卜,生鲜蔬果,5,2026-06-21,35.88
102041,SKU87004,土豆,生鲜蔬果,1,2026-06-21,23.77
102041,SKU63698,酵母,烘焙用品,4,2026-06-21,37.72
102042,SKU40388,鸭蛋,肉禽蛋品,4,2026-07-01,78.23
102042,SKU36867,牛肉,肉禽蛋品,4,2026-07-01,36.56
102042,SKU79300,糖粉,烘焙用品,5,2026-07-01,36.97
102042,SKU69034,矿泉水,食品饮料,5,2026-07-01,29.96
102043,SKU90225,垃圾袋,日化清洁,1,2026-05-17,64.58
102043,SKU44399,香草精,烘焙用品,5,2026-05-17,22.49
102043,SKU88764,鸭蛋,肉禽蛋品,3,2026-05-17,76.77
102043,SKU67034,酸奶,食品饮料,4,2026-05-17,7.97
102044,SKU46394,洗发水,日化清洁,4,2026-04-28,39.71
102044,SKU30684,丸子,火锅食材,2,2026-04-28,36.77
102044,SKU76530,面包,食品饮料,1,2026-04-28,13.9
102045,SKU74589,拖把,日化清洁,4,2026-05-17,28.57
102045,SKU80499,胡萝卜,生鲜蔬果,5,2026-05-17,70.03
102045,SKU34562,猪肉,肉禽蛋品,2,2026-05-17,12.77
102045,SKU13731,粉丝,火锅食材,5,2026-05-17,6.12
102046,SKU82158,可乐,食品饮料,2,2026-01-11,32.24
102046,SKU52273,沐浴露,日化清洁,3,2026-01-11,24.9
102046,SKU39375,鸭蛋,肉禽蛋品,5,2026-01-11,8.17
102046,SKU34235,糖粉,烘焙用品,3,2026-01-11,26.32
102047,SKU42369,排骨,肉禽蛋品,2,2026-05-14,49.98
102047,SKU63270,胡萝卜,生鲜蔬果,1,2026-05-14,62.66
102047,SKU58740,土豆,生鲜蔬果,3,2026-05-14,21.23
102047,SKU58290,三文鱼,肉禽蛋品,2,2026-05-14,70.51
102048,SKU10012,蔬菜拼盘,火锅食材,1,2026-08-11,48.77
102048,SKU74067,土豆,生鲜蔬果,5,2026-08-11,40.74
102048,SKU76092,蛋糕粉,烘焙用品,3,2026-08-11,51.73
102048,SKU72402,大米,粮油调味,5,2026-08-11,14.27
102048,SKU65695,毛肚,火锅食材,2,2026-08-11,38.81
102048,SKU71454,酱油,粮油调味,2,2026-08-11,6.65
102049,SKU75961,酸奶,食品饮料,5,2026-08-08,79.67
102049,SKU11459,芝士碎,烘焙用品,3,2026-08-08,74.6
102049,SKU48317,拖把,日化清洁,1,2026-08-08,55.83
102049,SKU96738,淡奶油,烘焙用品,3,2026-08-08,79.69
102049,SKU28415,白菜,生鲜蔬果,1,2026-08-08,37.16
102049,SKU89927,羊肉卷,火锅食材,5,2026-08-08,33.78
102050,SKU68804,排骨,肉禽蛋品,4,2026-01-22,30.39
102050,SKU47964,胡萝卜,生鲜蔬果,5,2026-01-22,15.19
102050,SKU53590,土豆,生鲜蔬果,4,2026-01-22,21.3
102050,SKU20277,辣椒酱,粮油调味,5,2026-01-22,26.43
102050,SKU25868,酱油,粮油调味,3,2026-01-22,35.75
102050,SKU51875,虾仁,肉禽蛋品,1,2026-01-22,38.33
102051,SKU97982,面粉,粮油调味,1,2026-04-19,78.63
102051,SKU74860,薯片,食品饮料,5,2026-04-19,26.42
102051,SKU36277,洗衣液,日化清洁,3,2026-04-19,57.81
102051,SKU57784,牛肉,肉禽蛋品,5,2026-04-19,65.09
102051,SKU54398,模具,烘焙用品,2,2026-04-19,60.11
102052,SKU34888,肥皂,日化清洁,1,2026-08-05,29.89
102052,SKU64448,苹果,生鲜蔬果,1,2026-08-05,34.47
102052,SKU26841,模具,烘焙用品,4,2026-08-05,16.99
102053,SKU34007,洗发水,日化清洁,1,2026-09-04,66.75
102053,SKU78248,沐浴露,日化清洁,4,2026-09-04,69.61
102053,SKU84601,牙膏,日化清洁,3,2026-09-04,20.28
102053,SKU24632,香草精,烘焙用品,5,2026-09-04,62.36
102054,SKU65850,猪肉,肉禽蛋品,4,2026-05-24,21.58
102054,SKU79360,蚝油,粮油调味,2,2026-05-24,46.61
102054,SKU14369,火锅底料,火锅食材,3,2026-05-24,43.86
102054,SKU99583,鸡蛋,肉禽蛋品,4,2026-05-24,46.06
102055,SKU65779,粉丝,火锅食材,2,2026-09-07,44.25
102055,SKU16019,排骨,肉禽蛋品,3,2026-09-07,54.34
102055,SKU58679,蛋挞皮,烘焙用品,4,2026-09-07,39.56
102055,SKU68838,糖粉,烘焙用品,3,2026-09-07,46.44
102055,SKU52879,大米,粮油调味,2,2026-09-07,59.6
102056,SKU33440,糖粉,烘焙用品,1,2026-05-04,25.61
102056,SKU79886,丸子,火锅食材,3,2026-05-04,56.01
102056,SKU81843,鸡翅,肉禽蛋品,5,2026-05-04,59.78
102056,SKU80854,纸巾,日化清洁,1,2026-05-04,4.99
102057,SKU48267,排骨,肉禽蛋品,3,2026-06-26,40.3
102057,SKU92481,胡萝卜,生鲜蔬果,3,2026-06-26,63.38
102057,SKU12789,土豆,生鲜蔬果,2,2026-06-26,6.58
102057,SKU24960,料酒,粮油调味,2,2026-06-26,25.19
102058,SKU25327,大米,粮油调味,3,2026-01-26,47.65
102058,SKU78550,食用油,粮油调味,4,2026-01-26,32.18
102058,SKU99198,酱油,粮油调味,1,2026-01-26,35.97
102058,SKU93258,油纸,烘焙用品,1,2026-01-26,9.62
102059,SKU46109,可乐,食品饮料,3,2026-06-21,4.28
102059,SKU56700,薯片,食品饮料,4,2026-06-21,54.09
102059,SKU50879,饼干,食品饮料,1,2026-06-21,6.24
102059,SKU14445,辣椒酱,粮油调味,3,2026-06-21,45.5
102060,SKU14867,排骨,肉禽蛋品,5,2026-09-19,50.97
102060,SKU50337,胡萝卜,生鲜蔬果,4,2026-09-19,26.88
102060,SKU67290,土豆,生鲜蔬果,5,2026-09-19,21.63
102060,SKU95128,黄油,烘焙用品,3,2026-09-19,59.91
102061,SKU31593,蛋糕粉,烘焙用品,3,2026-09-02,40.52
102061,SKU76845,料酒,粮油调味,3,2026-09-02,30.94
102061,SKU78678,黄油,烘焙用品,1,2026-09-02,40.31
102062,SKU63342,西红柿,生鲜蔬果,5,2026-04-08,51.56
102062,SKU97974,鸡蛋,肉禽蛋品,4,2026-04-08,57.08
102062,SKU15325,黄瓜,生鲜蔬果,5,2026-04-08,5.71
102062,SKU37750,酱油,粮油调味,1,2026-04-08,23.01
102062,SKU81928,方便面,食品饮料,5,2026-04-08,72.85
102062,SKU82107,饼干,食品饮料,1,2026-04-08,24.04
102063,SKU67347,面粉,粮油调味,5,2026-09-26,31.99
102063,SKU75793,洗衣液,日化清洁,1,2026-09-26,46.48
102063,SKU75249,鸡蛋,肉禽蛋品,4,2026-09-26,19.23
102063,SKU75678,矿泉水,食品饮料,1,2026-09-26,76.34
102063,SKU63252,黄瓜,生鲜蔬果,1,2026-09-26,71.34
102064,SKU24232,牛奶,食品饮料,3,2026-09-18,32.24
102064,SKU57819,面包,食品饮料,2,2026-09-18,45.31
102064,SKU43080,蔬菜拼盘,火锅食材,1,2026-09-18,10.79
102065,SKU38709,带鱼,肉禽蛋品,2,2026-06-09,69.69
102065,SKU67851,肥皂,日化清洁,4,2026-06-09,11.32
102065,SKU69300,糖粉,烘焙用品,4,2026-06-09,48.7
102065,SKU31207,辣椒酱,粮油调味,4,2026-06-09,16.26
102065,SKU75296,鸭蛋,肉禽蛋品,5,2026-06-09,30.31
102066,SKU40348,牛奶,食品饮料,1,2026-05-16,38.9
102066,SKU54151,面包,食品饮料,2,2026-05-16,9.9
102066,SKU65614,葡萄,生鲜蔬果,4,2026-05-16,10.24
102066,SKU32608,毛肚,火锅食材,1,2026-05-16,71.82
102066,SKU20811,香草精,烘焙用品,4,2026-05-16,75.21
102067,SKU44405,香草精,烘焙用品,1,2026-05-27,68.31
102067,SKU66379,牛肉,肉禽蛋品,1,2026-05-27,31.49
102067,SKU55220,酵母,烘焙用品,3,2026-05-27,24.86
102067,SKU28800,牙膏,日化清洁,5,2026-05-27,59.97
102068,SKU43330,面包,食品饮料,4,2026-07-24,45.94
102068,SKU66173,牛肉,肉禽蛋品,5,2026-07-24,41.96
102068,SKU34818,鸭蛋,肉禽蛋品,2,2026-07-24,4.61
102068,SKU68227,蚝油,粮油调味,5,2026-07-24,65.21
102069,SKU10318,大米,粮油调味,4,2026-04-20,54.6
102069,SKU98588,食用油,粮油调味,4,2026-04-20,24.66
102069,SKU44279,酱油,粮油调味,1,2026-04-20,26.95
102069,SKU32329,面粉,粮油调味,3,2026-04-20,3.26
102069,SKU34947,巧克力,食品饮料,4,2026-04-20,56.42
102070,SKU28792,大米,粮油调味,1,2026-06-07,45.89
102070,SKU21571,食用油,粮油调味,4,2026-06-07,58.43
102070,SKU26106,酱油,粮油调味,2,2026-06-07,44.07
102070,SKU11165,洗发水,日化清洁,3,2026-06-07,29.54
102070,SKU45804,拖把,日化清洁,5,2026-06-07,54.36
102071,SKU80931,虾仁,肉禽蛋品,3,2026-03-28,33.95
102071,SKU76919,丸子,火锅食材,5,2026-03-28,52.17
102071,SKU78890,洗发水,日化清洁,3,2026-03-28,52.84
102071,SKU67488,西红柿,生鲜蔬果,2,2026-03-28,56.68
102072,SKU97026,可乐,食品饮料,3,2026-03-16,5.51
102072,SKU37773,薯片,食品饮料,2,2026-03-16,53.56
102072,SKU23804,饼干,食品饮料,4,2026-03-16,43.77
102072,SKU71585,白糖,粮油调味,2,2026-03-16,14.66
102073,SKU66301,蛋糕粉,烘焙用品,4,2026-03-15,73.52
102073,SKU90531,黄油,烘焙用品,4,2026-03-15,25.44
102073,SKU76676,淡奶油,烘焙用品,3,2026-03-15,73.19
102073,SKU48390,鸡蛋,肉禽蛋品,1,2026-03-15,47.71
102073,SKU68503,鸡翅,肉禽蛋品,4,2026-03-15,44.38
102073,SKU86489,香草精,烘焙用品,4,2026-03-15,60.95
102074,SKU93519,苹果,生鲜蔬果,4,2026-03-19,40.65
102074,SKU62859,香蕉,生鲜蔬果,4,2026-03-19,15.09
102074,SKU89106,橙子,生鲜蔬果,4,2026-03-19,41.86
102074,SKU53297,醋,粮油调味,1,2026-03-19,73.06
102074,SKU65403,胡萝卜,生鲜蔬果,2,2026-03-19,34.13
102074,SKU37425,盐,粮油调味,4,2026-03-19,52.75
102075,SKU88233,可乐,食品饮料,1,2026-03-02,40.24
102075,SKU49637,薯片,食品饮料,1,2026-03-02,29.3
102075,SKU82689,饼干,食品饮料,1,2026-03-02,73.47
102075,SKU36175,白糖,粮油调味,5,2026-03-02,20.06
102076,SKU11485,火锅底料,火锅食材,4,2026-02-21,24.53
102076,SKU27717,丸子,火锅食材,2,2026-02-21,22.21
102076,SKU25628,肥牛卷,火锅食材,5,2026-02-21,7.49
102076,SKU79272,土豆,生鲜蔬果,5,2026-02-21,20.1
102076,SKU57889,鸡蛋,肉禽蛋品,5,2026-02-21,52.62
102076,SKU56348,蛋糕粉,烘焙用品,2,2026-02-21,8.54
102077,SKU44090,丸子,火锅食材,3,2026-05-25,40.32
102077,SKU85995,蔬菜拼盘,火锅食材,1,2026-05-25,69.24
102077,SKU59490,鸡肉,肉禽蛋品,1,2026-05-25,4.65
102078,SKU14964,牛奶,食品饮料,1,2026-07-01,25.31
102078,SKU95592,消毒液,日化清洁,2,2026-07-01,34.6
102078,SKU50755,纸巾,日化清洁,2,2026-07-01,65.35
102079,SKU29191,虾仁,肉禽蛋品,5,2026-08-18,79.47
102079,SKU23015,洗发水,日化清洁,4,2026-08-18,77.05
102079,SKU64501,鸡蛋,肉禽蛋品,2,2026-08-18,28.98
102080,SKU90419,西红柿,生鲜蔬果,3,2026-03-03,69.72
102080,SKU95407,鸡蛋,肉禽蛋品,5,2026-03-03,41.22
102080,SKU90626,黄瓜,生鲜蔬果,1,2026-03-03,33.39
102080,SKU83968,胡萝卜,生鲜蔬果,5,2026-03-03,7.95
102081,SKU38104,可乐,食品饮料,1,2026-08-21,78.51
102081,SKU61292,薯片,食品饮料,4,2026-08-21,45.53
102081,SKU98292,饼干,食品饮料,5,2026-08-21,74.61
102081,SKU15501,蛋糕粉,烘焙用品,2,2026-08-21,11.76
102081,SKU71740,酵母,烘焙用品,4,2026-08-21,76.44
102081,SKU99902,肥皂,日化清洁,2,2026-08-21,7.15
102082,SKU30323,土豆,生鲜蔬果,5,2026-08-03,71.81
102082,SKU54733,醋,粮油调味,1,2026-08-03,73.33
102082,SKU15185,黄瓜,生鲜蔬果,4,2026-08-03,16.64
102083,SKU80026,羊肉卷,火锅食材,4,2026-08-01,51.03
102083,SKU18272,可乐,食品饮料,5,2026-08-01,50.44
102083,SKU39938,鸭血,火锅食材,2,2026-08-01,15.95
102083,SKU53276,洗洁精,日化清洁,5,2026-08-01,12.02
102084,SKU52988,食用油,粮油调味,2,2026-03-05,77.23
102084,SKU48891,三文鱼,肉禽蛋品,3,2026-03-05,5.86
102084,SKU98600,模具,烘焙用品,5,2026-03-05,54.65
102085,SKU62667,肥牛卷,火锅食材,1,2026-04-18,41.95
102085,SKU45162,肥皂,日化清洁,3,2026-04-18,30.8
102085,SKU17527,果汁,食品饮料,4,2026-04-18,45.05
102085,SKU85233,牛奶,食品饮料,4,2026-04-18,65.68
102086,SKU57117,料酒,粮油调味,4,2026-03-24,67.85
102086,SKU46718,黄油,烘焙用品,3,2026-03-24,52.92
102086,SKU80734,淡奶油,烘焙用品,3,2026-03-24,44.9
102086,SKU11784,粉丝,火锅食材,4,2026-03-24,30.79
102086,SKU14108,牛奶,食品饮料,4,2026-03-24,60.57
102087,SKU57522,排骨,肉禽蛋品,1,2026-01-24,64.11
102087,SKU10309,胡萝卜,生鲜蔬果,5,2026-01-24,57.41
102087,SKU40995,土豆,生鲜蔬果,3,2026-01-24,17.86
102087,SKU59120,鸡肉,肉禽蛋品,1,2026-01-24,65.08
102088,SKU14062,鸭蛋,肉禽蛋品,1,2026-07-19,27.05
102088,SKU98759,橙子,生鲜蔬果,1,2026-07-19,71.27
102089,SKU84323,牛奶,食品饮料,4,2026-04-07,7.2
102089,SKU60821,面包,食品饮料,2,2026-04-07,8.95
102089,SKU60636,面粉,粮油调味,3,2026-04-07,13.04
102089,SKU39716,食用油,粮油调味,4,2026-04-07,67.52
102090,SKU18363,西红柿,生鲜蔬果,2,2026-04-04,11.12
102090,SKU68835,鸡蛋,肉禽蛋品,4,2026-04-04,9.6
102090,SKU86294,黄瓜,生鲜蔬果,1,2026-04-04,49.36
102090,SKU42774,带鱼,肉禽蛋品,3,2026-04-04,27.37
102091,SKU40507,垃圾袋,日化清洁,4,2026-01-11,62.39
102091,SKU64682,白菜,生鲜蔬果,3,2026-01-11,15.11
102091,SKU58376,胡萝卜,生鲜蔬果,2,2026-01-11,31.09
102091,SKU66649,黄瓜,生鲜蔬果,1,2026-01-11,39.33
102091,SKU44568,西红柿,生鲜蔬果,2,2026-01-11,30.84
102091,SKU13687,牙膏,日化清洁,1,2026-01-11,21.47
102092,SKU52799,洗发水,日化清洁,1,2026-03-23,33.56
102092,SKU48646,沐浴露,日化清洁,4,2026-03-23,4.67
102092,SKU35332,牙膏,日化清洁,5,2026-03-23,15.91
102092,SKU67711,丸子,火锅食材,3,2026-03-23,71.04
102092,SKU97070,鸡肉,肉禽蛋品,4,2026-03-23,25.14
102093,SKU26843,排骨,肉禽蛋品,3,2026-05-19,17.76
102093,SKU91794,胡萝卜,生鲜蔬果,4,2026-05-19,69.51
102093,SKU74644,土豆,生鲜蔬果,5,2026-05-19,68.22
102093,SKU25993,羊肉卷,火锅食材,3,2026-05-19,15.57
102094,SKU24853,豆腐,火锅食材,1,2026-06-17,27.43
102094,SKU31296,鸭蛋,肉禽蛋品,1,2026-06-17,8.14
102094,SKU48372,黄油,烘焙用品,3,2026-06-17,11.93
102094,SKU57744,酸奶,食品饮料,5,2026-06-17,27.01
102094,SKU67619,鸡肉,肉禽蛋品,3,2026-06-17,77.39
102094,SKU98184,丸子,火锅食材,2,2026-06-17,8.73
102095,SKU52097,排骨,肉禽蛋品,4,2026-04-15,33.98
102095,SKU51612,胡萝卜,生鲜蔬果,3,2026-04-15,72.66
102095,SKU72336,土豆,生鲜蔬果,1,2026-04-15,44.79
102095,SKU10975,方便面,食品饮料,1,2026-04-15,17.79
102095,SKU21896,牛肉,肉禽蛋品,1,2026-04-15,53.01
102095,SKU21709,西红柿,生鲜蔬果,4,2026-04-15,34.06
102096,SKU79764,洗衣液,日化清洁,2,2026-08-01,37.8
102096,SKU97119,纸巾,日化清洁,2,2026-08-01,69.0
102096,SKU95193,垃圾袋,日化清洁,5,2026-08-01,51.62
102096,SKU13881,苹果,生鲜蔬果,1,2026-08-01,38.04
102096,SKU71620,鸭蛋,肉禽蛋品,2,2026-08-01,77.29
102096,SKU65298,鸡蛋,肉禽蛋品,5,2026-08-01,32.31
102097,SKU62272,苹果,生鲜蔬果,3,2026-05-01,68.9
102097,SKU67368,香蕉,生鲜蔬果,1,2026-05-01,57.64
102097,SKU29471,橙子,生鲜蔬果,5,2026-05-01,66.13
102097,SKU65200,洗衣液,日化清洁,3,2026-05-01,8.78
102098,SKU72000,蛋糕粉,烘焙用品,3,2026-05-07,70.65
102098,SKU96360,黄油,烘焙用品,3,2026-05-07,70.58
102098,SKU28939,淡奶油,烘焙用品,4,2026-05-07,75.58
102098,SKU79228,鸡蛋,肉禽蛋品,3,2026-05-07,73.04
102098,SKU18185,生菜,生鲜蔬果,2,2026-05-07,12.77
102098,SKU48515,排骨,肉禽蛋品,4,2026-05-07,71.88
102099,SKU77963,火锅底料,火锅食材,4,2026-03-24,7.22
102099,SKU22818,丸子,火锅食材,5,2026-03-24,65.29
102099,SKU41203,肥牛卷,火锅食材,3,2026-03-24,50.23
102099,SKU65387,鸭血,火锅食材,3,2026-03-24,73.79
102099,SKU18471,方便面,食品饮料,4,2026-03-24,27.53
102100,SKU51218,醋,粮油调味,3,2026-08-10,47.7
102100,SKU52412,辣椒酱,粮油调味,1,2026-08-10,36.12
102100,SKU37943,鸡肉,肉禽蛋品,3,2026-08-10,10.96
102100,SKU95624,芝士碎,烘焙用品,4,2026-08-10,78.49
102101,SKU99645,蛋挞皮,烘焙用品,4,2026-02-08,44.84
102101,SKU80192,牛奶,食品饮料,1,2026-02-08,52.2
102101,SKU99718,鸡蛋,肉禽蛋品,4,2026-02-08,47.4
102101,SKU59249,黄瓜,生鲜蔬果,3,2026-02-08,37.87
102102,SKU75314,辣椒酱,粮油调味,3,2026-01-04,40.61
102102,SKU39215,黄瓜,生鲜蔬果,2,2026-01-04,21.34
102102,SKU95593,薯片,食品饮料,3,2026-01-04,78.9
102102,SKU66625,鸡蛋,肉禽蛋品,5,2026-01-04,39.1
102102,SKU22291,洗洁精,日化清洁,5,2026-01-04,39.79
102102,SKU57218,豆腐,火锅食材,4,2026-01-04,41.65
102103,SKU10537,胡萝卜,生鲜蔬果,1,2026-03-27,22.57
102103,SKU12430,丸子,火锅食材,5,2026-03-27,19.5
102103,SKU25148,洗衣液,日化清洁,1,2026-03-27,73.22
102104,SKU96140,香草精,烘焙用品,3,2026-09-11,58.77
102104,SKU55888,饼干,食品饮料,3,2026-09-11,5.5
102104,SKU30075,土豆,生鲜蔬果,4,2026-09-11,73.97
102104,SKU44983,纸巾,日化清洁,5,2026-09-11,8.19
102104,SKU61192,面粉,粮油调味,4,2026-09-11,59.2
102104,SKU61999,豆腐,火锅食材,4,2026-09-11,41.91
102105,SKU45311,食用油,粮油调味,5,2026-04-24,29.67
102105,SKU93395,可乐,食品饮料,1,2026-04-24,65.56
102105,SKU73958,胡萝卜,生鲜蔬果,4,2026-04-24,16.67
102105,SKU90139,蛋挞皮,烘焙用品,5,2026-04-24,52.75
102105,SKU79827,鸡肉,肉禽蛋品,1,2026-04-24,42.31
102105,SKU36395,牛肉,肉禽蛋品,1,2026-04-24,33.32
102106,SKU30996,火锅底料,火锅食材,5,2026-02-25,14.44
102106,SKU20657,丸子,火锅食材,2,2026-02-25,21.59
102106,SKU73706,肥牛卷,火锅食材,2,2026-02-25,28.36
102106,SKU10302,牙膏,日化清洁,4,2026-02-25,13.55
102106,SKU55093,三文鱼,肉禽蛋品,2,2026-02-25,42.97
102107,SKU74823,鸭蛋,肉禽蛋品,2,2026-07-04,41.25
102107,SKU51359,方便面,食品饮料,2,2026-07-04,14.09
102107,SKU74235,牛肉,肉禽蛋品,4,2026-07-04,20.9
102107,SKU23268,醋,粮油调味,3,2026-07-04,16.85
102107,SKU11555,薯片,食品饮料,3,2026-07-04,58.63
102108,SKU95129,苹果,生鲜蔬果,3,2026-05-06,11.62
102108,SKU90951,香蕉,生鲜蔬果,5,2026-05-06,38.06
102108,SKU54876,橙子,生鲜蔬果,5,2026-05-06,25.14
102108,SKU96836,丸子,火锅食材,1,2026-05-06,78.27
102109,SKU99636,大米,粮油调味,5,2026-06-19,31.04
102109,SKU89664,食用油,粮油调味,5,2026-06-19,40.86
102109,SKU48716,酱油,粮油调味,5,2026-06-19,20.23
102109,SKU70336,西红柿,生鲜蔬果,2,2026-06-19,40.62
102110,SKU21149,洗发水,日化清洁,2,2026-06-15,47.89
102110,SKU23366,沐浴露,日化清洁,2,2026-06-15,27.69
102110,SKU37194,牙膏,日化清洁,1,2026-06-15,21.43
102110,SKU72314,鸡肉,肉禽蛋品,1,2026-06-15,11.23
102110,SKU98656,蛋挞皮,烘焙用品,3,2026-06-15,17.45
102110,SKU44096,胡萝卜,生鲜蔬果,1,2026-06-15,16.72
102111,SKU26528,洗发水,日化清洁,2,2026-07-19,13.74
102111,SKU32298,沐浴露,日化清洁,2,2026-07-19,20.57
102111,SKU42672,牙膏,日化清洁,1,2026-07-19,45.94
102111,SKU72195,鸡蛋,肉禽蛋品,5,2026-07-19,60.95
102111,SKU85434,面粉,粮油调味,1,2026-07-19,75.47
102112,SKU56302,酸奶,食品饮料,1,2026-05-07,78.77
102112,SKU78049,丸子,火锅食材,5,2026-05-07,70.6
102113,SKU82599,蚝油,粮油调味,4,2026-04-16,65.81
102113,SKU95131,鸭蛋,肉禽蛋品,2,2026-04-16,13.82
102114,SKU91866,苹果,生鲜蔬果,1,2026-01-17,31.67
102114,SKU68869,香蕉,生鲜蔬果,2,2026-01-17,8.74
102114,SKU88455,橙子,生鲜蔬果,5,2026-01-17,26.22
102114,SKU42289,香草精,烘焙用品,5,2026-01-17,46.05
102115,SKU37376,西红柿,生鲜蔬果,1,2026-09-01,10.37
102115,SKU42795,鸡蛋,肉禽蛋品,4,2026-09-01,7.71
102115,SKU32157,黄瓜,生鲜蔬果,5,2026-09-01,23.53
102115,SKU51046,糖粉,烘焙用品,3,2026-09-01,67.86
102115,SKU73999,辣椒酱,粮油调味,3,2026-09-01,5.4
102115,SKU40492,蔬菜拼盘,火锅食材,1,2026-09-01,4.19
102116,SKU82798,粉丝,火锅食材,5,2026-06-11,5.11
102116,SKU40453,鸡翅,肉禽蛋品,2,2026-06-11,46.48
102116,SKU17596,白糖,粮油调味,5,2026-06-11,79.42
102116,SKU80115,方便面,食品饮料,2,2026-06-11,59.15
102116,SKU87536,鸡肉,肉禽蛋品,3,2026-06-11,40.9
102116,SKU54644,排骨,肉禽蛋品,5,2026-06-11,61.81
102117,SKU23148,油纸,烘焙用品,4,2026-09-16,62.3
102117,SKU40783,生菜,生鲜蔬果,3,2026-09-16,71.09
102117,SKU68490,肥皂,日化清洁,2,2026-09-16,60.25
102118,SKU19055,葡萄,生鲜蔬果,1,2026-01-13,47.13
102118,SKU23677,黄油,烘焙用品,4,2026-01-13,56.67
102118,SKU38864,料酒,粮油调味,5,2026-01-13,28.59
102118,SKU74235,辣椒酱,粮油调味,1,2026-01-13,48.81
102118,SKU34944,牛肉,肉禽蛋品,2,2026-01-13,58.93
102119,SKU38168,排骨,肉禽蛋品,1,2026-05-22,62.59
102119,SKU95476,胡萝卜,生鲜蔬果,4,2026-05-22,47.06
102119,SKU22782,土豆,生鲜蔬果,2,2026-05-22,5.12
102119,SKU16664,油纸,烘焙用品,5,2026-05-22,47.71
102120,SKU61269,粉丝,火锅食材,2,2026-01-10,65.1
102120,SKU68820,鸡翅,肉禽蛋品,2,2026-01-10,66.77
102120,SKU66570,香蕉,生鲜蔬果,3,2026-01-10,12.78
102120,SKU72676,丸子,火锅食材,5,2026-01-10,23.79
102121,SKU85436,大米,粮油调味,3,2026-04-05,67.25
102121,SKU38684,食用油,粮油调味,5,2026-04-05,4.85
102121,SKU67823,酱油,粮油调味,4,2026-04-05,65.14
102121,SKU26958,蛋挞皮,烘焙用品,5,2026-04-05,51.95
102122,SKU89343,苹果,生鲜蔬果,5,2026-01-27,65.58
102122,SKU51127,沐浴露,日化清洁,1,2026-01-27,68.23
102122,SKU80400,丸子,火锅食材,3,2026-01-27,3.86
102123,SKU68549,蔬菜拼盘,火锅食材,3,2026-02-19,76.26
102123,SKU68623,方便面,食品饮料,5,2026-02-19,63.04
102123,SKU34307,薯片,食品饮料,3,2026-02-19,25.67
102123,SKU44118,洗洁精,日化清洁,1,2026-02-19,77.67
102123,SKU93341,芝士碎,烘焙用品,1,2026-02-19,74.34
102124,SKU32844,洗洁精,日化清洁,1,2026-06-03,46.43
102124,SKU61584,酵母,烘焙用品,1,2026-06-03,12.01
102124,SKU88829,丸子,火锅食材,4,2026-06-03,64.51
102124,SKU14644,薯片,食品饮料,5,2026-06-03,55.33
102125,SKU80627,西红柿,生鲜蔬果,3,2026-01-03,59.8
102125,SKU72751,鸡蛋,肉禽蛋品,1,2026-01-03,32.85
102125,SKU43402,黄瓜,生鲜蔬果,1,2026-01-03,46.96
102125,SKU57100,猪肉,肉禽蛋品,3,2026-01-03,76.41
102125,SKU10728,矿泉水,食品饮料,3,2026-01-03,42.97
102125,SKU48508,苹果,生鲜蔬果,1,2026-01-03,4.04
102126,SKU79261,可乐,食品饮料,5,2026-01-01,38.57
102126,SKU80187,薯片,食品饮料,2,2026-01-01,25.77
102126,SKU57353,饼干,食品饮料,4,2026-01-01,30.03
102126,SKU82298,纸巾,日化清洁,4,2026-01-01,4.46
102126,SKU46965,面包,食品饮料,5,2026-01-01,49.59
102127,SKU71671,排骨,肉禽蛋品,2,2026-07-14,43.84
102127,SKU20370,胡萝卜,生鲜蔬果,5,2026-07-14,28.52
102127,SKU24693,土豆,生鲜蔬果,1,2026-07-14,79.06
102127,SKU23994,葡萄,生鲜蔬果,2,2026-07-14,54.4
102127,SKU99294,猪肉,肉禽蛋品,4,2026-07-14,30.17
102128,SKU41491,肥皂,日化清洁,5,2026-06-02,4.73
102128,SKU12822,牙膏,日化清洁,1,2026-06-02,29.04
102129,SKU99622,羊肉卷,火锅食材,1,2026-08-28,51.66
102129,SKU73464,面包,食品饮料,3,2026-08-28,40.04
102130,SKU25943,香蕉,生鲜蔬果,2,2026-07-07,56.95
102130,SKU71841,辣椒酱,粮油调味,5,2026-07-07,38.31
102131,SKU48341,可乐,食品饮料,5,2026-01-06,22.56
102131,SKU64974,薯片,食品饮料,3,2026-01-06,32.24
102131,SKU94362,饼干,食品饮料,3,2026-01-06,31.14
102131,SKU33594,淡奶油,烘焙用品,5,2026-01-06,49.73
102132,SKU18822,洗发水,日化清洁,5,2026-05-22,71.89
102132,SKU41729,沐浴露,日化清洁,1,2026-05-22,68.93
102132,SKU45632,牙膏,日化清洁,4,2026-05-22,51.72
102132,SKU88079,酱油,粮油调味,3,2026-05-22,62.09
102133,SKU12623,牛肉,肉禽蛋品,5,2026-03-25,79.42
102133,SKU50571,饼干,食品饮料,1,2026-03-25,47.23
102133,SKU81357,矿泉水,食品饮料,4,2026-03-25,29.16
102133,SKU40753,豆腐,火锅食材,3,2026-03-25,72.07
102134,SKU98286,毛肚,火锅食材,4,2026-03-21,54.29
102134,SKU43376,羊肉卷,火锅食材,4,2026-03-21,35.19
102134,SKU36971,土豆,生鲜蔬果,5,2026-03-21,39.19
102134,SKU52156,丸子,火锅食材,4,2026-03-21,43.9
102134,SKU29400,酸奶,食品饮料,2,2026-03-21,24.11
102134,SKU23056,粉丝,火锅食材,3,2026-03-21,11.59
102135,SKU66692,蛋糕粉,烘焙用品,4,2026-09-15,65.12
102135,SKU62465,黄油,烘焙用品,4,2026-09-15,56.45
102135,SKU20697,淡奶油,烘焙用品,1,2026-09-15,56.29
102135,SKU34867,鸡蛋,肉禽蛋品,5,2026-09-15,12.28
102135,SKU43176,香草精,烘焙用品,3,2026-09-15,15.6
102135,SKU96221,巧克力,食品饮料,2,2026-09-15,29.37
102135,SKU68762,糖粉,烘焙用品,5,2026-09-15,19.22
102136,SKU68654,豆腐,火锅食材,4,2026-07-28,60.91
102136,SKU13428,纸巾,日化清洁,3,2026-07-28,47.29
102137,SKU68370,酵母,烘焙用品,3,2026-06-28,68.89
102137,SKU24546,肥牛卷,火锅食材,4,2026-06-28,77.38
102137,SKU69019,香蕉,生鲜蔬果,3,2026-06-28,5.62
102138,SKU43560,大米,粮油调味,3,2026-08-02,77.13
102138,SKU93872,食用油,粮油调味,5,2026-08-02,24.73
102138,SKU80546,酱油,粮油调味,5,2026-08-02,56.28
102138,SKU52437,土豆,生鲜蔬果,3,2026-08-02,38.29
102138,SKU92566,猪肉,肉禽蛋品,2,2026-08-02,31.51
102138,SKU45011,垃圾袋,日化清洁,2,2026-08-02,40.78
102139,SKU54336,大米,粮油调味,2,2026-09-09,21.64
102139,SKU10422,食用油,粮油调味,3,2026-09-09,77.81
102139,SKU84094,酱油,粮油调味,3,2026-09-09,5.03
102139,SKU11292,火锅底料,火锅食材,3,2026-09-09,76.31
102139,SKU71623,拖把,日化清洁,4,2026-09-09,15.36
102139,SKU28731,淡奶油,烘焙用品,2,2026-09-09,43.65
102140,SKU65531,羊肉卷,火锅食材,1,2026-08-13,21.08
102140,SKU93390,葡萄,生鲜蔬果,5,2026-08-13,44.6
102140,SKU67039,饼干,食品饮料,2,2026-08-13,62.9
102140,SKU32607,大米,粮油调味,3,2026-08-13,23.34
102140,SKU47417,蛋挞皮,烘焙用品,5,2026-08-13,77.11
102140,SKU16053,黄油,烘焙用品,2,2026-08-13,56.28
102141,SKU71215,鸡蛋,肉禽蛋品,4,2026-01-16,70.04
102141,SKU46463,芝士碎,烘焙用品,5,2026-01-16,22.72
102141,SKU47739,纸巾,日化清洁,4,2026-01-16,11.18
102141,SKU86863,蚝油,粮油调味,5,2026-01-16,79.61
102141,SKU99175,丸子,火锅食材,1,2026-01-16,33.0
102142,SKU14728,排骨,肉禽蛋品,5,2026-07-19,16.55
102142,SKU19693,胡萝卜,生鲜蔬果,1,2026-07-19,32.89
102142,SKU72446,土豆,生鲜蔬果,3,2026-07-19,35.89
102142,SKU91904,洗发水,日化清洁,5,2026-07-19,7.77
102143,SKU50353,排骨,肉禽蛋品,1,2026-09-05,18.14
102143,SKU37328,胡萝卜,生鲜蔬果,5,2026-09-05,4.42
102143,SKU33311,土豆,生鲜蔬果,4,2026-09-05,26.07
102143,SKU33014,香蕉,生鲜蔬果,4,2026-09-05,47.21
102143,SKU22801,豆腐,火锅食材,3,2026-09-05,51.01
102144,SKU49390,可乐,食品饮料,2,2026-09-01,47.07
102144,SKU15167,薯片,食品饮料,4,2026-09-01,72.39
102144,SKU24021,饼干,食品饮料,2,2026-09-01,8.25
102144,SKU70574,纸巾,日化清洁,5,2026-09-01,14.99
102144,SKU44493,排骨,肉禽蛋品,5,2026-09-01,72.74
102145,SKU40210,猪肉,肉禽蛋品,1,2026-07-12,65.35
102145,SKU17806,虾仁,肉禽蛋品,5,2026-07-12,65.65
102146,SKU37237,芝士碎,烘焙用品,2,2026-06-20,45.94
102146,SKU98596,面包,食品饮料,4,2026-06-20,30.51
102146,SKU79455,带鱼,肉禽蛋品,3,2026-06-20,71.27
102146,SKU41763,料酒,粮油调味,5,2026-06-20,26.09
102146,SKU41630,果汁,食品饮料,4,2026-06-20,58.4
102147,SKU27909,橙子,生鲜蔬果,4,2026-05-21,39.57
102147,SKU85426,酸奶,食品饮料,1,2026-05-21,79.65
102147,SKU62563,黄瓜,生鲜蔬果,2,2026-05-21,65.68
102147,SKU53254,食用油,粮油调味,2,2026-05-21,30.55
102148,SKU71060,排骨,肉禽蛋品,5,2026-06-07,21.95
102148,SKU83184,胡萝卜,生鲜蔬果,2,2026-06-07,33.38
102148,SKU73886,土豆,生鲜蔬果,4,2026-06-07,61.7
102148,SKU76872,虾仁,肉禽蛋品,5,2026-06-07,71.15
102148,SKU45179,薯片,食品饮料,5,2026-06-07,46.84
102148,SKU32474,巧克力,食品饮料,5,2026-06-07,9.1
102149,SKU68079,肥牛卷,火锅食材,1,2026-09-14,25.68
102149,SKU31678,丸子,火锅食材,4,2026-09-14,57.28
102149,SKU91320,面包,食品饮料,5,2026-09-14,32.04
102149,SKU46922,羊肉卷,火锅食材,4,2026-09-14,27.14
102149,SKU73711,拖把,日化清洁,1,2026-09-14,60.26
102149,SKU77343,猪肉,肉禽蛋品,2,2026-09-14,8.72
102150,SKU84288,牛奶,食品饮料,4,2026-01-05,65.04
102150,SKU46677,面包,食品饮料,1,2026-01-05,13.37
102150,SKU42570,胡萝卜,生鲜蔬果,2,2026-01-05,63.58
102150,SKU33597,黄瓜,生鲜蔬果,4,2026-01-05,7.33
102151,SKU51661,果汁,食品饮料,2,2026-07-12,64.63
102151,SKU37461,蛋糕粉,烘焙用品,1,2026-07-12,9.08
102152,SKU58415,白菜,生鲜蔬果,3,2026-06-07,42.36
102152,SKU39523,鸭蛋,肉禽蛋品,4,2026-06-07,37.1
102153,SKU22094,牛奶,食品饮料,3,2026-02-27,46.68
102153,SKU13639,面包,食品饮料,4,2026-02-27,30.68
102153,SKU10892,香蕉,生鲜蔬果,4,2026-02-27,79.92
102153,SKU68366,生菜,生鲜蔬果,2,2026-02-27,75.67
102153,SKU40939,油纸,烘焙用品,2,2026-02-27,37.89
102154,SKU47935,猪肉,肉禽蛋品,1,2026-08-26,53.86
102154,SKU30510,西红柿,生鲜蔬果,5,2026-08-26,16.23
102155,SKU59973,大米,粮油调味,1,2026-02-27,19.07
102155,SKU87799,蔬菜拼盘,火锅食材,3,2026-02-27,23.78
102155,SKU16947,方便面,食品饮料,4,2026-02-27,74.34
102155,SKU51037,黄瓜,生鲜蔬果,2,2026-02-27,73.5
102155,SKU45500,西红柿,生鲜蔬果,1,2026-02-27,78.14
102155,SKU15429,酵母,烘焙用品,2,2026-02-27,29.29
102156,SKU20866,白菜,生鲜蔬果,3,2026-05-27,29.1
102156,SKU19181,苹果,生鲜蔬果,3,2026-05-27,60.47
102157,SKU74801,淡奶油,烘焙用品,3,2026-02-19,64.35
102157,SKU64675,葡萄,生鲜蔬果,4,2026-02-19,49.74
102157,SKU43642,带鱼,肉禽蛋品,1,2026-02-19,68.25
102157,SKU53553,丸子,火锅食材,5,2026-02-19,67.89
102157,SKU71891,黄油,烘焙用品,4,2026-02-19,14.52
102157,SKU45830,醋,粮油调味,3,2026-02-19,3.63
102158,SKU96890,西红柿,生鲜蔬果,5,2026-03-06,70.51
102158,SKU24369,鸡蛋,肉禽蛋品,5,2026-03-06,34.96
102158,SKU43797,黄瓜,生鲜蔬果,4,2026-03-06,28.99
102158,SKU30887,拖把,日化清洁,1,2026-03-06,59.88
102159,SKU82920,矿泉水,食品饮料,4,2026-08-25,7.27
102159,SKU84386,鸡肉,肉禽蛋品,1,2026-08-25,75.94
102160,SKU81880,纸巾,日化清洁,4,2026-08-22,40.88
102160,SKU52742,肥牛卷,火锅食材,4,2026-08-22,68.47
102160,SKU47970,香蕉,生鲜蔬果,1,2026-08-22,23.22
102160,SKU46568,面粉,粮油调味,1,2026-08-22,72.48
102161,SKU55422,虾仁,肉禽蛋品,5,2026-03-20,44.49
102161,SKU26234,黄油,烘焙用品,1,2026-03-20,7.99
102161,SKU77082,羊肉卷,火锅食材,2,2026-03-20,36.75
102161,SKU33170,土豆,生鲜蔬果,4,2026-03-20,78.42
102162,SKU63868,苹果,生鲜蔬果,2,2026-07-17,22.62
102162,SKU25256,香蕉,生鲜蔬果,5,2026-07-17,54.23
102162,SKU10731,橙子,生鲜蔬果,3,2026-07-17,14.54
102162,SKU96437,果汁,食品饮料,4,2026-07-17,78.14
102163,SKU44691,香蕉,生鲜蔬果,5,2026-09-03,8.99
102163,SKU85599,蛋挞皮,烘焙用品,2,2026-09-03,35.8
102164,SKU51010,油纸,烘焙用品,1,2026-08-05,55.6
102164,SKU70160,蛋糕粉,烘焙用品,3,2026-08-05,12.36
102164,SKU13839,淡奶油,烘焙用品,1,2026-08-05,27.83
102165,SKU68822,排骨,肉禽蛋品,1,2026-08-14,3.42
102165,SKU33464,胡萝卜,生鲜蔬果,4,2026-08-14,45.63
102165,SKU58198,土豆,生鲜蔬果,5,2026-08-14,24.86
102165,SKU23454,鸭蛋,肉禽蛋品,3,2026-08-14,38.15
102165,SKU73333,蘸料,火锅食材,5,2026-08-14,51.14
102166,SKU33183,可乐,食品饮料,5,2026-08-26,58.91
102166,SKU49242,薯片,食品饮料,5,2026-08-26,61.5
102166,SKU43940,饼干,食品饮料,5,2026-08-26,69.54
102166,SKU93242,鸡翅,肉禽蛋品,2,2026-08-26,3.82
102166,SKU24515,牛肉,肉禽蛋品,5,2026-08-26,64.26
102167,SKU70799,垃圾袋,日化清洁,2,2026-06-06,18.11
102167,SKU17128,肥牛卷,火锅食材,3,2026-06-06,63.46
102167,SKU23403,蘸料,火锅食材,5,2026-06-06,55.2
102168,SKU79914,饼干,食品饮料,5,2026-03-22,59.56
102168,SKU33116,可乐,食品饮料,5,2026-03-22,5.25
102168,SKU63084,油纸,烘焙用品,2,2026-03-22,29.35
102168,SKU38334,蛋糕粉,烘焙用品,2,2026-03-22,7.68
102169,SKU95056,蔬菜拼盘,火锅食材,1,2026-07-04,68.44
102169,SKU95691,苹果,生鲜蔬果,2,2026-07-04,58.26
102169,SKU69988,带鱼,肉禽蛋品,4,2026-07-04,58.31
102169,SKU58714,纸巾,日化清洁,1,2026-07-04,20.44
102169,SKU91624,肥牛卷,火锅食材,3,2026-07-04,50.67
102169,SKU61304,蘸料,火锅食材,1,2026-07-04,27.49
102170,SKU35278,淡奶油,烘焙用品,4,2026-08-13,74.12
102170,SKU17123,带鱼,肉禽蛋品,4,2026-08-13,68.9
102170,SKU41912,黄油,烘焙用品,2,2026-08-13,63.1
102170,SKU34642,沐浴露,日化清洁,4,2026-08-13,42.53
102170,SKU91111,蔬菜拼盘,火锅食材,2,2026-08-13,65.32
102171,SKU12404,西红柿,生鲜蔬果,4,2026-03-06,50.31
102171,SKU70697,鸡蛋,肉禽蛋品,5,2026-03-06,36.82
102171,SKU95123,黄瓜,生鲜蔬果,2,2026-03-06,66.32
102171,SKU22700,香蕉,生鲜蔬果,5,2026-03-06,41.35
102171,SKU93361,土豆,生鲜蔬果,5,2026-03-06,73.44
102172,SKU48387,西红柿,生鲜蔬果,4,2026-05-04,27.84
102172,SKU41568,芝士碎,烘焙用品,5,2026-05-04,25.11
102173,SKU79950,芝士碎,烘焙用品,4,2026-04-01,3.1
102173,SKU92407,葡萄,生鲜蔬果,5,2026-04-01,56.62
102173,SKU60307,蚝油,粮油调味,4,2026-04-01,71.34
102173,SKU99553,洗衣液,日化清洁,3,2026-04-01,46.52
102174,SKU93290,牛奶,食品饮料,5,2026-04-16,78.27
102174,SKU41795,面包,食品饮料,3,2026-04-16,60.56
102174,SKU11934,可乐,食品饮料,1,2026-04-16,23.24
102174,SKU79437,油纸,烘焙用品,2,2026-04-16,40.62
102175,SKU92651,方便面,食品饮料,1,2026-01-06,27.69
102175,SKU25501,肥皂,日化清洁,1,2026-01-06,72.08
102175,SKU52961,鸭蛋,肉禽蛋品,5,2026-01-06,45.0
102175,SKU73202,醋,粮油调味,4,2026-01-06,28.29
102175,SKU76577,西红柿,生鲜蔬果,2,2026-01-06,72.52
102176,SKU75716,排骨,肉禽蛋品,2,2026-01-18,42.31
102176,SKU68250,胡萝卜,生鲜蔬果,3,2026-01-18,63.37
102176,SKU39320,土豆,生鲜蔬果,2,2026-01-18,29.52
102176,SKU28354,白菜,生鲜蔬果,2,2026-01-18,4.01
102176,SKU51890,消毒液,日化清洁,5,2026-01-18,30.78
102177,SKU67372,大米,粮油调味,4,2026-06-02,9.21
102177,SKU98144,食用油,粮油调味,5,2026-06-02,42.28
102177,SKU57375,酱油,粮油调味,3,2026-06-02,4.04
102177,SKU91574,面包,食品饮料,1,2026-06-02,19.04
102178,SKU47944,鸭血,火锅食材,3,2026-02-17,60.65
102178,SKU10424,白菜,生鲜蔬果,1,2026-02-17,12.79
102179,SKU86084,薯片,食品饮料,1,2026-08-09,28.5
102179,SKU37897,肥皂,日化清洁,5,2026-08-09,73.39
102180,SKU90183,淡奶油,烘焙用品,2,2026-04-26,42.34
102180,SKU29772,虾仁,肉禽蛋品,2,2026-04-26,6.24
102180,SKU36693,消毒液,日化清洁,3,2026-04-26,16.72
102180,SKU16715,方便面,食品饮料,5,2026-04-26,6.73
102180,SKU63931,香草精,烘焙用品,3,2026-04-26,34.78
102181,SKU48938,西红柿,生鲜蔬果,4,2026-01-15,18.8
102181,SKU94565,鸡蛋,肉禽蛋品,5,2026-01-15,9.66
102181,SKU19111,黄瓜,生鲜蔬果,3,2026-01-15,44.21
102181,SKU66394,白糖,粮油调味,5,2026-01-15,20.08
102182,SKU35553,洗衣液,日化清洁,4,2026-07-19,29.95
102182,SKU51303,纸巾,日化清洁,1,2026-07-19,53.65
102182,SKU46693,垃圾袋,日化清洁,5,2026-07-19,78.07
102182,SKU82341,矿泉水,食品饮料,3,2026-07-19,76.33
102182,SKU81178,白糖,粮油调味,1,2026-07-19,31.35
102183,SKU41438,辣椒酱,粮油调味,4,2026-06-04,63.14
102183,SKU11026,鸡蛋,肉禽蛋品,1,2026-06-04,12.91
102183,SKU37550,蘸料,火锅食材,3,2026-06-04,14.99
102183,SKU77914,香草精,烘焙用品,2,2026-06-04,65.6
102183,SKU41367,丸子,火锅食材,5,2026-06-04,51.61
102184,SKU96371,虾仁,肉禽蛋品,1,2026-02-22,50.01
102184,SKU43882,洗洁精,日化清洁,2,2026-02-22,41.17
102185,SKU71250,蔬菜拼盘,火锅食材,4,2026-01-01,42.66
102185,SKU95500,芝士碎,烘焙用品,1,2026-01-01,65.51
102185,SKU30996,消毒液,日化清洁,2,2026-01-01,32.93
102186,SKU73639,酵母,烘焙用品,3,2026-08-11,18.8
102186,SKU82712,蛋挞皮,烘焙用品,2,2026-08-11,43.8
102186,SKU29298,盐,粮油调味,5,2026-08-11,78.16
102186,SKU15657,淡奶油,烘焙用品,2,2026-08-11,17.62
102186,SKU22237,毛肚,火锅食材,5,2026-08-11,38.45
102186,SKU86125,白菜,生鲜蔬果,5,2026-08-11,64.38
102187,SKU61927,排骨,肉禽蛋品,3,2026-09-06,10.64
102187,SKU83851,胡萝卜,生鲜蔬果,2,2026-09-06,11.03
102187,SKU96001,土豆,生鲜蔬果,5,2026-09-06,53.84
102187,SKU62922,油纸,烘焙用品,4,2026-09-06,67.64
102188,SKU60752,毛肚,火锅食材,5,2026-08-17,75.95
102188,SKU62290,生菜,生鲜蔬果,1,2026-08-17,4.06
102188,SKU78626,蛋挞皮,烘焙用品,5,2026-08-17,55.43
102189,SKU98078,巧克力,食品饮料,3,2026-02-06,16.23
102189,SKU76005,大米,粮油调味,3,2026-02-06,32.06
102190,SKU23220,香草精,烘焙用品,2,2026-01-14,51.61
102190,SKU69813,三文鱼,肉禽蛋品,5,2026-01-14,49.94
102191,SKU10574,牛奶,食品饮料,3,2026-08-01,46.02
102191,SKU55317,面包,食品饮料,5,2026-08-01,45.05
102191,SKU79560,葡萄,生鲜蔬果,3,2026-08-01,22.82
102191,SKU15836,豆腐,火锅食材,4,2026-08-01,45.43
102191,SKU79990,料酒,粮油调味,3,2026-08-01,72.1
102192,SKU23101,大米,粮油调味,4,2026-04-07,7.61
102192,SKU76106,食用油,粮油调味,2,2026-04-07,8.41
102192,SKU65377,酱油,粮油调味,1,2026-04-07,35.52
102192,SKU51966,消毒液,日化清洁,4,2026-04-07,25.92
102192,SKU72460,模具,烘焙用品,5,2026-04-07,71.08
102192,SKU13184,三文鱼,肉禽蛋品,3,2026-04-07,20.14
102193,SKU94202,料酒,粮油调味,5,2026-09-16,16.32
102193,SKU41615,糖粉,烘焙用品,3,2026-09-16,57.36
102194,SKU51947,洗发水,日化清洁,1,2026-08-04,28.69
102194,SKU93440,沐浴露,日化清洁,4,2026-08-04,44.62
102194,SKU67620,牙膏,日化清洁,1,2026-08-04,21.09
102194,SKU47185,羊肉卷,火锅食材,2,2026-08-04,58.01
102194,SKU25655,土豆,生鲜蔬果,2,2026-08-04,77.93
102194,SKU60816,可乐,食品饮料,4,2026-08-04,54.49
102195,SKU39626,薯片,食品饮料,5,2026-03-09,15.25
102195,SKU90826,面包,食品饮料,1,2026-03-09,30.09
102195,SKU27676,酸奶,食品饮料,4,2026-03-09,34.45
102195,SKU11839,盐,粮油调味,1,2026-03-09,43.65
102195,SKU62556,鸭蛋,肉禽蛋品,4,2026-03-09,43.11
102195,SKU25064,羊肉卷,火锅食材,3,2026-03-09,72.06
102196,SKU54950,拖把,日化清洁,3,2026-06-15,67.87
102196,SKU55036,三文鱼,肉禽蛋品,2,2026-06-15,27.34
102196,SKU53791,鸭蛋,肉禽蛋品,3,2026-06-15,14.53
102196,SKU62677,肥牛卷,火锅食材,5,2026-06-15,63.7
102196,SKU33416,鸭血,火锅食材,4,2026-06-15,16.44
102197,SKU22962,可乐,食品饮料,4,2026-01-15,54.3
102197,SKU44050,薯片,食品饮料,3,2026-01-15,79.16
102197,SKU31448,饼干,食品饮料,1,2026-01-15,20.53
102197,SKU40590,香蕉,生鲜蔬果,4,2026-01-15,58.23
102198,SKU43146,料酒,粮油调味,2,2026-09-14,30.58
102198,SKU65216,牛奶,食品饮料,4,2026-09-14,52.99
102198,SKU66456,三文鱼,肉禽蛋品,2,2026-09-14,46.35
102198,SKU57238,盐,粮油调味,1,2026-09-14,7.65
102198,SKU45217,拖把,日化清洁,4,2026-09-14,31.72
102198,SKU50914,豆腐,火锅食材,5,2026-09-14,6.99
102199,SKU40384,巧克力,食品饮料,4,2026-04-16,14.22
102199,SKU62270,大米,粮油调味,3,2026-04-16,3.31
102200,SKU14767,蛋挞皮,烘焙用品,4,2026-01-02,52.03
102200,SKU19891,淡奶油,烘焙用品,5,2026-01-02,64.55
102200,SKU14752,可乐,食品饮料,3,2026-01-02,49.57
102201,SKU50488,火锅底料,火锅食材,5,2026-02-01,70.22
102201,SKU42586,丸子,火锅食材,3,2026-02-01,75.59
102201,SKU72202,肥牛卷,火锅食材,1,2026-02-01,7.21
102201,SKU62446,蛋糕粉,烘焙用品,5,2026-02-01,69.94
102201,SKU74345,纸巾,日化清洁,2,2026-02-01,53.4
102202,SKU98445,西红柿,生鲜蔬果,2,2026-05-28,29.17
102202,SKU69998,洗衣液,日化清洁,5,2026-05-28,46.94
102202,SKU35990,酱油,粮油调味,2,2026-05-28,7.35
102203,SKU98965,肥皂,日化清洁,1,2026-03-04,51.29
102203,SKU18614,黄油,烘焙用品,4,2026-03-04,60.83
102203,SKU22216,鸡蛋,肉禽蛋品,1,2026-03-04,65.66
102203,SKU43138,香蕉,生鲜蔬果,2,2026-03-04,54.51
102203,SKU56871,香草精,烘焙用品,1,2026-03-04,52.23
102204,SKU85406,虾仁,肉禽蛋品,3,2026-01-01,21.88
102204,SKU64250,模具,烘焙用品,3,2026-01-01,61.73
102204,SKU66499,酵母,烘焙用品,3,2026-01-01,13.79
102205,SKU63903,可乐,食品饮料,3,2026-06-02,9.12
102205,SKU59022,羊肉卷,火锅食材,1,2026-06-02,15.09
102205,SKU35198,肥牛卷,火锅食材,5,2026-06-02,70.55
102206,SKU19142,纸巾,日化清洁,1,2026-09-18,23.05
102206,SKU31450,羊肉卷,火锅食材,3,2026-09-18,70.88
102206,SKU31586,洗衣液,日化清洁,5,2026-09-18,59.81
102206,SKU22972,酱油,粮油调味,2,2026-09-18,6.83
102207,SKU70028,酸奶,食品饮料,5,2026-07-09,76.89
102207,SKU47652,三文鱼,肉禽蛋品,3,2026-07-09,25.71
102208,SKU75390,巧克力,食品饮料,5,2026-04-08,36.0
102208,SKU17050,沐浴露,日化清洁,3,2026-04-08,70.62
102208,SKU71924,模具,烘焙用品,3,2026-04-08,79.78
102209,SKU48773,可乐,食品饮料,5,2026-08-05,19.25
102209,SKU11333,薯片,食品饮料,1,2026-08-05,46.34
102209,SKU96390,饼干,食品饮料,4,2026-08-05,37.7
102209,SKU88176,丸子,火锅食材,1,2026-08-05,4.68
102209,SKU48217,带鱼,肉禽蛋品,5,2026-08-05,37.06
102210,SKU26865,酸奶,食品饮料,3,2026-05-06,13.1
102210,SKU56595,生菜,生鲜蔬果,5,2026-05-06,12.75
102210,SKU89225,消毒液,日化清洁,5,2026-05-06,29.85
102211,SKU57674,蛋糕粉,烘焙用品,1,2026-08-25,29.36
102211,SKU84432,黄油,烘焙用品,4,2026-08-25,46.41
102211,SKU79309,淡奶油,烘焙用品,1,2026-08-25,30.85
102211,SKU98938,鸡蛋,肉禽蛋品,3,2026-08-25,20.6
102211,SKU55911,粉丝,火锅食材,3,2026-08-25,71.7
102211,SKU39223,胡萝卜,生鲜蔬果,1,2026-08-25,53.1
102212,SKU95499,葡萄,生鲜蔬果,1,2026-05-07,34.91
102212,SKU41370,油纸,烘焙用品,2,2026-05-07,8.48
102212,SKU94995,白菜,生鲜蔬果,5,2026-05-07,28.32
102212,SKU68956,鸭血,火锅食材,3,2026-05-07,21.38
102213,SKU31435,洗洁精,日化清洁,1,2026-09-24,15.02
102213,SKU19354,土豆,生鲜蔬果,1,2026-09-24,52.06
102213,SKU93543,火锅底料,火锅食材,2,2026-09-24,33.3
102213,SKU96508,白糖,粮油调味,2,2026-09-24,10.29
102214,SKU69733,西红柿,生鲜蔬果,4,2026-09-03,51.94
102214,SKU58486,鸡蛋,肉禽蛋品,1,2026-09-03,40.54
102214,SKU91489,黄瓜,生鲜蔬果,1,2026-09-03,37.18
102214,SKU12616,毛肚,火锅食材,3,2026-09-03,75.92
102214,SKU60440,料酒,粮油调味,4,2026-09-03,74.81
102215,SKU30043,面包,食品饮料,4,2026-04-06,28.77
102215,SKU75015,盐,粮油调味,1,2026-04-06,76.75
102215,SKU43467,鸡翅,肉禽蛋品,5,2026-04-06,43.45
102216,SKU95428,牛奶,食品饮料,2,2026-08-02,56.93
102216,SKU91489,糖粉,烘焙用品,2,2026-08-02,50.76
102216,SKU35580,粉丝,火锅食材,4,2026-08-02,67.36
102216,SKU24265,羊肉卷,火锅食材,4,2026-08-02,46.56
102216,SKU46321,豆腐,火锅食材,5,2026-08-02,26.14
102216,SKU98979,牙膏,日化清洁,3,2026-08-02,11.29
102217,SKU29242,洗发水,日化清洁,5,2026-09-22,15.75
102217,SKU64972,沐浴露,日化清洁,5,2026-09-22,4.37
102217,SKU89072,牙膏,日化清洁,3,2026-09-22,11.06
102217,SKU73133,香草精,烘焙用品,5,2026-09-22,27.15
102217,SKU81223,带鱼,肉禽蛋品,3,2026-09-22,37.37
102218,SKU68454,大米,粮油调味,1,2026-08-04,78.15
102218,SKU39847,食用油,粮油调味,5,2026-08-04,75.44
102218,SKU37939,酱油,粮油调味,1,2026-08-04,64.06
102218,SKU53184,蚝油,粮油调味,3,2026-08-04,65.93
102218,SKU90774,醋,粮油调味,4,2026-08-04,70.75
102218,SKU70921,白糖,粮油调味,4,2026-08-04,60.71
102219,SKU65594,鸭蛋,肉禽蛋品,2,2026-07-12,41.4
102219,SKU83800,土豆,生鲜蔬果,3,2026-07-12,54.04
102219,SKU78393,香蕉,生鲜蔬果,3,2026-07-12,71.36
102220,SKU17000,排骨,肉禽蛋品,5,2026-08-02,72.11
102220,SKU90486,鸡翅,肉禽蛋品,4,2026-08-02,17.88
102220,SKU38280,洗洁精,日化清洁,1,2026-08-02,28.48
102220,SKU60210,辣椒酱,粮油调味,4,2026-08-02,67.27
102221,SKU77582,面粉,粮油调味,2,2026-04-06,33.43
102221,SKU35484,羊肉卷,火锅食材,5,2026-04-06,39.63
102221,SKU55601,可乐,食品饮料,1,2026-04-06,8.91
102221,SKU37054,拖把,日化清洁,2,2026-04-06,54.46
102221,SKU96026,酱油,粮油调味,5,2026-04-06,40.88
102222,SKU49293,苹果,生鲜蔬果,3,2026-01-15,69.31
102222,SKU45082,香蕉,生鲜蔬果,3,2026-01-15,53.37
102222,SKU83988,橙子,生鲜蔬果,1,2026-01-15,48.72
102222,SKU51362,鸡肉,肉禽蛋品,4,2026-01-15,53.8
102223,SKU97141,薯片,食品饮料,4,2026-07-06,37.4
102223,SKU69043,西红柿,生鲜蔬果,1,2026-07-06,67.97
102223,SKU64267,虾仁,肉禽蛋品,2,2026-07-06,54.26
102224,SKU30454,排骨,肉禽蛋品,1,2026-09-11,71.97
102224,SKU25543,胡萝卜,生鲜蔬果,3,2026-09-11,9.83
102224,SKU21750,土豆,生鲜蔬果,1,2026-09-11,75.2
102224,SKU27115,洗洁精,日化清洁,5,2026-09-11,36.46
102225,SKU20115,火锅底料,火锅食材,4,2026-01-16,36.08
102225,SKU62746,丸子,火锅食材,5,2026-01-16,34.43
102225,SKU11252,肥牛卷,火锅食材,4,2026-01-16,55.84
102225,SKU17155,薯片,食品饮料,1,2026-01-16,58.43
102225,SKU10192,肥皂,日化清洁,3,2026-01-16,21.06
102226,SKU94200,肥皂,日化清洁,4,2026-02-01,31.5
102226,SKU70028,洗发水,日化清洁,4,2026-02-01,30.93
102226,SKU87063,模具,烘焙用品,2,2026-02-01,58.83
102226,SKU49434,消毒液,日化清洁,4,2026-02-01,39.94
102226,SKU54244,矿泉水,食品饮料,1,2026-02-01,61.87
102227,SKU34355,土豆,生鲜蔬果,4,2026-01-14,61.58
102227,SKU73600,带鱼,肉禽蛋品,1,2026-01-14,26.92
102227,SKU22802,牛奶,食品饮料,1,2026-01-14,69.51
102227,SKU53832,酸奶,食品饮料,4,2026-01-14,76.21
102227,SKU70667,橙子,生鲜蔬果,2,2026-01-14,68.43
102227,SKU11663,矿泉水,食品饮料,2,2026-01-14,67.4
102228,SKU64769,面粉,粮油调味,5,2026-06-07,8.41
102228,SKU18180,蔬菜拼盘,火锅食材,2,2026-06-07,47.57
102228,SKU59523,西红柿,生鲜蔬果,5,2026-06-07,64.84
102228,SKU17361,肥牛卷,火锅食材,1,2026-06-07,30.07
102229,SKU17154,芝士碎,烘焙用品,1,2026-08-04,33.59
102229,SKU70245,蛋糕粉,烘焙用品,2,2026-08-04,36.38
102230,SKU36572,排骨,肉禽蛋品,5,2026-01-11,36.17
102230,SKU47367,模具,烘焙用品,1,2026-01-11,48.77
102230,SKU84411,火锅底料,火锅食材,4,2026-01-11,37.12
102230,SKU16381,糖粉,烘焙用品,5,2026-01-11,32.82
102231,SKU77013,可乐,食品饮料,2,2026-09-15,49.59
102231,SKU97756,薯片,食品饮料,2,2026-09-15,4.42
102231,SKU50759,饼干,食品饮料,4,2026-09-15,44.66
102231,SKU83817,带鱼,肉禽蛋品,4,2026-09-15,37.83
102232,SKU79603,面包,食品饮料,3,2026-09-17,50.87
102232,SKU66466,料酒,粮油调味,4,2026-09-17,44.42
102232,SKU43244,模具,烘焙用品,2,2026-09-17,37.42
102233,SKU43730,黄瓜,生鲜蔬果,1,2026-09-06,72.25
102233,SKU87386,苹果,生鲜蔬果,4,2026-09-06,65.71
102233,SKU35480,糖粉,烘焙用品,3,2026-09-06,4.23
102234,SKU78404,牛肉,肉禽蛋品,4,2026-04-13,37.35
102234,SKU80215,生菜,生鲜蔬果,1,2026-04-13,24.33
102234,SKU33922,洗洁精,日化清洁,2,2026-04-13,72.78
102235,SKU17331,排骨,肉禽蛋品,4,2026-05-25,63.99
102235,SKU93869,牛奶,食品饮料,5,2026-05-25,24.45
102235,SKU38392,香草精,烘焙用品,2,2026-05-25,54.12
102235,SKU84718,猪肉,肉禽蛋品,1,2026-05-25,31.77
102236,SKU90118,洗发水,日化清洁,1,2026-07-21,70.91
102236,SKU77195,沐浴露,日化清洁,1,2026-07-21,31.07
102236,SKU59965,牙膏,日化清洁,1,2026-07-21,57.61
102236,SKU13451,蚝油,粮油调味,5,2026-07-21,64.86
102237,SKU99437,芝士碎,烘焙用品,1,2026-05-15,62.29
102237,SKU22876,巧克力,食品饮料,5,2026-05-15,8.0
102237,SKU90770,可乐,食品饮料,5,2026-05-15,61.57
102237,SKU74816,方便面,食品饮料,3,2026-05-15,72.9
102238,SKU12766,大米,粮油调味,5,2026-09-19,48.93
102238,SKU65830,芝士碎,烘焙用品,5,2026-09-19,41.54
102239,SKU72509,胡萝卜,生鲜蔬果,4,2026-01-21,10.39
102239,SKU89864,果汁,食品饮料,4,2026-01-21,55.73
102239,SKU10256,巧克力,食品饮料,3,2026-01-21,15.57
102239,SKU71445,猪肉,肉禽蛋品,4,2026-01-21,71.42
102239,SKU13905,蛋挞皮,烘焙用品,1,2026-01-21,45.9
102239,SKU55172,鸭血,火锅食材,3,2026-01-21,60.01
102240,SKU52244,牛奶,食品饮料,5,2026-09-05,78.07
102240,SKU10886,面包,食品饮料,4,2026-09-05,16.6
102240,SKU35859,丸子,火锅食材,1,2026-09-05,20.75
102240,SKU78147,肥牛卷,火锅食材,1,2026-09-05,31.14
102241,SKU23178,芝士碎,烘焙用品,4,2026-07-03,23.33
102241,SKU55381,食用油,粮油调味,5,2026-07-03,23.83
102241,SKU33743,带鱼,肉禽蛋品,5,2026-07-03,74.78
102241,SKU85050,巧克力,食品饮料,3,2026-07-03,8.8
102241,SKU27863,矿泉水,食品饮料,1,2026-07-03,9.37
102241,SKU44387,油纸,烘焙用品,4,2026-07-03,20.9
102242,SKU32584,火锅底料,火锅食材,2,2026-03-05,35.54
102242,SKU57239,葡萄,生鲜蔬果,2,2026-03-05,50.51
102242,SKU46471,蘸料,火锅食材,3,2026-03-05,23.32
102242,SKU33833,洗洁精,日化清洁,3,2026-03-05,44.44
102242,SKU93045,巧克力,食品饮料,1,2026-03-05,21.56
102243,SKU58582,大米,粮油调味,1,2026-01-04,54.76
102243,SKU81521,食用油,粮油调味,1,2026-01-04,19.23
102243,SKU42560,酱油,粮油调味,3,2026-01-04,78.67
102243,SKU36841,黄油,烘焙用品,2,2026-01-04,72.74
102243,SKU76091,薯片,食品饮料,4,2026-01-04,30.84
102244,SKU29615,油纸,烘焙用品,2,2026-04-20,65.82
102244,SKU40766,洗衣液,日化清洁,2,2026-04-20,14.33
102245,SKU31729,洗衣液,日化清洁,3,2026-05-23,75.62
102245,SKU35857,纸巾,日化清洁,5,2026-05-23,3.5
102245,SKU11614,垃圾袋,日化清洁,2,2026-05-23,31.78
102245,SKU52689,沐浴露,日化清洁,4,2026-05-23,57.63
102245,SKU15806,丸子,火锅食材,3,2026-05-23,58.47
102245,SKU32372,芝士碎,烘焙用品,3,2026-05-23,63.21
102246,SKU33553,大米,粮油调味,5,2026-05-02,36.93
102246,SKU69219,粉丝,火锅食材,5,2026-05-02,17.57
102246,SKU30608,消毒液,日化清洁,1,2026-05-02,61.99
102246,SKU70690,酱油,粮油调味,3,2026-05-02,69.91
102246,SKU78626,垃圾袋,日化清洁,2,2026-05-02,32.3
102246,SKU80581,沐浴露,日化清洁,1,2026-05-02,31.27
102247,SKU18325,虾仁,肉禽蛋品,3,2026-03-27,68.39
102247,SKU27783,盐,粮油调味,1,2026-03-27,31.5
102247,SKU38184,猪肉,肉禽蛋品,4,2026-03-27,60.54
102247,SKU47433,淡奶油,烘焙用品,3,2026-03-27,62.06
102247,SKU54232,模具,烘焙用品,4,2026-03-27,39.71
102248,SKU71936,酵母,烘焙用品,5,2026-07-28,48.26
102248,SKU53616,料酒,粮油调味,1,2026-07-28,43.43
102248,SKU80729,肥牛卷,火锅食材,2,2026-07-28,41.95
102248,SKU19863,牛肉,肉禽蛋品,5,2026-07-28,45.41
102248,SKU95815,牛奶,食品饮料,2,2026-07-28,57.24
102248,SKU90182,糖粉,烘焙用品,2,2026-07-28,78.8
102249,SKU30779,垃圾袋,日化清洁,3,2026-07-26,28.58
102249,SKU30275,醋,粮油调味,3,2026-07-26,74.36
102249,SKU80995,肥牛卷,火锅食材,2,2026-07-26,14.8
102249,SKU63457,拖把,日化清洁,2,2026-07-26,63.44
102249,SKU27237,饼干,食品饮料,3,2026-07-26,55.1
102250,SKU66691,牛奶,食品饮料,1,2026-07-04,73.52
102250,SKU95484,面包,食品饮料,5,2026-07-04,48.63
102250,SKU44471,胡萝卜,生鲜蔬果,2,2026-07-04,49.6
102250,SKU60375,消毒液,日化清洁,3,2026-07-04,8.72
102251,SKU77672,虾仁,肉禽蛋品,2,2026-09-07,78.03
102251,SKU34319,胡萝卜,生鲜蔬果,4,2026-09-07,4.13
102251,SKU74928,消毒液,日化清洁,4,2026-09-07,42.03
102252,SKU95372,可乐,食品饮料,4,2026-02-25,49.08
102252,SKU51415,薯片,食品饮料,4,2026-02-25,73.29
102252,SKU60242,饼干,食品饮料,1,2026-02-25,55.87
102252,SKU28372,醋,粮油调味,5,2026-02-25,26.11
102252,SKU81711,黄瓜,生鲜蔬果,2,2026-02-25,27.57
102252,SKU86340,垃圾袋,日化清洁,5,2026-02-25,45.06
102253,SKU47007,鸭血,火锅食材,1,2026-01-22,38.45
102253,SKU36782,粉丝,火锅食材,5,2026-01-22,60.33
102253,SKU64263,拖把,日化清洁,4,2026-01-22,4.98
102253,SKU95216,白菜,生鲜蔬果,5,2026-01-22,5.26
102253,SKU96814,生菜,生鲜蔬果,3,2026-01-22,78.58
102253,SKU45650,牛肉,肉禽蛋品,5,2026-01-22,25.04
102254,SKU74795,鸭蛋,肉禽蛋品,4,2026-04-26,69.13
102254,SKU37841,盐,粮油调味,4,2026-04-26,68.73
102254,SKU39314,食用油,粮油调味,5,2026-04-26,63.16
102255,SKU71469,葡萄,生鲜蔬果,1,2026-02-23,62.38
102255,SKU53181,矿泉水,食品饮料,5,2026-02-23,77.58
102255,SKU44265,辣椒酱,粮油调味,4,2026-02-23,42.47
102255,SKU25929,鸭血,火锅食材,2,2026-02-23,12.03
102255,SKU14318,蘸料,火锅食材,5,2026-02-23,61.46
102255,SKU71934,牛奶,食品饮料,1,2026-02-23,65.43
102256,SKU56767,火锅底料,火锅食材,2,2026-05-15,77.27
102256,SKU50523,丸子,火锅食材,5,2026-05-15,56.26
102256,SKU17505,肥牛卷,火锅食材,4,2026-05-15,3.57
102256,SKU24010,辣椒酱,粮油调味,2,2026-05-15,55.82
102256,SKU79183,鸡蛋,肉禽蛋品,2,2026-05-15,8.56
102256,SKU12223,排骨,肉禽蛋品,1,2026-05-15,37.48
102257,SKU20401,羊肉卷,火锅食材,5,2026-05-06,45.46
102257,SKU31857,洗衣液,日化清洁,5,2026-05-06,27.44
102257,SKU13185,豆腐,火锅食材,1,2026-05-06,34.92
102258,SKU84242,蛋糕粉,烘焙用品,1,2026-05-04,45.6
102258,SKU55105,黄油,烘焙用品,1,2026-05-04,3.75
102258,SKU15573,淡奶油,烘焙用品,2,2026-05-04,10.46
102258,SKU19102,鸡蛋,肉禽蛋品,1,2026-05-04,77.97
102258,SKU33707,面粉,粮油调味,4,2026-05-04,49.35
102259,SKU19851,蛋糕粉,烘焙用品,5,2026-06-03,53.23
102259,SKU14192,黄油,烘焙用品,2,2026-06-03,54.01
102259,SKU84145,淡奶油,烘焙用品,2,2026-06-03,5.3
102259,SKU21923,鸡蛋,肉禽蛋品,5,2026-06-03,71.35
102259,SKU19797,醋,粮油调味,5,2026-06-03,27.0
102260,SKU74924,牛奶,食品饮料,1,2026-05-13,75.05
102260,SKU30541,黄油,烘焙用品,2,2026-05-13,71.88
102261,SKU37106,橙子,生鲜蔬果,3,2026-01-21,20.61
102261,SKU62723,西红柿,生鲜蔬果,3,2026-01-21,5.1
102261,SKU52658,芝士碎,烘焙用品,2,2026-01-21,35.43
102261,SKU85522,白糖,粮油调味,1,2026-01-21,5.75
102262,SKU96183,酸奶,食品饮料,1,2026-05-13,18.93
102262,SKU61879,苹果,生鲜蔬果,2,2026-05-13,5.26
102262,SKU86872,垃圾袋,日化清洁,4,2026-05-13,18.63
102262,SKU10015,胡萝卜,生鲜蔬果,2,2026-05-13,25.59
102262,SKU93587,洗发水,日化清洁,4,2026-05-13,26.82
102263,SKU77826,酵母,烘焙用品,4,2026-04-11,20.35
102263,SKU36294,洗发水,日化清洁,3,2026-04-11,40.0
102263,SKU87076,牛奶,食品饮料,2,2026-04-11,49.59
102263,SKU12547,橙子,生鲜蔬果,3,2026-04-11,70.27
102263,SKU82433,蚝油,粮油调味,1,2026-04-11,5.13
102264,SKU66429,可乐,食品饮料,1,2026-05-04,57.93
102264,SKU25896,薯片,食品饮料,5,2026-05-04,21.57
102264,SKU10712,饼干,食品饮料,3,2026-05-04,33.13
102264,SKU43511,垃圾袋,日化清洁,1,2026-05-04,20.34
102264,SKU57284,香蕉,生鲜蔬果,3,2026-05-04,69.78
102265,SKU94620,拖把,日化清洁,1,2026-09-23,41.65
102265,SKU37998,可乐,食品饮料,5,2026-09-23,4.64
102265,SKU59191,大米,粮油调味,2,2026-09-23,3.17
102265,SKU78459,葡萄,生鲜蔬果,3,2026-09-23,11.1
102266,SKU55029,牛奶,食品饮料,1,2026-09-20,38.15
102266,SKU85808,面包,食品饮料,1,2026-09-20,73.77
102266,SKU70486,鸭蛋,肉禽蛋品,2,2026-09-20,33.02
102266,SKU12739,肥牛卷,火锅食材,4,2026-09-20,51.82
102266,SKU61308,沐浴露,日化清洁,3,2026-09-20,33.9
102267,SKU93421,洗发水,日化清洁,3,2026-03-22,35.72
102267,SKU93752,沐浴露,日化清洁,5,2026-03-22,67.04
102267,SKU31583,牙膏,日化清洁,4,2026-03-22,63.41
102267,SKU10458,可乐,食品饮料,1,2026-03-22,13.95
102267,SKU82837,盐,粮油调味,3,2026-03-22,68.09
102267,SKU13915,芝士碎,烘焙用品,4,2026-03-22,9.19
102268,SKU48203,辣椒酱,粮油调味,3,2026-04-13,9.81
102268,SKU71474,可乐,食品饮料,2,2026-04-13,58.64
102268,SKU86289,肥牛卷,火锅食材,1,2026-04-13,55.84
102268,SKU54186,消毒液,日化清洁,4,2026-04-13,75.2
102269,SKU90899,肥皂,日化清洁,1,2026-04-03,14.18
102269,SKU86380,纸巾,日化清洁,1,2026-04-03,78.46
102269,SKU35663,黄瓜,生鲜蔬果,3,2026-04-03,26.49
102269,SKU43328,橙子,生鲜蔬果,3,2026-04-03,35.7
102270,SKU89980,面包,食品饮料,1,2026-03-26,5.93
102270,SKU30904,白糖,粮油调味,1,2026-03-26,46.54
102270,SKU94538,淡奶油,烘焙用品,3,2026-03-26,27.9
102271,SKU64832,可乐,食品饮料,2,2026-09-04,67.38
102271,SKU24725,薯片,食品饮料,1,2026-09-04,36.86
102271,SKU66084,饼干,食品饮料,4,2026-09-04,7.56
102271,SKU57579,矿泉水,食品饮料,1,2026-09-04,15.89
102271,SKU36496,糖粉,烘焙用品,2,2026-09-04,28.84
102271,SKU22229,香蕉,生鲜蔬果,1,2026-09-04,17.49
102272,SKU44852,蛋糕粉,烘焙用品,1,2026-08-14,40.87
102272,SKU42417,黄油,烘焙用品,1,2026-08-14,10.41
102272,SKU56005,淡奶油,烘焙用品,4,2026-08-14,50.28
102272,SKU31590,鸡蛋,肉禽蛋品,5,2026-08-14,23.65
102272,SKU34632,白菜,生鲜蔬果,5,2026-08-14,11.75
102272,SKU90082,沐浴露,日化清洁,5,2026-08-14,18.72
102272,SKU23542,矿泉水,食品饮料,4,2026-08-14,50.62
102273,SKU60170,大米,粮油调味,1,2026-01-25,63.17
102273,SKU63581,蛋挞皮,烘焙用品,3,2026-01-25,32.76
102273,SKU70756,纸巾,日化清洁,4,2026-01-25,31.95
102273,SKU60123,芝士碎,烘焙用品,5,2026-01-25,65.88
102273,SKU16257,鸡蛋,肉禽蛋品,2,2026-01-25,28.48
102273,SKU56267,三文鱼,肉禽蛋品,5,2026-01-25,23.13
102274,SKU85884,酸奶,食品饮料,1,2026-01-24,70.81
102274,SKU25703,带鱼,肉禽蛋品,2,2026-01-24,42.63
102274,SKU55134,纸巾,日化清洁,1,2026-01-24,14.11
102274,SKU24033,油纸,烘焙用品,3,2026-01-24,61.88
102275,SKU98156,洗洁精,日化清洁,1,2026-05-08,21.95
102275,SKU54216,牙膏,日化清洁,5,2026-05-08,61.61
102275,SKU26015,虾仁,肉禽蛋品,5,2026-05-08,12.07
102276,SKU66762,豆腐,火锅食材,3,2026-09-02,18.0
102276,SKU11962,白糖,粮油调味,4,2026-09-02,19.89
102276,SKU16957,香蕉,生鲜蔬果,5,2026-09-02,20.32
102277,SKU87656,土豆,生鲜蔬果,4,2026-04-18,63.96
102277,SKU18541,鸡蛋,肉禽蛋品,2,2026-04-18,56.6
102277,SKU26124,芝士碎,烘焙用品,5,2026-04-18,69.61
102277,SKU74173,火锅底料,火锅食材,1,2026-04-18,28.29
102278,SKU87476,纸巾,日化清洁,1,2026-02-19,68.42
102278,SKU42405,肥牛卷,火锅食材,1,2026-02-19,71.5
102278,SKU66883,果汁,食品饮料,5,2026-02-19,38.0
102278,SKU94346,巧克力,食品饮料,4,2026-02-19,18.96
102278,SKU93065,沐浴露,日化清洁,3,2026-02-19,21.92
102278,SKU58845,薯片,食品饮料,3,2026-02-19,60.37
102279,SKU72372,油纸,烘焙用品,4,2026-07-16,20.45
102279,SKU44664,大米,粮油调味,2,2026-07-16,15.89
102279,SKU15621,消毒液,日化清洁,2,2026-07-16,40.66
102279,SKU93191,酱油,粮油调味,2,2026-07-16,55.08
102280,SKU99553,洗洁精,日化清洁,4,2026-02-19,61.89
102280,SKU44807,淡奶油,烘焙用品,1,2026-02-19,74.14
102281,SKU40235,洗衣液,日化清洁,4,2026-02-22,42.91
102281,SKU76455,纸巾,日化清洁,2,2026-02-22,76.1
102281,SKU81736,垃圾袋,日化清洁,4,2026-02-22,32.62
102281,SKU66551,香草精,烘焙用品,1,2026-02-22,52.35
102282,SKU45130,鸡蛋,肉禽蛋品,1,2026-01-12,15.33
102282,SKU66067,火锅底料,火锅食材,2,2026-01-12,69.66
102283,SKU19862,洗衣液,日化清洁,1,2026-04-15,8.19
102283,SKU35267,纸巾,日化清洁,5,2026-04-15,79.64
102283,SKU55148,垃圾袋,日化清洁,3,2026-04-15,8.78
102283,SKU67336,酸奶,食品饮料,4,2026-04-15,58.11
102283,SKU26296,蘸料,火锅食材,5,2026-04-15,14.0
102284,SKU70458,油纸,烘焙用品,4,2026-02-04,18.78
102284,SKU40009,消毒液,日化清洁,5,2026-02-04,40.07
102284,SKU46774,面粉,粮油调味,3,2026-02-04,27.03
102284,SKU64730,白菜,生鲜蔬果,3,2026-02-04,74.74
102285,SKU87654,生菜,生鲜蔬果,5,2026-05-15,44.1
102285,SKU40329,鸡肉,肉禽蛋品,2,2026-05-15,34.15
102285,SKU12468,蛋糕粉,烘焙用品,4,2026-05-15,52.06
102286,SKU72117,饼干,食品饮料,5,2026-01-18,54.43
102286,SKU23637,蚝油,粮油调味,5,2026-01-18,59.66
102286,SKU66828,醋,粮油调味,4,2026-01-18,31.76
102286,SKU16191,香蕉,生鲜蔬果,1,2026-01-18,42.97
102286,SKU76618,排骨,肉禽蛋品,3,2026-01-18,72.07
102286,SKU97948,矿泉水,食品饮料,5,2026-01-18,5.91
102287,SKU36899,可乐,食品饮料,4,2026-03-10,8.05
102287,SKU14454,薯片,食品饮料,3,2026-03-10,56.32
102287,SKU66876,饼干,食品饮料,5,2026-03-10,38.23
102287,SKU83921,酱油,粮油调味,2,2026-03-10,9.02
102287,SKU77669,豆腐,火锅食材,2,2026-03-10,56.1
102287,SKU27523,面粉,粮油调味,1,2026-03-10,17.63
102288,SKU40127,西红柿,生鲜蔬果,5,2026-03-19,63.61
102288,SKU95790,巧克力,食品饮料,3,2026-03-19,46.71
102288,SKU74236,洗发水,日化清洁,1,2026-03-19,33.94
102288,SKU34238,蔬菜拼盘,火锅食材,4,2026-03-19,22.64
102288,SKU63362,辣椒酱,粮油调味,4,2026-03-19,18.21
102288,SKU36668,粉丝,火锅食材,5,2026-03-19,65.36
102289,SKU55266,大米,粮油调味,5,2026-04-24,8.79
102289,SKU34301,肥牛卷,火锅食材,2,2026-04-24,53.76
102289,SKU80114,鸡蛋,肉禽蛋品,3,2026-04-24,56.0
102290,SKU16730,盐,粮油调味,4,2026-04-02,7.89
102290,SKU50751,蛋糕粉,烘焙用品,2,2026-04-02,21.82
102291,SKU11883,模具,烘焙用品,3,2026-02-24,49.03
102291,SKU99877,黄油,烘焙用品,4,2026-02-24,15.31
102291,SKU19300,黄瓜,生鲜蔬果,3,2026-02-24,43.87
102291,SKU13969,带鱼,肉禽蛋品,1,2026-02-24,29.06
102291,SKU64715,鸭血,火锅食材,2,2026-02-24,48.25
102291,SKU32758,羊肉卷,火锅食材,4,2026-02-24,44.35
102292,SKU94705,蚝油,粮油调味,2,2026-09-17,63.61
102292,SKU65797,蔬菜拼盘,火锅食材,5,2026-09-17,10.42
102292,SKU87799,牙膏,日化清洁,5,2026-09-17,29.82
102292,SKU65278,葡萄,生鲜蔬果,3,2026-09-17,21.87
102292,SKU29483,带鱼,肉禽蛋品,5,2026-09-17,42.78
102293,SKU99013,排骨,肉禽蛋品,5,2026-04-25,34.9
102293,SKU98084,胡萝卜,生鲜蔬果,1,2026-04-25,29.23
102293,SKU16813,土豆,生鲜蔬果,2,2026-04-25,20.8
102293,SKU13848,矿泉水,食品饮料,4,2026-04-25,41.37
102294,SKU10114,肥牛卷,火锅食材,2,2026-02-22,46.22
102294,SKU23787,苹果,生鲜蔬果,3,2026-02-22,25.7
102294,SKU83641,猪肉,肉禽蛋品,2,2026-02-22,5.86
102294,SKU26798,薯片,食品饮料,2,2026-02-22,61.31
102294,SKU50313,胡萝卜,生鲜蔬果,3,2026-02-22,45.23
102295,SKU39014,香草精,烘焙用品,1,2026-09-11,39.93
102295,SKU70187,蔬菜拼盘,火锅食材,2,2026-09-11,64.43
102295,SKU64527,蛋挞皮,烘焙用品,4,2026-09-11,4.95
102296,SKU72195,生菜,生鲜蔬果,4,2026-04-20,30.7
102296,SKU64117,牛奶,食品饮料,3,2026-04-20,8.73
102296,SKU94464,淡奶油,烘焙用品,5,2026-04-20,45.26
102296,SKU64422,橙子,生鲜蔬果,2,2026-04-20,76.77
102297,SKU76479,洗衣液,日化清洁,1,2026-07-23,72.78
102297,SKU54912,纸巾,日化清洁,3,2026-07-23,30.22
102297,SKU75007,垃圾袋,日化清洁,4,2026-07-23,37.87
102297,SKU28100,肥皂,日化清洁,5,2026-07-23,30.89
102297,SKU54459,酵母,烘焙用品,5,2026-07-23,24.3
102298,SKU59457,鸭血,火锅食材,2,2026-09-08,61.41
102298,SKU45215,醋,粮油调味,1,2026-09-08,24.72
102298,SKU33909,糖粉,烘焙用品,3,2026-09-08,27.98
102298,SKU61109,果汁,食品饮料,3,2026-09-08,67.11
102298,SKU30369,巧克力,食品饮料,4,2026-09-08,52.31
102298,SKU77768,面粉,粮油调味,1,2026-09-08,78.93
102299,SKU40690,苹果,生鲜蔬果,1,2026-03-20,58.69
102299,SKU37305,香蕉,生鲜蔬果,4,2026-03-20,58.5
102299,SKU10334,橙子,生鲜蔬果,2,2026-03-20,48.36
102299,SKU76575,蔬菜拼盘,火锅食材,2,2026-03-20,67.22
102299,SKU74336,胡萝卜,生鲜蔬果,1,2026-03-20,26.41
102299,SKU30547,蛋糕粉,烘焙用品,3,2026-03-20,9.93
102300,SKU23326,黄瓜,生鲜蔬果,1,2026-07-20,43.35
102300,SKU70623,鸭血,火锅食材,5,2026-07-20,66.57
102300,SKU75855,消毒液,日化清洁,1,2026-07-20,69.73
102300,SKU37082,洗衣液,日化清洁,2,2026-07-20,51.1
102300,SKU91589,粉丝,火锅食材,1,2026-07-20,21.09
102300,SKU98637,排骨,肉禽蛋品,3,2026-07-20,5.49
102301,SKU62892,西红柿,生鲜蔬果,1,2026-08-26,8.08
102301,SKU57826,鸡蛋,肉禽蛋品,3,2026-08-26,37.52
102301,SKU78344,黄瓜,生鲜蔬果,3,2026-08-26,39.56
102301,SKU29459,纸巾,日化清洁,4,2026-08-26,19.34
102302,SKU91992,西红柿,生鲜蔬果,4,2026-09-03,19.18
102302,SKU85005,洗发水,日化清洁,3,2026-09-03,11.92
102302,SKU13759,蛋糕粉,烘焙用品,4,2026-09-03,3.51
102302,SKU25261,葡萄,生鲜蔬果,4,2026-09-03,74.46
102302,SKU98348,洗衣液,日化清洁,4,2026-09-03,70.65
102303,SKU31564,火锅底料,火锅食材,1,2026-02-22,64.95
102303,SKU59089,丸子,火锅食材,3,2026-02-22,25.47
102303,SKU87315,肥牛卷,火锅食材,4,2026-02-22,49.26
102303,SKU48450,消毒液,日化清洁,1,2026-02-22,42.29
102303,SKU60733,黄油,烘焙用品,2,2026-02-22,20.72
102304,SKU33679,方便面,食品饮料,5,2026-08-11,17.67
102304,SKU35474,蛋糕粉,烘焙用品,4,2026-08-11,4.65
102304,SKU81637,土豆,生鲜蔬果,2,2026-08-11,70.07
102304,SKU50671,拖把,日化清洁,2,2026-08-11,65.59
102305,SKU51972,蔬菜拼盘,火锅食材,5,2026-07-19,38.9
102305,SKU47807,鸭蛋,肉禽蛋品,5,2026-07-19,45.81
102306,SKU53731,酵母,烘焙用品,5,2026-02-10,37.26
102306,SKU61162,蚝油,粮油调味,1,2026-02-10,13.63
102306,SKU41605,巧克力,食品饮料,1,2026-02-10,72.9
102307,SKU48170,蛋糕粉,烘焙用品,1,2026-08-20,49.25
102307,SKU19195,黄油,烘焙用品,3,2026-08-20,19.59
102307,SKU35860,淡奶油,烘焙用品,2,2026-08-20,9.53
102307,SKU52407,鸡蛋,肉禽蛋品,3,2026-08-20,79.51
102307,SKU89515,白糖,粮油调味,3,2026-08-20,67.02
102308,SKU93969,黄油,烘焙用品,2,2026-01-02,7.42
102308,SKU55673,拖把,日化清洁,2,2026-01-02,75.47
102308,SKU35963,肥牛卷,火锅食材,4,2026-01-02,69.49
102308,SKU94849,鸡翅,肉禽蛋品,4,2026-01-02,56.73
102309,SKU69694,可乐,食品饮料,2,2026-06-04,33.72
102309,SKU73781,鸡肉,肉禽蛋品,4,2026-06-04,76.49
102310,SKU20428,鸡翅,肉禽蛋品,4,2026-06-26,19.8
102310,SKU51105,饼干,食品饮料,5,2026-06-26,35.47
102310,SKU86365,拖把,日化清洁,3,2026-06-26,63.02
102311,SKU80528,苹果,生鲜蔬果,1,2026-02-26,74.04
102311,SKU46415,香蕉,生鲜蔬果,5,2026-02-26,71.02
102311,SKU79248,橙子,生鲜蔬果,3,2026-02-26,18.66
102311,SKU87071,牙膏,日化清洁,2,2026-02-26,32.03
102311,SKU46546,方便面,食品饮料,4,2026-02-26,34.08
102312,SKU86431,肥牛卷,火锅食材,5,2026-02-08,49.53
102312,SKU11069,饼干,食品饮料,4,2026-02-08,49.39
102312,SKU77923,蔬菜拼盘,火锅食材,5,2026-02-08,61.98
102312,SKU20317,粉丝,火锅食材,4,2026-02-08,20.86
102312,SKU41372,蛋挞皮,烘焙用品,3,2026-02-08,12.41
102313,SKU46547,苹果,生鲜蔬果,3,2026-06-19,23.05
102313,SKU69340,香蕉,生鲜蔬果,2,2026-06-19,38.27
102313,SKU45742,橙子,生鲜蔬果,2,2026-06-19,30.9
102313,SKU72969,可乐,食品饮料,3,2026-06-19,58.93
102314,SKU46341,苹果,生鲜蔬果,2,2026-09-14,45.32
102314,SKU21844,香蕉,生鲜蔬果,1,2026-09-14,38.14
102314,SKU26240,橙子,生鲜蔬果,5,2026-09-14,21.92
102314,SKU10955,面包,食品饮料,3,2026-09-14,32.4
102314,SKU32064,模具,烘焙用品,2,2026-09-14,37.56
102315,SKU70168,可乐,食品饮料,5,2026-09-01,41.1
102315,SKU71563,薯片,食品饮料,1,2026-09-01,71.58
102315,SKU35085,饼干,食品饮料,3,2026-09-01,5.26
102315,SKU91800,鸭蛋,肉禽蛋品,5,2026-09-01,53.36
102315,SKU88725,土豆,生鲜蔬果,2,2026-09-01,67.53
102315,SKU61601,肥皂,日化清洁,2,2026-09-01,78.85
102316,SKU62855,矿泉水,食品饮料,4,2026-08-27,8.16
102316,SKU67624,蛋糕粉,烘焙用品,2,2026-08-27,34.29
102316,SKU62920,酸奶,食品饮料,5,2026-08-27,34.66
102316,SKU83624,牛肉,肉禽蛋品,2,2026-08-27,64.26
102316,SKU80010,丸子,火锅食材,4,2026-08-27,18.99
102317,SKU90605,洗衣液,日化清洁,2,2026-02-08,26.33
102317,SKU13568,纸巾,日化清洁,5,2026-02-08,35.45
102317,SKU61970,垃圾袋,日化清洁,5,2026-02-08,22.47
102317,SKU46281,淡奶油,烘焙用品,3,2026-02-08,65.31
102318,SKU42564,大米,粮油调味,3,2026-08-15,23.71
102318,SKU95175,食用油,粮油调味,3,2026-08-15,77.37
102318,SKU27295,酱油,粮油调味,3,2026-08-15,25.12
102318,SKU59845,蛋糕粉,烘焙用品,1,2026-08-15,53.26
102319,SKU43379,胡萝卜,生鲜蔬果,5,2026-03-02,50.41
102319,SKU11199,食用油,粮油调味,5,2026-03-02,15.59
102320,SKU47858,土豆,生鲜蔬果,4,2026-01-26,27.74
102320,SKU65878,纸巾,日化清洁,3,2026-01-26,33.75
102320,SKU15168,酸奶,食品饮料,5,2026-01-26,35.24
102321,SKU11911,醋,粮油调味,2,2026-01-03,65.07
102321,SKU26099,牛肉,肉禽蛋品,3,2026-01-03,71.71
102321,SKU52867,洗衣液,日化清洁,3,2026-01-03,52.07
102322,SKU22215,蛋糕粉,烘焙用品,4,2026-09-23,78.16
102322,SKU84792,黄油,烘焙用品,2,2026-09-23,39.99
102322,SKU39648,淡奶油,烘焙用品,2,2026-09-23,64.93
102322,SKU67132,鸡蛋,肉禽蛋品,2,2026-09-23,66.83
102322,SKU30275,蛋挞皮,烘焙用品,5,2026-09-23,26.92
102322,SKU45094,粉丝,火锅食材,1,2026-09-23,10.21
102323,SKU57710,可乐,食品饮料,2,2026-05-26,71.09
102323,SKU46876,薯片,食品饮料,1,2026-05-26,59.31
102323,SKU20199,饼干,食品饮料,1,2026-05-26,4.07
102323,SKU93403,猪肉,肉禽蛋品,5,2026-05-26,26.63
102323,SKU97604,酵母,烘焙用品,4,2026-05-26,71.36
102324,SKU57448,料酒,粮油调味,3,2026-03-21,56.99
102324,SKU18329,面包,食品饮料,3,2026-03-21,36.07
102324,SKU18068,蛋挞皮,烘焙用品,2,2026-03-21,66.0
102325,SKU16789,淡奶油,烘焙用品,3,2026-04-25,26.31
102325,SKU77241,模具,烘焙用品,1,2026-04-25,70.2
102325,SKU76864,食用油,粮油调味,5,2026-04-25,16.31
102325,SKU49331,芝士碎,烘焙用品,5,2026-04-25,11.82
102326,SKU66331,洗衣液,日化清洁,3,2026-04-27,51.48
102326,SKU79854,纸巾,日化清洁,2,2026-04-27,66.86
102326,SKU94740,垃圾袋,日化清洁,4,2026-04-27,65.07
102326,SKU77001,方便面,食品饮料,1,2026-04-27,41.23
102326,SKU42513,酱油,粮油调味,1,2026-04-27,67.35
102327,SKU91059,牙膏,日化清洁,4,2026-09-10,54.79
102327,SKU51588,胡萝卜,生鲜蔬果,1,2026-09-10,41.73
102327,SKU80212,酸奶,食品饮料,1,2026-09-10,31.82
102327,SKU16788,面包,食品饮料,2,2026-09-10,54.58
102327,SKU51322,香蕉,生鲜蔬果,3,2026-09-10,54.71
102328,SKU96752,鸡翅,肉禽蛋品,4,2026-05-14,50.5
102328,SKU91819,葡萄,生鲜蔬果,4,2026-05-14,11.37
102329,SKU40413,糖粉,烘焙用品,2,2026-06-25,63.88
102329,SKU45765,带鱼,肉禽蛋品,1,2026-06-25,27.3
102329,SKU88110,牙膏,日化清洁,4,2026-06-25,26.82
102330,SKU31614,土豆,生鲜蔬果,1,2026-05-09,7.71
102330,SKU56520,洗洁精,日化清洁,2,2026-05-09,11.27
102330,SKU83426,面包,食品饮料,1,2026-05-09,76.6
102331,SKU93102,大米,粮油调味,2,2026-08-08,61.44
102331,SKU91625,食用油,粮油调味,2,2026-08-08,75.81
102331,SKU28636,酱油,粮油调味,2,2026-08-08,70.75
102331,SKU99306,醋,粮油调味,1,2026-08-08,71.81
102331,SKU58193,白菜,生鲜蔬果,3,2026-08-08,62.21
102331,SKU60144,苹果,生鲜蔬果,3,2026-08-08,75.33
102332,SKU38788,排骨,肉禽蛋品,4,2026-03-17,45.07
102332,SKU88952,胡萝卜,生鲜蔬果,2,2026-03-17,48.76
102332,SKU37200,土豆,生鲜蔬果,5,2026-03-17,62.51
102332,SKU99396,拖把,日化清洁,1,2026-03-17,5.27
102332,SKU80712,沐浴露,日化清洁,3,2026-03-17,9.12
102333,SKU11982,排骨,肉禽蛋品,5,2026-09-17,75.4
102333,SKU33607,胡萝卜,生鲜蔬果,5,2026-09-17,29.19
102333,SKU68418,土豆,生鲜蔬果,5,2026-09-17,21.65
102333,SKU99406,糖粉,烘焙用品,5,2026-09-17,18.29
102333,SKU83722,豆腐,火锅食材,1,2026-09-17,46.19
102333,SKU92727,酱油,粮油调味,4,2026-09-17,65.65
102334,SKU30626,香草精,烘焙用品,3,2026-09-10,69.92
102334,SKU59438,果汁,食品饮料,3,2026-09-10,55.28
102335,SKU78210,香草精,烘焙用品,5,2026-08-01,37.44
102335,SKU17006,鸡肉,肉禽蛋品,4,2026-08-01,66.34
102335,SKU14176,蘸料,火锅食材,5,2026-08-01,45.52
102336,SKU70648,香蕉,生鲜蔬果,5,2026-03-02,73.16
102336,SKU12735,面包,食品饮料,3,2026-03-02,19.03
102336,SKU79857,黄油,烘焙用品,4,2026-03-02,66.59
102337,SKU43475,面粉,粮油调味,3,2026-05-16,51.44
102337,SKU72608,香蕉,生鲜蔬果,3,2026-05-16,4.0
102337,SKU85255,带鱼,肉禽蛋品,2,2026-05-16,51.93
102338,SKU33567,西红柿,生鲜蔬果,4,2026-08-03,40.6
102338,SKU95060,排骨,肉禽蛋品,5,2026-08-03,55.45
102338,SKU91052,生菜,生鲜蔬果,1,2026-08-03,59.59
102338,SKU66827,酱油,粮油调味,3,2026-08-03,74.44
102338,SKU61420,葡萄,生鲜蔬果,1,2026-08-03,78.37
102338,SKU45990,盐,粮油调味,4,2026-08-03,54.0
102339,SKU13268,蚝油,粮油调味,4,2026-08-03,31.23
102339,SKU99743,沐浴露,日化清洁,5,2026-08-03,22.09
102339,SKU10677,酱油,粮油调味,2,2026-08-03,3.88
102339,SKU20492,糖粉,烘焙用品,1,2026-08-03,59.71
102339,SKU21872,洗发水,日化清洁,5,2026-08-03,20.03
102340,SKU60224,葡萄,生鲜蔬果,3,2026-06-06,8.35
102340,SKU45100,羊肉卷,火锅食材,4,2026-06-06,57.77
102341,SKU40820,果汁,食品饮料,5,2026-04-02,69.01
102341,SKU28388,虾仁,肉禽蛋品,1,2026-04-02,33.63
102342,SKU16323,消毒液,日化清洁,1,2026-04-05,5.94
102342,SKU69535,面包,食品饮料,4,2026-04-05,7.72
102342,SKU69392,薯片,食品饮料,2,2026-04-05,40.84
102342,SKU91075,火锅底料,火锅食材,5,2026-04-05,43.94
102343,SKU89701,洗发水,日化清洁,1,2026-03-03,38.35
102343,SKU43713,沐浴露,日化清洁,1,2026-03-03,41.79
102343,SKU79869,牙膏,日化清洁,4,2026-03-03,50.79
102343,SKU95891,香蕉,生鲜蔬果,1,2026-03-03,58.93
102344,SKU80693,大米,粮油调味,4,2026-02-15,60.0
102344,SKU57796,食用油,粮油调味,3,2026-02-15,38.0
102344,SKU39527,酱油,粮油调味,4,2026-02-15,48.63
102344,SKU70446,饼干,食品饮料,2,2026-02-15,33.68
102344,SKU46635,油纸,烘焙用品,3,2026-02-15,51.76
102345,SKU62719,料酒,粮油调味,5,2026-08-20,24.74
102345,SKU15633,丸子,火锅食材,3,2026-08-20,15.49
102346,SKU90198,洗衣液,日化清洁,2,2026-09-01,4.91
102346,SKU70687,纸巾,日化清洁,5,2026-09-01,16.41
102346,SKU30173,垃圾袋,日化清洁,1,2026-09-01,3.17
102346,SKU71421,方便面,食品饮料,4,2026-09-01,76.38
102347,SKU21712,大米,粮油调味,3,2026-06-11,63.82
102347,SKU28284,食用油,粮油调味,4,2026-06-11,19.23
102347,SKU71748,酱油,粮油调味,3,2026-06-11,9.21
102347,SKU93185,芝士碎,烘焙用品,2,2026-06-11,66.16
102348,SKU39507,大米,粮油调味,2,2026-04-02,78.6
102348,SKU81314,食用油,粮油调味,2,2026-04-02,69.65
102348,SKU43847,酱油,粮油调味,1,2026-04-02,63.27
102348,SKU93527,牛肉,肉禽蛋品,5,2026-04-02,74.86
102348,SKU77570,火锅底料,火锅食材,1,2026-04-02,44.22
102349,SKU40364,蛋糕粉,烘焙用品,3,2026-07-23,26.45
102349,SKU51754,黄油,烘焙用品,1,2026-07-23,33.63
102349,SKU26629,淡奶油,烘焙用品,4,2026-07-23,74.04
102349,SKU68356,鸡蛋,肉禽蛋品,1,2026-07-23,10.69
102349,SKU77702,毛肚,火锅食材,1,2026-07-23,57.08
102349,SKU79573,土豆,生鲜蔬果,1,2026-07-23,3.06
102350,SKU64816,酵母,烘焙用品,1,2026-02-28,28.7
102350,SKU95649,蛋挞皮,烘焙用品,4,2026-02-28,18.55
102350,SKU11637,辣椒酱,粮油调味,4,2026-02-28,11.82
102350,SKU61765,肥皂,日化清洁,4,2026-02-28,61.89
102350,SKU94512,鸡翅,肉禽蛋品,5,2026-02-28,34.6
102351,SKU50745,鸡肉,肉禽蛋品,3,2026-07-09,70.36
102351,SKU53998,果汁,食品饮料,4,2026-07-09,45.29
102351,SKU48249,火锅底料,火锅食材,2,2026-07-09,51.96
102351,SKU51616,牛奶,食品饮料,2,2026-07-09,29.39
102352,SKU31113,肥牛卷,火锅食材,4,2026-08-15,5.62
102352,SKU13949,丸子,火锅食材,2,2026-08-15,53.56
102352,SKU12224,蚝油,粮油调味,1,2026-08-15,23.41
102352,SKU94735,肥皂,日化清洁,5,2026-08-15,30.18
102352,SKU94684,牛肉,肉禽蛋品,1,2026-08-15,55.27
102352,SKU22792,拖把,日化清洁,1,2026-08-15,30.04
102353,SKU74396,虾仁,肉禽蛋品,3,2026-07-24,40.55
102353,SKU87464,蚝油,粮油调味,2,2026-07-24,28.93
102353,SKU21988,葡萄,生鲜蔬果,4,2026-07-24,8.8
102354,SKU99571,沐浴露,日化清洁,4,2026-06-21,12.68
102354,SKU12268,辣椒酱,粮油调味,5,2026-06-21,55.63
102354,SKU76696,蘸料,火锅食材,4,2026-06-21,17.26
102354,SKU63559,毛肚,火锅食材,1,2026-06-21,27.71
102354,SKU35298,果汁,食品饮料,4,2026-06-21,7.12
102354,SKU85456,牛肉,肉禽蛋品,1,2026-06-21,77.72
102355,SKU84373,火锅底料,火锅食材,2,2026-09-02,24.11
102355,SKU52170,丸子,火锅食材,2,2026-09-02,34.37
102355,SKU78459,肥牛卷,火锅食材,4,2026-09-02,43.61
102355,SKU92443,粉丝,火锅食材,4,2026-09-02,37.11
102355,SKU29001,料酒,粮油调味,2,2026-09-02,24.9
102355,SKU44155,方便面,食品饮料,3,2026-09-02,72.46
102356,SKU63356,虾仁,肉禽蛋品,2,2026-02-23,4.59
102356,SKU27102,鸡肉,肉禽蛋品,3,2026-02-23,41.48
102356,SKU28357,蘸料,火锅食材,5,2026-02-23,52.3
102356,SKU49562,肥牛卷,火锅食材,4,2026-02-23,43.68
102356,SKU89172,果汁,食品饮料,5,2026-02-23,40.19
102357,SKU15310,酵母,烘焙用品,5,2026-03-19,57.64
102357,SKU44709,面粉,粮油调味,5,2026-03-19,27.04
102358,SKU34542,蛋糕粉,烘焙用品,2,2026-09-26,10.86
102358,SKU27122,黄油,烘焙用品,3,2026-09-26,43.13
102358,SKU61557,淡奶油,烘焙用品,5,2026-09-26,73.19
102358,SKU10920,鸡蛋,肉禽蛋品,4,2026-09-26,20.17
102358,SKU91641,丸子,火锅食材,3,2026-09-26,64.4
102358,SKU43070,白糖,粮油调味,4,2026-09-26,78.05
102359,SKU53394,鸡翅,肉禽蛋品,5,2026-05-15,33.89
102359,SKU33328,矿泉水,食品饮料,1,2026-05-15,34.74
102359,SKU19456,黄油,烘焙用品,1,2026-05-15,39.7
102360,SKU92074,蛋糕粉,烘焙用品,4,2026-08-04,5.25
102360,SKU13015,黄油,烘焙用品,3,2026-08-04,3.55
102360,SKU67622,淡奶油,烘焙用品,3,2026-08-04,65.03
102360,SKU79015,鸡蛋,肉禽蛋品,3,2026-08-04,55.59
102360,SKU64985,矿泉水,食品饮料,1,2026-08-04,40.32
102360,SKU77850,洗洁精,日化清洁,3,2026-08-04,44.17
102360,SKU81516,方便面,食品饮料,3,2026-08-04,11.86
102361,SKU35756,可乐,食品饮料,5,2026-04-04,62.52
102361,SKU80865,薯片,食品饮料,3,2026-04-04,49.71
102361,SKU26717,饼干,食品饮料,2,2026-04-04,52.06
102361,SKU47609,羊肉卷,火锅食材,3,2026-04-04,30.9
102362,SKU65563,牛奶,食品饮料,3,2026-09-18,11.31
102362,SKU23976,面包,食品饮料,3,2026-09-18,26.98
102362,SKU94506,醋,粮油调味,3,2026-09-18,10.6
102362,SKU14273,垃圾袋,日化清洁,5,2026-09-18,53.5
102362,SKU70617,酸奶,食品饮料,1,2026-09-18,25.55
102363,SKU51075,面粉,粮油调味,2,2026-04-19,75.43
102363,SKU83407,毛肚,火锅食材,5,2026-04-19,22.28
102364,SKU23777,排骨,肉禽蛋品,4,2026-01-22,78.43
102364,SKU75785,胡萝卜,生鲜蔬果,3,2026-01-22,32.66
102364,SKU88849,土豆,生鲜蔬果,3,2026-01-22,17.99
102364,SKU22597,三文鱼,肉禽蛋品,1,2026-01-22,67.15
102365,SKU13774,苹果,生鲜蔬果,1,2026-08-10,53.59
102365,SKU30968,香蕉,生鲜蔬果,5,2026-08-10,48.82
102365,SKU15862,橙子,生鲜蔬果,2,2026-08-10,46.6
102365,SKU22699,黄瓜,生鲜蔬果,4,2026-08-10,23.13
102365,SKU60995,豆腐,火锅食材,5,2026-08-10,50.56
102366,SKU52198,带鱼,肉禽蛋品,4,2026-06-18,35.4
102366,SKU93880,酸奶,食品饮料,2,2026-06-18,66.25
102367,SKU60440,豆腐,火锅食材,2,2026-06-18,45.36
102367,SKU64270,黄瓜,生鲜蔬果,3,2026-06-18,35.32
102367,SKU82669,面粉,粮油调味,1,2026-06-18,79.04
102368,SKU10907,排骨,肉禽蛋品,5,2026-01-12,42.38
102368,SKU53539,豆腐,火锅食材,2,2026-01-12,3.0
102369,SKU19243,蛋糕粉,烘焙用品,2,2026-04-15,3.78
102369,SKU81092,豆腐,火锅食材,1,2026-04-15,78.85
102369,SKU65587,丸子,火锅食材,1,2026-04-15,72.27
102369,SKU31797,大米,粮油调味,5,2026-04-15,59.82
102369,SKU87374,带鱼,肉禽蛋品,2,2026-04-15,70.23
102369,SKU94874,橙子,生鲜蔬果,4,2026-04-15,32.14
102370,SKU83571,西红柿,生鲜蔬果,1,2026-07-06,78.12
102370,SKU98993,鸡蛋,肉禽蛋品,1,2026-07-06,37.29
102370,SKU27575,黄瓜,生鲜蔬果,2,2026-07-06,37.98
102370,SKU87902,沐浴露,日化清洁,5,2026-07-06,54.06
102371,SKU41157,淡奶油,烘焙用品,5,2026-05-28,62.21
102371,SKU61176,料酒,粮油调味,3,2026-05-28,47.95
102371,SKU93465,牙膏,日化清洁,2,2026-05-28,46.08
102372,SKU40107,洗洁精,日化清洁,5,2026-09-16,13.84
102372,SKU78743,沐浴露,日化清洁,2,2026-09-16,30.68
102372,SKU29465,牛肉,肉禽蛋品,5,2026-09-16,29.83
102372,SKU44412,橙子,生鲜蔬果,5,2026-09-16,53.01
102373,SKU52097,洗发水,日化清洁,5,2026-07-21,5.06
102373,SKU37257,沐浴露,日化清洁,5,2026-07-21,40.6
102373,SKU29606,牙膏,日化清洁,1,2026-07-21,56.76
102373,SKU45635,鸡肉,肉禽蛋品,5,2026-07-21,34.52
102373,SKU17484,芝士碎,烘焙用品,5,2026-07-21,49.31
102373,SKU66176,猪肉,肉禽蛋品,5,2026-07-21,25.92
102374,SKU76587,蛋糕粉,烘焙用品,5,2026-08-19,63.12
102374,SKU22567,黄油,烘焙用品,5,2026-08-19,55.53
102374,SKU44505,淡奶油,烘焙用品,3,2026-08-19,28.28
102374,SKU19310,鸡蛋,肉禽蛋品,5,2026-08-19,9.23
102374,SKU25858,香蕉,生鲜蔬果,5,2026-08-19,76.33
102374,SKU77282,酱油,粮油调味,4,2026-08-19,51.23
102374,SKU77644,油纸,烘焙用品,3,2026-08-19,28.96
102375,SKU77732,面包,食品饮料,2,2026-05-18,45.55
102375,SKU80787,香蕉,生鲜蔬果,4,2026-05-18,29.69
102375,SKU74651,食用油,粮油调味,1,2026-05-18,78.46
102375,SKU17314,酵母,烘焙用品,2,2026-05-18,79.02
102376,SKU96192,模具,烘焙用品,3,2026-09-21,69.53
102376,SKU99864,土豆,生鲜蔬果,3,2026-09-21,37.37
102376,SKU90859,猪肉,肉禽蛋品,2,2026-09-21,53.63
102376,SKU58969,羊肉卷,火锅食材,2,2026-09-21,28.42
102377,SKU95630,洗发水,日化清洁,1,2026-07-17,11.0
102377,SKU37664,沐浴露,日化清洁,5,2026-07-17,11.56
102377,SKU45808,牙膏,日化清洁,4,2026-07-17,69.0
102377,SKU94609,蛋挞皮,烘焙用品,2,2026-07-17,25.59
102377,SKU98917,黄瓜,生鲜蔬果,3,2026-07-17,63.42
102378,SKU68782,大米,粮油调味,4,2026-01-01,72.01
102378,SKU45299,食用油,粮油调味,2,2026-01-01,26.74
102378,SKU57125,酱油,粮油调味,4,2026-01-01,6.9
102378,SKU30884,香蕉,生鲜蔬果,4,2026-01-01,56.06
102379,SKU67602,模具,烘焙用品,5,2026-05-18,19.37
102379,SKU89065,拖把,日化清洁,2,2026-05-18,54.54
102379,SKU22385,酸奶,食品饮料,1,2026-05-18,75.74
102379,SKU64731,橙子,生鲜蔬果,1,2026-05-18,5.85
102380,SKU30182,猪肉,肉禽蛋品,2,2026-04-09,6.51
102380,SKU51422,毛肚,火锅食材,2,2026-04-09,18.0
102380,SKU55120,黄瓜,生鲜蔬果,5,2026-04-09,39.71
102380,SKU66717,方便面,食品饮料,4,2026-04-09,22.19
102381,SKU57175,毛肚,火锅食材,3,2026-09-25,76.73
102381,SKU53497,丸子,火锅食材,3,2026-09-25,29.72
102381,SKU52437,消毒液,日化清洁,5,2026-09-25,34.85
102382,SKU96224,可乐,食品饮料,4,2026-07-18,43.44
102382,SKU76866,薯片,食品饮料,4,2026-07-18,26.86
102382,SKU15893,饼干,食品饮料,4,2026-07-18,11.59
102382,SKU55010,毛肚,火锅食材,1,2026-07-18,7.14
102383,SKU55760,洗发水,日化清洁,4,2026-06-09,50.87
102383,SKU93287,酸奶,食品饮料,2,2026-06-09,48.04
102383,SKU69653,牛奶,食品饮料,5,2026-06-09,25.03
102383,SKU25501,可乐,食品饮料,1,2026-06-09,25.07
102384,SKU89083,可乐,食品饮料,4,2026-05-12,6.11
102384,SKU18607,薯片,食品饮料,3,2026-05-12,52.95
102384,SKU61629,饼干,食品饮料,5,2026-05-12,11.04
102384,SKU94533,盐,粮油调味,1,2026-05-12,18.23
102385,SKU94893,沐浴露,日化清洁,2,2026-08-28,21.95
102385,SKU90740,洗洁精,日化清洁,2,2026-08-28,25.24
102385,SKU70557,薯片,食品饮料,5,2026-08-28,38.44
102385,SKU10761,大米,粮油调味,1,2026-08-28,9.24
102385,SKU59470,食用油,粮油调味,1,2026-08-28,57.96
102385,SKU70395,鸡蛋,肉禽蛋品,4,2026-08-28,56.68
102386,SKU89116,牛奶,食品饮料,5,2026-05-27,43.02
102386,SKU43855,面包,食品饮料,2,2026-05-27,36.76
102386,SKU85162,蔬菜拼盘,火锅食材,2,2026-05-27,55.7
102386,SKU89227,西红柿,生鲜蔬果,3,2026-05-27,39.22
102387,SKU76275,排骨,肉禽蛋品,5,2026-04-21,19.34
102387,SKU92818,胡萝卜,生鲜蔬果,4,2026-04-21,9.28
102387,SKU79002,土豆,生鲜蔬果,1,2026-04-21,56.95
102387,SKU60213,粉丝,火锅食材,4,2026-04-21,65.0
102387,SKU51469,蘸料,火锅食材,3,2026-04-21,77.5
102388,SKU51689,西红柿,生鲜蔬果,5,2026-09-22,34.9
102388,SKU68592,鸡蛋,肉禽蛋品,2,2026-09-22,58.87
102388,SKU93911,黄瓜,生鲜蔬果,5,2026-09-22,59.68
102388,SKU35390,猪肉,肉禽蛋品,1,2026-09-22,69.18
102389,SKU28342,肥皂,日化清洁,4,2026-02-05,26.04
102389,SKU49582,洗衣液,日化清洁,5,2026-02-05,60.94
102390,SKU22330,排骨,肉禽蛋品,5,2026-06-20,70.06
102390,SKU21857,胡萝卜,生鲜蔬果,2,2026-06-20,35.01
102390,SKU77951,土豆,生鲜蔬果,2,2026-06-20,5.68
102390,SKU37486,洗洁精,日化清洁,2,2026-06-20,37.73
102390,SKU41689,肥皂,日化清洁,1,2026-06-20,63.16
102391,SKU32600,面粉,粮油调味,3,2026-06-19,28.24
102391,SKU58467,牛奶,食品饮料,2,2026-06-19,16.59
102392,SKU23320,可乐,食品饮料,4,2026-09-02,8.97
102392,SKU70978,沐浴露,日化清洁,4,2026-09-02,79.52
102392,SKU53639,洗衣液,日化清洁,3,2026-09-02,62.4
102393,SKU30166,蛋糕粉,烘焙用品,4,2026-02-26,56.96
102393,SKU43611,黄油,烘焙用品,2,2026-02-26,10.67
102393,SKU19734,淡奶油,烘焙用品,1,2026-02-26,12.99
102393,SKU10377,鸡蛋,肉禽蛋品,1,2026-02-26,77.1
102393,SKU48895,盐,粮油调味,4,2026-02-26,32.87
102393,SKU46678,三文鱼,肉禽蛋品,3,2026-02-26,19.0
102394,SKU19677,可乐,食品饮料,3,2026-07-01,33.65
102394,SKU87649,薯片,食品饮料,4,2026-07-01,52.15
102394,SKU74922,饼干,食品饮料,5,2026-07-01,54.13
102394,SKU53355,酸奶,食品饮料,1,2026-07-01,65.49
102395,SKU95147,火锅底料,火锅食材,1,2026-03-04,39.56
102395,SKU76497,丸子,火锅食材,2,2026-03-04,54.48
102395,SKU96390,肥牛卷,火锅食材,3,2026-03-04,6.35
102395,SKU32213,辣椒酱,粮油调味,3,2026-03-04,44.27
102395,SKU28574,沐浴露,日化清洁,4,2026-03-04,6.95
102396,SKU51884,排骨,肉禽蛋品,3,2026-04-11,5.74
102396,SKU41084,胡萝卜,生鲜蔬果,3,2026-04-11,64.81
102396,SKU20074,土豆,生鲜蔬果,1,2026-04-11,61.82
102396,SKU90321,面粉,粮油调味,1,2026-04-11,79.49
102397,SKU16750,洗发水,日化清洁,2,2026-01-01,18.12
102397,SKU59027,沐浴露,日化清洁,5,2026-01-01,40.87
102397,SKU97114,牙膏,日化清洁,4,2026-01-01,46.31
102397,SKU57970,三文鱼,肉禽蛋品,2,2026-01-01,19.86
102397,SKU76731,火锅底料,火锅食材,3,2026-01-01,33.94
102397,SKU18297,垃圾袋,日化清洁,3,2026-01-01,48.44
102398,SKU61058,西红柿,生鲜蔬果,3,2026-09-25,43.8
102398,SKU15740,鸡蛋,肉禽蛋品,5,2026-09-25,46.16
102398,SKU74006,黄瓜,生鲜蔬果,3,2026-09-25,58.18
102398,SKU36534,糖粉,烘焙用品,2,2026-09-25,66.57
102399,SKU11316,黄油,烘焙用品,5,2026-09-01,54.88
102399,SKU58532,拖把,日化清洁,3,2026-09-01,22.39
102399,SKU51239,西红柿,生鲜蔬果,1,2026-09-01,10.9
102400,SKU62023,沐浴露,日化清洁,3,2026-01-11,44.19
102400,SKU27441,洗洁精,日化清洁,5,2026-01-11,41.26
102400,SKU47941,粉丝,火锅食材,2,2026-01-11,18.55
102400,SKU41487,苹果,生鲜蔬果,2,2026-01-11,6.24
102400,SKU41336,蛋糕粉,烘焙用品,1,2026-01-11,7.72
102401,SKU41742,牛奶,食品饮料,2,2026-02-19,32.4
102401,SKU98035,面包,食品饮料,3,2026-02-19,48.56
102401,SKU29265,火锅底料,火锅食材,1,2026-02-19,68.08
102401,SKU30183,鸡肉,肉禽蛋品,1,2026-02-19,78.15
102402,SKU25809,蛋糕粉,烘焙用品,5,2026-09-13,34.66
102402,SKU27249,黄油,烘焙用品,3,2026-09-13,3.15
102402,SKU49052,淡奶油,烘焙用品,3,2026-09-13,74.6
102402,SKU87938,鸡蛋,肉禽蛋品,2,2026-09-13,14.21
102402,SKU41438,大米,粮油调味,2,2026-09-13,16.15
102403,SKU68666,蛋糕粉,烘焙用品,1,2026-01-05,17.68
102403,SKU32452,黄油,烘焙用品,5,2026-01-05,75.24
102403,SKU31117,淡奶油,烘焙用品,5,2026-01-05,53.77
102403,SKU53635,鸡蛋,肉禽蛋品,3,2026-01-05,54.0
102403,SKU74003,葡萄,生鲜蔬果,1,2026-01-05,52.33
102403,SKU40583,黄瓜,生鲜蔬果,5,2026-01-05,10.38
102403,SKU31207,白菜,生鲜蔬果,3,2026-01-05,20.73
102404,SKU73988,排骨,肉禽蛋品,5,2026-06-13,24.16
102404,SKU80432,胡萝卜,生鲜蔬果,4,2026-06-13,25.01
102404,SKU70079,土豆,生鲜蔬果,5,2026-06-13,69.85
102404,SKU38250,酱油,粮油调味,5,2026-06-13,74.91
102404,SKU46054,薯片,食品饮料,4,2026-06-13,8.32
102405,SKU41127,排骨,肉禽蛋品,4,2026-01-18,21.94
102405,SKU73590,胡萝卜,生鲜蔬果,4,2026-01-18,7.22
102405,SKU53825,土豆,生鲜蔬果,2,2026-01-18,73.06
102405,SKU31478,橙子,生鲜蔬果,4,2026-01-18,39.18
102406,SKU88409,蛋挞皮,烘焙用品,3,2026-07-03,27.74
102406,SKU69044,酱油,粮油调味,5,2026-07-03,47.06
102406,SKU33895,虾仁,肉禽蛋品,4,2026-07-03,18.05
102407,SKU31725,生菜,生鲜蔬果,2,2026-05-07,48.74
102407,SKU79478,薯片,食品饮料,2,2026-05-07,79.35
102407,SKU20841,芝士碎,烘焙用品,2,2026-05-07,18.15
102408,SKU60434,食用油,粮油调味,5,2026-04-17,79.57
102408,SKU13592,大米,粮油调味,2,2026-04-17,40.37
102408,SKU48177,料酒,粮油调味,5,2026-04-17,69.36
102408,SKU22569,洗发水,日化清洁,1,2026-04-17,70.56
102409,SKU42982,西红柿,生鲜蔬果,5,2026-05-10,79.03
102409,SKU98519,鸡蛋,肉禽蛋品,3,2026-05-10,32.87
102409,SKU94544,黄瓜,生鲜蔬果,1,2026-05-10,43.22
102409,SKU39713,大米,粮油调味,5,2026-05-10,19.98
102409,SKU64392,酱油,粮油调味,3,2026-05-10,5.66
102410,SKU35788,盐,粮油调味,1,2026-03-23,30.14
102410,SKU40708,模具,烘焙用品,3,2026-03-23,45.57
102410,SKU68560,薯片,食品饮料,2,2026-03-23,58.11
102411,SKU45122,猪肉,肉禽蛋品,1,2026-09-21,47.61
102411,SKU57370,土豆,生鲜蔬果,3,2026-09-21,46.23
102411,SKU76685,洗发水,日化清洁,5,2026-09-21,29.61
102411,SKU72521,酸奶,食品饮料,2,2026-09-21,29.59
102412,SKU65229,洗衣液,日化清洁,4,2026-03-08,3.34
102412,SKU89036,纸巾,日化清洁,1,2026-03-08,45.93
102412,SKU49056,垃圾袋,日化清洁,3,2026-03-08,41.73
102412,SKU47372,西红柿,生鲜蔬果,4,2026-03-08,55.46
102413,SKU59915,面粉,粮油调味,3,2026-08-24,76.47
102413,SKU93627,鸡肉,肉禽蛋品,3,2026-08-24,6.18
102413,SKU97106,饼干,食品饮料,4,2026-08-24,47.0
102413,SKU96584,酸奶,食品饮料,2,2026-08-24,38.27
102414,SKU18139,蛋糕粉,烘焙用品,1,2026-01-24,60.44
102414,SKU63802,黄油,烘焙用品,3,2026-01-24,30.34
102414,SKU19398,淡奶油,烘焙用品,2,2026-01-24,53.31
102414,SKU63497,鸡蛋,肉禽蛋品,2,2026-01-24,35.56
102414,SKU94522,肥皂,日化清洁,4,2026-01-24,35.41
102414,SKU94851,方便面,食品饮料,5,2026-01-24,5.02
102415,SKU32351,黄油,烘焙用品,4,2026-05-02,66.26
102415,SKU52586,矿泉水,食品饮料,3,2026-05-02,67.86
102415,SKU30431,丸子,火锅食材,2,2026-05-02,78.34
102415,SKU45475,苹果,生鲜蔬果,1,2026-05-02,36.12
102415,SKU63474,酸奶,食品饮料,2,2026-05-02,13.8
102415,SKU38921,盐,粮油调味,1,2026-05-02,25.71
102416,SKU44929,洗衣液,日化清洁,2,2026-05-28,71.5
102416,SKU15637,纸巾,日化清洁,2,2026-05-28,64.21
102416,SKU98581,垃圾袋,日化清洁,5,2026-05-28,8.0
102416,SKU95268,胡萝卜,生鲜蔬果,4,2026-05-28,44.08
102416,SKU57861,沐浴露,日化清洁,1,2026-05-28,50.67
102417,SKU62671,酱油,粮油调味,3,2026-04-24,15.58
102417,SKU46926,大米,粮油调味,3,2026-04-24,48.16
102418,SKU40507,糖粉,烘焙用品,5,2026-08-18,34.85
102418,SKU96382,消毒液,日化清洁,1,2026-08-18,38.93
102418,SKU20398,果汁,食品饮料,1,2026-08-18,38.44
102418,SKU14805,可乐,食品饮料,1,2026-08-18,59.34
102418,SKU48010,大米,粮油调味,1,2026-08-18,13.41
102419,SKU73224,可乐,食品饮料,1,2026-09-25,59.89
102419,SKU95578,薯片,食品饮料,3,2026-09-25,58.17
102419,SKU43577,饼干,食品饮料,1,2026-09-25,4.96
102419,SKU17162,矿泉水,食品饮料,5,2026-09-25,8.36
102419,SKU35210,鸡翅,肉禽蛋品,1,2026-09-25,36.83
102419,SKU48461,鸡蛋,肉禽蛋品,1,2026-09-25,59.36
102420,SKU44720,苹果,生鲜蔬果,4,2026-03-01,25.27
102420,SKU17732,香蕉,生鲜蔬果,1,2026-03-01,13.02
102420,SKU45978,橙子,生鲜蔬果,4,2026-03-01,6.09
102420,SKU55615,土豆,生鲜蔬果,2,2026-03-01,8.78
102421,SKU15098,火锅底料,火锅食材,4,2026-06-26,45.32
102421,SKU66446,丸子,火锅食材,4,2026-06-26,34.97
102421,SKU56887,肥牛卷,火锅食材,4,2026-06-26,77.43
102421,SKU44718,粉丝,火锅食材,1,2026-06-26,23.58
102421,SKU19433,鸭血,火锅食材,5,2026-06-26,20.55
102422,SKU72145,大米,粮油调味,2,2026-06-13,74.71
102422,SKU18524,食用油,粮油调味,1,2026-06-13,55.77
102422,SKU80763,酱油,粮油调味,3,2026-06-13,62.94
102422,SKU53903,饼干,食品饮料,4,2026-06-13,11.84
102423,SKU58468,可乐,食品饮料,1,2026-02-04,22.72
102423,SKU24662,薯片,食品饮料,5,2026-02-04,17.85
102423,SKU94824,饼干,食品饮料,1,2026-02-04,33.25
102423,SKU11365,火锅底料,火锅食材,4,2026-02-04,77.19
102424,SKU14722,洗衣液,日化清洁,1,2026-05-23,68.4
102424,SKU19749,沐浴露,日化清洁,4,2026-05-23,18.41
102424,SKU67502,料酒,粮油调味,2,2026-05-23,14.21
102425,SKU66166,巧克力,食品饮料,1,2026-03-11,59.96
102425,SKU40177,洗洁精,日化清洁,5,2026-03-11,12.88
102425,SKU22993,食用油,粮油调味,2,2026-03-11,34.38
102425,SKU86325,矿泉水,食品饮料,1,2026-03-11,74.05
102425,SKU19748,土豆,生鲜蔬果,5,2026-03-11,47.28
102425,SKU45243,芝士碎,烘焙用品,5,2026-03-11,78.7
102426,SKU68650,毛肚,火锅食材,2,2026-01-01,42.76
102426,SKU53965,鸭蛋,肉禽蛋品,3,2026-01-01,59.44
102426,SKU43671,面粉,粮油调味,5,2026-01-01,69.49
102426,SKU56654,香草精,烘焙用品,5,2026-01-01,14.55
102426,SKU49040,蘸料,火锅食材,3,2026-01-01,51.97
102426,SKU29483,三文鱼,肉禽蛋品,3,2026-01-01,66.2
102427,SKU61604,蛋糕粉,烘焙用品,4,2026-07-14,51.15
102427,SKU81919,黄油,烘焙用品,4,2026-07-14,71.86
102427,SKU14918,淡奶油,烘焙用品,1,2026-07-14,70.66
102427,SKU32421,鸡蛋,肉禽蛋品,3,2026-07-14,8.4
102427,SKU27782,酸奶,食品饮料,5,2026-07-14,52.32
102427,SKU45532,蘸料,火锅食材,4,2026-07-14,14.43
102428,SKU18735,火锅底料,火锅食材,4,2026-04-01,38.33
102428,SKU76935,羊肉卷,火锅食材,1,2026-04-01,40.97
102428,SKU17052,粉丝,火锅食材,2,2026-04-01,22.36
102428,SKU39240,辣椒酱,粮油调味,5,2026-04-01,49.95
102428,SKU38702,拖把,日化清洁,3,2026-04-01,9.41
102429,SKU60507,模具,烘焙用品,2,2026-04-24,63.94
102429,SKU60774,食用油,粮油调味,1,2026-04-24,66.8
102429,SKU68486,葡萄,生鲜蔬果,2,2026-04-24,4.24
102429,SKU52649,酱油,粮油调味,2,2026-04-24,48.4
102430,SKU24464,可乐,食品饮料,5,2026-02-22,35.59
102430,SKU12608,薯片,食品饮料,1,2026-02-22,68.52
102430,SKU98264,饼干,食品饮料,5,2026-02-22,23.86
102430,SKU84447,酵母,烘焙用品,2,2026-02-22,51.11
102431,SKU37103,蛋糕粉,烘焙用品,5,2026-03-22,35.14
102431,SKU88056,丸子,火锅食材,2,2026-03-22,65.85
102431,SKU61254,料酒,粮油调味,3,2026-03-22,6.39
102431,SKU74648,淡奶油,烘焙用品,4,2026-03-22,52.49
102431,SKU54612,土豆,生鲜蔬果,4,2026-03-22,3.66
102432,SKU16991,苹果,生鲜蔬果,1,2026-06-01,55.27
102432,SKU64537,洗发水,日化清洁,5,2026-06-01,19.79
102433,SKU50845,苹果,生鲜蔬果,4,2026-03-12,74.47
102433,SKU47738,香蕉,生鲜蔬果,1,2026-03-12,48.05
102433,SKU44242,橙子,生鲜蔬果,1,2026-03-12,68.01
102433,SKU61437,沐浴露,日化清洁,2,2026-03-12,35.17
102433,SKU33600,肥皂,日化清洁,1,2026-03-12,31.63
102434,SKU50697,苹果,生鲜蔬果,1,2026-01-15,60.13
102434,SKU37589,香蕉,生鲜蔬果,5,2026-01-15,70.56
102434,SKU44541,橙子,生鲜蔬果,4,2026-01-15,40.99
102434,SKU27554,毛肚,火锅食材,5,2026-01-15,4.1
102435,SKU97540,牛肉,肉禽蛋品,3,2026-02-15,4.79
102435,SKU74711,排骨,肉禽蛋品,1,2026-02-15,24.49
102435,SKU36093,丸子,火锅食材,3,2026-02-15,52.41
102435,SKU68428,芝士碎,烘焙用品,1,2026-02-15,28.6
102435,SKU97139,糖粉,烘焙用品,3,2026-02-15,52.64
102435,SKU91368,牙膏,日化清洁,2,2026-02-15,71.77
102436,SKU65640,蛋糕粉,烘焙用品,5,2026-06-02,7.53
102436,SKU66275,苹果,生鲜蔬果,4,2026-06-02,25.42
102436,SKU61856,盐,粮油调味,4,2026-06-02,68.47
102437,SKU88440,胡萝卜,生鲜蔬果,4,2026-08-12,24.9
102437,SKU77911,洗衣液,日化清洁,2,2026-08-12,41.23
102437,SKU70056,酸奶,食品饮料,1,2026-08-12,16.15
102437,SKU13377,方便面,食品饮料,5,2026-08-12,6.45
102438,SKU10723,鸭蛋,肉禽蛋品,2,2026-04-16,51.82
102438,SKU41369,西红柿,生鲜蔬果,5,2026-04-16,14.72
102439,SKU56340,黄瓜,生鲜蔬果,5,2026-05-04,44.18
102439,SKU62243,白菜,生鲜蔬果,1,2026-05-04,71.27
102439,SKU75363,油纸,烘焙用品,1,2026-05-04,46.31
102439,SKU44846,沐浴露,日化清洁,4,2026-05-04,23.08
102439,SKU39279,肥牛卷,火锅食材,5,2026-05-04,6.69
102440,SKU68184,胡萝卜,生鲜蔬果,4,2026-05-24,56.12
102440,SKU12445,芝士碎,烘焙用品,2,2026-05-24,36.23
102440,SKU94958,虾仁,肉禽蛋品,3,2026-05-24,23.68
102440,SKU60012,鸡翅,肉禽蛋品,1,2026-05-24,16.04
102440,SKU33603,面粉,粮油调味,1,2026-05-24,60.42
102441,SKU87037,可乐,食品饮料,1,2026-09-21,57.46
102441,SKU76472,薯片,食品饮料,3,2026-09-21,32.5
102441,SKU91888,饼干,食品饮料,4,2026-09-21,72.55
102441,SKU35162,牙膏,日化清洁,5,2026-09-21,72.12
102441,SKU45969,虾仁,肉禽蛋品,5,2026-09-21,37.63
102442,SKU48539,蘸料,火锅食材,2,2026-06-07,20.96
102442,SKU21043,香蕉,生鲜蔬果,5,2026-06-07,36.95
102443,SKU18118,洗衣液,日化清洁,1,2026-05-10,50.78
102443,SKU54492,纸巾,日化清洁,5,2026-05-10,28.36
102443,SKU71321,垃圾袋,日化清洁,2,2026-05-10,62.9
102443,SKU61425,糖粉,烘焙用品,5,2026-05-10,26.56
102443,SKU38549,辣椒酱,粮油调味,2,2026-05-10,11.06
102443,SKU85029,消毒液,日化清洁,3,2026-05-10,16.84
102444,SKU54812,苹果,生鲜蔬果,5,2026-01-01,75.14
102444,SKU48719,香蕉,生鲜蔬果,2,2026-01-01,68.22
102444,SKU96308,橙子,生鲜蔬果,4,2026-01-01,58.78
102444,SKU30925,肥牛卷,火锅食材,1,2026-01-01,27.44
102445,SKU65993,黄油,烘焙用品,1,2026-02-25,4.52
102445,SKU91485,西红柿,生鲜蔬果,3,2026-02-25,41.94
102445,SKU30980,粉丝,火锅食材,4,2026-02-25,41.66
102445,SKU58433,淡奶油,烘焙用品,3,2026-02-25,12.97
102445,SKU27143,香蕉,生鲜蔬果,4,2026-02-25,30.76
102446,SKU85269,香蕉,生鲜蔬果,1,2026-04-18,56.09
102446,SKU79075,矿泉水,食品饮料,5,2026-04-18,33.75
102446,SKU59415,果汁,食品饮料,2,2026-04-18,60.48
102446,SKU12970,洗发水,日化清洁,4,2026-04-18,49.41
102447,SKU53350,豆腐,火锅食材,5,2026-09-04,57.76
102447,SKU82862,蛋糕粉,烘焙用品,2,2026-09-04,17.11
102447,SKU55161,香蕉,生鲜蔬果,2,2026-09-04,69.67
102447,SKU12182,三文鱼,肉禽蛋品,2,2026-09-04,4.71
102448,SKU77683,香蕉,生鲜蔬果,5,2026-08-20,56.59
102448,SKU19922,果汁,食品饮料,4,2026-08-20,75.67
102449,SKU79181,牛奶,食品饮料,1,2026-06-02,16.81
102449,SKU94619,薯片,食品饮料,2,2026-06-02,49.42
102449,SKU21398,洗衣液,日化清洁,3,2026-06-02,29.72
102450,SKU50313,排骨,肉禽蛋品,4,2026-09-07,60.96
102450,SKU13097,胡萝卜,生鲜蔬果,2,2026-09-07,71.03
102450,SKU50437,土豆,生鲜蔬果,4,2026-09-07,64.81
102450,SKU27416,粉丝,火锅食材,2,2026-09-07,43.53
102450,SKU87965,鸡蛋,肉禽蛋品,1,2026-09-07,66.2
102450,SKU17807,矿泉水,食品饮料,3,2026-09-07,66.61
102451,SKU51770,香草精,烘焙用品,2,2026-01-15,77.83
102451,SKU93497,牙膏,日化清洁,4,2026-01-15,64.25
102451,SKU95499,西红柿,生鲜蔬果,4,2026-01-15,57.9
102451,SKU69289,苹果,生鲜蔬果,2,2026-01-15,33.22
102451,SKU60993,洗洁精,日化清洁,2,2026-01-15,19.73
102452,SKU22209,西红柿,生鲜蔬果,3,2026-02-09,61.87
102452,SKU29638,鸡蛋,肉禽蛋品,4,2026-02-09,59.56
102452,SKU64492,黄瓜,生鲜蔬果,5,2026-02-09,27.33
102452,SKU76624,薯片,食品饮料,1,2026-02-09,52.38
102452,SKU44658,猪肉,肉禽蛋品,2,2026-02-09,76.98
102453,SKU68930,大米,粮油调味,5,2026-04-14,15.47
102453,SKU72137,食用油,粮油调味,3,2026-04-14,60.33
102453,SKU60701,酱油,粮油调味,2,2026-04-14,7.63
102453,SKU61251,糖粉,烘焙用品,1,2026-04-14,23.05
102454,SKU87092,牛肉,肉禽蛋品,1,2026-01-03,7.73
102454,SKU98683,消毒液,日化清洁,2,2026-01-03,28.21
102454,SKU98717,巧克力,食品饮料,5,2026-01-03,63.84
102454,SKU95822,白菜,生鲜蔬果,3,2026-01-03,74.4
102455,SKU53055,洗发水,日化清洁,4,2026-07-27,39.85
102455,SKU39414,沐浴露,日化清洁,3,2026-07-27,3.01
102455,SKU71747,牙膏,日化清洁,3,2026-07-27,75.3
102455,SKU25005,火锅底料,火锅食材,1,2026-07-27,24.8
102456,SKU56671,牛奶,食品饮料,2,2026-04-15,35.2
102456,SKU33702,面包,食品饮料,4,2026-04-15,77.24
102456,SKU97507,蘸料,火锅食材,5,2026-04-15,20.15
102457,SKU43876,蛋糕粉,烘焙用品,3,2026-07-16,54.91
102457,SKU49970,黄油,烘焙用品,1,2026-07-16,21.05
102457,SKU76868,淡奶油,烘焙用品,5,2026-07-16,51.81
102457,SKU68843,鸡蛋,肉禽蛋品,5,2026-07-16,22.0
102457,SKU53153,肥皂,日化清洁,3,2026-07-16,50.75
102457,SKU49111,面包,食品饮料,2,2026-07-16,33.75
102458,SKU56930,方便面,食品饮料,4,2026-03-06,69.65
102458,SKU36330,糖粉,烘焙用品,5,2026-03-06,70.48
102458,SKU11464,苹果,生鲜蔬果,5,2026-03-06,53.94
102458,SKU95859,牙膏,日化清洁,1,2026-03-06,75.75
102458,SKU89518,面包,食品饮料,4,2026-03-06,32.65
102458,SKU18183,蔬菜拼盘,火锅食材,2,2026-03-06,67.28
102459,SKU56292,洗发水,日化清洁,4,2026-05-28,7.83
102459,SKU95385,沐浴露,日化清洁,5,2026-05-28,20.97
102459,SKU27229,牙膏,日化清洁,3,2026-05-28,20.3
102459,SKU96802,虾仁,肉禽蛋品,5,2026-05-28,50.73
102459,SKU41465,粉丝,火锅食材,4,2026-05-28,72.19
102460,SKU44017,蛋糕粉,烘焙用品,5,2026-09-11,72.07
102460,SKU49523,黄油,烘焙用品,5,2026-09-11,61.88
102460,SKU60493,淡奶油,烘焙用品,4,2026-09-11,42.7
102460,SKU83134,鸡蛋,肉禽蛋品,5,2026-09-11,57.77
102460,SKU69163,葡萄,生鲜蔬果,5,2026-09-11,6.6
102460,SKU43415,带鱼,肉禽蛋品,4,2026-09-11,18.35
102461,SKU69782,排骨,肉禽蛋品,3,2026-03-16,37.3
102461,SKU80387,胡萝卜,生鲜蔬果,2,2026-03-16,39.99
102461,SKU63298,土豆,生鲜蔬果,1,2026-03-16,29.29
102461,SKU62908,鸡蛋,肉禽蛋品,1,2026-03-16,67.6
102461,SKU74066,鸭蛋,肉禽蛋品,2,2026-03-16,8.0
102462,SKU48242,牛奶,食品饮料,4,2026-04-13,18.21
102462,SKU38246,豆腐,火锅食材,1,2026-04-13,56.8
102463,SKU25766,蛋糕粉,烘焙用品,4,2026-02-19,69.77
102463,SKU98385,蛋挞皮,烘焙用品,4,2026-02-19,16.06
102464,SKU70875,芝士碎,烘焙用品,2,2026-07-20,16.87
102464,SKU92574,丸子,火锅食材,5,2026-07-20,77.97
102464,SKU74754,蛋糕粉,烘焙用品,2,2026-07-20,12.7
102464,SKU82357,食用油,粮油调味,4,2026-07-20,53.22
102464,SKU69748,胡萝卜,生鲜蔬果,4,2026-07-20,36.88
102464,SKU68080,毛肚,火锅食材,1,2026-07-20,33.22
102465,SKU58575,苹果,生鲜蔬果,3,2026-02-21,38.12
102465,SKU51346,香蕉,生鲜蔬果,2,2026-02-21,17.81
102465,SKU17230,橙子,生鲜蔬果,2,2026-02-21,49.02
102465,SKU34786,模具,烘焙用品,1,2026-02-21,63.46
102465,SKU39190,虾仁,肉禽蛋品,3,2026-02-21,61.4
102466,SKU22567,西红柿,生鲜蔬果,4,2026-08-08,67.09
102466,SKU51246,鸡蛋,肉禽蛋品,1,2026-08-08,29.63
102466,SKU33688,黄瓜,生鲜蔬果,5,2026-08-08,79.37
102466,SKU84159,可乐,食品饮料,1,2026-08-08,45.92
102467,SKU89393,西红柿,生鲜蔬果,4,2026-06-03,78.09
102467,SKU25331,香草精,烘焙用品,2,2026-06-03,66.66
102467,SKU61274,白菜,生鲜蔬果,2,2026-06-03,10.48
102467,SKU82553,芝士碎,烘焙用品,3,2026-06-03,27.08
102467,SKU48795,模具,烘焙用品,2,2026-06-03,17.87
102467,SKU11063,火锅底料,火锅食材,2,2026-06-03,29.86
102468,SKU49309,蛋糕粉,烘焙用品,2,2026-04-12,28.97
102468,SKU88087,黄油,烘焙用品,4,2026-04-12,37.74
102468,SKU87170,淡奶油,烘焙用品,1,2026-04-12,25.5
102468,SKU84821,鸡蛋,肉禽蛋品,5,2026-04-12,30.58
102468,SKU40470,牛肉,肉禽蛋品,4,2026-04-12,39.28
102468,SKU72926,苹果,生鲜蔬果,1,2026-04-12,57.12
102468,SKU79842,鸡肉,肉禽蛋品,1,2026-04-12,30.75
102469,SKU58614,香蕉,生鲜蔬果,2,2026-03-12,28.39
102469,SKU35293,生菜,生鲜蔬果,4,2026-03-12,64.95
102469,SKU90750,饼干,食品饮料,4,2026-03-12,70.36
102470,SKU49360,芝士碎,烘焙用品,4,2026-09-17,51.72
102470,SKU85962,毛肚,火锅食材,3,2026-09-17,58.39
102470,SKU13979,牛奶,食品饮料,5,2026-09-17,70.48
102471,SKU86095,香草精,烘焙用品,1,2026-07-07,24.16
102471,SKU89931,醋,粮油调味,3,2026-07-07,14.31
102471,SKU21741,三文鱼,肉禽蛋品,2,2026-07-07,61.24
102471,SKU44911,白菜,生鲜蔬果,5,2026-07-07,66.87
102471,SKU37849,消毒液,日化清洁,4,2026-07-07,23.22
102472,SKU25553,蔬菜拼盘,火锅食材,4,2026-06-02,13.35
102472,SKU12427,面粉,粮油调味,1,2026-06-02,13.66
102472,SKU87600,葡萄,生鲜蔬果,2,2026-06-02,42.39
102472,SKU87007,白糖,粮油调味,5,2026-06-02,41.91
102472,SKU15365,毛肚,火锅食材,5,2026-06-02,70.78
102473,SKU17983,沐浴露,日化清洁,1,2026-02-12,36.46
102473,SKU41127,矿泉水,食品饮料,4,2026-02-12,42.49
102473,SKU14037,肥牛卷,火锅食材,1,2026-02-12,26.9
102473,SKU52825,蛋挞皮,烘焙用品,1,2026-02-12,69.56
102474,SKU45940,猪肉,肉禽蛋品,1,2026-05-28,66.15
102474,SKU64563,盐,粮油调味,2,2026-05-28,73.66
102475,SKU53564,酱油,粮油调味,3,2026-01-12,23.49
102475,SKU95934,鸡蛋,肉禽蛋品,5,2026-01-12,51.61
102475,SKU20748,排骨,肉禽蛋品,5,2026-01-12,13.01
102476,SKU40794,消毒液,日化清洁,5,2026-08-20,69.55
102476,SKU74239,橙子,生鲜蔬果,4,2026-08-20,25.54
102477,SKU13577,鸡翅,肉禽蛋品,1,2026-07-11,72.38
102477,SKU78136,土豆,生鲜蔬果,1,2026-07-11,35.38
102477,SKU20765,肥皂,日化清洁,1,2026-07-11,11.27
102477,SKU96721,矿泉水,食品饮料,3,2026-07-11,71.83
102477,SKU64572,白糖,粮油调味,2,2026-07-11,79.23
102477,SKU48271,蛋糕粉,烘焙用品,1,2026-07-11,51.05
102478,SKU86466,洗衣液,日化清洁,2,2026-04-20,7.53
102478,SKU25274,纸巾,日化清洁,4,2026-04-20,5.57
102478,SKU36405,垃圾袋,日化清洁,3,2026-04-20,18.13
102478,SKU33470,饼干,食品饮料,1,2026-04-20,30.63
102478,SKU32647,羊肉卷,火锅食材,3,2026-04-20,77.32
102478,SKU83477,白糖,粮油调味,3,2026-04-20,55.14
102479,SKU53314,土豆,生鲜蔬果,3,2026-09-24,45.46
102479,SKU22749,矿泉水,食品饮料,3,2026-09-24,30.43
102479,SKU37566,羊肉卷,火锅食材,4,2026-09-24,46.9
102479,SKU14140,香蕉,生鲜蔬果,2,2026-09-24,58.25
102479,SKU93705,方便面,食品饮料,3,2026-09-24,71.7
102479,SKU98108,淡奶油,烘焙用品,4,2026-09-24,61.27
102480,SKU92151,苹果,生鲜蔬果,2,2026-05-04,46.64
102480,SKU94403,香蕉,生鲜蔬果,1,2026-05-04,21.05
102480,SKU61963,橙子,生鲜蔬果,5,2026-05-04,8.67
102480,SKU13480,肥皂,日化清洁,4,2026-05-04,41.32
102481,SKU15615,洗发水,日化清洁,5,2026-06-05,70.4
102481,SKU34790,沐浴露,日化清洁,3,2026-06-05,56.52
102481,SKU87321,牙膏,日化清洁,5,2026-06-05,23.05
102481,SKU77472,毛肚,火锅食材,1,2026-06-05,5.52
102481,SKU28733,消毒液,日化清洁,5,2026-06-05,48.2
102482,SKU69270,洗洁精,日化清洁,4,2026-06-25,4.83
102482,SKU20819,丸子,火锅食材,4,2026-06-25,18.87
102482,SKU82322,鸭血,火锅食材,2,2026-06-25,6.98
102482,SKU94208,盐,粮油调味,5,2026-06-25,34.53
102482,SKU36902,香蕉,生鲜蔬果,3,2026-06-25,42.99
102482,SKU78223,醋,粮油调味,1,2026-06-25,38.18
102483,SKU11868,洗衣液,日化清洁,1,2026-08-18,74.16
102483,SKU19423,纸巾,日化清洁,3,2026-08-18,7.41
102483,SKU60631,垃圾袋,日化清洁,5,2026-08-18,10.78
102483,SKU14388,土豆,生鲜蔬果,1,2026-08-18,41.06
102483,SKU46195,沐浴露,日化清洁,1,2026-08-18,5.86
102484,SKU11100,火锅底料,火锅食材,5,2026-09-27,74.24
102484,SKU52645,丸子,火锅食材,5,2026-09-27,24.9
102484,SKU42637,肥牛卷,火锅食材,2,2026-09-27,27.51
102484,SKU52361,三文鱼,肉禽蛋品,5,2026-09-27,32.66
102484,SKU45594,醋,粮油调味,3,2026-09-27,36.21
102484,SKU30364,面包,食品饮料,3,2026-09-27,10.79
102485,SKU43521,牛奶,食品饮料,3,2026-09-15,14.21
102485,SKU66533,面包,食品饮料,1,2026-09-15,41.21
102485,SKU50357,醋,粮油调味,1,2026-09-15,11.52
102485,SKU30650,鸡翅,肉禽蛋品,5,2026-09-15,77.65
102485,SKU14952,排骨,肉禽蛋品,3,2026-09-15,60.76
102486,SKU64123,蛋糕粉,烘焙用品,1,2026-07-24,32.88
102486,SKU21539,黄油,烘焙用品,5,2026-07-24,25.99
102486,SKU18425,淡奶油,烘焙用品,1,2026-07-24,3.14
102486,SKU38737,鸡蛋,肉禽蛋品,2,2026-07-24,57.64
102486,SKU69605,胡萝卜,生鲜蔬果,1,2026-07-24,12.44
102486,SKU54205,鸡翅,肉禽蛋品,5,2026-07-24,66.57
102487,SKU48460,酸奶,食品饮料,5,2026-06-21,26.67
102487,SKU61521,酱油,粮油调味,2,2026-06-21,26.66
102487,SKU76231,蚝油,粮油调味,2,2026-06-21,16.49
102487,SKU44581,醋,粮油调味,1,2026-06-21,60.75
102487,SKU51128,拖把,日化清洁,5,2026-06-21,52.52
102488,SKU67146,黄瓜,生鲜蔬果,5,2026-04-17,52.36
102488,SKU29975,洗发水,日化清洁,5,2026-04-17,20.82
102488,SKU74465,肥皂,日化清洁,3,2026-04-17,76.35
102488,SKU75788,西红柿,生鲜蔬果,2,2026-04-17,9.61
102488,SKU47576,饼干,食品饮料,4,2026-04-17,17.25
102488,SKU58848,大米,粮油调味,1,2026-04-17,76.41
102489,SKU56830,鸭血,火锅食材,5,2026-02-12,27.02
102489,SKU65597,猪肉,肉禽蛋品,3,2026-02-12,15.89
102489,SKU51606,肥皂,日化清洁,3,2026-02-12,22.01
102489,SKU73427,洗发水,日化清洁,2,2026-02-12,13.61
102489,SKU50040,粉丝,火锅食材,2,2026-02-12,12.87
102489,SKU78746,牛肉,肉禽蛋品,2,2026-02-12,23.37
102490,SKU60326,蘸料,火锅食材,4,2026-08-21,79.15
102490,SKU95691,葡萄,生鲜蔬果,3,2026-08-21,62.67
102490,SKU29085,大米,粮油调味,2,2026-08-21,58.36
102490,SKU53988,土豆,生鲜蔬果,1,2026-08-21,27.05
102490,SKU24577,带鱼,肉禽蛋品,4,2026-08-21,42.71
102490,SKU57565,胡萝卜,生鲜蔬果,2,2026-08-21,11.22
102491,SKU38784,葡萄,生鲜蔬果,3,2026-07-05,68.44
102491,SKU24827,料酒,粮油调味,1,2026-07-05,4.17
102491,SKU65612,三文鱼,肉禽蛋品,2,2026-07-05,8.08
102492,SKU98730,火锅底料,火锅食材,4,2026-05-27,41.67
102492,SKU58668,丸子,火锅食材,1,2026-05-27,77.27
102492,SKU90893,肥牛卷,火锅食材,3,2026-05-27,54.11
102492,SKU72707,酸奶,食品饮料,2,2026-05-27,59.9
102492,SKU96585,油纸,烘焙用品,4,2026-05-27,4.81
102493,SKU77914,西红柿,生鲜蔬果,5,2026-03-14,47.95
102493,SKU56076,鸡蛋,肉禽蛋品,4,2026-03-14,56.58
102493,SKU67152,黄瓜,生鲜蔬果,4,2026-03-14,54.73
102493,SKU37746,油纸,烘焙用品,3,2026-03-14,8.99
102493,SKU68698,黄油,烘焙用品,3,2026-03-14,4.19
102493,SKU91019,火锅底料,火锅食材,4,2026-03-14,63.54
102494,SKU13445,排骨,肉禽蛋品,5,2026-07-15,34.64
102494,SKU23888,胡萝卜,生鲜蔬果,1,2026-07-15,37.1
102494,SKU75418,土豆,生鲜蔬果,5,2026-07-15,69.5
102494,SKU56685,黄油,烘焙用品,3,2026-07-15,6.67
102494,SKU22471,醋,粮油调味,2,2026-07-15,12.87
102494,SKU73384,料酒,粮油调味,1,2026-07-15,14.09
102495,SKU82339,蛋糕粉,烘焙用品,2,2026-01-24,19.19
102495,SKU40447,黄油,烘焙用品,1,2026-01-24,65.23
102495,SKU19749,淡奶油,烘焙用品,2,2026-01-24,11.6
102495,SKU91455,鸡蛋,肉禽蛋品,4,2026-01-24,78.83
102495,SKU50291,肥皂,日化清洁,4,2026-01-24,26.67
102495,SKU15199,蚝油,粮油调味,4,2026-01-24,47.83
102495,SKU89118,牛奶,食品饮料,4,2026-01-24,11.81
102496,SKU69461,生菜,生鲜蔬果,4,2026-09-26,44.98
102496,SKU17868,鸭蛋,肉禽蛋品,2,2026-09-26,21.47
102496,SKU52200,排骨,肉禽蛋品,2,2026-09-26,41.09
102496,SKU77604,肥皂,日化清洁,3,2026-09-26,75.06
102497,SKU49627,西红柿,生鲜蔬果,4,2026-07-01,70.0
102497,SKU80480,鸡蛋,肉禽蛋品,3,2026-07-01,64.37
102497,SKU86121,黄瓜,生鲜蔬果,3,2026-07-01,57.77
102497,SKU46851,白糖,粮油调味,2,2026-07-01,37.34
102498,SKU18847,白菜,生鲜蔬果,4,2026-08-21,51.28
102498,SKU92854,粉丝,火锅食材,4,2026-08-21,43.7
102498,SKU17922,土豆,生鲜蔬果,3,2026-08-21,24.49
102498,SKU44136,纸巾,日化清洁,2,2026-08-21,59.46
102499,SKU63217,西红柿,生鲜蔬果,5,2026-09-20,66.58
102499,SKU16836,鸡蛋,肉禽蛋品,4,2026-09-20,35.94
102499,SKU62067,黄瓜,生鲜蔬果,3,2026-09-20,26.84
102499,SKU80590,辣椒酱,粮油调味,4,2026-09-20,11.99
102499,SKU18893,糖粉,烘焙用品,5,2026-09-20,8.85
102500,SKU77879,蚝油,粮油调味,5,2026-09-06,35.16
102500,SKU26439,果汁,食品饮料,3,2026-09-06,31.87
102500,SKU41765,香草精,烘焙用品,4,2026-09-06,71.99
102500,SKU78153,油纸,烘焙用品,1,2026-09-06,52.33
102500,SKU74947,可乐,食品饮料,1,2026-09-06,27.46
102501,SKU88272,洗衣液,日化清洁,3,2026-06-28,53.96
102501,SKU13918,纸巾,日化清洁,4,2026-06-28,52.03
102501,SKU17999,垃圾袋,日化清洁,4,2026-06-28,49.29
102501,SKU94139,薯片,食品饮料,4,2026-06-28,71.79
102502,SKU35669,大米,粮油调味,1,2026-01-27,8.49
102502,SKU44365,食用油,粮油调味,1,2026-01-27,62.77
102502,SKU32555,酱油,粮油调味,1,2026-01-27,14.65
102502,SKU24213,白糖,粮油调味,3,2026-01-27,48.26
102502,SKU82642,白菜,生鲜蔬果,2,2026-01-27,47.25
102503,SKU94637,方便面,食品饮料,3,2026-06-13,29.33
102503,SKU23710,橙子,生鲜蔬果,2,2026-06-13,28.14
102503,SKU93185,垃圾袋,日化清洁,4,2026-06-13,39.12
102504,SKU50344,黄油,烘焙用品,3,2026-09-12,19.63
102504,SKU27727,巧克力,食品饮料,2,2026-09-12,41.91
102504,SKU26670,带鱼,肉禽蛋品,2,2026-09-12,4.82
102505,SKU54624,可乐,食品饮料,4,2026-01-09,15.47
102505,SKU99989,薯片,食品饮料,2,2026-01-09,57.98
102505,SKU77311,饼干,食品饮料,1,2026-01-09,58.76
102505,SKU91645,黄油,烘焙用品,4,2026-01-09,35.29
102505,SKU40392,香蕉,生鲜蔬果,4,2026-01-09,37.76
102506,SKU91543,牛奶,食品饮料,5,2026-08-06,29.37
102506,SKU17760,面包,食品饮料,2,2026-08-06,63.77
102506,SKU65374,大米,粮油调味,3,2026-08-06,59.4
102506,SKU84491,排骨,肉禽蛋品,3,2026-08-06,6.21
102507,SKU62025,大米,粮油调味,3,2026-07-21,12.75
102507,SKU44653,食用油,粮油调味,3,2026-07-21,47.69
102507,SKU13572,酱油,粮油调味,1,2026-07-21,10.97
102507,SKU98789,粉丝,火锅食材,1,2026-07-21,64.2
102507,SKU84675,面包,食品饮料,2,2026-07-21,5.56
102507,SKU14468,饼干,食品饮料,4,2026-07-21,40.86
102508,SKU71112,虾仁,肉禽蛋品,1,2026-05-02,56.63
102508,SKU59323,酸奶,食品饮料,3,2026-05-02,12.59
102508,SKU33439,酱油,粮油调味,4,2026-05-02,48.45
102508,SKU54213,鸡肉,肉禽蛋品,5,2026-05-02,34.4
102508,SKU40717,垃圾袋,日化清洁,5,2026-05-02,36.14
102509,SKU47591,饼干,食品饮料,4,2026-02-09,66.66
102509,SKU99760,食用油,粮油调味,2,2026-02-09,9.06
102509,SKU69954,苹果,生鲜蔬果,1,2026-02-09,74.75
102510,SKU62456,排骨,肉禽蛋品,5,2026-03-06,17.82
102510,SKU31547,胡萝卜,生鲜蔬果,4,2026-03-06,74.79
102510,SKU14322,土豆,生鲜蔬果,5,2026-03-06,59.03
102510,SKU61364,牙膏,日化清洁,1,2026-03-06,40.43
102510,SKU79440,毛肚,火锅食材,4,2026-03-06,54.41
102511,SKU86091,葡萄,生鲜蔬果,3,2026-08-07,16.25
102511,SKU79419,排骨,肉禽蛋品,2,2026-08-07,75.76
102511,SKU31548,鸡蛋,肉禽蛋品,2,2026-08-07,31.04
102511,SKU74722,生菜,生鲜蔬果,2,2026-08-07,19.2
102511,SKU47555,白糖,粮油调味,3,2026-08-07,6.41
102511,SKU62105,苹果,生鲜蔬果,5,2026-08-07,64.75
102512,SKU24371,西红柿,生鲜蔬果,1,2026-04-21,24.46
102512,SKU61906,鸡蛋,肉禽蛋品,2,2026-04-21,35.2
102512,SKU50762,黄瓜,生鲜蔬果,3,2026-04-21,28.02
102512,SKU42457,黄油,烘焙用品,2,2026-04-21,38.97
102512,SKU84816,面包,食品饮料,2,2026-04-21,53.72
102512,SKU25829,淡奶油,烘焙用品,4,2026-04-21,7.29
102513,SKU29505,可乐,食品饮料,4,2026-05-22,8.61
102513,SKU96769,薯片,食品饮料,5,2026-05-22,69.01
102513,SKU20819,饼干,食品饮料,3,2026-05-22,23.29
102513,SKU44758,苹果,生鲜蔬果,5,2026-05-22,60.61
102513,SKU14341,巧克力,食品饮料,2,2026-05-22,40.67
102513,SKU64321,火锅底料,火锅食材,2,2026-05-22,50.58
102514,SKU34490,洗衣液,日化清洁,2,2026-08-02,76.1
102514,SKU45195,纸巾,日化清洁,3,2026-08-02,33.57
102514,SKU62064,垃圾袋,日化清洁,3,2026-08-02,78.63
102514,SKU56829,淡奶油,烘焙用品,1,2026-08-02,25.65
102514,SKU87747,面粉,粮油调味,1,2026-08-02,9.55
102515,SKU19343,可乐,食品饮料,4,2026-01-13,40.36
102515,SKU74406,薯片,食品饮料,1,2026-01-13,8.92
102515,SKU33554,饼干,食品饮料,5,2026-01-13,28.93
102515,SKU32461,牛奶,食品饮料,3,2026-01-13,49.41
102515,SKU86247,食用油,粮油调味,4,2026-01-13,16.75
102515,SKU48164,酱油,粮油调味,1,2026-01-13,34.22
102516,SKU19265,苹果,生鲜蔬果,2,2026-03-25,45.06
102516,SKU72705,香蕉,生鲜蔬果,5,2026-03-25,37.12
102516,SKU63112,橙子,生鲜蔬果,4,2026-03-25,9.67
102516,SKU31206,沐浴露,日化清洁,3,2026-03-25,55.33
102517,SKU86717,大米,粮油调味,4,2026-03-22,4.08
102517,SKU96886,食用油,粮油调味,5,2026-03-22,19.65
102517,SKU36348,酱油,粮油调味,3,2026-03-22,6.67
102517,SKU38592,粉丝,火锅食材,2,2026-03-22,39.34
102517,SKU24730,牛奶,食品饮料,4,2026-03-22,68.47
102517,SKU85537,芝士碎,烘焙用品,3,2026-03-22,67.16
102518,SKU12900,洗发水,日化清洁,1,2026-03-28,44.74
102518,SKU64667,沐浴露,日化清洁,4,2026-03-28,48.34
102518,SKU13308,牙膏,日化清洁,3,2026-03-28,21.37
102518,SKU28759,消毒液,日化清洁,1,2026-03-28,17.35
102518,SKU11772,粉丝,火锅食材,4,2026-03-28,79.91
102519,SKU83441,薯片,食品饮料,1,2026-04-23,50.65
102519,SKU39113,火锅底料,火锅食材,1,2026-04-23,21.08
102520,SKU33140,蛋糕粉,烘焙用品,3,2026-08-26,37.62
102520,SKU39841,黄油,烘焙用品,4,2026-08-26,66.74
102520,SKU28858,淡奶油,烘焙用品,5,2026-08-26,16.51
102520,SKU75968,鸡蛋,肉禽蛋品,4,2026-08-26,79.18
102520,SKU84786,鸭蛋,肉禽蛋品,5,2026-08-26,24.43
102520,SKU75371,料酒,粮油调味,3,2026-08-26,23.02
102520,SKU26510,火锅底料,火锅食材,4,2026-08-26,60.09
102521,SKU13903,蛋糕粉,烘焙用品,2,2026-04-24,60.9
102521,SKU77510,鸭血,火锅食材,4,2026-04-24,16.39
102521,SKU90879,料酒,粮油调味,1,2026-04-24,63.21
102522,SKU37244,胡萝卜,生鲜蔬果,3,2026-06-20,4.49
102522,SKU33199,毛肚,火锅食材,2,2026-06-20,33.34
102522,SKU45217,白菜,生鲜蔬果,4,2026-06-20,14.29
102522,SKU26649,蘸料,火锅食材,3,2026-06-20,28.36
102522,SKU88943,葡萄,生鲜蔬果,2,2026-06-20,40.26
102523,SKU29359,洗衣液,日化清洁,2,2026-05-05,17.27
102523,SKU55653,纸巾,日化清洁,1,2026-05-05,64.64
102523,SKU16577,垃圾袋,日化清洁,2,2026-05-05,14.24
102523,SKU85821,丸子,火锅食材,1,2026-05-05,33.21
102524,SKU18977,糖粉,烘焙用品,3,2026-04-25,65.74
102524,SKU62295,面包,食品饮料,4,2026-04-25,3.32
102524,SKU48819,垃圾袋,日化清洁,2,2026-04-25,62.67
102524,SKU23925,鸡肉,肉禽蛋品,5,2026-04-25,63.31
102524,SKU65736,猪肉,肉禽蛋品,2,2026-04-25,18.35
102524,SKU10609,蛋糕粉,烘焙用品,4,2026-04-25,65.63
102525,SKU99154,黄油,烘焙用品,4,2026-06-27,8.06
102525,SKU37813,蛋糕粉,烘焙用品,1,2026-06-27,42.43
102525,SKU69437,巧克力,食品饮料,2,2026-06-27,53.69
102526,SKU53203,牛肉,肉禽蛋品,3,2026-03-07,77.95
102526,SKU63843,蘸料,火锅食材,3,2026-03-07,69.25
102527,SKU86082,洗发水,日化清洁,3,2026-04-14,50.74
102527,SKU88242,生菜,生鲜蔬果,1,2026-04-14,75.5
102527,SKU64061,消毒液,日化清洁,4,2026-04-14,79.86
102527,SKU18053,模具,烘焙用品,5,2026-04-14,37.1
102527,SKU59576,酵母,烘焙用品,2,2026-04-14,13.62
102527,SKU84986,垃圾袋,日化清洁,3,2026-04-14,78.72
102528,SKU35834,西红柿,生鲜蔬果,1,2026-06-22,59.82
102528,SKU48896,鸡蛋,肉禽蛋品,3,2026-06-22,77.99
102528,SKU64800,黄瓜,生鲜蔬果,5,2026-06-22,10.98
102528,SKU25681,香草精,烘焙用品,2,2026-06-22,36.1
102529,SKU27195,饼干,食品饮料,2,2026-08-15,55.34
102529,SKU87377,虾仁,肉禽蛋品,1,2026-08-15,65.38
102529,SKU77267,酱油,粮油调味,4,2026-08-15,17.77
102529,SKU99453,鸡肉,肉禽蛋品,1,2026-08-15,54.45
102530,SKU96721,洗衣液,日化清洁,3,2026-01-08,10.77
102530,SKU57887,纸巾,日化清洁,2,2026-01-08,48.5
102530,SKU83337,垃圾袋,日化清洁,5,2026-01-08,21.2
102530,SKU36973,模具,烘焙用品,3,2026-01-08,4.14
102531,SKU52287,矿泉水,食品饮料,2,2026-04-06,59.68
102531,SKU51658,洗衣液,日化清洁,1,2026-04-06,77.33
102532,SKU89356,西红柿,生鲜蔬果,4,2026-07-24,77.15
102532,SKU59901,鸡蛋,肉禽蛋品,1,2026-07-24,71.82
102532,SKU35637,黄瓜,生鲜蔬果,2,2026-07-24,74.59
102532,SKU92341,生菜,生鲜蔬果,3,2026-07-24,23.11
102533,SKU31807,西红柿,生鲜蔬果,5,2026-02-23,75.77
102533,SKU73539,鸡蛋,肉禽蛋品,3,2026-02-23,26.31
102533,SKU28447,黄瓜,生鲜蔬果,4,2026-02-23,44.93
102533,SKU80700,酸奶,食品饮料,2,2026-02-23,5.51
102534,SKU98379,面包,食品饮料,3,2026-03-19,38.49
102534,SKU23104,洗发水,日化清洁,5,2026-03-19,35.16
102534,SKU77400,香蕉,生鲜蔬果,5,2026-03-19,54.11
102534,SKU33068,食用油,粮油调味,1,2026-03-19,35.9
102534,SKU88239,鸭血,火锅食材,3,2026-03-19,75.49
102534,SKU49641,矿泉水,食品饮料,5,2026-03-19,18.05
102535,SKU39233,鸡肉,肉禽蛋品,4,2026-06-08,11.55
102535,SKU48114,盐,粮油调味,4,2026-06-08,38.88
102535,SKU23168,料酒,粮油调味,4,2026-06-08,9.29
102535,SKU51774,粉丝,火锅食材,4,2026-06-08,66.6
102536,SKU75294,牛奶,食品饮料,4,2026-05-08,9.02
102536,SKU64736,面包,食品饮料,3,2026-05-08,40.26
102536,SKU59134,消毒液,日化清洁,5,2026-05-08,60.97
102537,SKU60838,火锅底料,火锅食材,1,2026-04-26,54.05
102537,SKU28406,丸子,火锅食材,5,2026-04-26,62.26
102537,SKU28456,肥牛卷,火锅食材,5,2026-04-26,35.82
102537,SKU82694,豆腐,火锅食材,1,2026-04-26,24.01
102537,SKU35608,矿泉水,食品饮料,4,2026-04-26,16.07
102538,SKU92943,消毒液,日化清洁,5,2026-02-20,74.27
102538,SKU83164,糖粉,烘焙用品,4,2026-02-20,27.14
102539,SKU93648,西红柿,生鲜蔬果,5,2026-07-23,66.19
102539,SKU25818,鸡蛋,肉禽蛋品,3,2026-07-23,29.53
102539,SKU52756,黄瓜,生鲜蔬果,4,2026-07-23,78.04
102539,SKU23475,鸭蛋,肉禽蛋品,1,2026-07-23,23.06
102540,SKU26475,洗衣液,日化清洁,5,2026-07-04,70.22
102540,SKU46876,纸巾,日化清洁,4,2026-07-04,39.71
102540,SKU87195,垃圾袋,日化清洁,3,2026-07-04,36.88
102540,SKU21667,饼干,食品饮料,1,2026-07-04,47.8
102540,SKU96517,橙子,生鲜蔬果,3,2026-07-04,12.97
102540,SKU61421,辣椒酱,粮油调味,1,2026-07-04,50.47
102541,SKU31032,料酒,粮油调味,3,2026-04-14,52.77
102541,SKU34385,鸭血,火锅食材,5,2026-04-14,61.19
102542,SKU50459,蛋挞皮,烘焙用品,2,2026-04-04,71.84
102542,SKU80225,肥牛卷,火锅食材,2,2026-04-04,74.88
102542,SKU24165,鸭血,火锅食材,3,2026-04-04,50.55
102543,SKU53791,鸭血,火锅食材,5,2026-08-25,14.4
102543,SKU63344,垃圾袋,日化清洁,3,2026-08-25,20.45
102543,SKU33151,蛋糕粉,烘焙用品,2,2026-08-25,35.41
102544,SKU93482,排骨,肉禽蛋品,3,2026-09-16,69.31
102544,SKU53625,胡萝卜,生鲜蔬果,3,2026-09-16,48.97
102544,SKU89363,土豆,生鲜蔬果,3,2026-09-16,78.25
102544,SKU16246,芝士碎,烘焙用品,3,2026-09-16,74.24
102545,SKU70518,洗发水,日化清洁,1,2026-07-22,49.72
102545,SKU52633,毛肚,火锅食材,2,2026-07-22,43.08
102545,SKU86072,鸡翅,肉禽蛋品,3,2026-07-22,12.35
102545,SKU90772,方便面,食品饮料,2,2026-07-22,56.96
102545,SKU21160,淡奶油,烘焙用品,3,2026-07-22,73.25
102545,SKU25559,牛奶,食品饮料,3,2026-07-22,72.08
102546,SKU29271,面包,食品饮料,4,2026-05-06,67.88
102546,SKU82121,巧克力,食品饮料,3,2026-05-06,73.05
102546,SKU14324,苹果,生鲜蔬果,3,2026-05-06,41.09
102546,SKU58503,黄油,烘焙用品,3,2026-05-06,4.74
102547,SKU40338,油纸,烘焙用品,4,2026-03-24,36.19
102547,SKU96363,土豆,生鲜蔬果,1,2026-03-24,77.28
102547,SKU89647,盐,粮油调味,4,2026-03-24,46.92
102547,SKU97438,肥皂,日化清洁,4,2026-03-24,27.68
102547,SKU61803,面包,食品饮料,1,2026-03-24,47.87
102548,SKU39945,可乐,食品饮料,4,2026-06-25,16.06
102548,SKU63495,土豆,生鲜蔬果,3,2026-06-25,76.2
102549,SKU29863,排骨,肉禽蛋品,5,2026-02-12,14.78
102549,SKU28813,生菜,生鲜蔬果,2,2026-02-12,7.05
102549,SKU37604,羊肉卷,火锅食材,3,2026-02-12,9.78
102549,SKU33506,橙子,生鲜蔬果,5,2026-02-12,5.19
102550,SKU84998,火锅底料,火锅食材,4,2026-06-02,16.59
102550,SKU58515,丸子,火锅食材,1,2026-06-02,57.54
102550,SKU73122,肥牛卷,火锅食材,3,2026-06-02,12.74
102550,SKU91006,糖粉,烘焙用品,5,2026-06-02,17.46
102550,SKU74819,面包,食品饮料,1,2026-06-02,22.44
102551,SKU60092,洗衣液,日化清洁,3,2026-06-16,13.5
102551,SKU42195,消毒液,日化清洁,2,2026-06-16,18.06
102551,SKU50309,蔬菜拼盘,火锅食材,5,2026-06-16,44.89
102551,SKU84806,可乐,食品饮料,4,2026-06-16,29.38
102552,SKU16427,盐,粮油调味,1,2026-01-07,12.05
102552,SKU43381,橙子,生鲜蔬果,4,2026-01-07,53.96
102552,SKU15376,三文鱼,肉禽蛋品,3,2026-01-07,64.95
102552,SKU84182,果汁,食品饮料,2,2026-01-07,31.19
102552,SKU48097,牛肉,肉禽蛋品,2,2026-01-07,70.33
102552,SKU99502,白糖,粮油调味,1,2026-01-07,77.32
102553,SKU69491,白糖,粮油调味,1,2026-08-24,76.7
102553,SKU29904,可乐,食品饮料,1,2026-08-24,45.12
102553,SKU79640,辣椒酱,粮油调味,1,2026-08-24,51.17
102554,SKU38801,芝士碎,烘焙用品,5,2026-03-03,15.7
102554,SKU59310,醋,粮油调味,1,2026-03-03,43.66
102555,SKU17962,猪肉,肉禽蛋品,5,2026-08-21,64.79
102555,SKU40872,白菜,生鲜蔬果,2,2026-08-21,74.26
102556,SKU51479,可乐,食品饮料,3,2026-09-18,37.63
102556,SKU65454,薯片,食品饮料,2,2026-09-18,63.24
102556,SKU18367,饼干,食品饮料,3,2026-09-18,23.82
102556,SKU99338,丸子,火锅食材,1,2026-09-18,49.64
102556,SKU69160,西红柿,生鲜蔬果,2,2026-09-18,29.85
102556,SKU42638,三文鱼,肉禽蛋品,2,2026-09-18,43.3
102557,SKU28860,牛奶,食品饮料,3,2026-07-06,77.52
102557,SKU72244,面包,食品饮料,1,2026-07-06,20.36
102557,SKU44255,大米,粮油调味,3,2026-07-06,50.97
102557,SKU15818,辣椒酱,粮油调味,3,2026-07-06,3.77
102557,SKU95838,毛肚,火锅食材,5,2026-07-06,52.49
102558,SKU93776,三文鱼,肉禽蛋品,2,2026-04-20,47.38
102558,SKU73023,粉丝,火锅食材,1,2026-04-20,4.89
102558,SKU78118,消毒液,日化清洁,2,2026-04-20,19.95
102558,SKU51937,牛奶,食品饮料,2,2026-04-20,37.24
102558,SKU48730,洗发水,日化清洁,2,2026-04-20,76.0
102559,SKU32448,蛋糕粉,烘焙用品,5,2026-09-22,50.41
102559,SKU57473,黄油,烘焙用品,2,2026-09-22,77.14
102559,SKU53411,淡奶油,烘焙用品,5,2026-09-22,29.57
102559,SKU10211,鸡蛋,肉禽蛋品,2,2026-09-22,5.1
102559,SKU99102,矿泉水,食品饮料,1,2026-09-22,78.61
102559,SKU49680,拖把,日化清洁,3,2026-09-22,55.25
102560,SKU82006,虾仁,肉禽蛋品,3,2026-05-18,11.07
102560,SKU34743,西红柿,生鲜蔬果,4,2026-05-18,4.07
102560,SKU95422,香草精,烘焙用品,2,2026-05-18,16.09
102560,SKU90654,饼干,食品饮料,4,2026-05-18,38.13
102560,SKU55140,葡萄,生鲜蔬果,5,2026-05-18,7.21
102561,SKU23870,豆腐,火锅食材,1,2026-05-24,56.22
102561,SKU73803,牛奶,食品饮料,1,2026-05-24,20.68
102561,SKU18856,胡萝卜,生鲜蔬果,2,2026-05-24,42.13
102561,SKU88308,白菜,生鲜蔬果,1,2026-05-24,79.02
102561,SKU54769,白糖,粮油调味,4,2026-05-24,16.27
102561,SKU56818,食用油,粮油调味,4,2026-05-24,28.16
102562,SKU30756,葡萄,生鲜蔬果,1,2026-02-05,64.35
102562,SKU60741,羊肉卷,火锅食材,3,2026-02-05,10.97
102562,SKU79800,蛋挞皮,烘焙用品,4,2026-02-05,36.64
102562,SKU25476,料酒,粮油调味,5,2026-02-05,50.06
102562,SKU64774,白糖,粮油调味,2,2026-02-05,40.66
102563,SKU91600,矿泉水,食品饮料,5,2026-03-04,16.64
102563,SKU55935,垃圾袋,日化清洁,3,2026-03-04,77.07
102563,SKU86028,沐浴露,日化清洁,4,2026-03-04,15.29
102564,SKU67539,苹果,生鲜蔬果,3,2026-03-20,73.73
102564,SKU69225,矿泉水,食品饮料,4,2026-03-20,68.14
102564,SKU32986,胡萝卜,生鲜蔬果,5,2026-03-20,72.85
102564,SKU48287,羊肉卷,火锅食材,3,2026-03-20,77.02
102565,SKU73714,羊肉卷,火锅食材,3,2026-09-12,55.13
102565,SKU83496,芝士碎,烘焙用品,1,2026-09-12,27.76
102565,SKU16849,酵母,烘焙用品,4,2026-09-12,69.34
102565,SKU86162,纸巾,日化清洁,4,2026-09-12,38.72
102566,SKU51027,鸡肉,肉禽蛋品,5,2026-07-09,52.37
102566,SKU53434,肥皂,日化清洁,5,2026-07-09,13.58
102567,SKU56807,面粉,粮油调味,5,2026-07-17,41.46
102567,SKU81494,蛋挞皮,烘焙用品,1,2026-07-17,68.3
102567,SKU49243,方便面,食品饮料,1,2026-07-17,63.46
102567,SKU10881,消毒液,日化清洁,4,2026-07-17,34.36
102568,SKU28640,毛肚,火锅食材,3,2026-07-08,10.87
102568,SKU92528,肥皂,日化清洁,4,2026-07-08,28.43
102568,SKU90549,苹果,生鲜蔬果,2,2026-07-08,5.13
102569,SKU86133,火锅底料,火锅食材,5,2026-03-06,3.96
102569,SKU60102,丸子,火锅食材,3,2026-03-06,23.44
102569,SKU59549,肥牛卷,火锅食材,2,2026-03-06,72.15
102569,SKU22572,蚝油,粮油调味,2,2026-03-06,27.96
102570,SKU83440,火锅底料,火锅食材,3,2026-05-17,31.47
102570,SKU81589,牛肉,肉禽蛋品,5,2026-05-17,21.51
102570,SKU92846,洗衣液,日化清洁,3,2026-05-17,20.22
102570,SKU96606,鸡肉,肉禽蛋品,2,2026-05-17,28.53
102570,SKU92223,鸡翅,肉禽蛋品,3,2026-05-17,46.93
102570,SKU18721,牙膏,日化清洁,5,2026-05-17,55.55
102571,SKU95495,大米,粮油调味,5,2026-07-19,58.09
102571,SKU10919,食用油,粮油调味,3,2026-07-19,9.1
102571,SKU18617,酱油,粮油调味,5,2026-07-19,56.36
102571,SKU97473,洗发水,日化清洁,5,2026-07-19,9.92
102571,SKU69967,虾仁,肉禽蛋品,3,2026-07-19,61.06
102571,SKU26056,三文鱼,肉禽蛋品,2,2026-07-19,61.99
102572,SKU17051,牛奶,食品饮料,5,2026-02-10,58.29
102572,SKU46940,白糖,粮油调味,3,2026-02-10,54.55
102572,SKU61053,蛋挞皮,烘焙用品,3,2026-02-10,49.6
102572,SKU69281,白菜,生鲜蔬果,1,2026-02-10,50.62
102572,SKU57467,蔬菜拼盘,火锅食材,3,2026-02-10,7.74
102573,SKU32024,方便面,食品饮料,5,2026-08-12,59.63
102573,SKU49280,果汁,食品饮料,1,2026-08-12,4.27
102573,SKU76705,纸巾,日化清洁,2,2026-08-12,4.29
102574,SKU84746,洗发水,日化清洁,4,2026-05-27,27.68
102574,SKU81721,沐浴露,日化清洁,1,2026-05-27,67.15
102574,SKU53116,牙膏,日化清洁,4,2026-05-27,16.4
102574,SKU50741,蔬菜拼盘,火锅食材,1,2026-05-27,57.37
102575,SKU68686,橙子,生鲜蔬果,4,2026-02-11,31.46
102575,SKU68040,白糖,粮油调味,4,2026-02-11,78.57
102576,SKU32522,牛肉,肉禽蛋品,3,2026-07-22,65.85
102576,SKU82955,蛋挞皮,烘焙用品,5,2026-07-22,23.22
102576,SKU88767,薯片,食品饮料,2,2026-07-22,32.25
102576,SKU57189,鸭蛋,肉禽蛋品,3,2026-07-22,78.33
102576,SKU80529,料酒,粮油调味,5,2026-07-22,66.89
102577,SKU96020,淡奶油,烘焙用品,2,2026-03-16,35.02
102577,SKU60942,鸡翅,肉禽蛋品,1,2026-03-16,66.19
102578,SKU32244,牛奶,食品饮料,1,2026-05-20,4.5
102578,SKU20086,面包,食品饮料,2,2026-05-20,30.27
102578,SKU91777,食用油,粮油调味,2,2026-05-20,5.09
102578,SKU86854,羊肉卷,火锅食材,3,2026-05-20,31.14
102578,SKU53821,蛋挞皮,烘焙用品,4,2026-05-20,47.93
102579,SKU77097,方便面,食品饮料,4,2026-08-07,30.61
102579,SKU21144,醋,粮油调味,3,2026-08-07,48.6
102579,SKU72069,沐浴露,日化清洁,2,2026-08-07,59.39
102579,SKU10356,蛋挞皮,烘焙用品,5,2026-08-07,41.35
102579,SKU21608,盐,粮油调味,1,2026-08-07,46.21
102579,SKU40209,白糖,粮油调味,1,2026-08-07,12.24
102580,SKU46108,大米,粮油调味,3,2026-04-26,21.1
102580,SKU67956,白糖,粮油调味,1,2026-04-26,51.47
102580,SKU22882,盐,粮油调味,1,2026-04-26,54.53
102580,SKU73590,鸡肉,肉禽蛋品,2,2026-04-26,40.7
102581,SKU32566,洗发水,日化清洁,1,2026-07-08,17.78
102581,SKU76517,沐浴露,日化清洁,2,2026-07-08,59.7
102581,SKU17101,牙膏,日化清洁,2,2026-07-08,16.94
102581,SKU48501,香蕉,生鲜蔬果,3,2026-07-08,24.71
102581,SKU24708,鸭血,火锅食材,2,2026-07-08,69.34
102582,SKU28511,鸡肉,肉禽蛋品,1,2026-08-17,64.69
102582,SKU87490,酵母,烘焙用品,3,2026-08-17,79.36
102582,SKU92837,面包,食品饮料,1,2026-08-17,4.14
102582,SKU31504,纸巾,日化清洁,2,2026-08-17,42.36
102582,SKU22779,火锅底料,火锅食材,2,2026-08-17,24.17
102582,SKU26305,鸭蛋,肉禽蛋品,4,2026-08-17,6.37
102583,SKU37474,鸡肉,肉禽蛋品,4,2026-09-26,55.05
102583,SKU17769,牛奶,食品饮料,3,2026-09-26,5.69
102583,SKU71996,羊肉卷,火锅食材,3,2026-09-26,59.89
102584,SKU55537,羊肉卷,火锅食材,2,2026-03-11,21.94
102584,SKU63543,蚝油,粮油调味,5,2026-03-11,11.87
102585,SKU73767,猪肉,肉禽蛋品,2,2026-09-06,50.22
102585,SKU58236,牙膏,日化清洁,5,2026-09-06,35.22
102586,SKU15709,火锅底料,火锅食材,1,2026-05-13,35.11
102586,SKU23863,丸子,火锅食材,5,2026-05-13,13.54
102586,SKU69907,肥牛卷,火锅食材,2,2026-05-13,23.62
102586,SKU93455,香草精,烘焙用品,4,2026-05-13,36.32
102586,SKU37929,黄瓜,生鲜蔬果,3,2026-05-13,54.42
102587,SKU23161,鸭蛋,肉禽蛋品,1,2026-07-05,51.74
102587,SKU43592,酸奶,食品饮料,1,2026-07-05,21.47
102587,SKU86017,牙膏,日化清洁,5,2026-07-05,32.03
102588,SKU86539,猪肉,肉禽蛋品,3,2026-06-01,54.48
102588,SKU67563,豆腐,火锅食材,3,2026-06-01,59.62
102588,SKU71105,可乐,食品饮料,2,2026-06-01,30.09
102588,SKU17217,鸭血,火锅食材,2,2026-06-01,53.72
102588,SKU50191,面包,食品饮料,3,2026-06-01,40.69
102588,SKU68689,纸巾,日化清洁,2,2026-06-01,55.27
102589,SKU47159,西红柿,生鲜蔬果,3,2026-06-14,10.77
102589,SKU65134,鸡蛋,肉禽蛋品,3,2026-06-14,22.91
102589,SKU77739,黄瓜,生鲜蔬果,3,2026-06-14,40.34
102589,SKU51707,方便面,食品饮料,1,2026-06-14,64.46
102589,SKU77058,拖把,日化清洁,2,2026-06-14,27.41
102590,SKU20775,矿泉水,食品饮料,1,2026-09-18,22.25
102590,SKU48501,消毒液,日化清洁,4,2026-09-18,74.49
102590,SKU88112,洗衣液,日化清洁,2,2026-09-18,8.89
102590,SKU67260,土豆,生鲜蔬果,1,2026-09-18,20.23
102590,SKU75437,辣椒酱,粮油调味,5,2026-09-18,50.54
102591,SKU42946,料酒,粮油调味,1,2026-06-09,79.9
102591,SKU25150,肥牛卷,火锅食材,2,2026-06-09,15.57
102591,SKU10196,蘸料,火锅食材,2,2026-06-09,79.66
102591,SKU98788,丸子,火锅食材,2,2026-06-09,68.59
102591,SKU22837,鸡翅,肉禽蛋品,2,2026-06-09,24.18
102591,SKU28015,糖粉,烘焙用品,2,2026-06-09,25.17
102592,SKU38381,虾仁,肉禽蛋品,5,2026-03-08,40.19
102592,SKU98446,香蕉,生鲜蔬果,4,2026-03-08,6.8
102592,SKU40960,糖粉,烘焙用品,1,2026-03-08,68.9
102592,SKU89184,矿泉水,食品饮料,2,2026-03-08,21.08
102592,SKU82814,生菜,生鲜蔬果,5,2026-03-08,54.13
102593,SKU79395,大米,粮油调味,1,2026-08-15,43.89
102593,SKU70298,食用油,粮油调味,2,2026-08-15,77.51
102593,SKU81574,酱油,粮油调味,3,2026-08-15,30.44
102593,SKU39670,鸡肉,肉禽蛋品,2,2026-08-15,77.64
102594,SKU83914,肥皂,日化清洁,3,2026-03-03,61.92
102594,SKU97557,鸡肉,肉禽蛋品,5,2026-03-03,42.72
102594,SKU23069,葡萄,生鲜蔬果,1,2026-03-03,43.64
102594,SKU33769,粉丝,火锅食材,5,2026-03-03,50.77
102595,SKU87100,牛奶,食品饮料,2,2026-09-04,18.44
102595,SKU50461,可乐,食品饮料,3,2026-09-04,29.13
102595,SKU83903,三文鱼,肉禽蛋品,2,2026-09-04,17.44
102595,SKU88091,西红柿,生鲜蔬果,4,2026-09-04,57.85
102595,SKU11649,淡奶油,烘焙用品,4,2026-09-04,12.83
102595,SKU84069,面包,食品饮料,3,2026-09-04,6.89
102596,SKU20623,西红柿,生鲜蔬果,1,2026-04-06,50.19
102596,SKU59306,鸡蛋,肉禽蛋品,4,2026-04-06,20.32
102596,SKU48455,黄瓜,生鲜蔬果,2,2026-04-06,20.06
102596,SKU77603,苹果,生鲜蔬果,2,2026-04-06,3.29
102597,SKU73693,面包,食品饮料,5,2026-08-25,59.73
102597,SKU20952,丸子,火锅食材,1,2026-08-25,71.96
102597,SKU91189,毛肚,火锅食材,2,2026-08-25,31.17
102597,SKU66580,牛奶,食品饮料,5,2026-08-25,75.57
102598,SKU48126,火锅底料,火锅食材,2,2026-02-02,79.72
102598,SKU14891,丸子,火锅食材,5,2026-02-02,30.72
102598,SKU86402,肥牛卷,火锅食材,4,2026-02-02,32.56
102598,SKU80835,毛肚,火锅食材,1,2026-02-02,30.39
102598,SKU84117,食用油,粮油调味,2,2026-02-02,9.57
102599,SKU80105,鸡蛋,肉禽蛋品,1,2026-08-16,74.7
102599,SKU46181,蛋挞皮,烘焙用品,1,2026-08-16,7.05
102599,SKU28864,黄油,烘焙用品,3,2026-08-16,77.96
102599,SKU17745,纸巾,日化清洁,4,2026-08-16,36.69
102600,SKU58220,鸡肉,肉禽蛋品,3,2026-02-22,67.96
102600,SKU14407,拖把,日化清洁,1,2026-02-22,4.89
102600,SKU63870,三文鱼,肉禽蛋品,1,2026-02-22,19.6
102601,SKU81668,牛奶,食品饮料,1,2026-09-12,60.37
102601,SKU57985,火锅底料,火锅食材,3,2026-09-12,64.75
102601,SKU60909,饼干,食品饮料,5,2026-09-12,8.74
102601,SKU33115,香草精,烘焙用品,2,2026-09-12,69.3
102602,SKU72204,蘸料,火锅食材,2,2026-02-06,34.34
102602,SKU24838,大米,粮油调味,2,2026-02-06,28.43
102603,SKU13228,苹果,生鲜蔬果,2,2026-02-05,20.9
102603,SKU69553,白糖,粮油调味,3,2026-02-05,5.85
102603,SKU32860,牛肉,肉禽蛋品,3,2026-02-05,45.89
102603,SKU29976,橙子,生鲜蔬果,3,2026-02-05,15.33
102603,SKU46877,带鱼,肉禽蛋品,5,2026-02-05,15.3
102603,SKU98133,消毒液,日化清洁,4,2026-02-05,28.92
102604,SKU88009,火锅底料,火锅食材,3,2026-05-16,30.25
102604,SKU54345,丸子,火锅食材,1,2026-05-16,18.89
102604,SKU46980,肥牛卷,火锅食材,2,2026-05-16,30.33
102604,SKU36741,牛肉,肉禽蛋品,2,2026-05-16,67.14
102604,SKU43506,矿泉水,食品饮料,4,2026-05-16,15.26
102605,SKU94412,鸡翅,肉禽蛋品,1,2026-07-14,40.96
102605,SKU46371,面粉,粮油调味,4,2026-07-14,48.28
102605,SKU53952,淡奶油,烘焙用品,3,2026-07-14,79.62
102605,SKU48567,丸子,火锅食材,2,2026-07-14,61.22
102605,SKU57188,拖把,日化清洁,2,2026-07-14,56.29
102606,SKU45627,垃圾袋,日化清洁,5,2026-07-09,7.05
102606,SKU90921,可乐,食品饮料,2,2026-07-09,40.14
102606,SKU94778,香草精,烘焙用品,4,2026-07-09,6.08
102607,SKU54986,肥牛卷,火锅食材,1,2026-04-10,29.79
102607,SKU84206,蚝油,粮油调味,2,2026-04-10,71.37
102607,SKU22048,生菜,生鲜蔬果,5,2026-04-10,31.53
102607,SKU93778,鸡蛋,肉禽蛋品,1,2026-04-10,62.46
102607,SKU34059,蛋挞皮,烘焙用品,3,2026-04-10,24.56
102607,SKU55520,香蕉,生鲜蔬果,3,2026-04-10,3.37
102608,SKU13506,油纸,烘焙用品,4,2026-01-22,67.51
102608,SKU41583,葡萄,生鲜蔬果,5,2026-01-22,64.95
102608,SKU58395,豆腐,火锅食材,3,2026-01-22,43.6
102609,SKU68763,蛋挞皮,烘焙用品,3,2026-06-17,51.79
102609,SKU68844,方便面,食品饮料,3,2026-06-17,61.95
102609,SKU73322,洗洁精,日化清洁,5,2026-06-17,46.52
102610,SKU79493,西红柿,生鲜蔬果,3,2026-05-05,19.4
102610,SKU52810,鸡蛋,肉禽蛋品,2,2026-05-05,64.39
102610,SKU86702,黄瓜,生鲜蔬果,4,2026-05-05,42.67
102610,SKU79205,葡萄,生鲜蔬果,4,2026-05-05,71.24
102611,SKU77054,粉丝,火锅食材,2,2026-06-02,7.37
102611,SKU10747,芝士碎,烘焙用品,1,2026-06-02,28.68
102611,SKU67551,丸子,火锅食材,5,2026-06-02,69.11
102611,SKU88035,酱油,粮油调味,5,2026-06-02,54.95
102611,SKU24092,洗衣液,日化清洁,3,2026-06-02,31.73
102612,SKU94215,可乐,食品饮料,1,2026-04-22,52.72
102612,SKU30224,淡奶油,烘焙用品,5,2026-04-22,50.5
102612,SKU38358,丸子,火锅食材,4,2026-04-22,28.89
102613,SKU83333,牛奶,食品饮料,2,2026-08-04,27.5
102613,SKU17286,面包,食品饮料,4,2026-08-04,30.02
102613,SKU33741,虾仁,肉禽蛋品,3,2026-08-04,18.7
102613,SKU42202,肥皂,日化清洁,1,2026-08-04,46.33
102613,SKU99653,拖把,日化清洁,4,2026-08-04,8.88
102614,SKU96049,可乐,食品饮料,2,2026-01-03,57.67
102614,SKU17516,薯片,食品饮料,3,2026-01-03,8.47
102614,SKU53005,饼干,食品饮料,2,2026-01-03,35.91
102614,SKU60804,鸡蛋,肉禽蛋品,5,2026-01-03,76.38
102614,SKU39115,丸子,火锅食材,5,2026-01-03,63.11
102615,SKU42561,饼干,食品饮料,2,2026-03-23,71.12
102615,SKU70280,香蕉,生鲜蔬果,4,2026-03-23,5.15
102615,SKU64015,胡萝卜,生鲜蔬果,1,2026-03-23,43.74
102615,SKU82337,牛肉,肉禽蛋品,4,2026-03-23,48.51
102615,SKU40687,模具,烘焙用品,4,2026-03-23,39.66
102615,SKU93489,豆腐,火锅食材,4,2026-03-23,19.64
102616,SKU16200,香草精,烘焙用品,4,2026-02-14,26.83
102616,SKU62391,沐浴露,日化清洁,1,2026-02-14,6.32
102616,SKU68002,面粉,粮油调味,5,2026-02-14,73.23
102617,SKU58548,苹果,生鲜蔬果,5,2026-08-10,19.59
102617,SKU19351,香蕉,生鲜蔬果,4,2026-08-10,32.36
102617,SKU22288,橙子,生鲜蔬果,5,2026-08-10,3.67
102617,SKU54398,油纸,烘焙用品,1,2026-08-10,43.55
102617,SKU15375,葡萄,生鲜蔬果,2,2026-08-10,65.43
102617,SKU12710,生菜,生鲜蔬果,1,2026-08-10,41.47
102618,SKU38596,鸡翅,肉禽蛋品,4,2026-02-01,46.09
102618,SKU22556,鸭蛋,肉禽蛋品,5,2026-02-01,6.22
102618,SKU20047,面粉,粮油调味,1,2026-02-01,12.39
102619,SKU72502,盐,粮油调味,4,2026-09-03,50.43
102619,SKU24402,饼干,食品饮料,1,2026-09-03,6.05
102619,SKU20401,鸭蛋,肉禽蛋品,3,2026-09-03,50.27
102619,SKU65777,西红柿,生鲜蔬果,1,2026-09-03,63.94
102619,SKU83222,消毒液,日化清洁,2,2026-09-03,67.37
102619,SKU57553,油纸,烘焙用品,2,2026-09-03,60.26
102620,SKU29117,蛋糕粉,烘焙用品,1,2026-02-19,36.31
102620,SKU73528,黄油,烘焙用品,1,2026-02-19,7.84
102620,SKU30438,淡奶油,烘焙用品,1,2026-02-19,69.81
102620,SKU49508,鸡蛋,肉禽蛋品,3,2026-02-19,22.5
102620,SKU52839,牙膏,日化清洁,5,2026-02-19,33.07
102620,SKU46099,毛肚,火锅食材,1,2026-02-19,77.85
102620,SKU20961,拖把,日化清洁,2,2026-02-19,72.38
102621,SKU71158,洗洁精,日化清洁,1,2026-09-22,28.51
102621,SKU53081,方便面,食品饮料,3,2026-09-22,50.56
102621,SKU32364,豆腐,火锅食材,1,2026-09-22,78.68
102622,SKU25121,酵母,烘焙用品,3,2026-05-05,16.82
102622,SKU47680,料酒,粮油调味,4,2026-05-05,51.46
102622,SKU26377,酸奶,食品饮料,5,2026-05-05,37.08
102623,SKU27073,牛奶,食品饮料,5,2026-04-05,64.75
102623,SKU78683,面包,食品饮料,1,2026-04-05,21.1
102623,SKU70586,牛肉,肉禽蛋品,4,2026-04-05,37.62
102623,SKU31917,白糖,粮油调味,3,2026-04-05,26.66
102624,SKU14101,黄瓜,生鲜蔬果,5,2026-03-17,36.29
102624,SKU64711,羊肉卷,火锅食材,5,2026-03-17,73.42
102624,SKU67277,醋,粮油调味,4,2026-03-17,69.76
102624,SKU14147,葡萄,生鲜蔬果,2,2026-03-17,46.71
102624,SKU89781,香蕉,生鲜蔬果,2,2026-03-17,75.94
102624,SKU50879,矿泉水,食品饮料,4,2026-03-17,75.8
102625,SKU88034,排骨,肉禽蛋品,3,2026-02-21,66.27
102625,SKU52038,胡萝卜,生鲜蔬果,3,2026-02-21,69.6
102625,SKU49935,土豆,生鲜蔬果,5,2026-02-21,68.35
102625,SKU70531,酵母,烘焙用品,4,2026-02-21,29.5
102626,SKU86285,鸭蛋,肉禽蛋品,4,2026-02-08,41.65
102626,SKU32873,沐浴露,日化清洁,2,2026-02-08,51.94
102626,SKU70851,盐,粮油调味,5,2026-02-08,72.99
102626,SKU32744,面包,食品饮料,2,2026-02-08,14.24
102626,SKU65869,面粉,粮油调味,4,2026-02-08,62.1
102627,SKU46062,果汁,食品饮料,3,2026-06-09,29.39
102627,SKU13941,鸡翅,肉禽蛋品,1,2026-06-09,17.56
102627,SKU23123,羊肉卷,火锅食材,1,2026-06-09,14.96
102627,SKU64488,巧克力,食品饮料,3,2026-06-09,20.99
102627,SKU83853,蔬菜拼盘,火锅食材,3,2026-06-09,61.27
102627,SKU36377,蛋挞皮,烘焙用品,3,2026-06-09,30.65
102628,SKU53633,洗衣液,日化清洁,3,2026-09-18,63.79
102628,SKU60803,纸巾,日化清洁,2,2026-09-18,19.81
102628,SKU31222,垃圾袋,日化清洁,4,2026-09-18,42.63
102628,SKU78662,酸奶,食品饮料,2,2026-09-18,62.61
102629,SKU38977,排骨,肉禽蛋品,1,2026-07-27,77.94
102629,SKU24816,胡萝卜,生鲜蔬果,5,2026-07-27,45.13
102629,SKU93303,土豆,生鲜蔬果,2,2026-07-27,20.92
102629,SKU19597,肥皂,日化清洁,4,2026-07-27,52.19
102629,SKU57897,矿泉水,食品饮料,5,2026-07-27,9.01
102629,SKU11052,带鱼,肉禽蛋品,4,2026-07-27,40.1
102630,SKU59866,猪肉,肉禽蛋品,5,2026-02-10,11.31
102630,SKU56354,纸巾,日化清洁,2,2026-02-10,19.31
102631,SKU63085,洗发水,日化清洁,3,2026-04-20,44.99
102631,SKU18415,沐浴露,日化清洁,3,2026-04-20,6.01
102631,SKU88661,牙膏,日化清洁,4,2026-04-20,18.55
102631,SKU57748,鸭蛋,肉禽蛋品,4,2026-04-20,70.8
102632,SKU85792,三文鱼,肉禽蛋品,1,2026-01-12,5.34
102632,SKU11983,排骨,肉禽蛋品,3,2026-01-12,25.71
102632,SKU73979,肥皂,日化清洁,1,2026-01-12,13.71
102632,SKU11853,生菜,生鲜蔬果,2,2026-01-12,13.65
102632,SKU84168,苹果,生鲜蔬果,4,2026-01-12,28.86
102632,SKU94311,牛肉,肉禽蛋品,3,2026-01-12,14.24
102633,SKU61586,牛奶,食品饮料,2,2026-07-21,74.94
102633,SKU39665,面包,食品饮料,4,2026-07-21,35.12
102633,SKU42307,豆腐,火锅食材,1,2026-07-21,9.75
102633,SKU70134,食用油,粮油调味,1,2026-07-21,60.49
102633,SKU88214,消毒液,日化清洁,3,2026-07-21,20.61
102634,SKU48251,猪肉,肉禽蛋品,4,2026-09-28,58.53
102634,SKU14028,薯片,食品饮料,2,2026-09-28,48.58
102634,SKU43721,鸡蛋,肉禽蛋品,4,2026-09-28,54.61
102634,SKU46868,饼干,食品饮料,4,2026-09-28,71.42
102634,SKU36447,酱油,粮油调味,2,2026-09-28,41.98
102635,SKU56630,羊肉卷,火锅食材,3,2026-09-28,70.15
102635,SKU72203,矿泉水,食品饮料,5,2026-09-28,24.9
102635,SKU86540,三文鱼,肉禽蛋品,3,2026-09-28,21.95
102635,SKU54046,蔬菜拼盘,火锅食材,3,2026-09-28,40.62
102635,SKU87258,洗衣液,日化清洁,2,2026-09-28,64.33
102636,SKU47714,牙膏,日化清洁,2,2026-08-26,74.28
102636,SKU48679,模具,烘焙用品,3,2026-08-26,29.55
102636,SKU46643,蔬菜拼盘,火锅食材,1,2026-08-26,59.06
102636,SKU11235,食用油,粮油调味,2,2026-08-26,12.4
102637,SKU84169,黄油,烘焙用品,3,2026-02-10,31.63
102637,SKU67695,排骨,肉禽蛋品,1,2026-02-10,58.54
102637,SKU60375,鸭蛋,肉禽蛋品,5,2026-02-10,45.07
102637,SKU66507,火锅底料,火锅食材,2,2026-02-10,78.19
102637,SKU38174,香草精,烘焙用品,5,2026-02-10,16.61
102637,SKU41619,洗洁精,日化清洁,2,2026-02-10,46.62
102638,SKU58396,沐浴露,日化清洁,2,2026-01-02,69.71
102638,SKU69563,盐,粮油调味,4,2026-01-02,56.38
102638,SKU38599,牙膏,日化清洁,4,2026-01-02,54.45
102639,SKU26123,巧克力,食品饮料,4,2026-02-06,65.12
102639,SKU25331,垃圾袋,日化清洁,2,2026-02-06,79.99
102639,SKU25980,豆腐,火锅食材,1,2026-02-06,37.26
102640,SKU26296,盐,粮油调味,5,2026-08-08,51.66
102640,SKU66195,淡奶油,烘焙用品,3,2026-08-08,9.66
102640,SKU38872,虾仁,肉禽蛋品,5,2026-08-08,26.79
102640,SKU81780,果汁,食品饮料,5,2026-08-08,41.15
102641,SKU97693,辣椒酱,粮油调味,5,2026-08-03,19.61
102641,SKU20987,洗洁精,日化清洁,5,2026-08-03,55.43
102642,SKU73426,蘸料,火锅食材,2,2026-01-12,58.56
102642,SKU46781,食用油,粮油调味,2,2026-01-12,50.04
102642,SKU36489,牙膏,日化清洁,2,2026-01-12,54.85
102642,SKU30212,芝士碎,烘焙用品,1,2026-01-12,36.15
102643,SKU97378,酵母,烘焙用品,5,2026-01-21,25.58
102643,SKU23487,蘸料,火锅食材,4,2026-01-21,40.07
102643,SKU96154,火锅底料,火锅食材,3,2026-01-21,20.11
102644,SKU87697,苹果,生鲜蔬果,4,2026-08-26,31.91
102644,SKU94102,香蕉,生鲜蔬果,1,2026-08-26,55.67
102644,SKU81633,橙子,生鲜蔬果,2,2026-08-26,79.75
102644,SKU61876,纸巾,日化清洁,3,2026-08-26,77.37
102645,SKU23021,果汁,食品饮料,5,2026-09-11,21.22
102645,SKU60006,猪肉,肉禽蛋品,1,2026-09-11,9.71
102645,SKU13733,酵母,烘焙用品,5,2026-09-11,27.46
102645,SKU26407,可乐,食品饮料,2,2026-09-11,32.79
102646,SKU58408,牛奶,食品饮料,2,2026-02-17,20.78
102646,SKU32507,面包,食品饮料,1,2026-02-17,45.34
102646,SKU21661,酸奶,食品饮料,2,2026-02-17,48.79
102646,SKU62294,淡奶油,烘焙用品,4,2026-02-17,66.07
102647,SKU67381,糖粉,烘焙用品,5,2026-02-07,42.7
102647,SKU48139,牛奶,食品饮料,1,2026-02-07,52.89
102648,SKU54161,巧克力,食品饮料,4,2026-09-10,52.72
102648,SKU71456,盐,粮油调味,4,2026-09-10,59.83
102648,SKU48469,白菜,生鲜蔬果,3,2026-09-10,12.33
102648,SKU55394,西红柿,生鲜蔬果,4,2026-09-10,66.28
102649,SKU39057,可乐,食品饮料,2,2026-02-17,71.2
102649,SKU35801,薯片,食品饮料,2,2026-02-17,57.35
102649,SKU56292,饼干,食品饮料,1,2026-02-17,28.6
102649,SKU59773,盐,粮油调味,4,2026-02-17,55.94
102650,SKU60042,牛奶,食品饮料,1,2026-07-28,38.15
102650,SKU60666,面包,食品饮料,4,2026-07-28,35.86
102650,SKU56808,洗发水,日化清洁,5,2026-07-28,52.34
102651,SKU63707,蛋挞皮,烘焙用品,4,2026-01-17,42.49
102651,SKU37418,猪肉,肉禽蛋品,3,2026-01-17,29.65
102651,SKU43376,橙子,生鲜蔬果,2,2026-01-17,32.68
102652,SKU67141,生菜,生鲜蔬果,3,2026-08-09,18.05
102652,SKU37571,酱油,粮油调味,5,2026-08-09,24.83
102652,SKU60826,饼干,食品饮料,3,2026-08-09,47.9
102652,SKU18815,黄瓜,生鲜蔬果,1,2026-08-09,3.55
102653,SKU38407,鸭血,火锅食材,1,2026-09-22,32.84
102653,SKU25958,肥牛卷,火锅食材,5,2026-09-22,71.33
102654,SKU38886,丸子,火锅食材,5,2026-04-23,48.62
102654,SKU23865,猪肉,肉禽蛋品,5,2026-04-23,67.76
102654,SKU89158,鸡肉,肉禽蛋品,5,2026-04-23,44.14
102655,SKU57453,鸡肉,肉禽蛋品,1,2026-03-04,38.83
102655,SKU11043,豆腐,火锅食材,4,2026-03-04,35.42
102656,SKU27192,洗发水,日化清洁,2,2026-02-17,12.71
102656,SKU21338,沐浴露,日化清洁,3,2026-02-17,48.98
102656,SKU77938,牙膏,日化清洁,3,2026-02-17,12.91
102656,SKU76894,糖粉,烘焙用品,5,2026-02-17,20.31
102656,SKU62914,洗衣液,日化清洁,1,2026-02-17,72.84
102657,SKU90516,肥牛卷,火锅食材,1,2026-07-11,18.88
102657,SKU84626,盐,粮油调味,4,2026-07-11,72.37
102658,SKU42379,蛋糕粉,烘焙用品,3,2026-04-04,29.39
102658,SKU58482,黄油,烘焙用品,4,2026-04-04,35.58
102658,SKU77983,淡奶油,烘焙用品,1,2026-04-04,10.15
102658,SKU65556,鸡蛋,肉禽蛋品,2,2026-04-04,27.68
102658,SKU38114,肥牛卷,火锅食材,3,2026-04-04,11.49
102658,SKU32217,蛋挞皮,烘焙用品,5,2026-04-04,11.45
102658,SKU53216,酱油,粮油调味,4,2026-04-04,10.36
102659,SKU53744,食用油,粮油调味,1,2026-05-18,21.04
102659,SKU47126,蘸料,火锅食材,1,2026-05-18,17.46
102659,SKU72048,牛肉,肉禽蛋品,4,2026-05-18,3.95
102659,SKU64502,醋,粮油调味,3,2026-05-18,79.36
102659,SKU68438,可乐,食品饮料,5,2026-05-18,36.96
102660,SKU74019,洗衣液,日化清洁,1,2026-05-21,42.68
102660,SKU83102,矿泉水,食品饮料,2,2026-05-21,50.34
102660,SKU26658,面包,食品饮料,2,2026-05-21,11.14
102660,SKU76860,蘸料,火锅食材,3,2026-05-21,72.72
102660,SKU71744,虾仁,肉禽蛋品,5,2026-05-21,75.34
102661,SKU37262,大米,粮油调味,1,2026-05-27,29.21
102661,SKU59708,食用油,粮油调味,3,2026-05-27,61.84
102661,SKU96868,酱油,粮油调味,3,2026-05-27,7.15
102661,SKU64804,料酒,粮油调味,4,2026-05-27,27.89
102662,SKU31671,肥牛卷,火锅食材,2,2026-07-23,26.71
102662,SKU94044,饼干,食品饮料,3,2026-07-23,60.31
102662,SKU93902,果汁,食品饮料,5,2026-07-23,67.36
102662,SKU21438,丸子,火锅食材,2,2026-07-23,23.3
102662,SKU70126,蔬菜拼盘,火锅食材,1,2026-07-23,35.64
102662,SKU91365,猪肉,肉禽蛋品,2,2026-07-23,50.04
102663,SKU89545,酵母,烘焙用品,1,2026-08-14,69.76
102663,SKU59264,大米,粮油调味,2,2026-08-14,19.48
102663,SKU73831,香蕉,生鲜蔬果,4,2026-08-14,68.83
102663,SKU22446,羊肉卷,火锅食材,4,2026-08-14,22.71
102664,SKU38552,面包,食品饮料,1,2026-01-28,72.46
102664,SKU42179,盐,粮油调味,3,2026-01-28,5.71
102664,SKU76996,火锅底料,火锅食材,3,2026-01-28,59.75
102664,SKU99676,排骨,肉禽蛋品,2,2026-01-28,39.76
102664,SKU73652,鸭蛋,肉禽蛋品,1,2026-01-28,73.8
102664,SKU27722,酱油,粮油调味,2,2026-01-28,55.94
102665,SKU57138,牛奶,食品饮料,3,2026-01-07,72.39
102665,SKU75740,面包,食品饮料,1,2026-01-07,67.88
102665,SKU76612,蛋糕粉,烘焙用品,3,2026-01-07,39.57
102666,SKU56598,油纸,烘焙用品,4,2026-08-23,50.68
102666,SKU72533,豆腐,火锅食材,4,2026-08-23,56.94
102666,SKU88484,鸭血,火锅食材,1,2026-08-23,10.62
102666,SKU88855,矿泉水,食品饮料,1,2026-08-23,38.27
102666,SKU94843,沐浴露,日化清洁,3,2026-08-23,35.09
102666,SKU59227,毛肚,火锅食材,5,2026-08-23,7.17
102667,SKU36767,苹果,生鲜蔬果,5,2026-03-26,69.24
102667,SKU97898,香蕉,生鲜蔬果,2,2026-03-26,61.67
102667,SKU61443,橙子,生鲜蔬果,5,2026-03-26,77.09
102667,SKU81040,鸡肉,肉禽蛋品,5,2026-03-26,68.96
102667,SKU49540,土豆,生鲜蔬果,5,2026-03-26,46.99
102668,SKU51530,蛋糕粉,烘焙用品,2,2026-03-01,79.69
102668,SKU22666,黄油,烘焙用品,2,2026-03-01,23.14
102668,SKU15155,淡奶油,烘焙用品,3,2026-03-01,61.13
102668,SKU59010,鸡蛋,肉禽蛋品,4,2026-03-01,79.82
102668,SKU39223,牙膏,日化清洁,1,2026-03-01,79.88
102668,SKU83774,葡萄,生鲜蔬果,2,2026-03-01,28.97
102669,SKU19260,可乐,食品饮料,5,2026-05-20,35.15
102669,SKU92917,薯片,食品饮料,1,2026-05-20,44.58
102669,SKU87409,饼干,食品饮料,5,2026-05-20,15.67
102669,SKU51594,酸奶,食品饮料,4,2026-05-20,7.14
102670,SKU24881,糖粉,烘焙用品,4,2026-04-17,32.01
102670,SKU92709,蛋糕粉,烘焙用品,2,2026-04-17,28.82
102670,SKU18945,生菜,生鲜蔬果,3,2026-04-17,34.11
102670,SKU25793,虾仁,肉禽蛋品,3,2026-04-17,58.54
102670,SKU97181,香草精,烘焙用品,3,2026-04-17,60.06
102670,SKU99647,淡奶油,烘焙用品,5,2026-04-17,51.27
102671,SKU85625,垃圾袋,日化清洁,5,2026-05-18,61.98
102671,SKU13871,酸奶,食品饮料,1,2026-05-18,27.01
102671,SKU98789,生菜,生鲜蔬果,2,2026-05-18,24.53
102671,SKU63012,食用油,粮油调味,4,2026-05-18,5.46
102671,SKU41935,橙子,生鲜蔬果,3,2026-05-18,17.12
102671,SKU38538,苹果,生鲜蔬果,4,2026-05-18,58.66
102672,SKU77184,蛋糕粉,烘焙用品,4,2026-02-07,12.54
102672,SKU61580,黄油,烘焙用品,5,2026-02-07,72.19
102672,SKU72957,淡奶油,烘焙用品,2,2026-02-07,68.07
102672,SKU96418,鸡蛋,肉禽蛋品,4,2026-02-07,49.63
102672,SKU94120,生菜,生鲜蔬果,3,2026-02-07,59.02
102672,SKU14595,果汁,食品饮料,5,2026-02-07,16.68
102673,SKU54182,西红柿,生鲜蔬果,1,2026-02-16,72.52
102673,SKU74269,鸡蛋,肉禽蛋品,1,2026-02-16,59.37
102673,SKU20509,黄瓜,生鲜蔬果,5,2026-02-16,35.48
102673,SKU17912,三文鱼,肉禽蛋品,2,2026-02-16,14.07
102673,SKU20524,猪肉,肉禽蛋品,3,2026-02-16,48.18
102673,SKU94393,洗发水,日化清洁,5,2026-02-16,72.33
102674,SKU65589,面粉,粮油调味,4,2026-06-03,6.97
102674,SKU79637,丸子,火锅食材,3,2026-06-03,74.3
102674,SKU67131,牛肉,肉禽蛋品,4,2026-06-03,62.97
102674,SKU38072,薯片,食品饮料,2,2026-06-03,67.36
102674,SKU68793,沐浴露,日化清洁,4,2026-06-03,42.39
102675,SKU72688,排骨,肉禽蛋品,4,2026-08-04,32.24
102675,SKU74154,食用油,粮油调味,1,2026-08-04,54.27
102675,SKU32447,生菜,生鲜蔬果,1,2026-08-04,3.11
102675,SKU65560,醋,粮油调味,4,2026-08-04,47.46
102675,SKU50119,牛肉,肉禽蛋品,2,2026-08-04,59.72
102676,SKU75629,盐,粮油调味,5,2026-06-06,44.97
102676,SKU47596,西红柿,生鲜蔬果,1,2026-06-06,35.34
102676,SKU54628,黄瓜,生鲜蔬果,4,2026-06-06,72.15
102676,SKU88224,蚝油,粮油调味,5,2026-06-06,26.68
102677,SKU86193,酵母,烘焙用品,2,2026-02-22,3.59
102677,SKU82470,矿泉水,食品饮料,2,2026-02-22,15.85
102677,SKU13359,鸭血,火锅食材,4,2026-02-22,41.59
102677,SKU58779,肥牛卷,火锅食材,2,2026-02-22,39.22
102677,SKU47610,饼干,食品饮料,4,2026-02-22,43.91
102677,SKU60662,醋,粮油调味,3,2026-02-22,40.28
102678,SKU76226,蛋糕粉,烘焙用品,2,2026-06-07,4.39
102678,SKU29673,黄油,烘焙用品,1,2026-06-07,20.13
102678,SKU70357,淡奶油,烘焙用品,2,2026-06-07,29.64
102678,SKU19964,鸡蛋,肉禽蛋品,3,2026-06-07,4.47
102678,SKU61542,酵母,烘焙用品,2,2026-06-07,15.6
102678,SKU58949,可乐,食品饮料,3,2026-06-07,60.94
102679,SKU84725,大米,粮油调味,1,2026-01-19,25.06
102679,SKU65567,食用油,粮油调味,2,2026-01-19,53.78
102679,SKU96204,酱油,粮油调味,4,2026-01-19,16.65
102679,SKU66160,糖粉,烘焙用品,3,2026-01-19,40.83
102679,SKU82801,辣椒酱,粮油调味,1,2026-01-19,18.51
102680,SKU79229,葡萄,生鲜蔬果,3,2026-03-26,27.34
102680,SKU92439,丸子,火锅食材,4,2026-03-26,24.01
102680,SKU41364,生菜,生鲜蔬果,4,2026-03-26,53.45
102680,SKU61005,蔬菜拼盘,火锅食材,5,2026-03-26,49.43
102680,SKU42061,橙子,生鲜蔬果,5,2026-03-26,39.83
102680,SKU90322,虾仁,肉禽蛋品,2,2026-03-26,61.2
102681,SKU82312,豆腐,火锅食材,5,2026-04-08,42.45
102681,SKU79379,香草精,烘焙用品,4,2026-04-08,43.19
102681,SKU26090,蛋挞皮,烘焙用品,2,2026-04-08,29.6
102682,SKU14868,蘸料,火锅食材,2,2026-08-07,22.21
102682,SKU93228,鸡蛋,肉禽蛋品,4,2026-08-07,65.24
102682,SKU92812,消毒液,日化清洁,5,2026-08-07,67.2
102682,SKU81227,沐浴露,日化清洁,5,2026-08-07,21.14
102682,SKU92811,酱油,粮油调味,4,2026-08-07,20.93
102683,SKU88227,苹果,生鲜蔬果,3,2026-06-05,74.12
102683,SKU35817,香蕉,生鲜蔬果,4,2026-06-05,5.35
102683,SKU33135,橙子,生鲜蔬果,2,2026-06-05,74.55
102683,SKU90845,白菜,生鲜蔬果,5,2026-06-05,72.97
102683,SKU61722,消毒液,日化清洁,3,2026-06-05,7.43
102683,SKU30219,粉丝,火锅食材,4,2026-06-05,14.86
102684,SKU69887,蘸料,火锅食材,4,2026-07-22,34.12
102684,SKU80555,牛肉,肉禽蛋品,4,2026-07-22,65.1
102684,SKU97908,葡萄,生鲜蔬果,4,2026-07-22,77.06
102685,SKU95466,蘸料,火锅食材,5,2026-04-23,6.5
102685,SKU66387,生菜,生鲜蔬果,5,2026-04-23,36.71
102686,SKU65635,辣椒酱,粮油调味,3,2026-09-26,6.3
102686,SKU28387,料酒,粮油调味,2,2026-09-26,78.04
102686,SKU40852,苹果,生鲜蔬果,4,2026-09-26,12.04
102686,SKU82889,垃圾袋,日化清洁,2,2026-09-26,14.66
102686,SKU61056,蘸料,火锅食材,4,2026-09-26,41.35
102686,SKU80326,肥牛卷,火锅食材,3,2026-09-26,11.37
102687,SKU62457,蘸料,火锅食材,5,2026-05-25,26.19
102687,SKU71938,淡奶油,烘焙用品,2,2026-05-25,75.72
102687,SKU62816,蛋糕粉,烘焙用品,2,2026-05-25,23.36
102687,SKU55644,猪肉,肉禽蛋品,2,2026-05-25,49.16
102687,SKU62001,料酒,粮油调味,4,2026-05-25,61.94
102687,SKU11473,虾仁,肉禽蛋品,5,2026-05-25,27.86
102688,SKU91515,辣椒酱,粮油调味,1,2026-08-05,5.08
102688,SKU66195,鸭血,火锅食材,5,2026-08-05,73.3
102688,SKU84507,纸巾,日化清洁,4,2026-08-05,72.25
102688,SKU45093,豆腐,火锅食材,2,2026-08-05,63.38
102689,SKU75958,大米,粮油调味,5,2026-06-23,5.21
102689,SKU55185,食用油,粮油调味,4,2026-06-23,60.57
102689,SKU45811,酱油,粮油调味,5,2026-06-23,40.56
102689,SKU52151,饼干,食品饮料,2,2026-06-23,67.4
102690,SKU31063,蛋糕粉,烘焙用品,4,2026-04-13,13.97
102690,SKU50301,鸡肉,肉禽蛋品,2,2026-04-13,56.72
102690,SKU21085,葡萄,生鲜蔬果,4,2026-04-13,59.25
102690,SKU41056,肥牛卷,火锅食材,3,2026-04-13,74.94
102690,SKU75113,羊肉卷,火锅食材,1,2026-04-13,3.81
102690,SKU57620,糖粉,烘焙用品,1,2026-04-13,13.46
102691,SKU56969,火锅底料,火锅食材,3,2026-01-28,11.34
102691,SKU59458,芝士碎,烘焙用品,2,2026-01-28,70.05
102691,SKU25337,酸奶,食品饮料,5,2026-01-28,55.17
102691,SKU19223,蘸料,火锅食材,4,2026-01-28,42.71
102691,SKU14912,苹果,生鲜蔬果,2,2026-01-28,61.65
102692,SKU90973,白菜,生鲜蔬果,5,2026-08-11,69.12
102692,SKU57965,黄油,烘焙用品,1,2026-08-11,76.22
102693,SKU67164,大米,粮油调味,3,2026-09-12,27.55
102693,SKU33789,虾仁,肉禽蛋品,3,2026-09-12,17.07
102693,SKU80265,方便面,食品饮料,2,2026-09-12,10.39
102694,SKU36093,肥皂,日化清洁,4,2026-05-09,46.43
102694,SKU41256,猪肉,肉禽蛋品,2,2026-05-09,75.21
102694,SKU66878,香草精,烘焙用品,5,2026-05-09,9.09
102695,SKU37350,黄瓜,生鲜蔬果,1,2026-06-19,67.64
102695,SKU95300,沐浴露,日化清洁,4,2026-06-19,72.57
102695,SKU78012,芝士碎,烘焙用品,1,2026-06-19,65.2
102695,SKU75862,肥皂,日化清洁,4,2026-06-19,25.43
102695,SKU35001,生菜,生鲜蔬果,1,2026-06-19,7.92
102696,SKU51152,苹果,生鲜蔬果,2,2026-01-22,8.33
102696,SKU78084,香蕉,生鲜蔬果,2,2026-01-22,44.98
102696,SKU86072,橙子,生鲜蔬果,5,2026-01-22,49.39
102696,SKU76232,豆腐,火锅食材,5,2026-01-22,33.53
102697,SKU57077,可乐,食品饮料,2,2026-04-01,8.75
102697,SKU16840,葡萄,生鲜蔬果,1,2026-04-01,27.67
102697,SKU24003,垃圾袋,日化清洁,5,2026-04-01,75.05
102698,SKU79244,方便面,食品饮料,3,2026-02-05,60.31
102698,SKU44530,蔬菜拼盘,火锅食材,5,2026-02-05,35.42
102699,SKU50350,饼干,食品饮料,4,2026-09-03,30.2
102699,SKU34477,黄瓜,生鲜蔬果,4,2026-09-03,8.34
102699,SKU16742,牛奶,食品饮料,4,2026-09-03,52.39
102699,SKU69946,蔬菜拼盘,火锅食材,3,2026-09-03,22.52
102700,SKU16199,黄油,烘焙用品,1,2026-05-17,69.06
102700,SKU10888,消毒液,日化清洁,3,2026-05-17,33.22
102700,SKU50466,带鱼,肉禽蛋品,5,2026-05-17,52.95
102700,SKU24164,蚝油,粮油调味,3,2026-05-17,51.21
102701,SKU59148,蚝油,粮油调味,4,2026-06-01,33.39
102701,SKU17247,牙膏,日化清洁,4,2026-06-01,36.32
102701,SKU55731,橙子,生鲜蔬果,3,2026-06-01,5.24
102702,SKU85299,肥皂,日化清洁,4,2026-01-27,44.41
102702,SKU72429,模具,烘焙用品,2,2026-01-27,66.61
102702,SKU42591,蛋挞皮,烘焙用品,5,2026-01-27,56.86
102702,SKU88884,牙膏,日化清洁,5,2026-01-27,10.41
102703,SKU29976,排骨,肉禽蛋品,2,2026-05-16,28.07
102703,SKU84255,胡萝卜,生鲜蔬果,1,2026-05-16,56.43
102703,SKU12395,土豆,生鲜蔬果,4,2026-05-16,65.22
102703,SKU28099,香蕉,生鲜蔬果,5,2026-05-16,12.61
102704,SKU39868,羊肉卷,火锅食材,3,2026-08-14,55.02
102704,SKU19734,胡萝卜,生鲜蔬果,2,2026-08-14,9.21
102704,SKU67259,巧克力,食品饮料,5,2026-08-14,6.79
102704,SKU27518,酱油,粮油调味,4,2026-08-14,61.67
102705,SKU31296,鸡蛋,肉禽蛋品,3,2026-04-16,31.49
102705,SKU11712,蚝油,粮油调味,2,2026-04-16,40.79
102705,SKU38425,酸奶,食品饮料,2,2026-04-16,26.77
102705,SKU33681,西红柿,生鲜蔬果,2,2026-04-16,59.81
102705,SKU92978,豆腐,火锅食材,5,2026-04-16,37.11
102705,SKU64636,鸡肉,肉禽蛋品,2,2026-04-16,64.84
102706,SKU82897,蛋糕粉,烘焙用品,1,2026-06-13,58.1
102706,SKU38209,淡奶油,烘焙用品,5,2026-06-13,53.63
102706,SKU71488,苹果,生鲜蔬果,5,2026-06-13,11.92
102706,SKU16964,牙膏,日化清洁,3,2026-06-13,69.62
102706,SKU45331,香蕉,生鲜蔬果,1,2026-06-13,68.7
102706,SKU53649,豆腐,火锅食材,2,2026-06-13,55.71
102707,SKU23975,牛奶,食品饮料,5,2026-08-18,74.33
102707,SKU78107,面包,食品饮料,3,2026-08-18,70.75
102707,SKU93178,模具,烘焙用品,1,2026-08-18,29.76
102707,SKU45533,薯片,食品饮料,1,2026-08-18,76.55
102708,SKU10488,苹果,生鲜蔬果,4,2026-07-14,10.18
102708,SKU64398,香蕉,生鲜蔬果,4,2026-07-14,73.74
102708,SKU61234,橙子,生鲜蔬果,2,2026-07-14,73.12
102708,SKU57452,洗发水,日化清洁,4,2026-07-14,44.3
102708,SKU51117,面包,食品饮料,3,2026-07-14,68.96
102708,SKU93072,鸭蛋,肉禽蛋品,3,2026-07-14,21.09
102709,SKU46114,蛋挞皮,烘焙用品,2,2026-07-08,54.03
102709,SKU27403,芝士碎,烘焙用品,3,2026-07-08,74.05
102709,SKU83537,垃圾袋,日化清洁,2,2026-07-08,71.84
102709,SKU33724,纸巾,日化清洁,1,2026-07-08,67.28
102709,SKU45307,香蕉,生鲜蔬果,2,2026-07-08,32.35
102710,SKU81914,火锅底料,火锅食材,4,2026-09-28,71.26
102710,SKU38563,丸子,火锅食材,5,2026-09-28,20.99
102710,SKU17838,肥牛卷,火锅食材,3,2026-09-28,44.39
102710,SKU36314,蛋糕粉,烘焙用品,3,2026-09-28,60.89
102710,SKU20756,鸡肉,肉禽蛋品,1,2026-09-28,53.69
102710,SKU35817,巧克力,食品饮料,2,2026-09-28,8.95
102711,SKU72235,火锅底料,火锅食材,4,2026-06-14,42.02
102711,SKU69800,丸子,火锅食材,2,2026-06-14,25.88
102711,SKU68407,肥牛卷,火锅食材,5,2026-06-14,63.73
102711,SKU39709,西红柿,生鲜蔬果,2,2026-06-14,60.61
102711,SKU24449,大米,粮油调味,5,2026-06-14,71.44
102712,SKU54711,苹果,生鲜蔬果,3,2026-08-25,43.21
102712,SKU45830,香蕉,生鲜蔬果,5,2026-08-25,79.17
102712,SKU93176,橙子,生鲜蔬果,2,2026-08-25,12.25
102712,SKU99234,淡奶油,烘焙用品,3,2026-08-25,56.61
102712,SKU79169,大米,粮油调味,4,2026-08-25,26.44
102712,SKU45896,面粉,粮油调味,4,2026-08-25,26.67
102713,SKU73583,丸子,火锅食材,4,2026-01-28,29.3
102713,SKU17283,带鱼,肉禽蛋品,5,2026-01-28,47.02
102713,SKU41839,酵母,烘焙用品,4,2026-01-28,12.6
102713,SKU53096,鸡蛋,肉禽蛋品,3,2026-01-28,23.22
102713,SKU14925,肥牛卷,火锅食材,1,2026-01-28,9.65
102713,SKU53744,沐浴露,日化清洁,5,2026-01-28,27.35
102714,SKU66621,果汁,食品饮料,2,2026-06-03,42.57
102714,SKU42912,鸡蛋,肉禽蛋品,2,2026-06-03,26.97
102714,SKU65826,肥皂,日化清洁,1,2026-06-03,8.13
102715,SKU74520,面包,食品饮料,2,2026-02-22,79.95
102715,SKU12630,排骨,肉禽蛋品,3,2026-02-22,67.92
102715,SKU59960,矿泉水,食品饮料,1,2026-02-22,66.06
102715,SKU67066,巧克力,食品饮料,5,2026-02-22,10.36
102715,SKU49162,洗洁精,日化清洁,1,2026-02-22,32.23
102716,SKU91145,醋,粮油调味,5,2026-02-12,23.8
102716,SKU19398,火锅底料,火锅食材,1,2026-02-12,18.52
102716,SKU12044,蛋挞皮,烘焙用品,4,2026-02-12,42.03
102717,SKU86398,大米,粮油调味,3,2026-01-16,10.83
102717,SKU86338,食用油,粮油调味,3,2026-01-16,10.6
102717,SKU34828,酱油,粮油调味,3,2026-01-16,28.17
102717,SKU37876,鸡蛋,肉禽蛋品,5,2026-01-16,40.45
102717,SKU71210,矿泉水,食品饮料,4,2026-01-16,45.28
102718,SKU77971,火锅底料,火锅食材,2,2026-03-20,71.9
102718,SKU80894,丸子,火锅食材,1,2026-03-20,32.46
102718,SKU71394,肥牛卷,火锅食材,3,2026-03-20,43.77
102718,SKU95477,橙子,生鲜蔬果,2,2026-03-20,78.39
102718,SKU89186,蘸料,火锅食材,1,2026-03-20,66.38
102718,SKU12291,面包,食品饮料,1,2026-03-20,38.09
102719,SKU59500,面包,食品饮料,1,2026-05-24,54.05
102719,SKU26302,洗发水,日化清洁,1,2026-05-24,23.15
102719,SKU77059,西红柿,生鲜蔬果,5,2026-05-24,50.33
102719,SKU72836,牛奶,食品饮料,1,2026-05-24,67.58
102720,SKU69897,蛋糕粉,烘焙用品,2,2026-04-07,65.2
102720,SKU75043,黄油,烘焙用品,2,2026-04-07,15.81
102720,SKU90361,淡奶油,烘焙用品,2,2026-04-07,67.12
102720,SKU37202,鸡蛋,肉禽蛋品,3,2026-04-07,7.56
102720,SKU60572,消毒液,日化清洁,2,2026-04-07,73.59
102720,SKU16301,牛奶,食品饮料,1,2026-04-07,28.56
102721,SKU96101,洗衣液,日化清洁,4,2026-05-15,61.34
102721,SKU37004,纸巾,日化清洁,3,2026-05-15,23.03
102721,SKU55085,垃圾袋,日化清洁,1,2026-05-15,77.33
102721,SKU83837,虾仁,肉禽蛋品,2,2026-05-15,77.03
102721,SKU50006,面粉,粮油调味,4,2026-05-15,71.42
102722,SKU59787,大米,粮油调味,4,2026-06-04,7.56
102722,SKU89962,食用油,粮油调味,1,2026-06-04,58.06
102722,SKU70082,酱油,粮油调味,5,2026-06-04,50.91
102722,SKU11451,芝士碎,烘焙用品,2,2026-06-04,38.96
102722,SKU95816,果汁,食品饮料,3,2026-06-04,9.91
102722,SKU60692,虾仁,肉禽蛋品,2,2026-06-04,11.81
102723,SKU30498,牛肉,肉禽蛋品,1,2026-05-03,77.96
102723,SKU32719,盐,粮油调味,3,2026-05-03,74.16
102723,SKU64098,芝士碎,烘焙用品,4,2026-05-03,6.14
102723,SKU94663,垃圾袋,日化清洁,2,2026-05-03,44.58
102723,SKU31922,酵母,烘焙用品,5,2026-05-03,53.73
102723,SKU36692,巧克力,食品饮料,2,2026-05-03,43.09
102724,SKU94012,醋,粮油调味,2,2026-06-28,28.1
102724,SKU73719,蘸料,火锅食材,4,2026-06-28,24.46
102724,SKU45492,洗衣液,日化清洁,3,2026-06-28,16.55
102724,SKU56578,矿泉水,食品饮料,5,2026-06-28,37.28
102724,SKU23386,肥皂,日化清洁,4,2026-06-28,31.2
102724,SKU77251,面粉,粮油调味,2,2026-06-28,42.65
102725,SKU69515,洗衣液,日化清洁,4,2026-06-14,29.72
102725,SKU10426,纸巾,日化清洁,1,2026-06-14,19.18
102725,SKU92235,垃圾袋,日化清洁,1,2026-06-14,15.91
102725,SKU94411,肥牛卷,火锅食材,1,2026-06-14,21.89
102725,SKU37553,淡奶油,烘焙用品,5,2026-06-14,40.96
102726,SKU53456,西红柿,生鲜蔬果,3,2026-05-06,55.04
102726,SKU76385,鸡蛋,肉禽蛋品,4,2026-05-06,25.22
102726,SKU40286,黄瓜,生鲜蔬果,5,2026-05-06,57.84
102726,SKU78202,鸭血,火锅食材,5,2026-05-06,35.72
102726,SKU26671,料酒,粮油调味,2,2026-05-06,46.27
102726,SKU47532,牙膏,日化清洁,3,2026-05-06,14.6
102727,SKU74249,洗发水,日化清洁,1,2026-04-02,30.1
102727,SKU47555,酸奶,食品饮料,2,2026-04-02,55.38
102727,SKU12785,食用油,粮油调味,4,2026-04-02,35.34
102728,SKU23814,带鱼,肉禽蛋品,3,2026-07-18,34.97
102728,SKU97092,面包,食品饮料,1,2026-07-18,45.01
102728,SKU37962,火锅底料,火锅食材,1,2026-07-18,5.99
102728,SKU23447,鸡蛋,肉禽蛋品,1,2026-07-18,15.5
102728,SKU54335,纸巾,日化清洁,2,2026-07-18,19.14
102728,SKU22652,豆腐,火锅食材,3,2026-07-18,11.21
102729,SKU26589,醋,粮油调味,3,2026-07-20,10.6
102729,SKU40235,带鱼,肉禽蛋品,2,2026-07-20,34.51
102729,SKU26726,纸巾,日化清洁,2,2026-07-20,34.76
102730,SKU26336,洗衣液,日化清洁,1,2026-02-10,23.53
102730,SKU81245,纸巾,日化清洁,5,2026-02-10,33.24
102730,SKU75541,垃圾袋,日化清洁,4,2026-02-10,41.02
102730,SKU20282,鸡蛋,肉禽蛋品,1,2026-02-10,61.97
102730,SKU89364,洗发水,日化清洁,1,2026-02-10,52.19
102731,SKU61543,洗发水,日化清洁,2,2026-02-07,57.38
102731,SKU45221,沐浴露,日化清洁,2,2026-02-07,29.0
102731,SKU15324,牙膏,日化清洁,4,2026-02-07,50.03
102731,SKU60711,酱油,粮油调味,2,2026-02-07,17.8
102731,SKU21344,盐,粮油调味,5,2026-02-07,57.34
102732,SKU23132,火锅底料,火锅食材,2,2026-01-28,57.15
102732,SKU54373,丸子,火锅食材,3,2026-01-28,25.58
102732,SKU83293,肥牛卷,火锅食材,2,2026-01-28,37.96
102732,SKU31186,模具,烘焙用品,4,2026-01-28,36.65
102732,SKU33874,酸奶,食品饮料,4,2026-01-28,3.51
102732,SKU47248,食用油,粮油调味,2,2026-01-28,28.39
102733,SKU20262,蘸料,火锅食材,5,2026-01-22,49.74
102733,SKU11631,芝士碎,烘焙用品,5,2026-01-22,58.77
102734,SKU99389,蛋糕粉,烘焙用品,5,2026-08-23,25.36
102734,SKU25428,料酒,粮油调味,4,2026-08-23,24.01
102734,SKU96433,豆腐,火锅食材,2,2026-08-23,21.06
102734,SKU96788,鸡蛋,肉禽蛋品,1,2026-08-23,49.09
102734,SKU47889,排骨,肉禽蛋品,1,2026-08-23,5.78
102735,SKU69386,排骨,肉禽蛋品,2,2026-02-12,72.2
102735,SKU36568,胡萝卜,生鲜蔬果,2,2026-02-12,28.66
102735,SKU14490,土豆,生鲜蔬果,2,2026-02-12,70.73
102735,SKU87743,粉丝,火锅食材,2,2026-02-12,41.86
102735,SKU66948,蛋糕粉,烘焙用品,5,2026-02-12,33.94
102736,SKU17782,肥皂,日化清洁,2,2026-09-14,73.36
102736,SKU21040,饼干,食品饮料,4,2026-09-14,30.3
102736,SKU43168,料酒,粮油调味,3,2026-09-14,56.96
102736,SKU90430,生菜,生鲜蔬果,4,2026-09-14,18.92
102736,SKU99707,牛肉,肉禽蛋品,4,2026-09-14,59.52
102736,SKU20246,拖把,日化清洁,3,2026-09-14,60.68
102737,SKU96659,排骨,肉禽蛋品,2,2026-01-11,55.39
102737,SKU85139,胡萝卜,生鲜蔬果,2,2026-01-11,38.49
102737,SKU92527,土豆,生鲜蔬果,4,2026-01-11,6.19
102737,SKU53341,香蕉,生鲜蔬果,5,2026-01-11,79.21
102738,SKU44307,醋,粮油调味,2,2026-09-13,17.5
102738,SKU53702,牙膏,日化清洁,5,2026-09-13,24.29
102738,SKU32127,粉丝,火锅食材,2,2026-09-13,60.12
102738,SKU81855,矿泉水,食品饮料,3,2026-09-13,57.45
102738,SKU28212,白糖,粮油调味,4,2026-09-13,6.49
102738,SKU77132,面包,食品饮料,1,2026-09-13,61.26
102739,SKU49581,西红柿,生鲜蔬果,3,2026-02-18,12.56
102739,SKU56959,鸡蛋,肉禽蛋品,1,2026-02-18,25.47
102739,SKU11869,黄瓜,生鲜蔬果,1,2026-02-18,45.99
102739,SKU98408,鸭蛋,肉禽蛋品,1,2026-02-18,57.21
102740,SKU33937,黄油,烘焙用品,3,2026-05-16,8.56
102740,SKU49742,蚝油,粮油调味,2,2026-05-16,64.89
102740,SKU44988,酵母,烘焙用品,4,2026-05-16,13.45
102741,SKU62145,可乐,食品饮料,5,2026-04-23,74.47
102741,SKU26579,洗发水,日化清洁,1,2026-04-23,68.24
102741,SKU20965,料酒,粮油调味,3,2026-04-23,5.01
102742,SKU92017,三文鱼,肉禽蛋品,5,2026-08-10,53.15
102742,SKU66689,肥皂,日化清洁,2,2026-08-10,37.82
102742,SKU12511,牛奶,食品饮料,5,2026-08-10,68.92
102742,SKU94871,黄油,烘焙用品,5,2026-08-10,10.54
102743,SKU80372,西红柿,生鲜蔬果,3,2026-09-04,71.05
102743,SKU73991,鸡蛋,肉禽蛋品,1,2026-09-04,49.62
102743,SKU89689,黄瓜,生鲜蔬果,1,2026-09-04,15.43
102743,SKU12006,拖把,日化清洁,4,2026-09-04,48.19
102743,SKU42353,排骨,肉禽蛋品,5,2026-09-04,36.52
102744,SKU17192,胡萝卜,生鲜蔬果,2,2026-06-28,12.03
102744,SKU55912,火锅底料,火锅食材,2,2026-06-28,54.64
102744,SKU88454,洗发水,日化清洁,2,2026-06-28,21.42
102744,SKU61023,料酒,粮油调味,4,2026-06-28,3.13
102745,SKU58207,油纸,烘焙用品,5,2026-01-10,38.48
102745,SKU74532,丸子,火锅食材,2,2026-01-10,38.97
102745,SKU25055,沐浴露,日化清洁,2,2026-01-10,5.73
102746,SKU60174,牛奶,食品饮料,2,2026-06-08,28.92
102746,SKU64488,面包,食品饮料,5,2026-06-08,73.28
102746,SKU42954,盐,粮油调味,3,2026-06-08,37.27
102747,SKU75949,生菜,生鲜蔬果,1,2026-02-07,48.8
102747,SKU80698,鸡肉,肉禽蛋品,2,2026-02-07,49.98
102747,SKU64034,纸巾,日化清洁,3,2026-02-07,15.16
102748,SKU90595,西红柿,生鲜蔬果,5,2026-07-07,70.8
102748,SKU94152,鸡蛋,肉禽蛋品,1,2026-07-07,79.75
102748,SKU25400,黄瓜,生鲜蔬果,3,2026-07-07,56.24
102748,SKU59935,土豆,生鲜蔬果,2,2026-07-07,8.86
102749,SKU35657,芝士碎,烘焙用品,3,2026-06-07,35.24
102749,SKU49515,羊肉卷,火锅食材,3,2026-06-07,9.43
102749,SKU77507,牛肉,肉禽蛋品,3,2026-06-07,15.99
102749,SKU52615,白糖,粮油调味,2,2026-06-07,19.37
102749,SKU77045,黄油,烘焙用品,2,2026-06-07,66.97
102750,SKU56568,苹果,生鲜蔬果,5,2026-06-24,68.36
102750,SKU82060,香蕉,生鲜蔬果,4,2026-06-24,38.12
102750,SKU38993,橙子,生鲜蔬果,2,2026-06-24,79.89
102750,SKU97690,料酒,粮油调味,3,2026-06-24,16.57
102750,SKU99570,面包,食品饮料,5,2026-06-24,41.21
102751,SKU93972,可乐,食品饮料,2,2026-07-10,74.58
102751,SKU15362,薯片,食品饮料,1,2026-07-10,27.91
102751,SKU70321,饼干,食品饮料,2,2026-07-10,26.73
102751,SKU69316,牛肉,肉禽蛋品,5,2026-07-10,18.74
102751,SKU62413,虾仁,肉禽蛋品,3,2026-07-10,4.12
102752,SKU23396,醋,粮油调味,5,2026-04-05,11.86
102752,SKU26432,饼干,食品饮料,1,2026-04-05,55.03
102753,SKU19717,淡奶油,烘焙用品,4,2026-07-20,74.81
102753,SKU63244,矿泉水,食品饮料,2,2026-07-20,73.16
102753,SKU47342,面粉,粮油调味,3,2026-07-20,55.68
102754,SKU77347,丸子,火锅食材,2,2026-04-13,32.75
102754,SKU10624,芝士碎,烘焙用品,4,2026-04-13,57.61
102754,SKU37017,蔬菜拼盘,火锅食材,1,2026-04-13,56.2
102754,SKU90615,巧克力,食品饮料,2,2026-04-13,13.21
102754,SKU82109,拖把,日化清洁,5,2026-04-13,59.72
102754,SKU69271,豆腐,火锅食材,2,2026-04-13,65.51
102755,SKU22323,丸子,火锅食材,5,2026-01-06,24.8
102755,SKU50395,排骨,肉禽蛋品,5,2026-01-06,30.09
102755,SKU26145,拖把,日化清洁,4,2026-01-06,30.31
102755,SKU37375,胡萝卜,生鲜蔬果,4,2026-01-06,59.9
102755,SKU52766,果汁,食品饮料,5,2026-01-06,24.8
102756,SKU62949,可乐,食品饮料,4,2026-03-13,46.61
102756,SKU21092,薯片,食品饮料,1,2026-03-13,26.63
102756,SKU59854,饼干,食品饮料,1,2026-03-13,46.55
102756,SKU58314,酱油,粮油调味,4,2026-03-13,8.38
102756,SKU34902,大米,粮油调味,5,2026-03-13,16.07
102756,SKU69217,毛肚,火锅食材,2,2026-03-13,59.34
102757,SKU17188,洗发水,日化清洁,5,2026-09-20,4.15
102757,SKU73260,沐浴露,日化清洁,2,2026-09-20,24.99
102757,SKU16457,牙膏,日化清洁,1,2026-09-20,9.03
102757,SKU13213,香蕉,生鲜蔬果,2,2026-09-20,39.09
102757,SKU79227,蛋挞皮,烘焙用品,2,2026-09-20,72.6
102758,SKU35821,鸡肉,肉禽蛋品,4,2026-06-21,14.74
102758,SKU41787,三文鱼,肉禽蛋品,1,2026-06-21,63.78
102758,SKU29673,带鱼,肉禽蛋品,3,2026-06-21,59.67
102758,SKU80902,苹果,生鲜蔬果,2,2026-06-21,20.27
102759,SKU41935,火锅底料,火锅食材,4,2026-06-03,73.79
102759,SKU69995,丸子,火锅食材,5,2026-06-03,66.43
102759,SKU82259,肥牛卷,火锅食材,5,2026-06-03,15.11
102759,SKU67358,羊肉卷,火锅食材,4,2026-06-03,33.03
102760,SKU60225,可乐,食品饮料,2,2026-09-27,13.03
102760,SKU49923,薯片,食品饮料,4,2026-09-27,28.34
102760,SKU76712,饼干,食品饮料,3,2026-09-27,55.85
102760,SKU45488,果汁,食品饮料,4,2026-09-27,29.09
102761,SKU98636,土豆,生鲜蔬果,1,2026-04-01,26.83
102761,SKU84190,消毒液,日化清洁,5,2026-04-01,51.97
102761,SKU87018,豆腐,火锅食材,5,2026-04-01,51.22
102762,SKU11323,食用油,粮油调味,1,2026-09-23,7.85
102762,SKU41144,鸭血,火锅食材,1,2026-09-23,42.86
102763,SKU92965,西红柿,生鲜蔬果,1,2026-04-19,56.96
102763,SKU42660,鸡蛋,肉禽蛋品,4,2026-04-19,48.5
102763,SKU54250,黄瓜,生鲜蔬果,2,2026-04-19,4.63
102763,SKU46643,鸭蛋,肉禽蛋品,1,2026-04-19,79.9
102764,SKU83197,牛奶,食品饮料,5,2026-06-02,15.79
102764,SKU78168,面粉,粮油调味,1,2026-06-02,13.94
102764,SKU95178,糖粉,烘焙用品,3,2026-06-02,78.19
102764,SKU24611,鸡肉,肉禽蛋品,3,2026-06-02,61.69
102765,SKU95823,料酒,粮油调味,1,2026-07-03,75.72
102765,SKU41526,淡奶油,烘焙用品,4,2026-07-03,20.91
102765,SKU74227,食用油,粮油调味,5,2026-07-03,10.99
102765,SKU51960,饼干,食品饮料,1,2026-07-03,78.38
102765,SKU48568,葡萄,生鲜蔬果,4,2026-07-03,57.82
102765,SKU72368,牙膏,日化清洁,1,2026-07-03,5.9
102766,SKU80000,大米,粮油调味,2,2026-07-06,30.73
102766,SKU20966,食用油,粮油调味,2,2026-07-06,43.53
102766,SKU74627,酱油,粮油调味,4,2026-07-06,21.04
102766,SKU25547,饼干,食品饮料,5,2026-07-06,8.64
102766,SKU46443,排骨,肉禽蛋品,4,2026-07-06,24.78
102766,SKU75592,洗洁精,日化清洁,4,2026-07-06,34.61
102767,SKU89159,面粉,粮油调味,1,2026-05-26,71.33
102767,SKU78342,葡萄,生鲜蔬果,1,2026-05-26,75.37
102767,SKU22903,鸡肉,肉禽蛋品,3,2026-05-26,55.76
102768,SKU27254,橙子,生鲜蔬果,3,2026-09-12,32.57
102768,SKU58588,鸡肉,肉禽蛋品,2,2026-09-12,61.97
102769,SKU80497,蛋糕粉,烘焙用品,3,2026-04-11,77.06
102769,SKU41762,鸭血,火锅食材,1,2026-04-11,68.38
102769,SKU20692,大米,粮油调味,3,2026-04-11,36.02
102769,SKU60141,蘸料,火锅食材,4,2026-04-11,41.13
102769,SKU69374,黄瓜,生鲜蔬果,4,2026-04-11,6.78
102769,SKU86416,鸡肉,肉禽蛋品,1,2026-04-11,33.57
102770,SKU79702,薯片,食品饮料,5,2026-03-15,18.3
102770,SKU97751,油纸,烘焙用品,2,2026-03-15,26.65
102770,SKU55624,鸭血,火锅食材,4,2026-03-15,60.53
102770,SKU43490,模具,烘焙用品,1,2026-03-15,3.97
102770,SKU10219,牛肉,肉禽蛋品,4,2026-03-15,20.91
102770,SKU77784,胡萝卜,生鲜蔬果,5,2026-03-15,5.36
102771,SKU22105,火锅底料,火锅食材,3,2026-03-04,51.44
102771,SKU12740,丸子,火锅食材,3,2026-03-04,59.82
102771,SKU50518,肥牛卷,火锅食材,3,2026-03-04,61.54
102771,SKU79799,矿泉水,食品饮料,4,2026-03-04,46.67
102771,SKU52945,鸭血,火锅食材,5,2026-03-04,25.84
102771,SKU49363,食用油,粮油调味,5,2026-03-04,34.78
102772,SKU46275,火锅底料,火锅食材,5,2026-01-25,20.41
102772,SKU43858,丸子,火锅食材,3,2026-01-25,3.56
102772,SKU21703,肥牛卷,火锅食材,1,2026-01-25,50.62
102772,SKU15738,香草精,烘焙用品,1,2026-01-25,18.25
102772,SKU60978,酵母,烘焙用品,2,2026-01-25,5.03
102772,SKU10544,豆腐,火锅食材,4,2026-01-25,8.43
102773,SKU14057,黄油,烘焙用品,2,2026-07-23,64.29
102773,SKU26577,饼干,食品饮料,5,2026-07-23,43.21
102773,SKU78584,淡奶油,烘焙用品,5,2026-07-23,26.83
102773,SKU80064,巧克力,食品饮料,1,2026-07-23,42.42
102773,SKU89215,蘸料,火锅食材,4,2026-07-23,47.21
102774,SKU50512,面包,食品饮料,4,2026-03-08,13.95
102774,SKU32430,葡萄,生鲜蔬果,4,2026-03-08,61.21
102774,SKU84803,洗洁精,日化清洁,1,2026-03-08,63.9
102774,SKU95213,肥皂,日化清洁,4,2026-03-08,68.72
102775,SKU45717,苹果,生鲜蔬果,1,2026-07-05,76.18
102775,SKU48606,香蕉,生鲜蔬果,5,2026-07-05,55.13
102775,SKU30653,橙子,生鲜蔬果,1,2026-07-05,39.73
102775,SKU91798,淡奶油,烘焙用品,2,2026-07-05,8.26
102776,SKU81505,蛋挞皮,烘焙用品,2,2026-01-03,10.69
102776,SKU85492,豆腐,火锅食材,3,2026-01-03,63.57
102776,SKU77318,消毒液,日化清洁,2,2026-01-03,67.86
102776,SKU95880,酸奶,食品饮料,3,2026-01-03,58.95
102776,SKU49940,糖粉,烘焙用品,1,2026-01-03,65.11
102777,SKU55411,模具,烘焙用品,3,2026-08-02,32.9
102777,SKU46472,牛肉,肉禽蛋品,4,2026-08-02,68.98
102777,SKU51356,大米,粮油调味,1,2026-08-02,55.41
102777,SKU69972,酵母,烘焙用品,4,2026-08-02,33.01
102778,SKU74769,猪肉,肉禽蛋品,2,2026-02-11,6.0
102778,SKU96132,排骨,肉禽蛋品,1,2026-02-11,11.05
102779,SKU34348,洗发水,日化清洁,4,2026-01-23,51.6
102779,SKU54442,沐浴露,日化清洁,4,2026-01-23,17.05
102779,SKU65185,牙膏,日化清洁,2,2026-01-23,29.58
102779,SKU41148,醋,粮油调味,1,2026-01-23,29.91
102779,SKU89613,肥皂,日化清洁,2,2026-01-23,29.74
102779,SKU80190,蛋挞皮,烘焙用品,5,2026-01-23,52.71
102780,SKU35058,毛肚,火锅食材,5,2026-01-27,60.01
102780,SKU36758,芝士碎,烘焙用品,1,2026-01-27,66.07
102781,SKU26236,苹果,生鲜蔬果,2,2026-05-05,13.07
102781,SKU41515,香蕉,生鲜蔬果,1,2026-05-05,7.97
102781,SKU81320,橙子,生鲜蔬果,2,2026-05-05,72.38
102781,SKU11258,羊肉卷,火锅食材,5,2026-05-05,66.63
102781,SKU10964,蔬菜拼盘,火锅食材,5,2026-05-05,4.05
102781,SKU65098,肥皂,日化清洁,1,2026-05-05,22.04
102782,SKU66708,苹果,生鲜蔬果,1,2026-06-18,70.42
102782,SKU29405,香蕉,生鲜蔬果,3,2026-06-18,59.66
102782,SKU74021,橙子,生鲜蔬果,3,2026-06-18,37.66
102782,SKU88352,土豆,生鲜蔬果,1,2026-06-18,54.79
102782,SKU90030,鸡蛋,肉禽蛋品,1,2026-06-18,50.02
102782,SKU70417,矿泉水,食品饮料,1,2026-06-18,14.01
102783,SKU65047,可乐,食品饮料,2,2026-01-09,62.16
102783,SKU80881,薯片,食品饮料,3,2026-01-09,43.86
102783,SKU63551,饼干,食品饮料,2,2026-01-09,32.29
102783,SKU64350,生菜,生鲜蔬果,5,2026-01-09,73.02
102783,SKU35408,鸭蛋,肉禽蛋品,1,2026-01-09,34.8
102783,SKU98050,粉丝,火锅食材,4,2026-01-09,76.43
102784,SKU45659,洗衣液,日化清洁,5,2026-08-03,10.64
102784,SKU70573,酱油,粮油调味,5,2026-08-03,51.7
102784,SKU21525,淡奶油,烘焙用品,5,2026-08-03,44.9
102784,SKU28121,矿泉水,食品饮料,3,2026-08-03,10.41
102784,SKU31476,拖把,日化清洁,3,2026-08-03,28.25
102785,SKU71928,垃圾袋,日化清洁,5,2026-08-25,64.96
102785,SKU15366,苹果,生鲜蔬果,3,2026-08-25,74.77
102786,SKU60522,西红柿,生鲜蔬果,5,2026-06-14,53.76
102786,SKU87558,鸡蛋,肉禽蛋品,4,2026-06-14,42.78
102786,SKU23293,黄瓜,生鲜蔬果,3,2026-06-14,69.52
102786,SKU24797,猪肉,肉禽蛋品,2,2026-06-14,71.31
102786,SKU70463,蔬菜拼盘,火锅食材,5,2026-06-14,18.47
102786,SKU46487,蘸料,火锅食材,1,2026-06-14,36.74
102787,SKU96022,鸡肉,肉禽蛋品,3,2026-02-10,67.4
102787,SKU37760,牛奶,食品饮料,5,2026-02-10,69.1
102788,SKU72227,火锅底料,火锅食材,4,2026-09-24,16.62
102788,SKU35692,丸子,火锅食材,5,2026-09-24,36.68
102788,SKU34243,肥牛卷,火锅食材,3,2026-09-24,67.73
102788,SKU31306,土豆,生鲜蔬果,2,2026-09-24,34.61
102788,SKU40487,果汁,食品饮料,4,2026-09-24,73.51
102789,SKU50617,牛奶,食品饮料,3,2026-01-17,62.8
102789,SKU47134,巧克力,食品饮料,4,2026-01-17,53.46
102790,SKU64865,火锅底料,火锅食材,5,2026-04-25,32.8
102790,SKU97201,丸子,火锅食材,1,2026-04-25,40.51
102790,SKU71899,肥牛卷,火锅食材,2,2026-04-25,7.41
102790,SKU85090,香蕉,生鲜蔬果,5,2026-04-25,74.76
102790,SKU84859,洗洁精,日化清洁,5,2026-04-25,8.85
102790,SKU92992,果汁,食品饮料,5,2026-04-25,52.36
102791,SKU85270,蛋糕粉,烘焙用品,4,2026-09-28,4.48
102791,SKU15194,香草精,烘焙用品,3,2026-09-28,12.09
102791,SKU56018,酵母,烘焙用品,2,2026-09-28,58.04
102791,SKU31363,生菜,生鲜蔬果,4,2026-09-28,59.14
102792,SKU55409,生菜,生鲜蔬果,2,2026-06-16,43.55
102792,SKU87376,葡萄,生鲜蔬果,4,2026-06-16,61.37
102792,SKU13141,苹果,生鲜蔬果,3,2026-06-16,31.77
102793,SKU60100,西红柿,生鲜蔬果,4,2026-01-25,68.56
102793,SKU59069,鸡蛋,肉禽蛋品,2,2026-01-25,6.18
102793,SKU75126,黄瓜,生鲜蔬果,4,2026-01-25,71.99
102793,SKU34560,沐浴露,日化清洁,3,2026-01-25,36.4
102794,SKU13832,大米,粮油调味,3,2026-01-06,17.93
102794,SKU94157,食用油,粮油调味,1,2026-01-06,60.31
102794,SKU13784,酱油,粮油调味,4,2026-01-06,57.58
102794,SKU98050,料酒,粮油调味,4,2026-01-06,17.22
102794,SKU46599,土豆,生鲜蔬果,2,2026-01-06,14.75
102795,SKU65108,蛋糕粉,烘焙用品,4,2026-09-20,73.58
102795,SKU45517,黄油,烘焙用品,4,2026-09-20,39.64
102795,SKU81472,淡奶油,烘焙用品,4,2026-09-20,32.87
102795,SKU34410,鸡蛋,肉禽蛋品,3,2026-09-20,18.75
102795,SKU48474,油纸,烘焙用品,3,2026-09-20,11.99
102796,SKU93043,洗发水,日化清洁,4,2026-09-10,30.64
102796,SKU55156,沐浴露,日化清洁,3,2026-09-10,36.67
102796,SKU67539,牙膏,日化清洁,5,2026-09-10,29.08
102796,SKU49229,鸭血,火锅食材,5,2026-09-10,31.62
102796,SKU86253,苹果,生鲜蔬果,3,2026-09-10,9.76
102796,SKU68778,肥牛卷,火锅食材,2,2026-09-10,24.33
102797,SKU97428,蛋糕粉,烘焙用品,3,2026-04-09,14.12
102797,SKU37236,黄油,烘焙用品,5,2026-04-09,40.77
102797,SKU82190,淡奶油,烘焙用品,3,2026-04-09,11.31
102797,SKU61551,鸡蛋,肉禽蛋品,4,2026-04-09,40.0
102797,SKU92190,垃圾袋,日化清洁,2,2026-04-09,22.99
102797,SKU83372,牛肉,肉禽蛋品,1,2026-04-09,24.08
102798,SKU12388,糖粉,烘焙用品,1,2026-08-22,76.46
102798,SKU80370,淡奶油,烘焙用品,2,2026-08-22,8.18
102798,SKU33469,盐,粮油调味,4,2026-08-22,68.65
102798,SKU84517,香草精,烘焙用品,4,2026-08-22,40.46
102799,SKU13985,毛肚,火锅食材,1,2026-07-02,28.45
102799,SKU48801,粉丝,火锅食材,3,2026-07-02,39.24
102799,SKU19132,消毒液,日化清洁,4,2026-07-02,16.51
102799,SKU63341,糖粉,烘焙用品,4,2026-07-02,19.11
102799,SKU63043,可乐,食品饮料,3,2026-07-02,10.13
102799,SKU55369,食用油,粮油调味,3,2026-07-02,62.44
102800,SKU90708,西红柿,生鲜蔬果,5,2026-04-03,12.65
102800,SKU73476,鸡蛋,肉禽蛋品,5,2026-04-03,52.41
102800,SKU66383,黄瓜,生鲜蔬果,5,2026-04-03,6.61
102800,SKU24161,辣椒酱,粮油调味,5,2026-04-03,35.9
102801,SKU55866,鸡蛋,肉禽蛋品,1,2026-05-14,64.59
102801,SKU64366,羊肉卷,火锅食材,5,2026-05-14,21.24
102802,SKU27527,大米,粮油调味,4,2026-08-02,26.73
102802,SKU59028,食用油,粮油调味,3,2026-08-02,79.61
102802,SKU96257,酱油,粮油调味,3,2026-08-02,14.87
102802,SKU73742,面粉,粮油调味,5,2026-08-02,30.82
102803,SKU10745,洗衣液,日化清洁,5,2026-09-15,21.36
102803,SKU70702,鸭蛋,肉禽蛋品,2,2026-09-15,15.25
102803,SKU95525,消毒液,日化清洁,1,2026-09-15,9.36
102804,SKU14177,蛋糕粉,烘焙用品,5,2026-02-17,42.95
102804,SKU99885,黄油,烘焙用品,5,2026-02-17,22.56
102804,SKU53629,淡奶油,烘焙用品,3,2026-02-17,65.8
102804,SKU73686,鸡蛋,肉禽蛋品,3,2026-02-17,37.39
102804,SKU94566,薯片,食品饮料,2,2026-02-17,25.34
102805,SKU93175,生菜,生鲜蔬果,1,2026-04-05,45.33
102805,SKU86041,醋,粮油调味,2,2026-04-05,35.02
102805,SKU42632,鸡翅,肉禽蛋品,3,2026-04-05,51.02
102806,SKU75175,豆腐,火锅食材,4,2026-06-19,49.23
102806,SKU69396,饼干,食品饮料,2,2026-06-19,13.64
102807,SKU34845,大米,粮油调味,1,2026-06-17,72.35
102807,SKU28826,食用油,粮油调味,4,2026-06-17,7.11
102807,SKU61429,酱油,粮油调味,3,2026-06-17,73.44
102807,SKU55572,虾仁,肉禽蛋品,5,2026-06-17,43.44
102807,SKU90541,火锅底料,火锅食材,5,2026-06-17,44.72
102808,SKU17163,可乐,食品饮料,4,2026-01-20,43.38
102808,SKU65795,薯片,食品饮料,4,2026-01-20,14.32
102808,SKU53463,饼干,食品饮料,3,2026-01-20,34.22
102808,SKU84212,矿泉水,食品饮料,5,2026-01-20,71.97
102809,SKU79458,西红柿,生鲜蔬果,2,2026-09-16,9.32
102809,SKU15620,鸡蛋,肉禽蛋品,3,2026-09-16,64.35
102809,SKU70100,黄瓜,生鲜蔬果,5,2026-09-16,75.91
102809,SKU99846,矿泉水,食品饮料,3,2026-09-16,48.12
102809,SKU87187,拖把,日化清洁,5,2026-09-16,66.7
102810,SKU22628,三文鱼,肉禽蛋品,1,2026-09-03,29.28
102810,SKU76559,苹果,生鲜蔬果,2,2026-09-03,52.7
102810,SKU60237,酱油,粮油调味,3,2026-09-03,9.03
102811,SKU40137,西红柿,生鲜蔬果,3,2026-09-09,15.72
102811,SKU80441,鸡蛋,肉禽蛋品,4,2026-09-09,3.6
102811,SKU58731,黄瓜,生鲜蔬果,4,2026-09-09,41.36
102811,SKU16060,拖把,日化清洁,1,2026-09-09,50.32
102812,SKU70855,可乐,食品饮料,2,2026-04-06,25.09
102812,SKU41435,薯片,食品饮料,5,2026-04-06,60.52
102812,SKU43631,饼干,食品饮料,2,2026-04-06,35.81
102812,SKU45673,火锅底料,火锅食材,5,2026-04-06,26.84
102813,SKU56397,三文鱼,肉禽蛋品,5,2026-04-03,74.74
102813,SKU66972,料酒,粮油调味,3,2026-04-03,21.69
102813,SKU56599,辣椒酱,粮油调味,4,2026-04-03,21.18
102814,SKU90316,蛋挞皮,烘焙用品,3,2026-09-11,49.39
102814,SKU28166,薯片,食品饮料,4,2026-09-11,45.01
102815,SKU75774,蛋糕粉,烘焙用品,3,2026-05-07,75.54
102815,SKU90838,黄油,烘焙用品,5,2026-05-07,43.02
102815,SKU12747,淡奶油,烘焙用品,2,2026-05-07,56.08
102815,SKU45027,鸡蛋,肉禽蛋品,4,2026-05-07,44.85
102815,SKU53233,猪肉,肉禽蛋品,1,2026-05-07,12.83
102815,SKU64075,带鱼,肉禽蛋品,4,2026-05-07,4.6
102815,SKU69934,纸巾,日化清洁,4,2026-05-07,72.53
102816,SKU71459,矿泉水,食品饮料,3,2026-08-27,59.68
102816,SKU67423,面包,食品饮料,3,2026-08-27,53.36
102816,SKU24440,洗发水,日化清洁,1,2026-08-27,10.94
102817,SKU60751,豆腐,火锅食材,2,2026-06-26,25.98
102817,SKU66263,肥牛卷,火锅食材,3,2026-06-26,27.43
102817,SKU46668,白糖,粮油调味,2,2026-06-26,47.04
102817,SKU58651,鸭蛋,肉禽蛋品,4,2026-06-26,43.68
102817,SKU23047,香蕉,生鲜蔬果,5,2026-06-26,19.46
102818,SKU99294,沐浴露,日化清洁,2,2026-01-26,32.11
102818,SKU72068,毛肚,火锅食材,2,2026-01-26,56.52
102818,SKU34551,火锅底料,火锅食材,3,2026-01-26,5.65
102819,SKU32674,蛋糕粉,烘焙用品,1,2026-08-21,60.43
102819,SKU67522,黄油,烘焙用品,2,2026-08-21,45.33
102819,SKU77671,淡奶油,烘焙用品,2,2026-08-21,74.56
102819,SKU42691,鸡蛋,肉禽蛋品,5,2026-08-21,5.39
102819,SKU93558,巧克力,食品饮料,4,2026-08-21,78.14
102819,SKU74701,酱油,粮油调味,3,2026-08-21,46.82
102820,SKU41415,西红柿,生鲜蔬果,2,2026-01-13,60.37
102820,SKU34760,鸭蛋,肉禽蛋品,3,2026-01-13,34.88
102820,SKU13489,黄油,烘焙用品,5,2026-01-13,28.66
102820,SKU20132,饼干,食品饮料,2,2026-01-13,8.63
102821,SKU33433,西红柿,生鲜蔬果,5,2026-02-17,70.15
102821,SKU57047,香蕉,生鲜蔬果,2,2026-02-17,79.09
102822,SKU60263,蔬菜拼盘,火锅食材,5,2026-04-05,58.32
102822,SKU79250,牛奶,食品饮料,1,2026-04-05,43.74
102823,SKU47487,香草精,烘焙用品,1,2026-01-10,69.57
102823,SKU33770,鸭蛋,肉禽蛋品,4,2026-01-10,69.48
102824,SKU61402,鸡肉,肉禽蛋品,5,2026-05-26,6.39
102824,SKU62807,排骨,肉禽蛋品,4,2026-05-26,27.96
102824,SKU75884,肥牛卷,火锅食材,5,2026-05-26,43.88
102824,SKU66309,醋,粮油调味,3,2026-05-26,38.58
102825,SKU55663,排骨,肉禽蛋品,2,2026-01-06,66.84
102825,SKU50025,蛋挞皮,烘焙用品,1,2026-01-06,14.84
102825,SKU36115,土豆,生鲜蔬果,3,2026-01-06,4.2
102826,SKU96643,沐浴露,日化清洁,3,2026-03-24,73.45
102826,SKU43706,带鱼,肉禽蛋品,4,2026-03-24,49.85
102827,SKU25742,蘸料,火锅食材,3,2026-06-14,34.7
102827,SKU76194,酵母,烘焙用品,3,2026-06-14,15.77
102827,SKU10661,消毒液,日化清洁,3,2026-06-14,3.64
102827,SKU24383,油纸,烘焙用品,1,2026-06-14,67.44
102827,SKU68143,蛋糕粉,烘焙用品,2,2026-06-14,61.52
102828,SKU33369,肥牛卷,火锅食材,2,2026-05-07,42.09
102828,SKU29302,鸡肉,肉禽蛋品,2,2026-05-07,76.83
102828,SKU96903,土豆,生鲜蔬果,3,2026-05-07,68.23
102828,SKU39255,火锅底料,火锅食材,5,2026-05-07,56.11
102829,SKU25152,虾仁,肉禽蛋品,3,2026-08-14,28.37
102829,SKU71697,白糖,粮油调味,3,2026-08-14,24.25
102829,SKU70531,牛奶,食品饮料,4,2026-08-14,34.17
102830,SKU26066,猪肉,肉禽蛋品,3,2026-09-14,49.08
102830,SKU31322,香蕉,生鲜蔬果,5,2026-09-14,72.09
102830,SKU41291,橙子,生鲜蔬果,3,2026-09-14,41.47
102830,SKU37015,苹果,生鲜蔬果,5,2026-09-14,19.57
102830,SKU85746,土豆,生鲜蔬果,3,2026-09-14,42.13
102831,SKU55566,可乐,食品饮料,3,2026-02-10,77.7
102831,SKU16270,薯片,食品饮料,3,2026-02-10,55.06
102831,SKU58567,饼干,食品饮料,1,2026-02-10,41.76
102831,SKU70414,拖把,日化清洁,4,2026-02-10,62.47
102831,SKU37785,蚝油,粮油调味,3,2026-02-10,10.59
102831,SKU39277,牛肉,肉禽蛋品,1,2026-02-10,42.19
102832,SKU51901,橙子,生鲜蔬果,5,2026-09-05,74.83
102832,SKU35957,蘸料,火锅食材,1,2026-09-05,11.12
102832,SKU76394,薯片,食品饮料,5,2026-09-05,9.75
102832,SKU98646,面包,食品饮料,3,2026-09-05,58.05
102832,SKU81979,拖把,日化清洁,3,2026-09-05,68.65
102833,SKU71595,黄油,烘焙用品,4,2026-05-06,6.54
102833,SKU73852,薯片,食品饮料,4,2026-05-06,22.22
102833,SKU65343,洗洁精,日化清洁,1,2026-05-06,8.14
102834,SKU20356,果汁,食品饮料,4,2026-06-07,47.48
102834,SKU60864,肥牛卷,火锅食材,1,2026-06-07,44.12
102834,SKU72979,猪肉,肉禽蛋品,2,2026-06-07,52.84
102834,SKU88363,酱油,粮油调味,4,2026-06-07,27.14
102835,SKU57109,鸭蛋,肉禽蛋品,1,2026-01-14,50.03
102835,SKU23150,毛肚,火锅食材,4,2026-01-14,34.03
102835,SKU82892,芝士碎,烘焙用品,1,2026-01-14,66.13
102835,SKU26995,拖把,日化清洁,2,2026-01-14,45.4
102836,SKU83674,排骨,肉禽蛋品,3,2026-02-23,19.89
102836,SKU74624,胡萝卜,生鲜蔬果,2,2026-02-23,4.72
102836,SKU35978,土豆,生鲜蔬果,3,2026-02-23,20.19
102836,SKU44321,毛肚,火锅食材,4,2026-02-23,18.26
102836,SKU27647,芝士碎,烘焙用品,5,2026-02-23,69.59
102837,SKU38566,鸡肉,肉禽蛋品,4,2026-09-21,45.0
102837,SKU96452,粉丝,火锅食材,3,2026-09-21,72.41
102837,SKU60075,黄油,烘焙用品,3,2026-09-21,64.49
102837,SKU32227,排骨,肉禽蛋品,3,2026-09-21,54.4
102837,SKU84421,火锅底料,火锅食材,2,2026-09-21,5.21
102837,SKU54345,洗衣液,日化清洁,5,2026-09-21,54.16
102838,SKU97014,黄瓜,生鲜蔬果,3,2026-06-17,44.17
102838,SKU58265,盐,粮油调味,5,2026-06-17,62.84
102839,SKU55611,面包,食品饮料,1,2026-07-21,42.04
102839,SKU83075,果汁,食品饮料,2,2026-07-21,25.35
102839,SKU21199,鸡肉,肉禽蛋品,5,2026-07-21,21.48
102840,SKU75103,香草精,烘焙用品,2,2026-03-15,25.22
102840,SKU92091,糖粉,烘焙用品,5,2026-03-15,67.32
102840,SKU75790,毛肚,火锅食材,2,2026-03-15,13.6
102841,SKU25624,排骨,肉禽蛋品,4,2026-02-18,54.24
102841,SKU15696,胡萝卜,生鲜蔬果,1,2026-02-18,20.39
102841,SKU74413,土豆,生鲜蔬果,2,2026-02-18,7.1
102841,SKU75287,肥牛卷,火锅食材,2,2026-02-18,36.63
102842,SKU10755,鸡蛋,肉禽蛋品,3,2026-05-11,52.19
102842,SKU13705,火锅底料,火锅食材,1,2026-05-11,64.01
102842,SKU21826,生菜,生鲜蔬果,1,2026-05-11,70.49
102842,SKU93648,毛肚,火锅食材,2,2026-05-11,21.39
102843,SKU42405,洗发水,日化清洁,1,2026-03-24,10.21
102843,SKU56560,沐浴露,日化清洁,5,2026-03-24,15.45
102843,SKU20225,牙膏,日化清洁,5,2026-03-24,69.56
102843,SKU74490,土豆,生鲜蔬果,5,2026-03-24,14.55
102843,SKU42742,面包,食品饮料,2,2026-03-24,23.53
102843,SKU47879,黄瓜,生鲜蔬果,4,2026-03-24,57.72
102844,SKU35698,西红柿,生鲜蔬果,5,2026-06-13,60.32
102844,SKU53030,鸡蛋,肉禽蛋品,2,2026-06-13,73.23
102844,SKU50575,黄瓜,生鲜蔬果,5,2026-06-13,61.53
102844,SKU92514,鸡肉,肉禽蛋品,4,2026-06-13,71.07
102844,SKU77547,肥皂,日化清洁,5,2026-06-13,11.03
102845,SKU39200,酱油,粮油调味,5,2026-08-24,63.7
102845,SKU59266,黄瓜,生鲜蔬果,5,2026-08-24,71.38
102846,SKU63926,排骨,肉禽蛋品,2,2026-06-14,32.03
102846,SKU60467,胡萝卜,生鲜蔬果,5,2026-06-14,47.68
102846,SKU30686,土豆,生鲜蔬果,5,2026-06-14,67.98
102846,SKU98349,消毒液,日化清洁,4,2026-06-14,69.94
102846,SKU75845,蔬菜拼盘,火锅食材,1,2026-06-14,54.98
102847,SKU68971,模具,烘焙用品,3,2026-07-23,67.67
102847,SKU51910,果汁,食品饮料,4,2026-07-23,54.1
102847,SKU70814,蘸料,火锅食材,5,2026-07-23,72.96
102847,SKU38041,蛋挞皮,烘焙用品,4,2026-07-23,36.39
102848,SKU95938,排骨,肉禽蛋品,5,2026-09-01,13.25
102848,SKU40802,胡萝卜,生鲜蔬果,2,2026-09-01,63.09
102848,SKU46575,土豆,生鲜蔬果,2,2026-09-01,46.58
102848,SKU22233,苹果,生鲜蔬果,4,2026-09-01,62.47
102848,SKU83713,淡奶油,烘焙用品,2,2026-09-01,36.42
102849,SKU10395,橙子,生鲜蔬果,3,2026-09-13,67.69
102849,SKU70281,香草精,烘焙用品,3,2026-09-13,14.97
102849,SKU42577,酸奶,食品饮料,2,2026-09-13,13.42
102849,SKU53551,蔬菜拼盘,火锅食材,2,2026-09-13,3.23
102849,SKU99186,肥皂,日化清洁,5,2026-09-13,64.46
102850,SKU55418,洗发水,日化清洁,5,2026-09-19,53.55
102850,SKU75526,沐浴露,日化清洁,3,2026-09-19,62.85
102850,SKU38572,牙膏,日化清洁,4,2026-09-19,50.62
102850,SKU80448,黄瓜,生鲜蔬果,1,2026-09-19,42.43
102850,SKU99611,面粉,粮油调味,2,2026-09-19,41.36
102850,SKU86298,大米,粮油调味,1,2026-09-19,36.78
102851,SKU50181,黄瓜,生鲜蔬果,3,2026-02-27,20.31
102851,SKU83788,酵母,烘焙用品,3,2026-02-27,51.1
102851,SKU69523,鸡翅,肉禽蛋品,4,2026-02-27,26.89
102851,SKU47390,醋,粮油调味,1,2026-02-27,52.14
102851,SKU73961,猪肉,肉禽蛋品,5,2026-02-27,60.18
102851,SKU67651,沐浴露,日化清洁,1,2026-02-27,11.61
102852,SKU16162,消毒液,日化清洁,4,2026-03-10,31.77
102852,SKU64729,牛奶,食品饮料,5,2026-03-10,22.3
102852,SKU61353,面包,食品饮料,2,2026-03-10,51.6
102852,SKU11420,盐,粮油调味,4,2026-03-10,16.74
102853,SKU23243,洗发水,日化清洁,2,2026-09-20,13.99
102853,SKU62184,沐浴露,日化清洁,3,2026-09-20,70.34
102853,SKU18260,牙膏,日化清洁,4,2026-09-20,37.56
102853,SKU70960,羊肉卷,火锅食材,5,2026-09-20,8.9
102853,SKU10951,葡萄,生鲜蔬果,1,2026-09-20,38.79
102853,SKU89969,猪肉,肉禽蛋品,3,2026-09-20,63.52
102854,SKU82778,猪肉,肉禽蛋品,1,2026-03-23,21.66
102854,SKU14240,粉丝,火锅食材,5,2026-03-23,52.88
102854,SKU50952,土豆,生鲜蔬果,3,2026-03-23,5.69
102854,SKU93098,带鱼,肉禽蛋品,4,2026-03-23,11.39
102854,SKU48713,食用油,粮油调味,1,2026-03-23,39.47
102855,SKU21257,牛肉,肉禽蛋品,3,2026-02-16,26.1
102855,SKU37058,薯片,食品饮料,2,2026-02-16,76.79
102855,SKU19829,淡奶油,烘焙用品,3,2026-02-16,31.04
102855,SKU49543,沐浴露,日化清洁,4,2026-02-16,64.12
102856,SKU50334,醋,粮油调味,5,2026-02-12,34.73
102856,SKU12500,白菜,生鲜蔬果,5,2026-02-12,33.77
102856,SKU48608,盐,粮油调味,1,2026-02-12,37.38
102856,SKU33508,消毒液,日化清洁,3,2026-02-12,19.08
102856,SKU10188,辣椒酱,粮油调味,3,2026-02-12,68.24
102857,SKU61489,大米,粮油调味,3,2026-02-19,38.5
102857,SKU91961,食用油,粮油调味,4,2026-02-19,50.23
102857,SKU91928,酱油,粮油调味,4,2026-02-19,40.38
102857,SKU37258,蛋糕粉,烘焙用品,1,2026-02-19,66.31
102858,SKU66780,大米,粮油调味,3,2026-05-03,45.16
102858,SKU18497,食用油,粮油调味,3,2026-05-03,62.36
102858,SKU13212,酱油,粮油调味,3,2026-05-03,19.64
102858,SKU44797,薯片,食品饮料,5,2026-05-03,4.33
102859,SKU59626,粉丝,火锅食材,1,2026-04-12,75.96
102859,SKU88780,薯片,食品饮料,2,2026-04-12,49.09
102860,SKU49220,鸡肉,肉禽蛋品,1,2026-05-21,6.79
102860,SKU23593,白糖,粮油调味,5,2026-05-21,53.47
102860,SKU46735,虾仁,肉禽蛋品,2,2026-05-21,36.05
102860,SKU44770,模具,烘焙用品,2,2026-05-21,77.38
102861,SKU89387,苹果,生鲜蔬果,3,2026-08-23,6.75
102861,SKU37691,香蕉,生鲜蔬果,1,2026-08-23,79.52
102861,SKU29844,橙子,生鲜蔬果,2,2026-08-23,46.62
102861,SKU61253,鸡肉,肉禽蛋品,2,2026-08-23,66.0
102861,SKU38839,大米,粮油调味,2,2026-08-23,27.47
102861,SKU66163,土豆,生鲜蔬果,2,2026-08-23,70.08
102862,SKU24174,鸭蛋,肉禽蛋品,3,2026-06-16,78.35
102862,SKU37775,面粉,粮油调味,2,2026-06-16,42.34
102863,SKU95936,蘸料,火锅食材,2,2026-01-01,73.18
102863,SKU57717,鸭蛋,肉禽蛋品,5,2026-01-01,16.09
102863,SKU84779,鸭血,火锅食材,1,2026-01-01,34.91
102864,SKU21191,芝士碎,烘焙用品,4,2026-02-16,50.75
102864,SKU90339,黄瓜,生鲜蔬果,1,2026-02-16,39.37
102865,SKU58934,大米,粮油调味,3,2026-03-08,18.88
102865,SKU31963,食用油,粮油调味,2,2026-03-08,30.12
102865,SKU27994,酱油,粮油调味,5,2026-03-08,69.09
102865,SKU93057,排骨,肉禽蛋品,3,2026-03-08,78.58
102865,SKU13675,酸奶,食品饮料,1,2026-03-08,62.4
102865,SKU44925,白糖,粮油调味,5,2026-03-08,22.53
102866,SKU81748,面粉,粮油调味,3,2026-08-22,24.98
102866,SKU22682,蘸料,火锅食材,2,2026-08-22,65.58
102866,SKU27061,食用油,粮油调味,4,2026-08-22,17.98
102866,SKU37778,胡萝卜,生鲜蔬果,5,2026-08-22,40.59
102866,SKU94222,鸡翅,肉禽蛋品,5,2026-08-22,36.21
102867,SKU66727,辣椒酱,粮油调味,2,2026-05-21,22.42
102867,SKU82903,虾仁,肉禽蛋品,2,2026-05-21,37.88
102867,SKU20301,大米,粮油调味,2,2026-05-21,33.24
102867,SKU23635,料酒,粮油调味,2,2026-05-21,29.21
102867,SKU27874,三文鱼,肉禽蛋品,3,2026-05-21,29.36
102868,SKU21832,薯片,食品饮料,4,2026-09-25,24.79
102868,SKU38158,丸子,火锅食材,4,2026-09-25,35.67
102868,SKU10458,沐浴露,日化清洁,3,2026-09-25,23.7
102868,SKU49262,西红柿,生鲜蔬果,3,2026-09-25,38.28
102868,SKU52171,蔬菜拼盘,火锅食材,1,2026-09-25,32.78
102868,SKU38433,方便面,食品饮料,2,2026-09-25,61.19
102869,SKU46406,蛋糕粉,烘焙用品,5,2026-03-19,61.12
102869,SKU86969,黄油,烘焙用品,3,2026-03-19,12.14
102869,SKU10676,淡奶油,烘焙用品,3,2026-03-19,27.58
102869,SKU89124,鸡蛋,肉禽蛋品,5,2026-03-19,53.21
102869,SKU44581,矿泉水,食品饮料,4,2026-03-19,40.18
102869,SKU81269,饼干,食品饮料,4,2026-03-19,13.49
102870,SKU10069,排骨,肉禽蛋品,4,2026-02-24,16.7
102870,SKU32713,胡萝卜,生鲜蔬果,1,2026-02-24,57.36
102870,SKU35583,土豆,生鲜蔬果,2,2026-02-24,5.02
102870,SKU26372,蛋挞皮,烘焙用品,4,2026-02-24,37.15
102871,SKU32530,火锅底料,火锅食材,4,2026-05-20,12.02
102871,SKU99764,面粉,粮油调味,5,2026-05-20,70.11
102871,SKU65702,可乐,食品饮料,2,2026-05-20,3.45
102871,SKU16728,粉丝,火锅食材,5,2026-05-20,13.28
102871,SKU76678,面包,食品饮料,5,2026-05-20,68.86
102871,SKU72119,鸡翅,肉禽蛋品,2,2026-05-20,4.64
102872,SKU56716,洗发水,日化清洁,5,2026-09-28,66.69
102872,SKU10512,沐浴露,日化清洁,2,2026-09-28,51.21
102872,SKU28900,牙膏,日化清洁,5,2026-09-28,24.08
102872,SKU98963,酱油,粮油调味,2,2026-09-28,51.91
102872,SKU20747,面粉,粮油调味,3,2026-09-28,40.82
102872,SKU30554,苹果,生鲜蔬果,2,2026-09-28,6.82
102873,SKU98154,黄瓜,生鲜蔬果,1,2026-08-28,4.75
102873,SKU88339,面粉,粮油调味,2,2026-08-28,16.04
102873,SKU27850,洗衣液,日化清洁,5,2026-08-28,74.19
102874,SKU14449,鸭血,火锅食材,2,2026-06-27,36.2
102874,SKU32378,豆腐,火锅食材,2,2026-06-27,16.72
102874,SKU10582,酸奶,食品饮料,3,2026-06-27,6.79
102874,SKU14208,牙膏,日化清洁,4,2026-06-27,39.47
102874,SKU80012,面包,食品饮料,1,2026-06-27,20.94
102874,SKU55502,料酒,粮油调味,1,2026-06-27,40.79
102875,SKU83667,果汁,食品饮料,5,2026-01-13,42.28
102875,SKU85484,消毒液,日化清洁,5,2026-01-13,31.43
102875,SKU16551,黄瓜,生鲜蔬果,2,2026-01-13,76.57
102876,SKU76876,大米,粮油调味,2,2026-09-11,52.75
102876,SKU15955,食用油,粮油调味,4,2026-09-11,73.56
102876,SKU86464,酱油,粮油调味,1,2026-09-11,77.21
102877,SKU86376,西红柿,生鲜蔬果,4,2026-08-23,11.47
102877,SKU48757,鸡蛋,肉禽蛋品,1,2026-08-23,21.07
102877,SKU42519,黄瓜,生鲜蔬果,5,2026-08-23,58.49
102878,SKU36707,土豆,生鲜蔬果,3,2026-08-05,43.13
102878,SKU27735,鸡蛋,肉禽蛋品,3,2026-08-05,61.53
102878,SKU67879,虾仁,肉禽蛋品,5,2026-08-05,74.71
102878,SKU65887,洗衣液,日化清洁,5,2026-08-05,73.92
102878,SKU50925,蛋挞皮,烘焙用品,4,2026-08-05,8.73
102878,SKU84315,毛肚,火锅食材,2,2026-08-05,65.33
102879,SKU21573,洗洁精,日化清洁,1,2026-06-22,6.42
102879,SKU94437,肥牛卷,火锅食材,5,2026-06-22,65.54
102879,SKU34727,猪肉,肉禽蛋品,1,2026-06-22,20.88
102879,SKU39199,矿泉水,食品饮料,2,2026-06-22,33.92
102879,SKU24995,糖粉,烘焙用品,3,2026-06-22,51.05
102879,SKU44826,羊肉卷,火锅食材,4,2026-06-22,16.82
102880,SKU81210,肥皂,日化清洁,5,2026-01-11,77.1
102880,SKU24446,洗洁精,日化清洁,4,2026-01-11,35.38
102881,SKU49832,排骨,肉禽蛋品,1,2026-05-22,7.95
102881,SKU25189,胡萝卜,生鲜蔬果,2,2026-05-22,69.09
102881,SKU78410,土豆,生鲜蔬果,1,2026-05-22,67.99
102881,SKU54302,消毒液,日化清洁,5,2026-05-22,50.79
102882,SKU54014,虾仁,肉禽蛋品,3,2026-05-20,54.7
102882,SKU40510,拖把,日化清洁,1,2026-05-20,39.64
102883,SKU69054,西红柿,生鲜蔬果,1,2026-07-21,19.79
102883,SKU10080,鸡蛋,肉禽蛋品,3,2026-07-21,4.79
102883,SKU17614,黄瓜,生鲜蔬果,1,2026-07-21,46.65
102883,SKU10629,排骨,肉禽蛋品,1,2026-07-21,66.58
102883,SKU31577,薯片,食品饮料,4,2026-07-21,22.1
102883,SKU45570,蚝油,粮油调味,2,2026-07-21,24.08
102884,SKU75679,西红柿,生鲜蔬果,5,2026-04-06,51.15
102884,SKU73847,鸡蛋,肉禽蛋品,1,2026-04-06,52.41
102884,SKU53298,黄瓜,生鲜蔬果,5,2026-04-06,53.35
102884,SKU68999,洗衣液,日化清洁,3,2026-04-06,8.01
102884,SKU47355,猪肉,肉禽蛋品,5,2026-04-06,11.68
102884,SKU83144,鸭血,火锅食材,2,2026-04-06,33.85
102885,SKU47175,垃圾袋,日化清洁,1,2026-01-21,78.05
102885,SKU78748,面包,食品饮料,5,2026-01-21,24.01
102885,SKU19105,蘸料,火锅食材,1,2026-01-21,49.84
102885,SKU64578,白糖,粮油调味,1,2026-01-21,76.61
102886,SKU34991,蘸料,火锅食材,2,2026-06-13,74.95
102886,SKU87214,料酒,粮油调味,1,2026-06-13,33.61
102887,SKU83914,土豆,生鲜蔬果,3,2026-03-13,3.22
102887,SKU95915,牛奶,食品饮料,5,2026-03-13,46.65
102887,SKU77619,橙子,生鲜蔬果,4,2026-03-13,24.41
102887,SKU68643,香草精,烘焙用品,1,2026-03-13,7.63
102888,SKU13339,消毒液,日化清洁,5,2026-02-02,15.49
102888,SKU38198,肥皂,日化清洁,5,2026-02-02,32.45
102888,SKU45590,鸡肉,肉禽蛋品,4,2026-02-02,25.28
102888,SKU79859,土豆,生鲜蔬果,3,2026-02-02,56.17
102888,SKU21153,洗洁精,日化清洁,2,2026-02-02,48.73
102889,SKU29368,拖把,日化清洁,5,2026-09-12,11.16
102889,SKU77366,牙膏,日化清洁,4,2026-09-12,42.83
102889,SKU92277,面包,食品饮料,1,2026-09-12,3.56
102889,SKU92205,酸奶,食品饮料,5,2026-09-12,70.24
102889,SKU20606,油纸,烘焙用品,2,2026-09-12,16.54
102890,SKU65551,土豆,生鲜蔬果,1,2026-08-02,38.75
102890,SKU32649,肥牛卷,火锅食材,2,2026-08-02,22.22
102890,SKU79610,豆腐,火锅食材,3,2026-08-02,28.83
102891,SKU57527,苹果,生鲜蔬果,4,2026-09-04,35.23
102891,SKU68962,香蕉,生鲜蔬果,1,2026-09-04,45.0
102891,SKU50771,橙子,生鲜蔬果,5,2026-09-04,69.19
102891,SKU71380,鸭蛋,肉禽蛋品,2,2026-09-04,23.27
102891,SKU12547,面粉,粮油调味,4,2026-09-04,63.31
102891,SKU96304,糖粉,烘焙用品,1,2026-09-04,22.55
102892,SKU55883,糖粉,烘焙用品,3,2026-03-26,22.76
102892,SKU67729,淡奶油,烘焙用品,5,2026-03-26,26.2
102892,SKU56249,洗衣液,日化清洁,5,2026-03-26,54.17
102892,SKU18357,羊肉卷,火锅食材,1,2026-03-26,48.82
102892,SKU90645,牛肉,肉禽蛋品,3,2026-03-26,47.17
102892,SKU18744,酱油,粮油调味,1,2026-03-26,77.71
102893,SKU59039,土豆,生鲜蔬果,2,2026-05-01,52.99
102893,SKU65181,牙膏,日化清洁,2,2026-05-01,66.78
102893,SKU90611,矿泉水,食品饮料,3,2026-05-01,21.95
102893,SKU38454,豆腐,火锅食材,4,2026-05-01,65.89
102893,SKU98208,巧克力,食品饮料,5,2026-05-01,78.16
102893,SKU62913,蛋挞皮,烘焙用品,1,2026-05-01,38.23
102894,SKU41537,带鱼,肉禽蛋品,1,2026-07-24,77.49
102894,SKU52043,面包,食品饮料,1,2026-07-24,67.51
102894,SKU74727,矿泉水,食品饮料,4,2026-07-24,48.37
102894,SKU55503,酱油,粮油调味,1,2026-07-24,34.14
102895,SKU40642,蛋糕粉,烘焙用品,4,2026-09-03,36.7
102895,SKU15586,黄油,烘焙用品,4,2026-09-03,20.23
102895,SKU77053,淡奶油,烘焙用品,5,2026-09-03,35.46
102895,SKU84556,鸡蛋,肉禽蛋品,1,2026-09-03,70.33
102895,SKU70230,肥皂,日化清洁,2,2026-09-03,79.37
102895,SKU64846,葡萄,生鲜蔬果,1,2026-09-03,61.83
102896,SKU70438,苹果,生鲜蔬果,4,2026-07-06,3.09
102896,SKU64612,香蕉,生鲜蔬果,4,2026-07-06,16.35
102896,SKU18825,橙子,生鲜蔬果,3,2026-07-06,28.85
102896,SKU66964,辣椒酱,粮油调味,2,2026-07-06,12.79
102896,SKU95941,纸巾,日化清洁,1,2026-07-06,17.62
102896,SKU69296,酱油,粮油调味,3,2026-07-06,75.21
102897,SKU99661,鸡翅,肉禽蛋品,2,2026-01-03,27.97
102897,SKU62305,料酒,粮油调味,2,2026-01-03,6.32
102897,SKU12237,盐,粮油调味,4,2026-01-03,59.53
102897,SKU58784,蔬菜拼盘,火锅食材,4,2026-01-03,10.23
102897,SKU20160,葡萄,生鲜蔬果,2,2026-01-03,20.9
102897,SKU76465,橙子,生鲜蔬果,3,2026-01-03,34.08
102898,SKU43900,模具,烘焙用品,1,2026-04-11,62.8
102898,SKU41037,洗发水,日化清洁,5,2026-04-11,74.89
102898,SKU83755,醋,粮油调味,2,2026-04-11,32.16
102899,SKU18274,苹果,生鲜蔬果,5,2026-03-04,38.94
102899,SKU95126,香蕉,生鲜蔬果,4,2026-03-04,32.57
102899,SKU16179,橙子,生鲜蔬果,5,2026-03-04,19.11
102899,SKU31100,面包,食品饮料,2,2026-03-04,79.6
102899,SKU82362,垃圾袋,日化清洁,1,2026-03-04,36.42
102900,SKU53831,鸭血,火锅食材,1,2026-09-02,67.05
102900,SKU98236,带鱼,肉禽蛋品,3,2026-09-02,40.68
102901,SKU35563,鸡肉,肉禽蛋品,5,2026-02-05,17.66
102901,SKU95382,食用油,粮油调味,3,2026-02-05,4.17
102901,SKU19487,鸡蛋,肉禽蛋品,1,2026-02-05,39.13
102901,SKU44885,蔬菜拼盘,火锅食材,5,2026-02-05,72.42
102902,SKU63867,排骨,肉禽蛋品,2,2026-06-21,29.47
102902,SKU23424,胡萝卜,生鲜蔬果,4,2026-06-21,67.16
102902,SKU27869,土豆,生鲜蔬果,4,2026-06-21,12.46
102902,SKU58075,拖把,日化清洁,1,2026-06-21,20.57
102902,SKU26009,消毒液,日化清洁,4,2026-06-21,56.28
102903,SKU34237,苹果,生鲜蔬果,1,2026-08-11,74.99
102903,SKU26916,香蕉,生鲜蔬果,3,2026-08-11,78.31
102903,SKU68995,橙子,生鲜蔬果,2,2026-08-11,77.53
102903,SKU60470,食用油,粮油调味,1,2026-08-11,33.99
102903,SKU38469,白糖,粮油调味,3,2026-08-11,20.56
102903,SKU56608,西红柿,生鲜蔬果,2,2026-08-11,59.67
102904,SKU90426,香草精,烘焙用品,2,2026-02-26,76.81
102904,SKU11142,大米,粮油调味,2,2026-02-26,37.03
102904,SKU85813,生菜,生鲜蔬果,5,2026-02-26,74.7
102904,SKU65269,豆腐,火锅食材,2,2026-02-26,58.86
102904,SKU43641,粉丝,火锅食材,4,2026-02-26,36.03
102904,SKU25284,洗衣液,日化清洁,2,2026-02-26,6.65
102905,SKU44394,胡萝卜,生鲜蔬果,1,2026-02-16,76.59
102905,SKU53456,香蕉,生鲜蔬果,4,2026-02-16,5.76
102905,SKU16136,鸭蛋,肉禽蛋品,2,2026-02-16,52.92
102906,SKU36245,可乐,食品饮料,3,2026-05-19,9.85
102906,SKU56965,薯片,食品饮料,5,2026-05-19,67.82
102906,SKU92955,饼干,食品饮料,2,2026-05-19,39.36
102906,SKU79376,蘸料,火锅食材,2,2026-05-19,13.43
102906,SKU33941,黄油,烘焙用品,2,2026-05-19,66.6
102907,SKU81354,洗衣液,日化清洁,3,2026-01-06,43.72
102907,SKU63636,纸巾,日化清洁,1,2026-01-06,40.86
102907,SKU67109,垃圾袋,日化清洁,5,2026-01-06,65.92
102907,SKU62285,巧克力,食品饮料,3,2026-01-06,38.62
102908,SKU19558,大米,粮油调味,4,2026-06-10,21.17
102908,SKU48724,食用油,粮油调味,2,2026-06-10,70.26
102908,SKU43969,酱油,粮油调味,3,2026-06-10,55.65
102908,SKU99184,面粉,粮油调味,4,2026-06-10,23.15
102908,SKU63242,鸡肉,肉禽蛋品,1,2026-06-10,76.08
102908,SKU44781,面包,食品饮料,1,2026-06-10,58.98
102909,SKU44939,大米,粮油调味,2,2026-08-18,19.44
102909,SKU47955,虾仁,肉禽蛋品,3,2026-08-18,51.85
102910,SKU50683,蘸料,火锅食材,4,2026-05-15,62.93
102910,SKU20535,矿泉水,食品饮料,3,2026-05-15,77.74
102910,SKU92486,豆腐,火锅食材,3,2026-05-15,16.64
102910,SKU91348,纸巾,日化清洁,3,2026-05-15,38.69
102911,SKU21182,牛奶,食品饮料,2,2026-02-09,63.78
102911,SKU80133,面包,食品饮料,3,2026-02-09,21.04
102911,SKU46913,生菜,生鲜蔬果,2,2026-02-09,36.93
102911,SKU27341,蚝油,粮油调味,4,2026-02-09,11.88
102912,SKU37262,方便面,食品饮料,5,2026-04-24,62.93
102912,SKU11375,垃圾袋,日化清洁,4,2026-04-24,16.3
102912,SKU67855,虾仁,肉禽蛋品,4,2026-04-24,64.14
102912,SKU91291,牙膏,日化清洁,2,2026-04-24,7.64
102913,SKU16667,苹果,生鲜蔬果,5,2026-08-18,33.43
102913,SKU37800,香蕉,生鲜蔬果,4,2026-08-18,29.46
102913,SKU88561,橙子,生鲜蔬果,5,2026-08-18,11.91
102913,SKU93960,料酒,粮油调味,1,2026-08-18,61.58
102913,SKU81959,面包,食品饮料,5,2026-08-18,76.29
102913,SKU99662,黄油,烘焙用品,2,2026-08-18,42.81
102914,SKU49765,洗洁精,日化清洁,2,2026-02-17,50.93
102914,SKU52184,黄瓜,生鲜蔬果,5,2026-02-17,52.17
102914,SKU14824,糖粉,烘焙用品,3,2026-02-17,3.84
102915,SKU75827,火锅底料,火锅食材,2,2026-07-17,38.47
102915,SKU93178,丸子,火锅食材,3,2026-07-17,33.44
102915,SKU71535,肥牛卷,火锅食材,4,2026-07-17,15.4
102915,SKU98462,牛肉,肉禽蛋品,4,2026-07-17,74.3
102915,SKU33219,方便面,食品饮料,4,2026-07-17,70.42
102915,SKU76243,酵母,烘焙用品,3,2026-07-17,20.71
102916,SKU69295,大米,粮油调味,3,2026-02-10,48.64
102916,SKU14584,食用油,粮油调味,3,2026-02-10,18.68
102916,SKU60453,酱油,粮油调味,1,2026-02-10,25.8
102916,SKU44289,沐浴露,日化清洁,2,2026-02-10,21.8
102916,SKU53731,猪肉,肉禽蛋品,3,2026-02-10,27.97
102917,SKU78319,蛋糕粉,烘焙用品,5,2026-01-03,78.01
102917,SKU23124,黄油,烘焙用品,5,2026-01-03,25.86
102917,SKU17034,淡奶油,烘焙用品,2,2026-01-03,9.08
102917,SKU42118,鸡蛋,肉禽蛋品,3,2026-01-03,70.45
102917,SKU78209,胡萝卜,生鲜蔬果,1,2026-01-03,45.63
102918,SKU50469,酱油,粮油调味,2,2026-04-01,58.25
102918,SKU65931,带鱼,肉禽蛋品,1,2026-04-01,65.32
102918,SKU87610,香蕉,生鲜蔬果,4,2026-04-01,73.5
102919,SKU17912,豆腐,火锅食材,4,2026-08-02,37.52
102919,SKU88425,盐,粮油调味,1,2026-08-02,54.3
102919,SKU52957,大米,粮油调味,4,2026-08-02,40.56
102919,SKU63674,面粉,粮油调味,3,2026-08-02,47.69
102919,SKU88340,消毒液,日化清洁,2,2026-08-02,31.13
102920,SKU34759,火锅底料,火锅食材,2,2026-06-19,31.05
102920,SKU54315,丸子,火锅食材,1,2026-06-19,12.1
102920,SKU36022,肥牛卷,火锅食材,2,2026-06-19,22.44
102920,SKU60965,牛肉,肉禽蛋品,4,2026-06-19,59.12
102921,SKU12997,牛奶,食品饮料,4,2026-07-19,25.98
102921,SKU45110,面包,食品饮料,2,2026-07-19,51.5
102921,SKU25665,火锅底料,火锅食材,5,2026-07-19,16.51
102921,SKU44126,牙膏,日化清洁,1,2026-07-19,50.71
102922,SKU31328,土豆,生鲜蔬果,3,2026-06-25,78.51
102922,SKU95044,沐浴露,日化清洁,1,2026-06-25,33.54
102922,SKU56110,肥皂,日化清洁,5,2026-06-25,67.67
102923,SKU37335,苹果,生鲜蔬果,3,2026-06-01,77.46
102923,SKU30837,香蕉,生鲜蔬果,4,2026-06-01,7.14
102923,SKU75915,橙子,生鲜蔬果,2,2026-06-01,78.87
102923,SKU85576,肥皂,日化清洁,3,2026-06-01,63.19
102923,SKU86017,黄瓜,生鲜蔬果,2,2026-06-01,76.99
102924,SKU54632,淡奶油,烘焙用品,4,2026-03-26,51.7
102924,SKU47368,拖把,日化清洁,2,2026-03-26,43.83
102924,SKU14192,毛肚,火锅食材,3,2026-03-26,59.54
102924,SKU37696,黄瓜,生鲜蔬果,3,2026-03-26,16.45
102924,SKU43369,鸡肉,肉禽蛋品,4,2026-03-26,10.95
102924,SKU40612,白菜,生鲜蔬果,1,2026-03-26,36.28
102925,SKU96349,羊肉卷,火锅食材,1,2026-08-01,6.47
102925,SKU95174,方便面,食品饮料,3,2026-08-01,7.08
102925,SKU10610,三文鱼,肉禽蛋品,5,2026-08-01,25.62
102926,SKU44417,糖粉,烘焙用品,1,2026-08-19,6.63
102926,SKU23146,火锅底料,火锅食材,5,2026-08-19,31.45
102926,SKU13241,鸭血,火锅食材,3,2026-08-19,62.47
102927,SKU50278,西红柿,生鲜蔬果,1,2026-06-28,26.74
102927,SKU44115,鸡蛋,肉禽蛋品,4,2026-06-28,77.52
102927,SKU77920,黄瓜,生鲜蔬果,1,2026-06-28,55.35
102927,SKU85547,香草精,烘焙用品,4,2026-06-28,40.57
102927,SKU20161,粉丝,火锅食材,3,2026-06-28,68.23
102927,SKU62505,可乐,食品饮料,3,2026-06-28,56.76
102928,SKU46956,模具,烘焙用品,4,2026-03-05,45.71
102928,SKU72611,苹果,生鲜蔬果,1,2026-03-05,26.73
102928,SKU40114,生菜,生鲜蔬果,4,2026-03-05,56.1
102929,SKU75704,巧克力,食品饮料,5,2026-01-25,17.32
102929,SKU59814,火锅底料,火锅食材,3,2026-01-25,13.67
102929,SKU69863,鸡肉,肉禽蛋品,4,2026-01-25,66.25
102929,SKU54056,蔬菜拼盘,火锅食材,3,2026-01-25,10.89
102929,SKU46690,鸡蛋,肉禽蛋品,2,2026-01-25,62.95
102929,SKU67771,洗衣液,日化清洁,4,2026-01-25,59.59
102930,SKU18921,糖粉,烘焙用品,3,2026-09-11,21.21
102930,SKU63060,鸡肉,肉禽蛋品,1,2026-09-11,10.27
102930,SKU58696,消毒液,日化清洁,5,2026-09-11,31.42
102931,SKU74315,排骨,肉禽蛋品,5,2026-03-10,41.03
102931,SKU63316,胡萝卜,生鲜蔬果,5,2026-03-10,15.62
102931,SKU36741,土豆,生鲜蔬果,2,2026-03-10,24.01
102931,SKU11319,芝士碎,烘焙用品,2,2026-03-10,28.0
102932,SKU18863,蛋糕粉,烘焙用品,3,2026-02-28,47.01
102932,SKU21119,黄油,烘焙用品,3,2026-02-28,8.9
102932,SKU15956,淡奶油,烘焙用品,1,2026-02-28,60.1
102932,SKU50043,鸡蛋,肉禽蛋品,1,2026-02-28,52.82
102932,SKU83413,粉丝,火锅食材,4,2026-02-28,22.88
102932,SKU99986,盐,粮油调味,1,2026-02-28,79.63
102932,SKU22645,排骨,肉禽蛋品,4,2026-02-28,46.79
102933,SKU52220,洗发水,日化清洁,1,2026-05-05,16.31
102933,SKU72631,沐浴露,日化清洁,5,2026-05-05,14.87
102933,SKU13286,牙膏,日化清洁,1,2026-05-05,42.19
102933,SKU33650,酱油,粮油调味,4,2026-05-05,6.33
102934,SKU45980,香草精,烘焙用品,3,2026-08-17,15.6
102934,SKU98990,饼干,食品饮料,2,2026-08-17,55.12
102934,SKU32575,醋,粮油调味,4,2026-08-17,7.68
102934,SKU24165,淡奶油,烘焙用品,4,2026-08-17,51.09
102935,SKU32840,黄油,烘焙用品,4,2026-06-27,62.68
102935,SKU27241,芝士碎,烘焙用品,5,2026-06-27,38.35
102935,SKU78581,鸡翅,肉禽蛋品,2,2026-06-27,56.96
102935,SKU76685,西红柿,生鲜蔬果,4,2026-06-27,78.18
102936,SKU57172,西红柿,生鲜蔬果,5,2026-07-23,36.84
102936,SKU84655,鸡蛋,肉禽蛋品,1,2026-07-23,45.27
102936,SKU77318,黄瓜,生鲜蔬果,1,2026-07-23,55.99
102936,SKU88011,薯片,食品饮料,3,2026-07-23,32.98
102936,SKU28142,沐浴露,日化清洁,5,2026-07-23,6.54
102936,SKU10252,辣椒酱,粮油调味,5,2026-07-23,26.34
102937,SKU70004,鸡翅,肉禽蛋品,3,2026-03-15,65.19
102937,SKU47531,消毒液,日化清洁,5,2026-03-15,7.25
102937,SKU55379,薯片,食品饮料,4,2026-03-15,28.12
102937,SKU92966,果汁,食品饮料,2,2026-03-15,71.97
102937,SKU93624,鸡蛋,肉禽蛋品,5,2026-03-15,15.84
102938,SKU29209,蔬菜拼盘,火锅食材,2,2026-01-27,55.63
102938,SKU12133,鸡翅,肉禽蛋品,1,2026-01-27,76.77
102939,SKU92775,火锅底料,火锅食材,3,2026-01-22,35.49
102939,SKU89903,蘸料,火锅食材,3,2026-01-22,18.59
102939,SKU32287,黄瓜,生鲜蔬果,2,2026-01-22,14.49
102939,SKU81774,酵母,烘焙用品,1,2026-01-22,12.84
102939,SKU12736,丸子,火锅食材,1,2026-01-22,33.7
102939,SKU51975,三文鱼,肉禽蛋品,2,2026-01-22,64.2
102940,SKU49973,蛋糕粉,烘焙用品,4,2026-09-27,14.06
102940,SKU19359,黄油,烘焙用品,3,2026-09-27,13.64
102940,SKU77600,淡奶油,烘焙用品,4,2026-09-27,68.42
102940,SKU94446,鸡蛋,肉禽蛋品,2,2026-09-27,45.83
102940,SKU81208,带鱼,肉禽蛋品,1,2026-09-27,22.58
102940,SKU45523,辣椒酱,粮油调味,5,2026-09-27,52.91
102940,SKU31856,面粉,粮油调味,5,2026-09-27,75.2
102941,SKU61798,鸡翅,肉禽蛋品,3,2026-03-07,35.72
102941,SKU84327,食用油,粮油调味,1,2026-03-07,49.33
102941,SKU76626,毛肚,火锅食材,4,2026-03-07,9.24
102942,SKU51681,虾仁,肉禽蛋品,2,2026-02-25,37.35
102942,SKU44073,鸭蛋,肉禽蛋品,2,2026-02-25,9.21
102942,SKU49573,牛奶,食品饮料,3,2026-02-25,53.97
102943,SKU90010,排骨,肉禽蛋品,3,2026-05-15,79.27
102943,SKU44520,胡萝卜,生鲜蔬果,5,2026-05-15,79.3
102943,SKU32951,土豆,生鲜蔬果,3,2026-05-15,15.73
102943,SKU69302,橙子,生鲜蔬果,3,2026-05-15,50.23
102944,SKU67402,西红柿,生鲜蔬果,2,2026-04-02,63.31
102944,SKU29013,鸡蛋,肉禽蛋品,3,2026-04-02,68.19
102944,SKU16843,黄瓜,生鲜蔬果,1,2026-04-02,60.89
102944,SKU94949,垃圾袋,日化清洁,4,2026-04-02,53.72
102944,SKU93762,橙子,生鲜蔬果,5,2026-04-02,21.98
102944,SKU66978,豆腐,火锅食材,4,2026-04-02,40.54
102945,SKU39659,纸巾,日化清洁,4,2026-07-16,67.72
102945,SKU39148,粉丝,火锅食材,2,2026-07-16,28.59
102945,SKU87309,糖粉,烘焙用品,5,2026-07-16,19.31
102945,SKU80014,肥牛卷,火锅食材,1,2026-07-16,17.19
102945,SKU48144,牛肉,肉禽蛋品,5,2026-07-16,73.42
102945,SKU87875,洗衣液,日化清洁,1,2026-07-16,28.14
102946,SKU15756,鸡蛋,肉禽蛋品,2,2026-05-22,60.22
102946,SKU62535,面粉,粮油调味,4,2026-05-22,49.63
102946,SKU14715,油纸,烘焙用品,2,2026-05-22,24.55
102946,SKU56291,豆腐,火锅食材,5,2026-05-22,64.41
102946,SKU96117,排骨,肉禽蛋品,2,2026-05-22,15.31
102947,SKU12981,鸭蛋,肉禽蛋品,1,2026-03-25,39.64
102947,SKU52097,香草精,烘焙用品,1,2026-03-25,11.65
102947,SKU61308,酸奶,食品饮料,3,2026-03-25,28.64
102947,SKU48572,带鱼,肉禽蛋品,4,2026-03-25,38.39
102947,SKU24664,橙子,生鲜蔬果,4,2026-03-25,22.08
102948,SKU62240,矿泉水,食品饮料,4,2026-01-14,76.09
102948,SKU78074,方便面,食品饮料,4,2026-01-14,51.35
102948,SKU12378,鸭血,火锅食材,5,2026-01-14,7.03
102948,SKU85445,香蕉,生鲜蔬果,2,2026-01-14,78.23
102949,SKU79919,黄瓜,生鲜蔬果,2,2026-03-08,26.3
102949,SKU25782,料酒,粮油调味,4,2026-03-08,65.01
102950,SKU40121,牛奶,食品饮料,1,2026-06-23,62.85
102950,SKU11280,面包,食品饮料,5,2026-06-23,75.63
102950,SKU45320,醋,粮油调味,2,2026-06-23,60.87
102951,SKU84867,糖粉,烘焙用品,2,2026-04-04,74.74
102951,SKU13779,蚝油,粮油调味,3,2026-04-04,64.29
102951,SKU77483,鸡蛋,肉禽蛋品,3,2026-04-04,45.41
102952,SKU73042,羊肉卷,火锅食材,5,2026-09-04,13.25
102952,SKU87389,垃圾袋,日化清洁,5,2026-09-04,6.0
102952,SKU40839,油纸,烘焙用品,2,2026-09-04,72.85
102952,SKU61918,辣椒酱,粮油调味,5,2026-09-04,67.98
102952,SKU22339,三文鱼,肉禽蛋品,2,2026-09-04,70.32
102952,SKU14093,食用油,粮油调味,1,2026-09-04,35.31
102953,SKU84898,酵母,烘焙用品,5,2026-05-14,8.19
102953,SKU72872,盐,粮油调味,3,2026-05-14,44.99
102953,SKU59784,香蕉,生鲜蔬果,1,2026-05-14,39.01
102953,SKU63340,蚝油,粮油调味,5,2026-05-14,76.07
102953,SKU45924,生菜,生鲜蔬果,3,2026-05-14,23.99
102953,SKU81527,拖把,日化清洁,5,2026-05-14,7.95
102954,SKU70211,大米,粮油调味,2,2026-06-03,27.87
102954,SKU23431,食用油,粮油调味,2,2026-06-03,4.13
102954,SKU78868,酱油,粮油调味,5,2026-06-03,60.51
102954,SKU75950,面粉,粮油调味,4,2026-06-03,13.44
102954,SKU39393,糖粉,烘焙用品,3,2026-06-03,16.51
102955,SKU55068,排骨,肉禽蛋品,3,2026-01-05,15.18
102955,SKU97396,胡萝卜,生鲜蔬果,2,2026-01-05,40.51
102955,SKU25802,土豆,生鲜蔬果,2,2026-01-05,21.59
102955,SKU18885,肥牛卷,火锅食材,3,2026-01-05,20.06
102956,SKU57892,蔬菜拼盘,火锅食材,4,2026-07-13,36.81
102956,SKU70964,大米,粮油调味,5,2026-07-13,36.82
102956,SKU95654,酵母,烘焙用品,4,2026-07-13,38.89
102957,SKU53432,牛奶,食品饮料,4,2026-09-23,73.73
102957,SKU17985,面包,食品饮料,4,2026-09-23,25.06
102957,SKU80547,醋,粮油调味,5,2026-09-23,32.34
102957,SKU94768,矿泉水,食品饮料,2,2026-09-23,22.99
102958,SKU84044,毛肚,火锅食材,2,2026-09-14,50.3
102958,SKU72952,肥牛卷,火锅食材,1,2026-09-14,61.77
102958,SKU12548,鸡肉,肉禽蛋品,2,2026-09-14,33.0
102958,SKU88254,蛋挞皮,烘焙用品,3,2026-09-14,21.59
102958,SKU81266,果汁,食品饮料,1,2026-09-14,73.38
102958,SKU11684,黄油,烘焙用品,1,2026-09-14,9.58
102959,SKU93803,蔬菜拼盘,火锅食材,4,2026-01-02,18.66
102959,SKU80778,牛奶,食品饮料,3,2026-01-02,8.44
102959,SKU16247,鸭蛋,肉禽蛋品,4,2026-01-02,55.27
102959,SKU34375,粉丝,火锅食材,2,2026-01-02,73.19
102959,SKU77529,大米,粮油调味,3,2026-01-02,7.35
102960,SKU58385,苹果,生鲜蔬果,3,2026-02-20,52.93
102960,SKU55877,香蕉,生鲜蔬果,3,2026-02-20,53.81
102960,SKU73204,橙子,生鲜蔬果,3,2026-02-20,62.19
102960,SKU74787,带鱼,肉禽蛋品,2,2026-02-20,37.16
102960,SKU48032,大米,粮油调味,5,2026-02-20,67.4
102960,SKU98707,火锅底料,火锅食材,3,2026-02-20,64.37
102961,SKU68897,西红柿,生鲜蔬果,4,2026-08-27,45.97
102961,SKU44190,鸡蛋,肉禽蛋品,5,2026-08-27,62.34
102961,SKU99264,黄瓜,生鲜蔬果,2,2026-08-27,69.78
102961,SKU71916,淡奶油,烘焙用品,4,2026-08-27,12.29
102962,SKU27158,醋,粮油调味,1,2026-07-20,66.31
102962,SKU89308,香草精,烘焙用品,3,2026-07-20,78.21
102962,SKU81382,消毒液,日化清洁,2,2026-07-20,73.22
102963,SKU31149,白菜,生鲜蔬果,2,2026-08-17,75.88
102963,SKU82794,生菜,生鲜蔬果,4,2026-08-17,19.73
102963,SKU72685,食用油,粮油调味,1,2026-08-17,31.13
102963,SKU60957,毛肚,火锅食材,1,2026-08-17,5.59
102963,SKU52550,胡萝卜,生鲜蔬果,2,2026-08-17,16.13
102964,SKU73868,大米,粮油调味,3,2026-02-20,25.38
102964,SKU34064,食用油,粮油调味,2,2026-02-20,64.41
102964,SKU23016,酱油,粮油调味,5,2026-02-20,22.57
102964,SKU27386,鸡翅,肉禽蛋品,2,2026-02-20,30.32
102964,SKU42187,毛肚,火锅食材,1,2026-02-20,6.32
102965,SKU25427,蔬菜拼盘,火锅食材,5,2026-03-02,61.67
102965,SKU90976,大米,粮油调味,2,2026-03-02,25.46
102966,SKU44929,鸭血,火锅食材,4,2026-07-22,16.05
102966,SKU38318,白糖,粮油调味,1,2026-07-22,50.36
102966,SKU37933,白菜,生鲜蔬果,4,2026-07-22,29.97
102966,SKU99419,醋,粮油调味,4,2026-07-22,35.02
102966,SKU43799,鸡肉,肉禽蛋品,5,2026-07-22,75.82
102967,SKU52773,火锅底料,火锅食材,5,2026-09-04,25.37
102967,SKU10375,丸子,火锅食材,1,2026-09-04,51.02
102967,SKU45627,肥牛卷,火锅食材,5,2026-09-04,58.57
102967,SKU55911,消毒液,日化清洁,5,2026-09-04,60.7
102967,SKU54037,羊肉卷,火锅食材,2,2026-09-04,63.78
102967,SKU44389,鸡肉,肉禽蛋品,1,2026-09-04,72.81
102968,SKU57654,果汁,食品饮料,1,2026-01-12,67.35
102968,SKU89740,沐浴露,日化清洁,2,2026-01-12,45.26
102968,SKU28244,料酒,粮油调味,5,2026-01-12,39.49
102968,SKU96312,面包,食品饮料,3,2026-01-12,39.39
102968,SKU32898,橙子,生鲜蔬果,3,2026-01-12,6.64
102968,SKU25420,鸡肉,肉禽蛋品,3,2026-01-12,50.51
102969,SKU98794,排骨,肉禽蛋品,3,2026-03-25,70.78
102969,SKU51267,胡萝卜,生鲜蔬果,5,2026-03-25,65.3
102969,SKU11751,土豆,生鲜蔬果,1,2026-03-25,22.04
102969,SKU81547,肥皂,日化清洁,4,2026-03-25,47.4
102970,SKU67898,可乐,食品饮料,2,2026-03-11,50.64
102970,SKU83863,薯片,食品饮料,4,2026-03-11,43.05
102970,SKU51856,饼干,食品饮料,1,2026-03-11,76.91
102970,SKU81234,糖粉,烘焙用品,1,2026-03-11,34.35
102970,SKU33726,带鱼,肉禽蛋品,1,2026-03-11,33.85
102971,SKU32259,黄瓜,生鲜蔬果,4,2026-07-25,58.46
102971,SKU24596,苹果,生鲜蔬果,5,2026-07-25,77.14
102971,SKU79836,模具,烘焙用品,4,2026-07-25,33.04
102971,SKU19033,白糖,粮油调味,1,2026-07-25,19.75
102972,SKU90143,矿泉水,食品饮料,5,2026-05-21,9.15
102972,SKU12533,面包,食品饮料,3,2026-05-21,32.44
102972,SKU46801,白菜,生鲜蔬果,3,2026-05-21,60.55
102972,SKU93781,酱油,粮油调味,5,2026-05-21,26.16
102973,SKU27672,蛋糕粉,烘焙用品,1,2026-05-19,57.6
102973,SKU56728,黄油,烘焙用品,5,2026-05-19,21.03
102973,SKU73911,淡奶油,烘焙用品,1,2026-05-19,9.31
102973,SKU76985,鸡蛋,肉禽蛋品,3,2026-05-19,70.62
102973,SKU91480,蚝油,粮油调味,4,2026-05-19,17.58
102973,SKU16053,洗洁精,日化清洁,2,2026-05-19,74.27
102974,SKU23750,牛奶,食品饮料,2,2026-06-18,28.97
102974,SKU35095,面包,食品饮料,4,2026-06-18,31.84
102974,SKU65324,西红柿,生鲜蔬果,1,2026-06-18,36.69
102974,SKU14373,方便面,食品饮料,1,2026-06-18,70.77
102975,SKU62044,蛋糕粉,烘焙用品,4,2026-09-22,55.53
102975,SKU65290,盐,粮油调味,1,2026-09-22,62.02
102975,SKU80179,胡萝卜,生鲜蔬果,3,2026-09-22,6.86
102975,SKU57207,面包,食品饮料,5,2026-09-22,49.62
102976,SKU65817,火锅底料,火锅食材,5,2026-06-17,67.61
102976,SKU15655,丸子,火锅食材,4,2026-06-17,42.65
102976,SKU20230,蘸料,火锅食材,5,2026-06-17,34.16
102977,SKU69321,香草精,烘焙用品,1,2026-02-19,39.55
102977,SKU48453,可乐,食品饮料,5,2026-02-19,61.88
102977,SKU72522,矿泉水,食品饮料,3,2026-02-19,38.53
102977,SKU15198,火锅底料,火锅食材,4,2026-02-19,4.8
102977,SKU54809,醋,粮油调味,5,2026-02-19,62.28
102977,SKU76521,酱油,粮油调味,3,2026-02-19,45.51
102978,SKU50393,酵母,烘焙用品,4,2026-04-10,57.36
102978,SKU19297,可乐,食品饮料,1,2026-04-10,78.01
102978,SKU29704,辣椒酱,粮油调味,3,2026-04-10,35.79
102978,SKU21068,面粉,粮油调味,4,2026-04-10,37.95
102979,SKU58162,大米,粮油调味,5,2026-06-27,7.38
102979,SKU87055,拖把,日化清洁,2,2026-06-27,37.7
102979,SKU83172,黄油,烘焙用品,2,2026-06-27,5.04
102979,SKU41216,蘸料,火锅食材,3,2026-06-27,22.62
102979,SKU46383,猪肉,肉禽蛋品,1,2026-06-27,35.52
102980,SKU53115,可乐,食品饮料,2,2026-07-02,40.33
102980,SKU78251,薯片,食品饮料,5,2026-07-02,19.22
102980,SKU39474,饼干,食品饮料,2,2026-07-02,58.88
102980,SKU44527,巧克力,食品饮料,2,2026-07-02,53.35
102980,SKU30272,盐,粮油调味,5,2026-07-02,22.17
102980,SKU77006,大米,粮油调味,3,2026-07-02,68.52
102981,SKU90025,食用油,粮油调味,2,2026-06-19,22.92
102981,SKU21490,黄瓜,生鲜蔬果,4,2026-06-19,73.54
102981,SKU12810,蛋糕粉,烘焙用品,1,2026-06-19,46.69
102981,SKU20803,蛋挞皮,烘焙用品,2,2026-06-19,68.01
102981,SKU36899,芝士碎,烘焙用品,1,2026-06-19,6.02
102981,SKU62322,洗洁精,日化清洁,2,2026-06-19,60.56
102982,SKU43662,洗发水,日化清洁,5,2026-07-28,66.52
102982,SKU86067,沐浴露,日化清洁,3,2026-07-28,56.44
102982,SKU28827,牙膏,日化清洁,1,2026-07-28,33.14
102982,SKU64262,鸭血,火锅食材,4,2026-07-28,56.5
102983,SKU30202,苹果,生鲜蔬果,1,2026-06-01,61.36
102983,SKU85221,香蕉,生鲜蔬果,2,2026-06-01,65.6
102983,SKU36388,橙子,生鲜蔬果,1,2026-06-01,30.84
102983,SKU52951,大米,粮油调味,3,2026-06-01,18.61
102983,SKU30482,纸巾,日化清洁,5,2026-06-01,78.47
102984,SKU34895,蛋糕粉,烘焙用品,2,2026-08-03,49.66
102984,SKU24339,鸭蛋,肉禽蛋品,2,2026-08-03,43.85
102984,SKU72181,消毒液,日化清洁,1,2026-08-03,61.82
102984,SKU70419,面粉,粮油调味,1,2026-08-03,11.9
102984,SKU12585,可乐,食品饮料,3,2026-08-03,26.76
102985,SKU11249,洗发水,日化清洁,4,2026-09-08,60.24
102985,SKU36503,沐浴露,日化清洁,4,2026-09-08,45.17
102985,SKU36861,牙膏,日化清洁,1,2026-09-08,74.51
102985,SKU51793,方便面,食品饮料,2,2026-09-08,11.88
102985,SKU75360,鸭蛋,肉禽蛋品,2,2026-09-08,24.0
102986,SKU23708,排骨,肉禽蛋品,2,2026-07-06,37.84
102986,SKU46725,胡萝卜,生鲜蔬果,3,2026-07-06,11.2
102986,SKU63523,土豆,生鲜蔬果,5,2026-07-06,59.43
102986,SKU85719,白菜,生鲜蔬果,4,2026-07-06,43.68
102987,SKU14212,模具,烘焙用品,4,2026-09-06,43.75
102987,SKU47993,醋,粮油调味,2,2026-09-06,65.54
102987,SKU64149,鸡翅,肉禽蛋品,5,2026-09-06,75.29
102988,SKU97922,大米,粮油调味,1,2026-04-12,53.64
102988,SKU44412,食用油,粮油调味,5,2026-04-12,65.29
102988,SKU55615,酱油,粮油调味,5,2026-04-12,58.05
102988,SKU54155,土豆,生鲜蔬果,2,2026-04-12,27.76
102988,SKU10989,生菜,生鲜蔬果,5,2026-04-12,31.13
102988,SKU60808,虾仁,肉禽蛋品,1,2026-04-12,62.58
102989,SKU44051,葡萄,生鲜蔬果,5,2026-06-09,46.71
102989,SKU19216,洗发水,日化清洁,3,2026-06-09,14.38
102989,SKU93872,果汁,食品饮料,1,2026-06-09,13.54
102989,SKU97323,面包,食品饮料,2,2026-06-09,41.84
102989,SKU69249,垃圾袋,日化清洁,4,2026-06-09,3.13
102990,SKU10806,土豆,生鲜蔬果,1,2026-02-08,64.95
102990,SKU80953,可乐,食品饮料,1,2026-02-08,25.05
102990,SKU56356,鸡翅,肉禽蛋品,4,2026-02-08,49.87
102990,SKU17925,生菜,生鲜蔬果,2,2026-02-08,9.23
102990,SKU66572,虾仁,肉禽蛋品,5,2026-02-08,24.9
102991,SKU90914,大米,粮油调味,2,2026-06-10,17.08
102991,SKU94325,食用油,粮油调味,1,2026-06-10,76.36
102991,SKU47121,酱油,粮油调味,3,2026-06-10,65.12
102991,SKU12318,芝士碎,烘焙用品,1,2026-06-10,38.42
102991,SKU60168,粉丝,火锅食材,3,2026-06-10,77.18
102991,SKU28817,拖把,日化清洁,4,2026-06-10,19.54
102992,SKU28575,苹果,生鲜蔬果,5,2026-04-23,52.75
102992,SKU78742,油纸,烘焙用品,2,2026-04-23,28.75
102992,SKU92930,黄瓜,生鲜蔬果,2,2026-04-23,75.92
102992,SKU96470,消毒液,日化清洁,5,2026-04-23,54.35
102992,SKU57755,面包,食品饮料,3,2026-04-23,9.36
102993,SKU10955,排骨,肉禽蛋品,3,2026-03-02,43.12
102993,SKU70574,胡萝卜,生鲜蔬果,4,2026-03-02,33.09
102993,SKU57440,土豆,生鲜蔬果,2,2026-03-02,70.58
102993,SKU30659,香蕉,生鲜蔬果,3,2026-03-02,19.42
102994,SKU54210,辣椒酱,粮油调味,2,2026-08-27,69.69
102994,SKU37295,带鱼,肉禽蛋品,1,2026-08-27,35.77
102994,SKU69698,蛋糕粉,烘焙用品,3,2026-08-27,43.77
102995,SKU63849,辣椒酱,粮油调味,3,2026-04-24,71.97
102995,SKU57640,西红柿,生鲜蔬果,3,2026-04-24,35.65
102995,SKU17365,胡萝卜,生鲜蔬果,1,2026-04-24,22.17
102996,SKU23778,火锅底料,火锅食材,2,2026-06-24,48.03
102996,SKU25849,丸子,火锅食材,1,2026-06-24,65.68
102996,SKU45442,肥牛卷,火锅食材,1,2026-06-24,24.27
102996,SKU57653,洗衣液,日化清洁,2,2026-06-24,19.77
102996,SKU16999,面粉,粮油调味,1,2026-06-24,47.96
102996,SKU41642,葡萄,生鲜蔬果,5,2026-06-24,48.23
102997,SKU79039,土豆,生鲜蔬果,5,2026-05-02,25.46
102997,SKU78343,葡萄,生鲜蔬果,4,2026-05-02,31.76
102997,SKU56077,豆腐,火锅食材,3,2026-05-02,14.97
102997,SKU67651,丸子,火锅食材,2,2026-05-02,68.41
102997,SKU71284,黄油,烘焙用品,4,2026-05-02,43.24
102998,SKU21328,巧克力,食品饮料,4,2026-06-12,29.28
102998,SKU57128,虾仁,肉禽蛋品,5,2026-06-12,19.18
102998,SKU67832,食用油,粮油调味,2,2026-06-12,57.52
102998,SKU28037,羊肉卷,火锅食材,3,2026-06-12,49.95
102999,SKU56569,蛋挞皮,烘焙用品,1,2026-03-25,50.21
102999,SKU23410,拖把,日化清洁,2,2026-03-25,17.7
103000,SKU39150,可乐,食品饮料,1,2026-05-20,59.3
103000,SKU75370,酱油,粮油调味,3,2026-05-20,38.15
103001,SKU60233,蛋糕粉,烘焙用品,5,2026-08-20,21.89
103001,SKU40020,黄油,烘焙用品,2,2026-08-20,31.88
103001,SKU54293,淡奶油,烘焙用品,1,2026-08-20,73.83
103001,SKU71205,鸡蛋,肉禽蛋品,3,2026-08-20,18.71
103001,SKU73323,橙子,生鲜蔬果,2,2026-08-20,51.64
103001,SKU38533,果汁,食品饮料,4,2026-08-20,53.06
103002,SKU66505,洗衣液,日化清洁,4,2026-01-28,70.95
103002,SKU92502,蘸料,火锅食材,3,2026-01-28,26.1
103002,SKU91529,纸巾,日化清洁,4,2026-01-28,68.95
103002,SKU55259,鸭血,火锅食材,5,2026-01-28,79.05
103002,SKU38716,虾仁,肉禽蛋品,5,2026-01-28,46.89
103003,SKU98657,排骨,肉禽蛋品,3,2026-01-21,54.54
103003,SKU26630,胡萝卜,生鲜蔬果,3,2026-01-21,52.09
103003,SKU36138,土豆,生鲜蔬果,5,2026-01-21,43.35
103003,SKU63713,洗洁精,日化清洁,4,2026-01-21,43.97
103003,SKU70291,豆腐,火锅食材,1,2026-01-21,51.05
103003,SKU61882,鸡蛋,肉禽蛋品,3,2026-01-21,4.82
103004,SKU88008,纸巾,日化清洁,4,2026-02-04,74.67
103004,SKU78313,垃圾袋,日化清洁,5,2026-02-04,12.44
103004,SKU89401,鸡肉,肉禽蛋品,4,2026-02-04,64.23
103004,SKU21323,香蕉,生鲜蔬果,4,2026-02-04,71.19
103005,SKU67459,生菜,生鲜蔬果,1,2026-06-18,59.52
103005,SKU11027,肥牛卷,火锅食材,2,2026-06-18,48.64
103006,SKU44185,可乐,食品饮料,4,2026-02-24,15.99
103006,SKU16365,薯片,食品饮料,2,2026-02-24,7.64
103006,SKU19064,饼干,食品饮料,3,2026-02-24,52.2
103006,SKU73105,料酒,粮油调味,1,2026-02-24,34.09
103006,SKU54996,鸭蛋,肉禽蛋品,4,2026-02-24,49.98
103006,SKU29945,纸巾,日化清洁,3,2026-02-24,22.0
103007,SKU10160,矿泉水,食品饮料,1,2026-07-18,47.81
103007,SKU32690,香草精,烘焙用品,2,2026-07-18,54.29
103008,SKU57900,排骨,肉禽蛋品,3,2026-08-23,76.16
103008,SKU25784,胡萝卜,生鲜蔬果,5,2026-08-23,67.05
103008,SKU14683,土豆,生鲜蔬果,2,2026-08-23,21.49
103008,SKU76678,鸡翅,肉禽蛋品,2,2026-08-23,69.27
103009,SKU94676,白糖,粮油调味,1,2026-01-11,59.76
103009,SKU61786,猪肉,肉禽蛋品,3,2026-01-11,67.71
103009,SKU18739,糖粉,烘焙用品,2,2026-01-11,62.36
103009,SKU60630,三文鱼,肉禽蛋品,1,2026-01-11,43.43
103010,SKU99467,火锅底料,火锅食材,2,2026-08-28,29.94
103010,SKU48689,丸子,火锅食材,3,2026-08-28,26.17
103010,SKU24319,肥牛卷,火锅食材,3,2026-08-28,50.69
103010,SKU22467,蘸料,火锅食材,5,2026-08-28,11.21
103010,SKU68096,羊肉卷,火锅食材,2,2026-08-28,30.64
103011,SKU12800,面包,食品饮料,3,2026-01-19,53.15
103011,SKU10825,鸡蛋,肉禽蛋品,3,2026-01-19,24.43
103011,SKU63971,牛奶,食品饮料,4,2026-01-19,72.18
103012,SKU63613,拖把,日化清洁,5,2026-05-25,23.79
103012,SKU34832,鸡翅,肉禽蛋品,5,2026-05-25,56.13
103013,SKU67755,可乐,食品饮料,2,2026-02-10,63.14
103013,SKU55446,黄瓜,生鲜蔬果,5,2026-02-10,68.47
103013,SKU80214,油纸,烘焙用品,5,2026-02-10,24.33
103014,SKU82614,蛋糕粉,烘焙用品,1,2026-05-02,12.98
103014,SKU66856,黄油,烘焙用品,1,2026-05-02,35.61
103014,SKU33178,淡奶油,烘焙用品,4,2026-05-02,12.74
103014,SKU47188,鸡蛋,肉禽蛋品,4,2026-05-02,48.48
103014,SKU55990,丸子,火锅食材,3,2026-05-02,72.47
103014,SKU87168,消毒液,日化清洁,1,2026-05-02,57.84
103015,SKU46265,虾仁,肉禽蛋品,1,2026-01-13,35.02
103015,SKU74219,生菜,生鲜蔬果,3,2026-01-13,18.39
103015,SKU97849,西红柿,生鲜蔬果,1,2026-01-13,4.49
103015,SKU53474,醋,粮油调味,5,2026-01-13,22.73
103016,SKU43828,酱油,粮油调味,3,2026-08-24,19.23
103016,SKU26456,辣椒酱,粮油调味,5,2026-08-24,68.7
103016,SKU64971,模具,烘焙用品,3,2026-08-24,78.9
103016,SKU76806,牛奶,食品饮料,5,2026-08-24,50.64
103017,SKU33848,大米,粮油调味,1,2026-04-06,17.19
103017,SKU44282,食用油,粮油调味,4,2026-04-06,74.93
103017,SKU10960,酱油,粮油调味,4,2026-04-06,52.26
103017,SKU43396,洗发水,日化清洁,2,2026-04-06,20.71
103018,SKU74365,排骨,肉禽蛋品,5,2026-08-28,70.89
103018,SKU33910,胡萝卜,生鲜蔬果,3,2026-08-28,13.81
103018,SKU92129,土豆,生鲜蔬果,1,2026-08-28,68.39
103018,SKU15916,洗发水,日化清洁,2,2026-08-28,78.37
103019,SKU16191,蛋糕粉,烘焙用品,2,2026-01-24,77.35
103019,SKU81433,黄油,烘焙用品,2,2026-01-24,20.41
103019,SKU82485,淡奶油,烘焙用品,4,2026-01-24,52.33
103019,SKU37550,鸡蛋,肉禽蛋品,3,2026-01-24,31.72
103019,SKU17121,薯片,食品饮料,3,2026-01-24,67.34
103020,SKU64460,可乐,食品饮料,2,2026-03-04,34.02
103020,SKU34736,薯片,食品饮料,5,2026-03-04,24.55
103020,SKU76552,饼干,食品饮料,4,2026-03-04,70.1
103020,SKU49871,蔬菜拼盘,火锅食材,4,2026-03-04,59.27
103021,SKU31182,洗洁精,日化清洁,3,2026-02-20,22.07
103021,SKU75185,鸭蛋,肉禽蛋品,5,2026-02-20,33.02
103021,SKU51320,蚝油,粮油调味,2,2026-02-20,40.85
103021,SKU30468,巧克力,食品饮料,5,2026-02-20,26.99
103021,SKU75992,果汁,食品饮料,5,2026-02-20,19.09
103021,SKU61628,洗衣液,日化清洁,5,2026-02-20,43.45
103022,SKU22766,辣椒酱,粮油调味,1,2026-02-13,49.45
103022,SKU24733,酸奶,食品饮料,3,2026-02-13,22.99
103022,SKU48709,矿泉水,食品饮料,4,2026-02-13,42.32
103022,SKU69808,酱油,粮油调味,5,2026-02-13,64.11
103022,SKU98783,鸭血,火锅食材,1,2026-02-13,61.23
103023,SKU45424,方便面,食品饮料,4,2026-05-22,31.59
103023,SKU22535,苹果,生鲜蔬果,4,2026-05-22,33.55
103024,SKU77305,土豆,生鲜蔬果,3,2026-03-14,10.8
103024,SKU57932,模具,烘焙用品,2,2026-03-14,23.07
103024,SKU84091,纸巾,日化清洁,4,2026-03-14,15.65
103024,SKU97387,蚝油,粮油调味,2,2026-03-14,20.02
103025,SKU38004,牙膏,日化清洁,2,2026-06-14,14.92
103025,SKU49234,蘸料,火锅食材,1,2026-06-14,48.73
103026,SKU66720,苹果,生鲜蔬果,3,2026-08-13,54.59
103026,SKU83998,香蕉,生鲜蔬果,1,2026-08-13,15.92
103026,SKU40165,橙子,生鲜蔬果,5,2026-08-13,55.62
103026,SKU50928,香草精,烘焙用品,3,2026-08-13,22.88
103026,SKU86022,淡奶油,烘焙用品,4,2026-08-13,40.4
103027,SKU23228,鸭血,火锅食材,2,2026-07-19,68.27
103027,SKU39324,带鱼,肉禽蛋品,3,2026-07-19,52.48
103027,SKU54412,肥皂,日化清洁,4,2026-07-19,76.59
103028,SKU77460,洗衣液,日化清洁,4,2026-03-20,56.01
103028,SKU44593,纸巾,日化清洁,4,2026-03-20,37.47
103028,SKU68722,垃圾袋,日化清洁,3,2026-03-20,62.96
103028,SKU78911,猪肉,肉禽蛋品,5,2026-03-20,78.99
103029,SKU62943,排骨,肉禽蛋品,1,2026-08-07,78.13
103029,SKU25026,胡萝卜,生鲜蔬果,5,2026-08-07,22.5
103029,SKU61627,土豆,生鲜蔬果,5,2026-08-07,78.86
103029,SKU97721,蘸料,火锅食材,5,2026-08-07,41.35
103030,SKU12746,葡萄,生鲜蔬果,3,2026-02-17,76.33
103030,SKU20124,鸭蛋,肉禽蛋品,3,2026-02-17,60.87
103030,SKU86783,洗发水,日化清洁,5,2026-02-17,7.97
103030,SKU88849,辣椒酱,粮油调味,5,2026-02-17,26.04
103030,SKU96066,油纸,烘焙用品,5,2026-02-17,51.73
103031,SKU28593,排骨,肉禽蛋品,1,2026-02-28,26.99
103031,SKU48881,胡萝卜,生鲜蔬果,4,2026-02-28,26.89
103031,SKU31997,土豆,生鲜蔬果,3,2026-02-28,9.3
103031,SKU53131,面粉,粮油调味,2,2026-02-28,43.34
103031,SKU38660,拖把,日化清洁,5,2026-02-28,46.56
103032,SKU39331,牛奶,食品饮料,4,2026-08-01,55.63
103032,SKU25280,沐浴露,日化清洁,1,2026-08-01,45.86
103033,SKU25796,苹果,生鲜蔬果,4,2026-01-01,5.81
103033,SKU57024,香蕉,生鲜蔬果,2,2026-01-01,44.74
103033,SKU84651,橙子,生鲜蔬果,3,2026-01-01,54.4
103033,SKU93848,面包,食品饮料,5,2026-01-01,58.91
103034,SKU82562,鸡肉,肉禽蛋品,5,2026-08-06,8.49
103034,SKU16918,牙膏,日化清洁,4,2026-08-06,36.68
103034,SKU26947,橙子,生鲜蔬果,3,2026-08-06,74.49
103035,SKU95606,土豆,生鲜蔬果,3,2026-06-27,14.53
103035,SKU57173,料酒,粮油调味,5,2026-06-27,15.22
103035,SKU46687,洗洁精,日化清洁,5,2026-06-27,68.34
103035,SKU73600,薯片,食品饮料,5,2026-06-27,41.71
103035,SKU96878,香蕉,生鲜蔬果,4,2026-06-27,76.0
103035,SKU64876,拖把,日化清洁,1,2026-06-27,44.4
103036,SKU59752,胡萝卜,生鲜蔬果,2,2026-05-25,24.69
103036,SKU94302,食用油,粮油调味,1,2026-05-25,29.96
103036,SKU15550,猪肉,肉禽蛋品,2,2026-05-25,61.3
103036,SKU28769,带鱼,肉禽蛋品,4,2026-05-25,14.26
103037,SKU77930,西红柿,生鲜蔬果,1,2026-04-11,21.93
103037,SKU51985,鸡蛋,肉禽蛋品,5,2026-04-11,39.52
103037,SKU66682,黄瓜,生鲜蔬果,4,2026-04-11,10.9
103037,SKU76441,白糖,粮油调味,2,2026-04-11,67.48
103037,SKU58985,消毒液,日化清洁,3,2026-04-11,41.31
103037,SKU15858,牛肉,肉禽蛋品,3,2026-04-11,41.79
103038,SKU77178,排骨,肉禽蛋品,2,2026-01-19,78.77
103038,SKU15785,饼干,食品饮料,3,2026-01-19,34.18
103038,SKU65406,消毒液,日化清洁,1,2026-01-19,36.47
103038,SKU64219,薯片,食品饮料,5,2026-01-19,29.07
103038,SKU67601,鸭血,火锅食材,4,2026-01-19,78.43
103039,SKU15400,蛋糕粉,烘焙用品,2,2026-09-20,50.21
103039,SKU19938,黄油,烘焙用品,2,2026-09-20,52.39
103039,SKU37334,淡奶油,烘焙用品,5,2026-09-20,46.94
103039,SKU12830,鸡蛋,肉禽蛋品,2,2026-09-20,32.11
103039,SKU62045,香草精,烘焙用品,2,2026-09-20,63.42
103039,SKU67459,洗发水,日化清洁,1,2026-09-20,51.69
103040,SKU11120,蛋糕粉,烘焙用品,4,2026-05-05,59.71
103040,SKU71250,蘸料,火锅食材,2,2026-05-05,37.81
103040,SKU52197,盐,粮油调味,1,2026-05-05,45.34
103041,SKU64235,西红柿,生鲜蔬果,1,2026-09-18,22.35
103041,SKU59524,鸡蛋,肉禽蛋品,3,2026-09-18,26.29
103041,SKU38977,黄瓜,生鲜蔬果,3,2026-09-18,36.43
103041,SKU37493,鸭蛋,肉禽蛋品,4,2026-09-18,60.69
103041,SKU82336,虾仁,肉禽蛋品,4,2026-09-18,18.02
103042,SKU33996,三文鱼,肉禽蛋品,1,2026-02-07,72.71
103042,SKU74498,食用油,粮油调味,1,2026-02-07,7.36
103042,SKU84807,白糖,粮油调味,5,2026-02-07,60.72
103043,SKU38168,牛奶,食品饮料,5,2026-09-27,75.24
103043,SKU22126,面包,食品饮料,4,2026-09-27,58.67
103043,SKU53929,蘸料,火锅食材,2,2026-09-27,20.84
103043,SKU84563,香草精,烘焙用品,4,2026-09-27,67.18
103044,SKU91397,沐浴露,日化清洁,5,2026-04-24,67.13
103044,SKU13153,西红柿,生鲜蔬果,2,2026-04-24,50.67
103044,SKU68188,猪肉,肉禽蛋品,1,2026-04-24,21.05
103044,SKU52087,食用油,粮油调味,1,2026-04-24,60.3
103044,SKU10923,鸡翅,肉禽蛋品,4,2026-04-24,70.94
103045,SKU80589,排骨,肉禽蛋品,2,2026-09-11,49.51
103045,SKU63934,胡萝卜,生鲜蔬果,2,2026-09-11,18.12
103045,SKU50913,土豆,生鲜蔬果,5,2026-09-11,35.54
103045,SKU29369,果汁,食品饮料,5,2026-09-11,21.44
103045,SKU21475,猪肉,肉禽蛋品,4,2026-09-11,46.19
103046,SKU69767,牛奶,食品饮料,2,2026-04-18,73.67
103046,SKU63029,面包,食品饮料,2,2026-04-18,75.71
103046,SKU18187,料酒,粮油调味,1,2026-04-18,26.04
103046,SKU64270,酸奶,食品饮料,3,2026-04-18,41.42
103046,SKU57815,盐,粮油调味,1,2026-04-18,49.65
103047,SKU89894,蘸料,火锅食材,1,2026-07-03,3.9
103047,SKU29808,鸡蛋,肉禽蛋品,5,2026-07-03,25.21
103047,SKU40927,毛肚,火锅食材,5,2026-07-03,17.2
103047,SKU74281,鸭蛋,肉禽蛋品,1,2026-07-03,60.17
103048,SKU15081,粉丝,火锅食材,1,2026-09-19,72.81
103048,SKU77878,白糖,粮油调味,5,2026-09-19,49.14
103048,SKU73016,虾仁,肉禽蛋品,1,2026-09-19,73.73
103048,SKU28569,香蕉,生鲜蔬果,2,2026-09-19,20.68
103049,SKU76709,粉丝,火锅食材,3,2026-08-10,12.52
103049,SKU45313,牛奶,食品饮料,5,2026-08-10,18.67
103049,SKU42526,苹果,生鲜蔬果,3,2026-08-10,14.66
103049,SKU44959,牛肉,肉禽蛋品,4,2026-08-10,25.45
103049,SKU22072,巧克力,食品饮料,5,2026-08-10,61.37
103050,SKU27116,西红柿,生鲜蔬果,2,2026-08-17,19.57
103050,SKU34878,鸡蛋,肉禽蛋品,5,2026-08-17,54.62
103050,SKU18618,黄瓜,生鲜蔬果,1,2026-08-17,7.26
103050,SKU18980,羊肉卷,火锅食材,3,2026-08-17,36.82
103050,SKU11389,香蕉,生鲜蔬果,5,2026-08-17,69.69
103051,SKU13689,苹果,生鲜蔬果,3,2026-05-21,72.32
103051,SKU49428,香蕉,生鲜蔬果,2,2026-05-21,78.7
103051,SKU52208,橙子,生鲜蔬果,2,2026-05-21,29.81
103051,SKU36653,食用油,粮油调味,5,2026-05-21,55.89
103051,SKU59354,牛奶,食品饮料,1,2026-05-21,7.31
103052,SKU21456,可乐,食品饮料,5,2026-03-14,50.05
103052,SKU93066,生菜,生鲜蔬果,4,2026-03-14,74.32
103052,SKU34506,油纸,烘焙用品,5,2026-03-14,36.72
103052,SKU26428,芝士碎,烘焙用品,5,2026-03-14,76.7
103053,SKU22253,苹果,生鲜蔬果,1,2026-01-10,7.47
103053,SKU13808,香蕉,生鲜蔬果,3,2026-01-10,7.88
103053,SKU29666,橙子,生鲜蔬果,5,2026-01-10,59.01
103053,SKU93291,垃圾袋,日化清洁,3,2026-01-10,73.91
103053,SKU60712,蔬菜拼盘,火锅食材,2,2026-01-10,19.29
103054,SKU76193,可乐,食品饮料,3,2026-06-04,71.33
103054,SKU15512,薯片,食品饮料,5,2026-06-04,5.01
103054,SKU64597,饼干,食品饮料,3,2026-06-04,49.88
103054,SKU45953,大米,粮油调味,1,2026-06-04,66.46
103054,SKU58941,洗洁精,日化清洁,4,2026-06-04,46.42
103054,SKU94307,排骨,肉禽蛋品,1,2026-06-04,41.96
103055,SKU12864,黄瓜,生鲜蔬果,4,2026-06-22,19.22
103055,SKU83256,方便面,食品饮料,5,2026-06-22,66.82
103055,SKU53445,鸡翅,肉禽蛋品,5,2026-06-22,66.29
103055,SKU31110,橙子,生鲜蔬果,2,2026-06-22,32.76
103055,SKU78447,可乐,食品饮料,2,2026-06-22,70.13
103056,SKU19686,洗衣液,日化清洁,2,2026-05-10,55.62
103056,SKU72469,纸巾,日化清洁,1,2026-05-10,19.62
103056,SKU41287,垃圾袋,日化清洁,1,2026-05-10,5.16
103056,SKU28270,醋,粮油调味,2,2026-05-10,27.46
103056,SKU13077,洗洁精,日化清洁,2,2026-05-10,28.46
103056,SKU50659,橙子,生鲜蔬果,4,2026-05-10,16.39
103057,SKU61531,火锅底料,火锅食材,2,2026-02-24,15.89
103057,SKU59878,橙子,生鲜蔬果,1,2026-02-24,23.32
103057,SKU54786,鸭血,火锅食材,1,2026-02-24,26.99
103057,SKU49900,豆腐,火锅食材,3,2026-02-24,19.93
103058,SKU40490,带鱼,肉禽蛋品,4,2026-02-23,51.22
103058,SKU17399,巧克力,食品饮料,2,2026-02-23,79.19
103058,SKU38441,沐浴露,日化清洁,3,2026-02-23,65.88
103058,SKU54422,洗衣液,日化清洁,1,2026-02-23,54.31
103058,SKU75651,香草精,烘焙用品,5,2026-02-23,62.86
103058,SKU77307,可乐,食品饮料,1,2026-02-23,30.74
103059,SKU80173,可乐,食品饮料,3,2026-06-08,76.23
103059,SKU88189,薯片,食品饮料,1,2026-06-08,59.5
103059,SKU18258,饼干,食品饮料,5,2026-06-08,24.25
103059,SKU42960,带鱼,肉禽蛋品,5,2026-06-08,53.41
103060,SKU79515,料酒,粮油调味,5,2026-04-15,70.12
103060,SKU56248,生菜,生鲜蔬果,4,2026-04-15,60.07
103060,SKU82274,食用油,粮油调味,3,2026-04-15,34.03
103061,SKU81301,三文鱼,肉禽蛋品,1,2026-06-28,31.81
103061,SKU98366,黄瓜,生鲜蔬果,3,2026-06-28,61.17
103061,SKU30051,蘸料,火锅食材,5,2026-06-28,70.43
103062,SKU81584,洗衣液,日化清洁,4,2026-08-20,28.05
103062,SKU87879,纸巾,日化清洁,2,2026-08-20,55.61
103062,SKU24850,垃圾袋,日化清洁,1,2026-08-20,22.64
103062,SKU44781,薯片,食品饮料,2,2026-08-20,6.43
103063,SKU95462,蚝油,粮油调味,1,2026-01-24,64.72
103063,SKU23106,薯片,食品饮料,4,2026-01-24,51.6
103063,SKU38890,土豆,生鲜蔬果,1,2026-01-24,46.24
103063,SKU67840,西红柿,生鲜蔬果,1,2026-01-24,68.79
103063,SKU89543,香草精,烘焙用品,2,2026-01-24,26.79
103063,SKU32950,糖粉,烘焙用品,5,2026-01-24,36.14
103064,SKU52905,洗衣液,日化清洁,1,2026-02-12,41.06
103064,SKU81606,纸巾,日化清洁,2,2026-02-12,65.93
103064,SKU34239,垃圾袋,日化清洁,4,2026-02-12,10.7
103064,SKU13017,油纸,烘焙用品,2,2026-02-12,22.66
103064,SKU50997,洗洁精,日化清洁,1,2026-02-12,5.53
103064,SKU53793,盐,粮油调味,5,2026-02-12,18.19
103065,SKU45044,苹果,生鲜蔬果,5,2026-09-03,39.42
103065,SKU79536,香蕉,生鲜蔬果,1,2026-09-03,78.17
103065,SKU94550,酱油,粮油调味,5,2026-09-03,40.81
103065,SKU77738,虾仁,肉禽蛋品,4,2026-09-03,78.67
103066,SKU50736,洗衣液,日化清洁,2,2026-05-28,64.95
103066,SKU49528,纸巾,日化清洁,2,2026-05-28,11.51
103066,SKU79793,垃圾袋,日化清洁,5,2026-05-28,13.74
103066,SKU60810,猪肉,肉禽蛋品,5,2026-05-28,25.87
103066,SKU46495,苹果,生鲜蔬果,2,2026-05-28,75.38
103067,SKU20553,酱油,粮油调味,3,2026-05-16,31.39
103067,SKU70988,肥牛卷,火锅食材,3,2026-05-16,60.04
103067,SKU56530,酵母,烘焙用品,1,2026-05-16,63.85
103067,SKU40282,盐,粮油调味,2,2026-05-16,59.73
103067,SKU42787,带鱼,肉禽蛋品,1,2026-05-16,25.29
103067,SKU24630,西红柿,生鲜蔬果,5,2026-05-16,23.98
103068,SKU74549,虾仁,肉禽蛋品,2,2026-06-19,21.41
103068,SKU44492,拖把,日化清洁,2,2026-06-19,11.58
103068,SKU12764,粉丝,火锅食材,1,2026-06-19,13.99
103068,SKU16639,火锅底料,火锅食材,2,2026-06-19,78.48
103068,SKU10972,果汁,食品饮料,5,2026-06-19,11.18
103068,SKU19205,鸭血,火锅食材,2,2026-06-19,49.76
103069,SKU32048,排骨,肉禽蛋品,5,2026-02-21,64.03
103069,SKU38175,胡萝卜,生鲜蔬果,1,2026-02-21,68.59
103069,SKU47740,土豆,生鲜蔬果,3,2026-02-21,41.96
103069,SKU53723,肥皂,日化清洁,2,2026-02-21,75.31
103069,SKU44178,油纸,烘焙用品,2,2026-02-21,26.19
103070,SKU79237,鸭血,火锅食材,2,2026-08-11,45.7
103070,SKU61661,虾仁,肉禽蛋品,5,2026-08-11,45.99
103071,SKU13780,洗洁精,日化清洁,5,2026-02-08,68.95
103071,SKU28812,鸭血,火锅食材,4,2026-02-08,20.38
103072,SKU66989,洗衣液,日化清洁,2,2026-08-04,44.12
103072,SKU38142,纸巾,日化清洁,5,2026-08-04,65.9
103072,SKU16890,垃圾袋,日化清洁,5,2026-08-04,37.18
103072,SKU31866,洗发水,日化清洁,2,2026-08-04,76.71
103072,SKU30304,果汁,食品饮料,2,2026-08-04,43.45
103073,SKU48338,苹果,生鲜蔬果,4,2026-03-16,77.46
103073,SKU56211,香蕉,生鲜蔬果,1,2026-03-16,15.32
103073,SKU90882,橙子,生鲜蔬果,3,2026-03-16,45.32
103073,SKU83362,牛奶,食品饮料,2,2026-03-16,23.2
103073,SKU42486,三文鱼,肉禽蛋品,1,2026-03-16,15.74
103074,SKU78415,纸巾,日化清洁,2,2026-02-01,53.77
103074,SKU73972,薯片,食品饮料,2,2026-02-01,39.48
103074,SKU16046,白菜,生鲜蔬果,3,2026-02-01,72.57
103074,SKU96072,洗洁精,日化清洁,5,2026-02-01,47.14
103074,SKU21944,牛肉,肉禽蛋品,3,2026-02-01,41.3
103074,SKU94063,面包,食品饮料,5,2026-02-01,69.8
103075,SKU47358,蛋糕粉,烘焙用品,2,2026-02-24,71.03
103075,SKU38391,黄油,烘焙用品,4,2026-02-24,10.31
103075,SKU34790,淡奶油,烘焙用品,3,2026-02-24,23.07
103075,SKU32121,鸡蛋,肉禽蛋品,2,2026-02-24,39.35
103075,SKU61214,苹果,生鲜蔬果,3,2026-02-24,27.8
103076,SKU69560,方便面,食品饮料,3,2026-04-10,38.68
103076,SKU17407,鸭蛋,肉禽蛋品,1,2026-04-10,79.58
103077,SKU93130,醋,粮油调味,3,2026-08-09,13.52
103077,SKU93735,蛋挞皮,烘焙用品,3,2026-08-09,57.11
103077,SKU10013,酵母,烘焙用品,3,2026-08-09,11.19
103078,SKU63934,香草精,烘焙用品,4,2026-09-25,24.19
103078,SKU86219,薯片,食品饮料,3,2026-09-25,68.95
103078,SKU58684,洗衣液,日化清洁,5,2026-09-25,14.56
103079,SKU36371,辣椒酱,粮油调味,3,2026-01-16,68.21
103079,SKU40225,火锅底料,火锅食材,3,2026-01-16,61.19
103079,SKU22857,酵母,烘焙用品,4,2026-01-16,11.64
103080,SKU79526,排骨,肉禽蛋品,5,2026-05-13,79.04
103080,SKU43727,胡萝卜,生鲜蔬果,2,2026-05-13,65.04
103080,SKU80687,土豆,生鲜蔬果,2,2026-05-13,62.4
103080,SKU41421,葡萄,生鲜蔬果,4,2026-05-13,19.71
103081,SKU48175,大米,粮油调味,4,2026-02-02,23.34
103081,SKU61571,食用油,粮油调味,5,2026-02-02,18.41
103081,SKU28838,酱油,粮油调味,4,2026-02-02,20.54
103081,SKU78196,洗衣液,日化清洁,1,2026-02-02,33.8
103081,SKU31887,羊肉卷,火锅食材,2,2026-02-02,25.94
103081,SKU46614,可乐,食品饮料,5,2026-02-02,48.6
103082,SKU61268,苹果,生鲜蔬果,5,2026-01-20,56.22
103082,SKU88568,香蕉,生鲜蔬果,3,2026-01-20,39.61
103082,SKU91381,橙子,生鲜蔬果,2,2026-01-20,31.02
103082,SKU31473,饼干,食品饮料,3,2026-01-20,69.82
103083,SKU78889,蛋糕粉,烘焙用品,4,2026-02-24,68.08
103083,SKU94229,黄油,烘焙用品,5,2026-02-24,49.44
103083,SKU72603,淡奶油,烘焙用品,2,2026-02-24,74.59
103083,SKU66509,鸡蛋,肉禽蛋品,1,2026-02-24,9.92
103083,SKU64051,酵母,烘焙用品,1,2026-02-24,47.91
103083,SKU34428,三文鱼,肉禽蛋品,4,2026-02-24,36.82
103084,SKU33369,香草精,烘焙用品,3,2026-03-04,40.46
103084,SKU54778,沐浴露,日化清洁,1,2026-03-04,62.14
103084,SKU67989,薯片,食品饮料,2,2026-03-04,71.67
103084,SKU69817,生菜,生鲜蔬果,4,2026-03-04,48.34
103084,SKU67041,矿泉水,食品饮料,5,2026-03-04,10.79
103085,SKU38938,西红柿,生鲜蔬果,1,2026-03-15,61.0
103085,SKU71040,鸡蛋,肉禽蛋品,1,2026-03-15,5.97
103085,SKU32663,黄瓜,生鲜蔬果,5,2026-03-15,43.86
103085,SKU93826,淡奶油,烘焙用品,2,2026-03-15,57.57
103086,SKU19732,毛肚,火锅食材,2,2026-09-19,50.9
103086,SKU69484,肥牛卷,火锅食材,1,2026-09-19,41.78
103086,SKU23565,白糖,粮油调味,5,2026-09-19,72.13
103086,SKU94241,垃圾袋,日化清洁,4,2026-09-19,13.93
103086,SKU67381,酵母,烘焙用品,5,2026-09-19,43.5
103087,SKU49175,橙子,生鲜蔬果,5,2026-04-11,38.59
103087,SKU63991,纸巾,日化清洁,3,2026-04-11,63.12
103088,SKU44215,苹果,生鲜蔬果,4,2026-09-11,50.48
103088,SKU87644,果汁,食品饮料,4,2026-09-11,61.34
103089,SKU89894,可乐,食品饮料,2,2026-03-19,72.89
103089,SKU85162,薯片,食品饮料,1,2026-03-19,44.94
103089,SKU80737,饼干,食品饮料,2,2026-03-19,46.85
103089,SKU65951,鸡肉,肉禽蛋品,4,2026-03-19,20.89
103089,SKU66056,拖把,日化清洁,4,2026-03-19,37.88
103089,SKU60552,淡奶油,烘焙用品,2,2026-03-19,51.01
103090,SKU69352,排骨,肉禽蛋品,1,2026-04-28,4.42
103090,SKU43663,胡萝卜,生鲜蔬果,3,2026-04-28,31.32
103090,SKU46136,土豆,生鲜蔬果,1,2026-04-28,53.14
103090,SKU76894,黄油,烘焙用品,1,2026-04-28,57.62
103091,SKU29554,鸡肉,肉禽蛋品,4,2026-04-25,27.44
103091,SKU10585,生菜,生鲜蔬果,5,2026-04-25,52.72
103092,SKU77697,排骨,肉禽蛋品,4,2026-08-20,12.52
103092,SKU18994,胡萝卜,生鲜蔬果,2,2026-08-20,31.77
103092,SKU15260,土豆,生鲜蔬果,4,2026-08-20,35.83
103092,SKU10480,毛肚,火锅食材,2,2026-08-20,45.52
103092,SKU83530,蘸料,火锅食材,2,2026-08-20,71.55
103093,SKU64163,蛋糕粉,烘焙用品,4,2026-01-05,9.42
103093,SKU57107,黄油,烘焙用品,3,2026-01-05,10.12
103093,SKU63639,淡奶油,烘焙用品,5,2026-01-05,36.33
103093,SKU56512,鸡蛋,肉禽蛋品,2,2026-01-05,68.4
103093,SKU49152,矿泉水,食品饮料,4,2026-01-05,65.71
103093,SKU79458,果汁,食品饮料,2,2026-01-05,44.93
103093,SKU84827,拖把,日化清洁,2,2026-01-05,18.18
103094,SKU43401,方便面,食品饮料,4,2026-03-07,34.2
103094,SKU68692,白菜,生鲜蔬果,5,2026-03-07,45.95
103094,SKU48861,排骨,肉禽蛋品,4,2026-03-07,78.11
103094,SKU51301,酱油,粮油调味,2,2026-03-07,37.21
103094,SKU44323,蛋糕粉,烘焙用品,5,2026-03-07,45.57
103094,SKU99157,胡萝卜,生鲜蔬果,1,2026-03-07,55.29
103095,SKU45111,矿泉水,食品饮料,5,2026-08-01,13.27
103095,SKU28569,油纸,烘焙用品,4,2026-08-01,55.96
103095,SKU70202,带鱼,肉禽蛋品,5,2026-08-01,76.18
103095,SKU71777,橙子,生鲜蔬果,5,2026-08-01,66.33
103096,SKU40448,蛋挞皮,烘焙用品,5,2026-02-17,6.35
103096,SKU16031,淡奶油,烘焙用品,1,2026-02-17,58.91
103097,SKU13262,火锅底料,火锅食材,2,2026-01-03,15.33
103097,SKU66372,蔬菜拼盘,火锅食材,2,2026-01-03,56.05
103097,SKU38465,黄油,烘焙用品,3,2026-01-03,62.52
103097,SKU42536,拖把,日化清洁,5,2026-01-03,15.84
103097,SKU28482,香蕉,生鲜蔬果,3,2026-01-03,27.61
103097,SKU23294,橙子,生鲜蔬果,1,2026-01-03,49.39
103098,SKU94765,酱油,粮油调味,3,2026-03-09,22.85
103098,SKU23881,鸡蛋,肉禽蛋品,1,2026-03-09,47.43
103098,SKU84604,虾仁,肉禽蛋品,1,2026-03-09,71.07
103098,SKU55631,土豆,生鲜蔬果,4,2026-03-09,28.66
103098,SKU51044,面粉,粮油调味,2,2026-03-09,28.36
103099,SKU95808,酵母,烘焙用品,1,2026-02-15,66.8
103099,SKU77008,蚝油,粮油调味,2,2026-02-15,34.39
103099,SKU58593,矿泉水,食品饮料,5,2026-02-15,65.29
103099,SKU96978,洗洁精,日化清洁,4,2026-02-15,14.75
103100,SKU33244,盐,粮油调味,3,2026-04-23,21.2
103100,SKU57998,黄瓜,生鲜蔬果,5,2026-04-23,41.53
103100,SKU48015,黄油,烘焙用品,5,2026-04-23,47.47
103100,SKU96369,鸡肉,肉禽蛋品,4,2026-04-23,6.01
103101,SKU17712,鸭蛋,肉禽蛋品,3,2026-01-14,26.35
103101,SKU23702,鸡翅,肉禽蛋品,4,2026-01-14,10.4
103101,SKU43279,蚝油,粮油调味,2,2026-01-14,53.79
103101,SKU90529,火锅底料,火锅食材,4,2026-01-14,44.61
103101,SKU60462,胡萝卜,生鲜蔬果,1,2026-01-14,70.5
103101,SKU71214,葡萄,生鲜蔬果,5,2026-01-14,72.25
103102,SKU70372,醋,粮油调味,2,2026-09-11,52.62
103102,SKU14873,鸡肉,肉禽蛋品,4,2026-09-11,50.58
103103,SKU85692,羊肉卷,火锅食材,3,2026-06-07,76.98
103103,SKU17055,牙膏,日化清洁,4,2026-06-07,52.39
103103,SKU70626,胡萝卜,生鲜蔬果,2,2026-06-07,46.76
103103,SKU77344,毛肚,火锅食材,4,2026-06-07,18.64
103103,SKU43133,洗发水,日化清洁,1,2026-06-07,69.77
103103,SKU35388,料酒,粮油调味,1,2026-06-07,22.73
103104,SKU28488,巧克力,食品饮料,2,2026-03-21,75.62
103104,SKU99526,矿泉水,食品饮料,1,2026-03-21,5.58
103104,SKU57745,排骨,肉禽蛋品,5,2026-03-21,78.37
103104,SKU34900,黄瓜,生鲜蔬果,5,2026-03-21,31.89
103104,SKU73680,方便面,食品饮料,2,2026-03-21,22.98
103105,SKU62006,面粉,粮油调味,4,2026-09-03,52.65
103105,SKU73745,牛肉,肉禽蛋品,4,2026-09-03,27.24
103105,SKU51510,生菜,生鲜蔬果,2,2026-09-03,16.01
103105,SKU42808,可乐,食品饮料,1,2026-09-03,57.54
103106,SKU39639,模具,烘焙用品,1,2026-02-11,16.67
103106,SKU86178,醋,粮油调味,2,2026-02-11,11.92
103107,SKU52927,火锅底料,火锅食材,3,2026-08-19,6.74
103107,SKU15123,黄油,烘焙用品,2,2026-08-19,57.5
103107,SKU78250,鸭蛋,肉禽蛋品,3,2026-08-19,73.06
103107,SKU68844,油纸,烘焙用品,3,2026-08-19,12.53
103108,SKU33862,牛奶,食品饮料,3,2026-03-16,12.0
103108,SKU10732,面包,食品饮料,4,2026-03-16,17.93
103108,SKU51933,肥牛卷,火锅食材,1,2026-03-16,64.91
103108,SKU82282,牙膏,日化清洁,1,2026-03-16,73.14
103109,SKU37115,香蕉,生鲜蔬果,1,2026-03-05,61.88
103109,SKU97506,带鱼,肉禽蛋品,4,2026-03-05,5.35
103109,SKU15442,虾仁,肉禽蛋品,3,2026-03-05,63.68
103110,SKU76040,土豆,生鲜蔬果,1,2026-04-21,34.58
103110,SKU45965,羊肉卷,火锅食材,4,2026-04-21,17.46
103110,SKU85167,面粉,粮油调味,3,2026-04-21,12.51
103110,SKU90581,矿泉水,食品饮料,3,2026-04-21,66.62
103110,SKU29122,醋,粮油调味,4,2026-04-21,54.89
103111,SKU15191,洗发水,日化清洁,1,2026-09-24,32.22
103111,SKU65724,沐浴露,日化清洁,2,2026-09-24,39.41
103111,SKU48788,牙膏,日化清洁,2,2026-09-24,77.66
103111,SKU64945,羊肉卷,火锅食材,5,2026-09-24,74.33
103111,SKU22528,牛奶,食品饮料,3,2026-09-24,58.35
103112,SKU88209,沐浴露,日化清洁,1,2026-03-17,56.64
103112,SKU62128,洗衣液,日化清洁,3,2026-03-17,19.33
103112,SKU61201,大米,粮油调味,1,2026-03-17,28.73
103112,SKU99769,排骨,肉禽蛋品,4,2026-03-17,58.22
103112,SKU23704,鸡蛋,肉禽蛋品,3,2026-03-17,50.23
103113,SKU32092,蛋糕粉,烘焙用品,1,2026-04-09,3.66
103113,SKU97864,黄油,烘焙用品,2,2026-04-09,45.42
103113,SKU43227,淡奶油,烘焙用品,3,2026-04-09,51.25
103113,SKU51881,鸡蛋,肉禽蛋品,4,2026-04-09,50.74
103113,SKU56590,虾仁,肉禽蛋品,3,2026-04-09,25.33
103113,SKU52406,蘸料,火锅食材,1,2026-04-09,65.07
103113,SKU77850,粉丝,火锅食材,3,2026-04-09,23.11
103114,SKU81913,拖把,日化清洁,3,2026-06-20,21.5
103114,SKU80763,橙子,生鲜蔬果,4,2026-06-20,42.66
103115,SKU14580,矿泉水,食品饮料,4,2026-05-20,47.64
103115,SKU88135,薯片,食品饮料,5,2026-05-20,51.95
103115,SKU99072,西红柿,生鲜蔬果,3,2026-05-20,6.73
103115,SKU84144,蛋糕粉,烘焙用品,2,2026-05-20,11.11
103115,SKU12421,苹果,生鲜蔬果,5,2026-05-20,47.19
103115,SKU75148,虾仁,肉禽蛋品,2,2026-05-20,73.44
103116,SKU86009,洗发水,日化清洁,1,2026-08-16,15.54
103116,SKU60774,沐浴露,日化清洁,2,2026-08-16,18.92
103116,SKU55306,牙膏,日化清洁,4,2026-08-16,37.56
103116,SKU85795,牛肉,肉禽蛋品,2,2026-08-16,46.46
103116,SKU80876,辣椒酱,粮油调味,2,2026-08-16,30.21
103117,SKU42582,香草精,烘焙用品,2,2026-05-04,31.78
103117,SKU78165,鸡蛋,肉禽蛋品,2,2026-05-04,57.11
103117,SKU44085,蚝油,粮油调味,5,2026-05-04,42.21
103118,SKU24690,食用油,粮油调味,2,2026-01-10,54.72
103118,SKU52736,肥牛卷,火锅食材,1,2026-01-10,60.32
103118,SKU50637,薯片,食品饮料,3,2026-01-10,53.16
103118,SKU12016,三文鱼,肉禽蛋品,5,2026-01-10,60.95
103118,SKU63429,鸡肉,肉禽蛋品,2,2026-01-10,55.15
103119,SKU74848,拖把,日化清洁,1,2026-02-01,70.77
103119,SKU73180,蘸料,火锅食材,1,2026-02-01,22.0
103120,SKU34942,辣椒酱,粮油调味,4,2026-08-22,3.8
103120,SKU50325,黄瓜,生鲜蔬果,4,2026-08-22,16.24
103120,SKU33333,牙膏,日化清洁,1,2026-08-22,21.74
103120,SKU49766,鸡肉,肉禽蛋品,3,2026-08-22,3.7
103120,SKU19872,矿泉水,食品饮料,1,2026-08-22,10.9
103121,SKU54186,可乐,食品饮料,4,2026-08-18,8.34
103121,SKU21113,薯片,食品饮料,3,2026-08-18,66.46
103121,SKU42933,饼干,食品饮料,2,2026-08-18,49.21
103121,SKU30901,白糖,粮油调味,2,2026-08-18,9.38
103121,SKU80273,巧克力,食品饮料,5,2026-08-18,78.21
103121,SKU67492,盐,粮油调味,4,2026-08-18,35.95
103122,SKU29752,苹果,生鲜蔬果,2,2026-06-13,61.8
103122,SKU78540,香蕉,生鲜蔬果,1,2026-06-13,46.78
103122,SKU56487,橙子,生鲜蔬果,1,2026-06-13,34.3
103122,SKU86327,盐,粮油调味,2,2026-06-13,9.58
103122,SKU10220,消毒液,日化清洁,5,2026-06-13,53.8
103122,SKU14355,牛奶,食品饮料,5,2026-06-13,39.35
103123,SKU39940,火锅底料,火锅食材,4,2026-02-25,56.7
103123,SKU61109,丸子,火锅食材,5,2026-02-25,12.96
103123,SKU40305,肥牛卷,火锅食材,4,2026-02-25,44.44
103123,SKU60871,葡萄,生鲜蔬果,1,2026-02-25,26.47
103123,SKU13776,大米,粮油调味,3,2026-02-25,15.14
103124,SKU84876,牛奶,食品饮料,2,2026-09-26,51.07
103124,SKU49997,虾仁,肉禽蛋品,4,2026-09-26,68.57
103124,SKU74307,方便面,食品饮料,4,2026-09-26,55.19
103125,SKU28119,蛋糕粉,烘焙用品,1,2026-04-05,22.02
103125,SKU61567,黄油,烘焙用品,3,2026-04-05,76.01
103125,SKU99808,淡奶油,烘焙用品,1,2026-04-05,42.81
103125,SKU62979,鸡蛋,肉禽蛋品,5,2026-04-05,52.72
103125,SKU87134,面粉,粮油调味,1,2026-04-05,30.53
103126,SKU97330,大米,粮油调味,4,2026-03-15,50.56
103126,SKU20940,食用油,粮油调味,5,2026-03-15,15.93
103126,SKU22421,酱油,粮油调味,4,2026-03-15,59.73
103126,SKU39156,垃圾袋,日化清洁,2,2026-03-15,24.29
103127,SKU32180,洗发水,日化清洁,3,2026-09-22,69.58
103127,SKU45410,橙子,生鲜蔬果,1,2026-09-22,49.17
103127,SKU49285,酱油,粮油调味,4,2026-09-22,36.56
103128,SKU64590,西红柿,生鲜蔬果,2,2026-05-02,56.36
103128,SKU65365,鸡蛋,肉禽蛋品,3,2026-05-02,31.89
103128,SKU17183,黄瓜,生鲜蔬果,1,2026-05-02,70.06
103128,SKU42279,可乐,食品饮料,3,2026-05-02,34.1
103129,SKU11339,蛋糕粉,烘焙用品,4,2026-01-24,77.83
103129,SKU38560,黄油,烘焙用品,3,2026-01-24,62.7
103129,SKU90835,淡奶油,烘焙用品,1,2026-01-24,67.71
103129,SKU37495,鸡蛋,肉禽蛋品,4,2026-01-24,61.26
103129,SKU59315,油纸,烘焙用品,4,2026-01-24,24.86
103130,SKU33100,羊肉卷,火锅食材,2,2026-07-26,26.49
103130,SKU76840,火锅底料,火锅食材,3,2026-07-26,16.0
103130,SKU19453,丸子,火锅食材,3,2026-07-26,63.26
103131,SKU30901,淡奶油,烘焙用品,4,2026-03-28,78.09
103131,SKU86444,鸡蛋,肉禽蛋品,3,2026-03-28,67.26
103131,SKU82575,三文鱼,肉禽蛋品,5,2026-03-28,69.73
103131,SKU84349,毛肚,火锅食材,4,2026-03-28,37.52
103131,SKU96339,虾仁,肉禽蛋品,5,2026-03-28,67.98
103132,SKU55480,淡奶油,烘焙用品,2,2026-09-03,68.21
103132,SKU11400,排骨,肉禽蛋品,4,2026-09-03,77.21
103133,SKU78240,醋,粮油调味,5,2026-05-02,77.03
103133,SKU30934,虾仁,肉禽蛋品,1,2026-05-02,5.33
103133,SKU60748,洗洁精,日化清洁,3,2026-05-02,38.43
103133,SKU90696,粉丝,火锅食材,3,2026-05-02,73.53
103133,SKU80184,蛋糕粉,烘焙用品,2,2026-05-02,51.43
103134,SKU26879,蛋糕粉,烘焙用品,3,2026-07-11,11.54
103134,SKU73373,黄油,烘焙用品,5,2026-07-11,5.03
103134,SKU49240,淡奶油,烘焙用品,5,2026-07-11,35.42
103134,SKU11016,鸡蛋,肉禽蛋品,4,2026-07-11,62.0
103134,SKU86187,洗发水,日化清洁,1,2026-07-11,35.37
103135,SKU13972,牛奶,食品饮料,2,2026-07-05,40.85
103135,SKU41996,醋,粮油调味,4,2026-07-05,31.58
103135,SKU71895,消毒液,日化清洁,5,2026-07-05,8.56
103136,SKU57896,可乐,食品饮料,3,2026-09-19,69.43
103136,SKU12508,薯片,食品饮料,1,2026-09-19,15.53
103136,SKU84171,饼干,食品饮料,3,2026-09-19,30.67
103136,SKU82262,三文鱼,肉禽蛋品,4,2026-09-19,19.87
103136,SKU57695,盐,粮油调味,3,2026-09-19,67.6
103136,SKU16294,洗洁精,日化清洁,2,2026-09-19,25.34
103137,SKU63402,西红柿,生鲜蔬果,4,2026-06-28,52.48
103137,SKU77306,鸡蛋,肉禽蛋品,1,2026-06-28,31.75
103137,SKU84549,黄瓜,生鲜蔬果,1,2026-06-28,47.56
103137,SKU37674,牛肉,肉禽蛋品,2,2026-06-28,52.38
103137,SKU95583,土豆,生鲜蔬果,5,2026-06-28,52.26
103138,SKU74109,洗发水,日化清洁,2,2026-09-03,75.91
103138,SKU24065,沐浴露,日化清洁,1,2026-09-03,15.98
103138,SKU61181,牙膏,日化清洁,4,2026-09-03,44.8
103138,SKU15679,鸭血,火锅食材,4,2026-09-03,77.76
103138,SKU89856,酸奶,食品饮料,2,2026-09-03,65.99
103138,SKU22283,大米,粮油调味,2,2026-09-03,43.4
103139,SKU98571,沐浴露,日化清洁,3,2026-05-20,79.32
103139,SKU60321,芝士碎,烘焙用品,5,2026-05-20,56.8
103139,SKU19036,鸡肉,肉禽蛋品,1,2026-05-20,60.01
103139,SKU38890,丸子,火锅食材,3,2026-05-20,21.58
103139,SKU60937,鸭蛋,肉禽蛋品,2,2026-05-20,76.04
103140,SKU28573,油纸,烘焙用品,2,2026-05-10,25.67
103140,SKU71036,可乐,食品饮料,4,2026-05-10,75.58
103140,SKU45159,辣椒酱,粮油调味,5,2026-05-10,60.53
103140,SKU66917,橙子,生鲜蔬果,3,2026-05-10,64.7
103141,SKU50287,黄油,烘焙用品,5,2026-02-04,78.47
103141,SKU77029,胡萝卜,生鲜蔬果,1,2026-02-04,31.49
103141,SKU64724,淡奶油,烘焙用品,4,2026-02-04,68.4
103141,SKU19979,西红柿,生鲜蔬果,1,2026-02-04,61.71
103142,SKU69306,苹果,生鲜蔬果,4,2026-08-18,20.52
103142,SKU13733,香蕉,生鲜蔬果,3,2026-08-18,73.91
103142,SKU75276,橙子,生鲜蔬果,2,2026-08-18,38.14
103142,SKU75040,鸡肉,肉禽蛋品,2,2026-08-18,75.75
103142,SKU86993,可乐,食品饮料,2,2026-08-18,3.96
103143,SKU95510,巧克力,食品饮料,3,2026-07-20,70.36
103143,SKU86287,蛋糕粉,烘焙用品,4,2026-07-20,27.2
103143,SKU35602,肥皂,日化清洁,5,2026-07-20,44.24
103143,SKU48776,带鱼,肉禽蛋品,5,2026-07-20,35.63
103143,SKU83065,鸡蛋,肉禽蛋品,3,2026-07-20,67.88
103143,SKU78486,火锅底料,火锅食材,1,2026-07-20,54.42
103144,SKU18601,油纸,烘焙用品,2,2026-05-04,45.57
103144,SKU69243,纸巾,日化清洁,3,2026-05-04,51.76
103144,SKU71449,沐浴露,日化清洁,5,2026-05-04,75.33
103144,SKU55058,模具,烘焙用品,2,2026-05-04,43.76
103145,SKU62783,牛奶,食品饮料,2,2026-07-03,63.31
103145,SKU21833,面包,食品饮料,2,2026-07-03,48.8
103145,SKU91197,辣椒酱,粮油调味,4,2026-07-03,57.76
103146,SKU60250,香草精,烘焙用品,4,2026-05-25,55.34
103146,SKU63546,蛋糕粉,烘焙用品,3,2026-05-25,47.92
103146,SKU75472,粉丝,火锅食材,3,2026-05-25,78.85
103147,SKU86145,丸子,火锅食材,2,2026-02-18,23.5
103147,SKU93047,纸巾,日化清洁,4,2026-02-18,11.29
103148,SKU47112,鸭蛋,肉禽蛋品,4,2026-08-25,76.2
103148,SKU16535,牛肉,肉禽蛋品,3,2026-08-25,7.5
103148,SKU87113,肥牛卷,火锅食材,2,2026-08-25,12.08
103148,SKU33933,洗衣液,日化清洁,1,2026-08-25,71.25
103149,SKU33296,丸子,火锅食材,2,2026-07-20,16.48
103149,SKU74504,大米,粮油调味,4,2026-07-20,74.03
103149,SKU64139,模具,烘焙用品,2,2026-07-20,8.02
103149,SKU35357,毛肚,火锅食材,5,2026-07-20,16.42
103149,SKU19345,牛奶,食品饮料,4,2026-07-20,47.78
103150,SKU58557,排骨,肉禽蛋品,4,2026-03-02,12.29
103150,SKU93673,胡萝卜,生鲜蔬果,4,2026-03-02,48.04
103150,SKU71431,土豆,生鲜蔬果,3,2026-03-02,58.78
103150,SKU91088,香草精,烘焙用品,1,2026-03-02,8.61
103150,SKU98541,大米,粮油调味,5,2026-03-02,19.28
103150,SKU43493,蛋挞皮,烘焙用品,5,2026-03-02,60.61
103151,SKU56031,可乐,食品饮料,4,2026-06-10,55.81
103151,SKU93873,薯片,食品饮料,1,2026-06-10,3.09
103151,SKU31739,饼干,食品饮料,4,2026-06-10,29.74
103151,SKU36241,拖把,日化清洁,5,2026-06-10,28.54
103151,SKU52963,白菜,生鲜蔬果,1,2026-06-10,5.43
103152,SKU16848,黄油,烘焙用品,2,2026-06-16,69.66
103152,SKU55411,蘸料,火锅食材,1,2026-06-16,62.23
103152,SKU94765,牙膏,日化清洁,5,2026-06-16,72.48
103152,SKU25118,酱油,粮油调味,4,2026-06-16,26.55
103152,SKU93694,带鱼,肉禽蛋品,3,2026-06-16,23.95
103152,SKU96282,鸭血,火锅食材,1,2026-06-16,9.39
103153,SKU75480,西红柿,生鲜蔬果,2,2026-01-07,8.21
103153,SKU66237,消毒液,日化清洁,1,2026-01-07,24.6
103153,SKU71945,油纸,烘焙用品,4,2026-01-07,43.42
103154,SKU29246,排骨,肉禽蛋品,4,2026-01-22,40.22
103154,SKU61062,肥牛卷,火锅食材,2,2026-01-22,6.14
103154,SKU62067,拖把,日化清洁,3,2026-01-22,42.07
103154,SKU80697,虾仁,肉禽蛋品,3,2026-01-22,49.5
103154,SKU98388,蔬菜拼盘,火锅食材,1,2026-01-22,60.58
103154,SKU64411,猪肉,肉禽蛋品,1,2026-01-22,34.29
103155,SKU31900,蚝油,粮油调味,4,2026-06-18,57.09
103155,SKU15049,蛋挞皮,烘焙用品,2,2026-06-18,76.87
103156,SKU57645,三文鱼,肉禽蛋品,2,2026-09-13,69.05
103156,SKU59932,鸡肉,肉禽蛋品,1,2026-09-13,70.26
103157,SKU98099,醋,粮油调味,4,2026-04-20,3.49
103157,SKU68185,果汁,食品饮料,5,2026-04-20,14.2
103157,SKU71396,豆腐,火锅食材,3,2026-04-20,4.19
103157,SKU49648,胡萝卜,生鲜蔬果,5,2026-04-20,56.17
103157,SKU47371,饼干,食品饮料,2,2026-04-20,26.93
103158,SKU21476,消毒液,日化清洁,5,2026-02-22,33.68
103158,SKU40910,蛋挞皮,烘焙用品,2,2026-02-22,16.11
103158,SKU91337,拖把,日化清洁,5,2026-02-22,75.07
103158,SKU98565,牛肉,肉禽蛋品,3,2026-02-22,3.76
103159,SKU75835,牛奶,食品饮料,1,2026-08-26,33.19
103159,SKU70232,面包,食品饮料,1,2026-08-26,77.97
103159,SKU72387,三文鱼,肉禽蛋品,2,2026-08-26,32.14
103160,SKU99067,鸭蛋,肉禽蛋品,5,2026-01-28,44.21
103160,SKU45466,蚝油,粮油调味,1,2026-01-28,49.41
103161,SKU14339,火锅底料,火锅食材,3,2026-06-21,12.94
103161,SKU57925,酱油,粮油调味,1,2026-06-21,76.83
103161,SKU55849,猪肉,肉禽蛋品,5,2026-06-21,7.73
103161,SKU24556,酸奶,食品饮料,2,2026-06-21,39.82
103161,SKU67476,黄瓜,生鲜蔬果,1,2026-06-21,61.9
103162,SKU13101,酱油,粮油调味,4,2026-07-12,74.14
103162,SKU77672,薯片,食品饮料,2,2026-07-12,76.97
103162,SKU22574,鸡蛋,肉禽蛋品,3,2026-07-12,12.61
103162,SKU86150,大米,粮油调味,5,2026-07-12,30.25
103162,SKU34479,鸭血,火锅食材,5,2026-07-12,51.39
103163,SKU62424,蛋糕粉,烘焙用品,1,2026-03-06,58.21
103163,SKU21236,黄油,烘焙用品,4,2026-03-06,74.33
103163,SKU33170,淡奶油,烘焙用品,3,2026-03-06,47.17
103163,SKU87455,鸡蛋,肉禽蛋品,2,2026-03-06,13.34
103163,SKU98508,饼干,食品饮料,4,2026-03-06,66.67
103163,SKU60679,面包,食品饮料,3,2026-03-06,66.08
103163,SKU83506,方便面,食品饮料,1,2026-03-06,45.48
103164,SKU73261,排骨,肉禽蛋品,1,2026-03-12,64.24
103164,SKU59472,果汁,食品饮料,2,2026-03-12,24.51
103164,SKU20101,蚝油,粮油调味,1,2026-03-12,63.05
103164,SKU79097,食用油,粮油调味,5,2026-03-12,16.47
103165,SKU77930,鸭血,火锅食材,2,2026-01-18,29.19
103165,SKU35722,西红柿,生鲜蔬果,3,2026-01-18,37.06
103165,SKU30313,豆腐,火锅食材,2,2026-01-18,78.67
103165,SKU56920,羊肉卷,火锅食材,1,2026-01-18,71.43
103165,SKU39265,鸭蛋,肉禽蛋品,4,2026-01-18,7.56
103166,SKU72846,酱油,粮油调味,4,2026-07-12,59.04
103166,SKU10240,洗衣液,日化清洁,5,2026-07-12,15.1
103166,SKU85509,丸子,火锅食材,3,2026-07-12,57.55
103166,SKU19431,白菜,生鲜蔬果,5,2026-07-12,44.43
103167,SKU66508,辣椒酱,粮油调味,1,2026-02-24,16.94
103167,SKU22104,丸子,火锅食材,1,2026-02-24,32.48
103168,SKU64764,橙子,生鲜蔬果,1,2026-07-23,63.5
103168,SKU80058,带鱼,肉禽蛋品,2,2026-07-23,10.51
103168,SKU37066,虾仁,肉禽蛋品,2,2026-07-23,4.02
103168,SKU85851,果汁,食品饮料,2,2026-07-23,4.44
103168,SKU39670,猪肉,肉禽蛋品,1,2026-07-23,26.4
103169,SKU40117,面包,食品饮料,5,2026-02-27,48.75
103169,SKU40305,生菜,生鲜蔬果,1,2026-02-27,40.1
103169,SKU70640,牙膏,日化清洁,1,2026-02-27,20.74
103169,SKU78089,酸奶,食品饮料,2,2026-02-27,46.72
103169,SKU79354,牛肉,肉禽蛋品,4,2026-02-27,65.87
103169,SKU19548,蘸料,火锅食材,4,2026-02-27,74.59
103170,SKU76103,蛋糕粉,烘焙用品,4,2026-04-24,54.63
103170,SKU10901,黄油,烘焙用品,1,2026-04-24,60.1
103170,SKU73456,淡奶油,烘焙用品,1,2026-04-24,60.08
103170,SKU46925,鸡蛋,肉禽蛋品,4,2026-04-24,50.48
103170,SKU69866,毛肚,火锅食材,2,2026-04-24,58.29
103171,SKU50416,肥皂,日化清洁,5,2026-01-20,27.84
103171,SKU70365,带鱼,肉禽蛋品,1,2026-01-20,20.39
103171,SKU98162,蔬菜拼盘,火锅食材,3,2026-01-20,22.27
103171,SKU25918,酸奶,食品饮料,3,2026-01-20,65.27
103171,SKU46856,生菜,生鲜蔬果,5,2026-01-20,30.62
103171,SKU36893,醋,粮油调味,2,2026-01-20,54.67
103172,SKU78810,大米,粮油调味,1,2026-05-09,3.72
103172,SKU23556,食用油,粮油调味,5,2026-05-09,14.72
103172,SKU10182,酱油,粮油调味,4,2026-05-09,10.39
103172,SKU45840,毛肚,火锅食材,5,2026-05-09,54.16
103172,SKU20511,垃圾袋,日化清洁,5,2026-05-09,28.03
103172,SKU92706,牙膏,日化清洁,3,2026-05-09,49.34
103173,SKU75329,黄瓜,生鲜蔬果,4,2026-07-10,69.54
103173,SKU77033,香草精,烘焙用品,3,2026-07-10,21.19
103173,SKU68975,三文鱼,肉禽蛋品,5,2026-07-10,12.11
103173,SKU58309,洗发水,日化清洁,4,2026-07-10,44.34
103173,SKU71810,面包,食品饮料,2,2026-07-10,12.96
103174,SKU89634,黄瓜,生鲜蔬果,4,2026-09-03,14.64
103174,SKU72958,排骨,肉禽蛋品,5,2026-09-03,46.82
103175,SKU25056,盐,粮油调味,4,2026-05-25,25.14
103175,SKU16181,牛肉,肉禽蛋品,5,2026-05-25,4.45
103175,SKU54720,酵母,烘焙用品,3,2026-05-25,72.6
103175,SKU59378,沐浴露,日化清洁,1,2026-05-25,49.14
103175,SKU33698,胡萝卜,生鲜蔬果,3,2026-05-25,67.05
103176,SKU45608,可乐,食品饮料,1,2026-04-24,39.87
103176,SKU48454,薯片,食品饮料,5,2026-04-24,76.78
103176,SKU31156,饼干,食品饮料,2,2026-04-24,77.71
103176,SKU70822,黄瓜,生鲜蔬果,3,2026-04-24,69.09
103177,SKU79343,可乐,食品饮料,5,2026-02-20,4.88
103177,SKU54588,薯片,食品饮料,4,2026-02-20,30.16
103177,SKU83394,饼干,食品饮料,5,2026-02-20,53.35
103177,SKU45813,果汁,食品饮料,2,2026-02-20,15.47
103177,SKU88966,肥牛卷,火锅食材,2,2026-02-20,28.37
103177,SKU24870,盐,粮油调味,3,2026-02-20,73.51
103178,SKU46157,可乐,食品饮料,2,2026-04-07,21.84
103178,SKU55972,薯片,食品饮料,4,2026-04-07,46.66
103178,SKU90888,饼干,食品饮料,3,2026-04-07,12.49
103178,SKU35576,肥皂,日化清洁,4,2026-04-07,45.48
103178,SKU72071,盐,粮油调味,4,2026-04-07,65.55
103179,SKU81928,牛奶,食品饮料,1,2026-08-26,41.66
103179,SKU24567,面包,食品饮料,3,2026-08-26,13.91
103179,SKU65767,辣椒酱,粮油调味,4,2026-08-26,58.78
103179,SKU56562,羊肉卷,火锅食材,3,2026-08-26,35.05
103180,SKU36630,苹果,生鲜蔬果,3,2026-06-24,4.42
103180,SKU88352,香蕉,生鲜蔬果,3,2026-06-24,40.49
103180,SKU58623,橙子,生鲜蔬果,4,2026-06-24,26.08
103180,SKU50136,粉丝,火锅食材,3,2026-06-24,74.63
103181,SKU34749,苹果,生鲜蔬果,2,2026-01-14,15.44
103181,SKU10713,香蕉,生鲜蔬果,4,2026-01-14,47.8
103181,SKU22850,橙子,生鲜蔬果,5,2026-01-14,5.32
103181,SKU24862,矿泉水,食品饮料,5,2026-01-14,40.68
103181,SKU34784,带鱼,肉禽蛋品,2,2026-01-14,46.71
103181,SKU14691,洗发水,日化清洁,1,2026-01-14,73.86
103182,SKU97428,可乐,食品饮料,2,2026-01-26,44.34
103182,SKU16248,薯片,食品饮料,1,2026-01-26,34.42
103182,SKU66311,饼干,食品饮料,1,2026-01-26,44.97
103182,SKU41969,洗发水,日化清洁,1,2026-01-26,47.78
103182,SKU17761,香草精,烘焙用品,4,2026-01-26,55.15
103182,SKU80907,面粉,粮油调味,4,2026-01-26,48.63
103183,SKU74748,鸭血,火锅食材,1,2026-01-26,25.81
103183,SKU14694,巧克力,食品饮料,4,2026-01-26,21.58
103184,SKU33926,洗发水,日化清洁,1,2026-04-26,32.86
103184,SKU50993,沐浴露,日化清洁,2,2026-04-26,78.7
103184,SKU39302,牙膏,日化清洁,3,2026-04-26,34.29
103184,SKU96978,模具,烘焙用品,2,2026-04-26,35.52
103184,SKU34086,果汁,食品饮料,1,2026-04-26,76.47
103185,SKU32848,火锅底料,火锅食材,1,2026-04-11,68.69
103185,SKU42489,丸子,火锅食材,5,2026-04-11,47.19
103185,SKU52275,肥牛卷,火锅食材,1,2026-04-11,65.58
103185,SKU69424,三文鱼,肉禽蛋品,1,2026-04-11,4.56
103185,SKU56088,鸡蛋,肉禽蛋品,1,2026-04-11,50.0
103186,SKU38433,苹果,生鲜蔬果,4,2026-09-03,13.83
103186,SKU70122,香蕉,生鲜蔬果,1,2026-09-03,48.49
103186,SKU69025,橙子,生鲜蔬果,5,2026-09-03,60.05
103186,SKU79031,牙膏,日化清洁,4,2026-09-03,76.09
103187,SKU52493,西红柿,生鲜蔬果,5,2026-06-24,14.98
103187,SKU36975,鸡蛋,肉禽蛋品,3,2026-06-24,34.02
103187,SKU38784,黄瓜,生鲜蔬果,4,2026-06-24,19.0
103187,SKU10903,拖把,日化清洁,1,2026-06-24,6.22
103187,SKU59957,薯片,食品饮料,3,2026-06-24,38.14
103187,SKU29867,洗洁精,日化清洁,4,2026-06-24,65.54
103188,SKU93023,垃圾袋,日化清洁,1,2026-04-10,72.98
103188,SKU21686,酸奶,食品饮料,5,2026-04-10,65.17
103188,SKU10510,香蕉,生鲜蔬果,5,2026-04-10,25.19
103189,SKU75887,大米,粮油调味,4,2026-02-03,54.11
103189,SKU96060,食用油,粮油调味,1,2026-02-03,44.22
103189,SKU60648,酱油,粮油调味,3,2026-02-03,10.52
103189,SKU64736,橙子,生鲜蔬果,3,2026-02-03,35.04
103190,SKU69760,牛奶,食品饮料,2,2026-04-15,61.94
103190,SKU40933,面包,食品饮料,3,2026-04-15,9.24
103190,SKU52096,方便面,食品饮料,3,2026-04-15,76.96
103190,SKU66100,火锅底料,火锅食材,3,2026-04-15,60.14
103191,SKU90126,洗发水,日化清洁,4,2026-03-05,5.74
103191,SKU85649,沐浴露,日化清洁,4,2026-03-05,26.63
103191,SKU21957,牙膏,日化清洁,1,2026-03-05,47.32
103191,SKU89492,矿泉水,食品饮料,2,2026-03-05,32.31
103191,SKU22865,模具,烘焙用品,2,2026-03-05,31.76
103191,SKU22658,黄油,烘焙用品,3,2026-03-05,10.79
103192,SKU82361,矿泉水,食品饮料,3,2026-09-26,36.47
103192,SKU58358,葡萄,生鲜蔬果,3,2026-09-26,32.77
103192,SKU88319,蘸料,火锅食材,3,2026-09-26,54.62
103192,SKU84195,巧克力,食品饮料,3,2026-09-26,72.77
103192,SKU57258,鸭血,火锅食材,4,2026-09-26,76.73
103192,SKU18715,黄油,烘焙用品,3,2026-09-26,35.99
103193,SKU13446,牛奶,食品饮料,2,2026-03-08,16.76
103193,SKU21732,面包,食品饮料,3,2026-03-08,4.95
103193,SKU66420,洗洁精,日化清洁,3,2026-03-08,4.97
103194,SKU34308,面粉,粮油调味,1,2026-03-19,38.34
103194,SKU39160,土豆,生鲜蔬果,1,2026-03-19,48.59
103194,SKU13204,鸡肉,肉禽蛋品,3,2026-03-19,16.4
103194,SKU48943,虾仁,肉禽蛋品,5,2026-03-19,74.16
103195,SKU97743,油纸,烘焙用品,2,2026-02-22,25.24
103195,SKU29536,模具,烘焙用品,2,2026-02-22,76.94
103195,SKU69894,鸭血,火锅食材,2,2026-02-22,6.04
103195,SKU23049,火锅底料,火锅食材,2,2026-02-22,27.28
103196,SKU99487,糖粉,烘焙用品,2,2026-04-13,60.29
103196,SKU31372,油纸,烘焙用品,3,2026-04-13,72.89
103196,SKU42355,面包,食品饮料,3,2026-04-13,44.08
103196,SKU91051,羊肉卷,火锅食材,3,2026-04-13,27.92
103196,SKU51277,鸭血,火锅食材,5,2026-04-13,29.22
103196,SKU48209,垃圾袋,日化清洁,3,2026-04-13,11.11
103197,SKU80853,牛奶,食品饮料,2,2026-04-14,3.18
103197,SKU63003,羊肉卷,火锅食材,5,2026-04-14,25.65
103197,SKU44490,鸡翅,肉禽蛋品,1,2026-04-14,35.82
103197,SKU49113,可乐,食品饮料,1,2026-04-14,74.49
103198,SKU73672,牛奶,食品饮料,4,2026-05-24,28.56
103198,SKU23226,面包,食品饮料,5,2026-05-24,55.58
103198,SKU12192,消毒液,日化清洁,3,2026-05-24,76.64
103198,SKU66102,醋,粮油调味,5,2026-05-24,45.03
103198,SKU78233,酸奶,食品饮料,2,2026-05-24,47.11
103199,SKU16018,牛奶,食品饮料,3,2026-05-11,21.4
103199,SKU75845,面包,食品饮料,3,2026-05-11,39.51
103199,SKU56412,洗洁精,日化清洁,1,2026-05-11,49.84
103199,SKU51004,酱油,粮油调味,4,2026-05-11,45.23
103199,SKU78923,拖把,日化清洁,1,2026-05-11,30.37
103200,SKU93160,牛奶,食品饮料,3,2026-04-09,30.93
103200,SKU26315,面包,食品饮料,4,2026-04-09,55.09
103200,SKU87264,模具,烘焙用品,3,2026-04-09,16.66
103201,SKU14653,洗衣液,日化清洁,5,2026-06-01,20.32
103201,SKU26151,纸巾,日化清洁,2,2026-06-01,70.48
103201,SKU49070,垃圾袋,日化清洁,1,2026-06-01,23.7
103201,SKU92320,酸奶,食品饮料,5,2026-06-01,43.01
103201,SKU61723,消毒液,日化清洁,3,2026-06-01,32.95
103202,SKU64428,料酒,粮油调味,3,2026-06-07,49.46
103202,SKU58993,土豆,生鲜蔬果,4,2026-06-07,69.68
103202,SKU34926,蛋挞皮,烘焙用品,3,2026-06-07,40.96
103202,SKU57027,淡奶油,烘焙用品,5,2026-06-07,6.07
103202,SKU35173,芝士碎,烘焙用品,3,2026-06-07,52.1
103202,SKU39102,盐,粮油调味,4,2026-06-07,79.97
103203,SKU99385,胡萝卜,生鲜蔬果,5,2026-04-03,12.58
103203,SKU74106,带鱼,肉禽蛋品,1,2026-04-03,19.7
103203,SKU81843,香蕉,生鲜蔬果,4,2026-04-03,17.72
103204,SKU66343,粉丝,火锅食材,4,2026-01-02,69.39
103204,SKU49105,鸡肉,肉禽蛋品,5,2026-01-02,53.88
103204,SKU21589,黄油,烘焙用品,2,2026-01-02,66.36
103204,SKU88303,香草精,烘焙用品,4,2026-01-02,27.67
103204,SKU79784,黄瓜,生鲜蔬果,5,2026-01-02,19.46
103205,SKU49961,蛋糕粉,烘焙用品,3,2026-02-22,7.19
103205,SKU40174,黄油,烘焙用品,2,2026-02-22,79.67
103205,SKU91483,淡奶油,烘焙用品,3,2026-02-22,32.0
103205,SKU44760,鸡蛋,肉禽蛋品,5,2026-02-22,49.3
103205,SKU77535,香蕉,生鲜蔬果,4,2026-02-22,53.54
103206,SKU54073,肥牛卷,火锅食材,5,2026-05-08,3.98
103206,SKU58328,食用油,粮油调味,2,2026-05-08,54.29
103206,SKU64160,肥皂,日化清洁,5,2026-05-08,24.66
103207,SKU24634,洗衣液,日化清洁,1,2026-03-28,15.5
103207,SKU96035,纸巾,日化清洁,5,2026-03-28,13.45
103207,SKU62251,垃圾袋,日化清洁,5,2026-03-28,76.91
103207,SKU74382,蚝油,粮油调味,1,2026-03-28,68.08
103208,SKU81288,大米,粮油调味,3,2026-04-17,10.33
103208,SKU71141,食用油,粮油调味,1,2026-04-17,66.56
103208,SKU22017,酱油,粮油调味,4,2026-04-17,75.04
103208,SKU64958,纸巾,日化清洁,3,2026-04-17,15.26
103208,SKU39702,橙子,生鲜蔬果,2,2026-04-17,25.78
103209,SKU15278,面包,食品饮料,1,2026-07-16,4.22
103209,SKU33419,牛肉,肉禽蛋品,1,2026-07-16,51.64
103210,SKU63029,洗洁精,日化清洁,5,2026-07-09,48.63
103210,SKU29671,丸子,火锅食材,3,2026-07-09,13.75
103210,SKU38153,方便面,食品饮料,4,2026-07-09,29.09
103211,SKU60449,生菜,生鲜蔬果,3,2026-02-15,34.58
103211,SKU75098,西红柿,生鲜蔬果,2,2026-02-15,71.86
103211,SKU35099,垃圾袋,日化清洁,2,2026-02-15,76.55
103211,SKU89676,辣椒酱,粮油调味,3,2026-02-15,45.09
103211,SKU13305,糖粉,烘焙用品,1,2026-02-15,50.56
103211,SKU32085,食用油,粮油调味,1,2026-02-15,74.16
103212,SKU13680,火锅底料,火锅食材,4,2026-05-06,31.91
103212,SKU27412,丸子,火锅食材,4,2026-05-06,77.04
103212,SKU58556,肥牛卷,火锅食材,3,2026-05-06,54.57
103212,SKU48777,香草精,烘焙用品,4,2026-05-06,44.89
103213,SKU32992,洗发水,日化清洁,2,2026-05-04,10.2
103213,SKU92746,沐浴露,日化清洁,4,2026-05-04,22.52
103213,SKU91524,牙膏,日化清洁,2,2026-05-04,8.99
103213,SKU47649,毛肚,火锅食材,3,2026-05-04,7.23
103213,SKU83835,可乐,食品饮料,4,2026-05-04,45.89
103214,SKU48613,芝士碎,烘焙用品,4,2026-02-07,43.42
103214,SKU76023,生菜,生鲜蔬果,5,2026-02-07,54.46
103215,SKU50170,洗衣液,日化清洁,5,2026-02-21,26.76
103215,SKU55109,纸巾,日化清洁,3,2026-02-21,52.69
103215,SKU41359,垃圾袋,日化清洁,1,2026-02-21,48.47
103215,SKU16024,豆腐,火锅食材,2,2026-02-21,18.07
103215,SKU72468,鸡翅,肉禽蛋品,5,2026-02-21,74.02
103215,SKU77366,香草精,烘焙用品,1,2026-02-21,20.08
103216,SKU90613,蛋糕粉,烘焙用品,4,2026-03-23,7.58
103216,SKU40321,黄油,烘焙用品,4,2026-03-23,51.28
103216,SKU50085,淡奶油,烘焙用品,3,2026-03-23,26.57
103216,SKU96361,鸡蛋,肉禽蛋品,4,2026-03-23,70.68
103216,SKU73039,蔬菜拼盘,火锅食材,3,2026-03-23,32.49
103216,SKU54335,垃圾袋,日化清洁,3,2026-03-23,46.83
103216,SKU22923,带鱼,肉禽蛋品,5,2026-03-23,12.33
103217,SKU91923,大米,粮油调味,1,2026-02-01,78.36
103217,SKU86662,食用油,粮油调味,5,2026-02-01,10.18
103217,SKU79801,酱油,粮油调味,3,2026-02-01,75.2
103217,SKU65789,面粉,粮油调味,1,2026-02-01,15.62
103218,SKU58685,鸭血,火锅食材,2,2026-09-17,14.41
103218,SKU96061,食用油,粮油调味,1,2026-09-17,8.51
103219,SKU20481,大米,粮油调味,4,2026-06-23,4.48
103219,SKU96386,食用油,粮油调味,4,2026-06-23,33.96
103219,SKU21354,酱油,粮油调味,1,2026-06-23,7.31
103219,SKU46463,方便面,食品饮料,2,2026-06-23,66.96
103219,SKU73033,可乐,食品饮料,4,2026-06-23,7.15
103219,SKU22965,垃圾袋,日化清洁,2,2026-06-23,7.36
103220,SKU99210,洗衣液,日化清洁,3,2026-05-03,57.56
103220,SKU59033,纸巾,日化清洁,3,2026-05-03,79.36
103220,SKU67880,垃圾袋,日化清洁,1,2026-05-03,79.91
103220,SKU35399,糖粉,烘焙用品,2,2026-05-03,61.34
103221,SKU58701,毛肚,火锅食材,4,2026-01-03,43.86
103221,SKU61247,模具,烘焙用品,5,2026-01-03,8.66
103221,SKU98188,蛋糕粉,烘焙用品,3,2026-01-03,28.85
103221,SKU29011,肥皂,日化清洁,1,2026-01-03,63.88
103222,SKU72936,火锅底料,火锅食材,1,2026-09-13,71.58
103222,SKU73400,丸子,火锅食材,1,2026-09-13,26.41
103222,SKU32747,肥牛卷,火锅食材,2,2026-09-13,70.76
103222,SKU47227,芝士碎,烘焙用品,2,2026-09-13,49.76
103223,SKU12044,黄油,烘焙用品,1,2026-06-07,45.14
103223,SKU11373,洗衣液,日化清洁,3,2026-06-07,23.64
103223,SKU39457,猪肉,肉禽蛋品,1,2026-06-07,42.96
103223,SKU11776,拖把,日化清洁,5,2026-06-07,59.65
103223,SKU30906,可乐,食品饮料,5,2026-06-07,24.04
103223,SKU71105,果汁,食品饮料,1,2026-06-07,63.15
103224,SKU85517,苹果,生鲜蔬果,5,2026-07-23,35.8
103224,SKU23801,香蕉,生鲜蔬果,1,2026-07-23,20.41
103224,SKU12888,橙子,生鲜蔬果,5,2026-07-23,71.11
103224,SKU20026,油纸,烘焙用品,5,2026-07-23,38.36
103224,SKU44199,蔬菜拼盘,火锅食材,3,2026-07-23,37.47
103225,SKU98540,蛋挞皮,烘焙用品,4,2026-02-14,39.35
103225,SKU66382,洗洁精,日化清洁,5,2026-02-14,43.5
103226,SKU58191,蘸料,火锅食材,2,2026-07-16,77.33
103226,SKU57960,牙膏,日化清洁,2,2026-07-16,53.42
103226,SKU17910,排骨,肉禽蛋品,4,2026-07-16,50.12
103226,SKU54193,蛋挞皮,烘焙用品,1,2026-07-16,69.98
103226,SKU20929,食用油,粮油调味,3,2026-07-16,74.89
103226,SKU62293,土豆,生鲜蔬果,3,2026-07-16,75.39
103227,SKU74248,牛肉,肉禽蛋品,4,2026-09-26,55.24
103227,SKU45630,鸡蛋,肉禽蛋品,5,2026-09-26,40.72
103227,SKU83334,蔬菜拼盘,火锅食材,5,2026-09-26,79.1
103227,SKU43080,猪肉,肉禽蛋品,3,2026-09-26,11.99
103228,SKU35167,模具,烘焙用品,3,2026-07-28,4.87
103228,SKU36319,鸡肉,肉禽蛋品,1,2026-07-28,79.06
103228,SKU99962,消毒液,日化清洁,3,2026-07-28,77.24
103228,SKU90351,洗衣液,日化清洁,4,2026-07-28,46.13
103229,SKU81698,鸡肉,肉禽蛋品,1,2026-07-19,11.19
103229,SKU92004,蚝油,粮油调味,3,2026-07-19,29.77
103229,SKU45508,纸巾,日化清洁,2,2026-07-19,15.96
103229,SKU78048,油纸,烘焙用品,1,2026-07-19,16.41
103229,SKU80259,土豆,生鲜蔬果,4,2026-07-19,65.26
103230,SKU85208,火锅底料,火锅食材,1,2026-04-02,24.17
103230,SKU34113,丸子,火锅食材,4,2026-04-02,70.33
103230,SKU83826,肥牛卷,火锅食材,4,2026-04-02,14.1
103230,SKU84427,油纸,烘焙用品,2,2026-04-02,14.6
103230,SKU65814,蛋糕粉,烘焙用品,3,2026-04-02,18.63
103231,SKU15266,垃圾袋,日化清洁,2,2026-03-04,64.4
103231,SKU58313,盐,粮油调味,4,2026-03-04,33.56
103231,SKU94869,酱油,粮油调味,3,2026-03-04,70.8
103231,SKU85676,糖粉,烘焙用品,1,2026-03-04,31.01
103231,SKU12168,鸡翅,肉禽蛋品,4,2026-03-04,19.47
103231,SKU97312,粉丝,火锅食材,2,2026-03-04,38.17
103232,SKU83495,葡萄,生鲜蔬果,1,2026-04-16,58.29
103232,SKU77674,毛肚,火锅食材,2,2026-04-16,46.4
103232,SKU16762,粉丝,火锅食材,1,2026-04-16,68.86
103232,SKU65016,白糖,粮油调味,3,2026-04-16,75.62
103233,SKU37816,香草精,烘焙用品,4,2026-08-05,72.89
103233,SKU78554,猪肉,肉禽蛋品,4,2026-08-05,56.42
103233,SKU68643,生菜,生鲜蔬果,1,2026-08-05,5.75
103234,SKU73990,洗发水,日化清洁,5,2026-03-01,73.76
103234,SKU67715,沐浴露,日化清洁,1,2026-03-01,62.06
103234,SKU19056,牙膏,日化清洁,4,2026-03-01,6.0
103234,SKU49343,面粉,粮油调味,3,2026-03-01,54.4
103234,SKU47177,料酒,粮油调味,2,2026-03-01,78.81
103234,SKU26558,糖粉,烘焙用品,2,2026-03-01,9.72
103235,SKU44605,牛奶,食品饮料,4,2026-04-26,53.29
103235,SKU34167,面包,食品饮料,1,2026-04-26,5.74
103235,SKU97363,黄油,烘焙用品,3,2026-04-26,66.37
103236,SKU34651,鸭血,火锅食材,2,2026-05-05,62.78
103236,SKU23715,料酒,粮油调味,1,2026-05-05,73.43
103236,SKU82184,鸡蛋,肉禽蛋品,3,2026-05-05,66.37
103236,SKU53323,蔬菜拼盘,火锅食材,2,2026-05-05,70.86
103236,SKU82000,排骨,肉禽蛋品,3,2026-05-05,29.59
103236,SKU93485,葡萄,生鲜蔬果,2,2026-05-05,74.18
103237,SKU49172,蛋糕粉,烘焙用品,5,2026-06-22,45.48
103237,SKU43852,粉丝,火锅食材,4,2026-06-22,53.47
103237,SKU32377,肥皂,日化清洁,5,2026-06-22,70.76
103237,SKU80417,鸡肉,肉禽蛋品,2,2026-06-22,16.17
103237,SKU43288,羊肉卷,火锅食材,4,2026-06-22,77.73
103237,SKU11090,薯片,食品饮料,2,2026-06-22,65.88
103238,SKU57424,排骨,肉禽蛋品,3,2026-05-14,13.68
103238,SKU49116,胡萝卜,生鲜蔬果,5,2026-05-14,44.95
103238,SKU63378,土豆,生鲜蔬果,1,2026-05-14,77.51
103238,SKU29677,肥牛卷,火锅食材,4,2026-05-14,64.11
103239,SKU45453,火锅底料,火锅食材,2,2026-05-12,64.64
103239,SKU23774,丸子,火锅食材,1,2026-05-12,67.21
103239,SKU16917,肥牛卷,火锅食材,1,2026-05-12,56.18
103239,SKU23267,苹果,生鲜蔬果,4,2026-05-12,33.59
103239,SKU62403,鸡肉,肉禽蛋品,1,2026-05-12,48.0
103240,SKU12432,消毒液,日化清洁,4,2026-03-14,16.91
103240,SKU35548,饼干,食品饮料,2,2026-03-14,6.63
103241,SKU56831,牛奶,食品饮料,2,2026-02-26,17.01
103241,SKU55093,面包,食品饮料,3,2026-02-26,3.33
103241,SKU61192,鸡翅,肉禽蛋品,4,2026-02-26,69.11
103241,SKU85134,薯片,食品饮料,3,2026-02-26,14.4
103242,SKU28023,排骨,肉禽蛋品,4,2026-07-24,72.87
103242,SKU18950,胡萝卜,生鲜蔬果,4,2026-07-24,54.97
103242,SKU84632,土豆,生鲜蔬果,5,2026-07-24,69.33
103242,SKU16236,薯片,食品饮料,4,2026-07-24,5.86
103243,SKU56379,牛奶,食品饮料,3,2026-05-09,74.69
103243,SKU91870,面包,食品饮料,4,2026-05-09,8.64
103243,SKU99096,糖粉,烘焙用品,1,2026-05-09,54.36
103244,SKU13242,蛋糕粉,烘焙用品,1,2026-08-07,10.64
103244,SKU20173,黄油,烘焙用品,4,2026-08-07,53.52
103244,SKU96973,淡奶油,烘焙用品,2,2026-08-07,77.35
103244,SKU88319,鸡蛋,肉禽蛋品,4,2026-08-07,66.24
103244,SKU11310,胡萝卜,生鲜蔬果,2,2026-08-07,66.59
103244,SKU77844,面包,食品饮料,4,2026-08-07,7.41
103244,SKU48270,虾仁,肉禽蛋品,2,2026-08-07,68.35
103245,SKU97482,洗衣液,日化清洁,4,2026-03-15,7.37
103245,SKU84565,纸巾,日化清洁,3,2026-03-15,54.24
103245,SKU26753,垃圾袋,日化清洁,2,2026-03-15,12.87
103245,SKU22748,方便面,食品饮料,3,2026-03-15,56.53
103245,SKU48113,虾仁,肉禽蛋品,4,2026-03-15,58.77
103245,SKU46722,矿泉水,食品饮料,1,2026-03-15,64.11
103246,SKU57676,方便面,食品饮料,2,2026-09-23,52.06
103246,SKU61718,排骨,肉禽蛋品,4,2026-09-23,26.7
103246,SKU20420,饼干,食品饮料,2,2026-09-23,49.47
103247,SKU74760,香蕉,生鲜蔬果,2,2026-09-02,30.25
103247,SKU90273,拖把,日化清洁,3,2026-09-02,52.02
103247,SKU88330,白糖,粮油调味,4,2026-09-02,50.71
103248,SKU67824,纸巾,日化清洁,4,2026-08-11,32.04
103248,SKU22160,酵母,烘焙用品,3,2026-08-11,77.24
103248,SKU76900,薯片,食品饮料,2,2026-08-11,26.31
103248,SKU86574,消毒液,日化清洁,1,2026-08-11,33.26
103248,SKU37853,蛋挞皮,烘焙用品,3,2026-08-11,73.03
103249,SKU27799,鸭蛋,肉禽蛋品,3,2026-03-10,18.37
103249,SKU47604,蛋挞皮,烘焙用品,3,2026-03-10,58.55
103249,SKU62311,面包,食品饮料,2,2026-03-10,12.24
103250,SKU75825,苹果,生鲜蔬果,1,2026-02-01,28.75
103250,SKU83472,香蕉,生鲜蔬果,1,2026-02-01,61.86
103250,SKU19902,橙子,生鲜蔬果,2,2026-02-01,35.53
103250,SKU17512,醋,粮油调味,3,2026-02-01,33.82
103250,SKU21220,洗衣液,日化清洁,3,2026-02-01,48.84
103251,SKU38394,白糖,粮油调味,4,2026-09-08,79.27
103251,SKU81162,模具,烘焙用品,3,2026-09-08,10.03
103251,SKU14703,苹果,生鲜蔬果,1,2026-09-08,41.34
103251,SKU96228,洗洁精,日化清洁,5,2026-09-08,28.56
103252,SKU14897,大米,粮油调味,4,2026-04-11,78.24
103252,SKU89641,食用油,粮油调味,2,2026-04-11,58.85
103252,SKU29565,酱油,粮油调味,3,2026-04-11,16.49
103252,SKU83523,白糖,粮油调味,1,2026-04-11,54.23
103253,SKU85150,洗衣液,日化清洁,1,2026-06-19,30.71
103253,SKU58283,纸巾,日化清洁,3,2026-06-19,47.25
103253,SKU45126,垃圾袋,日化清洁,5,2026-06-19,62.7
103253,SKU67596,虾仁,肉禽蛋品,1,2026-06-19,49.78
103254,SKU21306,大米,粮油调味,1,2026-02-14,12.09
103254,SKU10037,食用油,粮油调味,1,2026-02-14,52.73
103254,SKU15797,酱油,粮油调味,2,2026-02-14,13.0
103254,SKU56548,消毒液,日化清洁,2,2026-02-14,14.64
103255,SKU19253,火锅底料,火锅食材,4,2026-04-18,47.62
103255,SKU50835,丸子,火锅食材,4,2026-04-18,29.02
103255,SKU18283,肥牛卷,火锅食材,5,2026-04-18,12.29
103255,SKU48568,饼干,食品饮料,1,2026-04-18,69.56
103255,SKU33296,排骨,肉禽蛋品,4,2026-04-18,45.58
103256,SKU81442,洗衣液,日化清洁,1,2026-07-04,31.87
103256,SKU36752,纸巾,日化清洁,3,2026-07-04,29.96
103256,SKU86551,垃圾袋,日化清洁,3,2026-07-04,28.08
103256,SKU70472,黄瓜,生鲜蔬果,5,2026-07-04,33.59
103256,SKU97056,食用油,粮油调味,2,2026-07-04,9.78
103257,SKU59963,火锅底料,火锅食材,3,2026-02-05,57.55
103257,SKU26795,丸子,火锅食材,4,2026-02-05,56.68
103257,SKU36388,肥牛卷,火锅食材,5,2026-02-05,11.57
103257,SKU20258,酱油,粮油调味,4,2026-02-05,77.91
103257,SKU46173,巧克力,食品饮料,3,2026-02-05,20.48
103257,SKU60334,盐,粮油调味,3,2026-02-05,4.11
103258,SKU82510,酵母,烘焙用品,3,2026-01-03,58.34
103258,SKU46881,鸭蛋,肉禽蛋品,3,2026-01-03,48.89
103258,SKU58794,鸡翅,肉禽蛋品,3,2026-01-03,74.92
103258,SKU65792,黄瓜,生鲜蔬果,2,2026-01-03,50.67
103259,SKU91512,鸡蛋,肉禽蛋品,2,2026-01-01,76.32
103259,SKU68078,盐,粮油调味,3,2026-01-01,7.85
103259,SKU13852,醋,粮油调味,3,2026-01-01,11.55
103259,SKU55853,肥皂,日化清洁,1,2026-01-01,37.52
103259,SKU28606,牛奶,食品饮料,4,2026-01-01,31.3
103259,SKU44198,料酒,粮油调味,3,2026-01-01,76.81
103260,SKU99102,可乐,食品饮料,2,2026-09-24,71.67
103260,SKU73764,薯片,食品饮料,3,2026-09-24,62.08
103260,SKU54311,饼干,食品饮料,5,2026-09-24,3.16
103260,SKU36965,消毒液,日化清洁,1,2026-09-24,39.91
103260,SKU88169,牛肉,肉禽蛋品,1,2026-09-24,57.09
103260,SKU26686,虾仁,肉禽蛋品,1,2026-09-24,40.06
103261,SKU38011,拖把,日化清洁,4,2026-05-22,17.92
103261,SKU33399,酸奶,食品饮料,5,2026-05-22,60.01
103261,SKU36772,蛋挞皮,烘焙用品,5,2026-05-22,33.53
103261,SKU53781,黄油,烘焙用品,5,2026-05-22,47.46
103262,SKU57000,火锅底料,火锅食材,3,2026-05-16,18.16
103262,SKU35009,丸子,火锅食材,5,2026-05-16,66.52
103262,SKU44022,肥牛卷,火锅食材,5,2026-05-16,20.51
103262,SKU32306,猪肉,肉禽蛋品,2,2026-05-16,72.22
103263,SKU58228,蘸料,火锅食材,3,2026-09-27,71.09
103263,SKU60061,鸭血,火锅食材,5,2026-09-27,61.49
103263,SKU33023,排骨,肉禽蛋品,1,2026-09-27,25.63
103264,SKU36953,模具,烘焙用品,3,2026-09-22,44.81
103264,SKU78487,油纸,烘焙用品,2,2026-09-22,28.97
103264,SKU87186,土豆,生鲜蔬果,2,2026-09-22,50.58
103264,SKU47220,拖把,日化清洁,2,2026-09-22,23.65
103265,SKU87586,黄油,烘焙用品,5,2026-03-08,27.04
103265,SKU39217,蔬菜拼盘,火锅食材,2,2026-03-08,48.47
103266,SKU24371,蛋糕粉,烘焙用品,2,2026-07-01,20.72
103266,SKU48754,黄油,烘焙用品,5,2026-07-01,13.57
103266,SKU75836,淡奶油,烘焙用品,4,2026-07-01,74.02
103266,SKU43610,鸡蛋,肉禽蛋品,4,2026-07-01,24.45
103266,SKU99112,盐,粮油调味,3,2026-07-01,35.31
103266,SKU97000,蔬菜拼盘,火锅食材,1,2026-07-01,69.22
103267,SKU50707,淡奶油,烘焙用品,5,2026-02-21,66.62
103267,SKU92736,毛肚,火锅食材,5,2026-02-21,11.78
103267,SKU64033,拖把,日化清洁,2,2026-02-21,49.67
103267,SKU47305,垃圾袋,日化清洁,3,2026-02-21,27.81
103267,SKU27033,酱油,粮油调味,5,2026-02-21,67.23
103267,SKU84181,火锅底料,火锅食材,4,2026-02-21,41.15
103268,SKU99029,火锅底料,火锅食材,4,2026-06-20,25.91
103268,SKU85818,丸子,火锅食材,4,2026-06-20,39.25
103268,SKU75860,肥牛卷,火锅食材,1,2026-06-20,12.19
103268,SKU15684,方便面,食品饮料,3,2026-06-20,69.44
103268,SKU68613,鸭蛋,肉禽蛋品,1,2026-06-20,64.4
103268,SKU36092,辣椒酱,粮油调味,1,2026-06-20,45.86
103269,SKU96845,鸭蛋,肉禽蛋品,5,2026-02-22,13.28
103269,SKU44389,火锅底料,火锅食材,5,2026-02-22,22.9
103269,SKU25368,虾仁,肉禽蛋品,2,2026-02-22,76.36
103269,SKU44685,纸巾,日化清洁,5,2026-02-22,68.15
103269,SKU21995,鸭血,火锅食材,3,2026-02-22,28.1
103270,SKU59050,肥皂,日化清洁,3,2026-03-18,65.43
103270,SKU40036,鸭蛋,肉禽蛋品,4,2026-03-18,60.79
103270,SKU76021,大米,粮油调味,4,2026-03-18,29.33
103270,SKU71511,鸡蛋,肉禽蛋品,2,2026-03-18,63.33
103270,SKU15534,丸子,火锅食材,1,2026-03-18,26.34
103270,SKU69395,巧克力,食品饮料,2,2026-03-18,17.85
103271,SKU27996,土豆,生鲜蔬果,1,2026-02-21,59.42
103271,SKU38704,消毒液,日化清洁,1,2026-02-21,74.44
103271,SKU41488,鸭血,火锅食材,3,2026-02-21,42.61
103271,SKU68264,酱油,粮油调味,5,2026-02-21,51.48
103272,SKU84238,酱油,粮油调味,3,2026-06-03,30.89
103272,SKU57613,方便面,食品饮料,4,2026-06-03,16.38
103272,SKU84488,肥皂,日化清洁,5,2026-06-03,7.88
103272,SKU77820,带鱼,肉禽蛋品,5,2026-06-03,42.49
103272,SKU56934,苹果,生鲜蔬果,3,2026-06-03,62.71
103273,SKU86714,蛋糕粉,烘焙用品,2,2026-03-28,31.1
103273,SKU83440,黄油,烘焙用品,5,2026-03-28,24.83
103273,SKU47340,淡奶油,烘焙用品,3,2026-03-28,73.32
103273,SKU14985,鸡蛋,肉禽蛋品,2,2026-03-28,15.15
103273,SKU75796,糖粉,烘焙用品,3,2026-03-28,25.67
103273,SKU85736,丸子,火锅食材,4,2026-03-28,74.87
103273,SKU76056,苹果,生鲜蔬果,1,2026-03-28,17.31
103274,SKU29152,大米,粮油调味,4,2026-07-15,60.47
103274,SKU92105,食用油,粮油调味,2,2026-07-15,6.94
103274,SKU89746,酱油,粮油调味,1,2026-07-15,36.91
103274,SKU56669,牛奶,食品饮料,3,2026-07-15,77.41
103274,SKU34762,模具,烘焙用品,4,2026-07-15,64.21
103274,SKU59046,白菜,生鲜蔬果,2,2026-07-15,48.85
103275,SKU83073,胡萝卜,生鲜蔬果,4,2026-02-13,23.79
103275,SKU47049,沐浴露,日化清洁,4,2026-02-13,18.8
103275,SKU94272,蛋挞皮,烘焙用品,4,2026-02-13,6.92
103276,SKU77024,粉丝,火锅食材,2,2026-01-07,32.72
103276,SKU99238,蛋挞皮,烘焙用品,4,2026-01-07,66.74
103276,SKU75882,橙子,生鲜蔬果,4,2026-01-07,28.69
103277,SKU76432,火锅底料,火锅食材,3,2026-05-01,17.05
103277,SKU61153,丸子,火锅食材,5,2026-05-01,52.18
103277,SKU70573,肥牛卷,火锅食材,1,2026-05-01,37.35
103277,SKU17595,淡奶油,烘焙用品,3,2026-05-01,71.27
103277,SKU48550,牙膏,日化清洁,1,2026-05-01,21.93
103277,SKU58979,蔬菜拼盘,火锅食材,1,2026-05-01,3.0
103278,SKU45289,香草精,烘焙用品,1,2026-09-26,48.34
103278,SKU54393,白菜,生鲜蔬果,5,2026-09-26,37.26
103278,SKU12660,牛奶,食品饮料,1,2026-09-26,68.06
103278,SKU65999,肥皂,日化清洁,5,2026-09-26,39.71
103278,SKU43802,牛肉,肉禽蛋品,3,2026-09-26,76.04
103278,SKU71963,丸子,火锅食材,1,2026-09-26,64.74
103279,SKU52579,大米,粮油调味,4,2026-02-21,11.19
103279,SKU33905,食用油,粮油调味,3,2026-02-21,51.2
103279,SKU28018,酱油,粮油调味,3,2026-02-21,51.47
103279,SKU99072,可乐,食品饮料,4,2026-02-21,46.13
103280,SKU77364,洗发水,日化清洁,2,2026-03-02,74.2
103280,SKU34978,沐浴露,日化清洁,2,2026-03-02,48.78
103280,SKU66834,牙膏,日化清洁,1,2026-03-02,8.74
103280,SKU26172,鸭蛋,肉禽蛋品,5,2026-03-02,27.89
103281,SKU13821,洗衣液,日化清洁,5,2026-06-26,46.49
103281,SKU38423,纸巾,日化清洁,4,2026-06-26,63.42
103281,SKU60255,垃圾袋,日化清洁,4,2026-06-26,69.05
103281,SKU11586,洗洁精,日化清洁,4,2026-06-26,65.2
103281,SKU60337,葡萄,生鲜蔬果,5,2026-06-26,70.38
103282,SKU21548,大米,粮油调味,1,2026-01-14,30.32
103282,SKU82308,食用油,粮油调味,5,2026-01-14,20.64
103282,SKU22747,酱油,粮油调味,3,2026-01-14,4.69
103282,SKU15335,葡萄,生鲜蔬果,3,2026-01-14,58.84
103282,SKU45837,酵母,烘焙用品,4,2026-01-14,50.76
103282,SKU84075,果汁,食品饮料,2,2026-01-14,73.24
103283,SKU55994,排骨,肉禽蛋品,3,2026-04-11,36.36
103283,SKU48050,胡萝卜,生鲜蔬果,3,2026-04-11,15.04
103283,SKU44145,土豆,生鲜蔬果,1,2026-04-11,8.14
103283,SKU82378,虾仁,肉禽蛋品,1,2026-04-11,25.6
103284,SKU36824,三文鱼,肉禽蛋品,4,2026-02-05,21.47
103284,SKU75614,拖把,日化清洁,5,2026-02-05,34.57
103284,SKU13525,肥皂,日化清洁,5,2026-02-05,27.94
103284,SKU90057,蚝油,粮油调味,4,2026-02-05,77.63
103284,SKU63170,洗洁精,日化清洁,3,2026-02-05,28.03
103284,SKU45891,食用油,粮油调味,5,2026-02-05,51.46
103285,SKU66223,猪肉,肉禽蛋品,5,2026-08-02,54.27
103285,SKU33648,肥皂,日化清洁,3,2026-08-02,46.52
103285,SKU43147,肥牛卷,火锅食材,2,2026-08-02,48.77
103286,SKU75826,面包,食品饮料,4,2026-05-27,69.03
103286,SKU95330,料酒,粮油调味,3,2026-05-27,22.28
103286,SKU32103,西红柿,生鲜蔬果,1,2026-05-27,59.61
103286,SKU72166,油纸,烘焙用品,2,2026-05-27,7.49
103286,SKU50577,巧克力,食品饮料,1,2026-05-27,70.64
103286,SKU14144,牙膏,日化清洁,4,2026-05-27,66.46
103287,SKU90757,胡萝卜,生鲜蔬果,2,2026-03-18,37.23
103287,SKU19529,毛肚,火锅食材,1,2026-03-18,5.43
103288,SKU24524,蚝油,粮油调味,5,2026-09-23,7.24
103288,SKU10428,火锅底料,火锅食材,1,2026-09-23,24.94
103289,SKU27547,面包,食品饮料,3,2026-09-21,34.26
103289,SKU18427,洗衣液,日化清洁,1,2026-09-21,77.94
103289,SKU53491,辣椒酱,粮油调味,5,2026-09-21,55.38
103289,SKU21338,三文鱼,肉禽蛋品,1,2026-09-21,76.78
103290,SKU54752,蛋糕粉,烘焙用品,2,2026-01-19,8.46
103290,SKU66838,黄油,烘焙用品,3,2026-01-19,9.82
103290,SKU11435,淡奶油,烘焙用品,2,2026-01-19,55.39
103290,SKU77159,鸡蛋,肉禽蛋品,1,2026-01-19,3.53
103290,SKU95556,纸巾,日化清洁,5,2026-01-19,60.65
103290,SKU49108,豆腐,火锅食材,4,2026-01-19,52.45
103291,SKU52720,排骨,肉禽蛋品,2,2026-02-10,42.04
103291,SKU99765,胡萝卜,生鲜蔬果,4,2026-02-10,63.76
103291,SKU46561,土豆,生鲜蔬果,2,2026-02-10,9.02
103291,SKU47662,大米,粮油调味,5,2026-02-10,20.84
103292,SKU19455,牛奶,食品饮料,4,2026-09-18,35.05
103292,SKU89626,面包,食品饮料,5,2026-09-18,55.0
103292,SKU71816,羊肉卷,火锅食材,1,2026-09-18,21.24
103292,SKU22767,盐,粮油调味,4,2026-09-18,22.02
103292,SKU51815,虾仁,肉禽蛋品,1,2026-09-18,64.06
103293,SKU55475,蚝油,粮油调味,3,2026-04-26,11.8
103293,SKU85314,白糖,粮油调味,1,2026-04-26,51.18
103293,SKU12621,牙膏,日化清洁,3,2026-04-26,6.03
103293,SKU66568,蔬菜拼盘,火锅食材,4,2026-04-26,23.39
103294,SKU76174,排骨,肉禽蛋品,1,2026-08-05,43.41
103294,SKU16156,胡萝卜,生鲜蔬果,2,2026-08-05,10.41
103294,SKU99347,土豆,生鲜蔬果,4,2026-08-05,32.09
103294,SKU85749,粉丝,火锅食材,1,2026-08-05,27.96
103294,SKU80175,蘸料,火锅食材,3,2026-08-05,71.69
103294,SKU15908,猪肉,肉禽蛋品,4,2026-08-05,79.55
103295,SKU27167,排骨,肉禽蛋品,4,2026-05-05,58.08
103295,SKU87013,胡萝卜,生鲜蔬果,3,2026-05-05,71.38
103295,SKU73681,土豆,生鲜蔬果,4,2026-05-05,32.42
103295,SKU93130,淡奶油,烘焙用品,1,2026-05-05,16.55
103296,SKU25187,鸡翅,肉禽蛋品,1,2026-08-07,78.14
103296,SKU67129,白糖,粮油调味,4,2026-08-07,68.63
103296,SKU98090,白菜,生鲜蔬果,2,2026-08-07,49.43
103296,SKU33765,垃圾袋,日化清洁,4,2026-08-07,43.23
103296,SKU32165,模具,烘焙用品,4,2026-08-07,20.62
103297,SKU10391,面粉,粮油调味,3,2026-09-19,25.38
103297,SKU79087,蛋糕粉,烘焙用品,4,2026-09-19,79.8
103297,SKU76370,蔬菜拼盘,火锅食材,5,2026-09-19,28.55
103297,SKU41354,洗洁精,日化清洁,5,2026-09-19,49.85
103298,SKU72700,醋,粮油调味,3,2026-03-03,12.74
103298,SKU37553,苹果,生鲜蔬果,5,2026-03-03,28.05
103298,SKU79729,薯片,食品饮料,3,2026-03-03,76.73
103299,SKU13249,大米,粮油调味,4,2026-06-14,15.96
103299,SKU95064,食用油,粮油调味,3,2026-06-14,55.74
103299,SKU22653,酱油,粮油调味,3,2026-06-14,79.76
103299,SKU22023,黄瓜,生鲜蔬果,4,2026-06-14,74.74
103299,SKU60670,可乐,食品饮料,4,2026-06-14,58.81
103299,SKU73820,巧克力,食品饮料,3,2026-06-14,67.94
103300,SKU26386,洗衣液,日化清洁,4,2026-01-02,23.46
103300,SKU15126,纸巾,日化清洁,1,2026-01-02,13.22
103300,SKU98216,垃圾袋,日化清洁,4,2026-01-02,64.88
103300,SKU98372,土豆,生鲜蔬果,4,2026-01-02,4.65
103300,SKU80170,面包,食品饮料,5,2026-01-02,5.01
103301,SKU76440,鸡翅,肉禽蛋品,4,2026-06-14,7.01
103301,SKU28445,鸡肉,肉禽蛋品,5,2026-06-14,3.9
103302,SKU88456,牙膏,日化清洁,2,2026-05-05,14.67
103302,SKU61318,牛奶,食品饮料,4,2026-05-05,62.66
103302,SKU91170,土豆,生鲜蔬果,4,2026-05-05,20.38
103302,SKU78428,糖粉,烘焙用品,3,2026-05-05,71.52
103302,SKU21708,油纸,烘焙用品,4,2026-05-05,77.98
103303,SKU48169,洗发水,日化清洁,5,2026-06-23,8.19
103303,SKU67235,沐浴露,日化清洁,4,2026-06-23,29.96
103303,SKU86618,牙膏,日化清洁,4,2026-06-23,63.65
103303,SKU28740,洗洁精,日化清洁,2,2026-06-23,76.85
103303,SKU89013,饼干,食品饮料,4,2026-06-23,8.02
103304,SKU41497,排骨,肉禽蛋品,5,2026-06-05,36.13
103304,SKU13551,鸭血,火锅食材,4,2026-06-05,13.8
103304,SKU43459,酵母,烘焙用品,1,2026-06-05,62.43
103304,SKU51281,火锅底料,火锅食材,5,2026-06-05,53.22
103304,SKU42302,葡萄,生鲜蔬果,3,2026-06-05,38.62
103305,SKU49806,牛肉,肉禽蛋品,1,2026-04-05,67.92
103305,SKU28822,淡奶油,烘焙用品,2,2026-04-05,71.06
103305,SKU61243,白糖,粮油调味,3,2026-04-05,52.42
103305,SKU53660,面包,食品饮料,5,2026-04-05,11.86
103305,SKU94344,蔬菜拼盘,火锅食材,2,2026-04-05,76.36
103305,SKU41400,辣椒酱,粮油调味,5,2026-04-05,69.47
103306,SKU46979,蘸料,火锅食材,4,2026-01-11,15.73
103306,SKU66167,羊肉卷,火锅食材,1,2026-01-11,24.62
103307,SKU76501,火锅底料,火锅食材,1,2026-07-03,47.1
103307,SKU22001,丸子,火锅食材,1,2026-07-03,64.06
103307,SKU29466,肥牛卷,火锅食材,5,2026-07-03,50.15
103307,SKU66491,芝士碎,烘焙用品,5,2026-07-03,56.61
103308,SKU72859,鸭蛋,肉禽蛋品,5,2026-06-07,8.52
103308,SKU17460,矿泉水,食品饮料,5,2026-06-07,30.96
103308,SKU49428,纸巾,日化清洁,2,2026-06-07,65.72
103308,SKU19804,土豆,生鲜蔬果,2,2026-06-07,32.63
103308,SKU47343,胡萝卜,生鲜蔬果,2,2026-06-07,29.13
103309,SKU30962,鸡肉,肉禽蛋品,1,2026-03-25,28.25
103309,SKU95519,豆腐,火锅食材,1,2026-03-25,14.98
103309,SKU37830,猪肉,肉禽蛋品,5,2026-03-25,21.49
103309,SKU12252,鸡翅,肉禽蛋品,5,2026-03-25,38.01
103309,SKU15101,巧克力,食品饮料,1,2026-03-25,55.58
103310,SKU70505,洗发水,日化清洁,2,2026-04-21,39.04
103310,SKU92624,沐浴露,日化清洁,3,2026-04-21,36.55
103310,SKU12835,牙膏,日化清洁,3,2026-04-21,52.55
103310,SKU50373,糖粉,烘焙用品,5,2026-04-21,48.45
103310,SKU72752,纸巾,日化清洁,3,2026-04-21,13.62
103310,SKU54237,油纸,烘焙用品,2,2026-04-21,77.57
103311,SKU41016,排骨,肉禽蛋品,1,2026-05-24,17.89
103311,SKU77178,胡萝卜,生鲜蔬果,1,2026-05-24,74.96
103311,SKU57319,土豆,生鲜蔬果,3,2026-05-24,59.36
103311,SKU27712,方便面,食品饮料,2,2026-05-24,57.99
103311,SKU91481,矿泉水,食品饮料,3,2026-05-24,27.93
103312,SKU61385,洗发水,日化清洁,1,2026-05-26,71.74
103312,SKU51326,沐浴露,日化清洁,2,2026-05-26,14.39
103312,SKU24227,牙膏,日化清洁,5,2026-05-26,62.61
103312,SKU34874,胡萝卜,生鲜蔬果,2,2026-05-26,19.25
103312,SKU66041,方便面,食品饮料,2,2026-05-26,3.83
103313,SKU37084,鸡蛋,肉禽蛋品,2,2026-02-26,40.93
103313,SKU91325,胡萝卜,生鲜蔬果,4,2026-02-26,39.14
103313,SKU26345,排骨,肉禽蛋品,1,2026-02-26,42.4
103314,SKU86783,带鱼,肉禽蛋品,1,2026-04-24,11.0
103314,SKU81994,胡萝卜,生鲜蔬果,1,2026-04-24,75.73
103314,SKU16400,排骨,肉禽蛋品,2,2026-04-24,54.02
103315,SKU18286,蚝油,粮油调味,5,2026-09-16,53.25
103315,SKU95087,白糖,粮油调味,2,2026-09-16,42.75
103315,SKU94519,香蕉,生鲜蔬果,5,2026-09-16,9.35
103316,SKU83898,大米,粮油调味,5,2026-09-26,14.8
103316,SKU97017,土豆,生鲜蔬果,4,2026-09-26,53.6
103317,SKU94449,火锅底料,火锅食材,3,2026-09-21,74.06
103317,SKU81085,丸子,火锅食材,5,2026-09-21,35.47
103317,SKU58399,肥牛卷,火锅食材,2,2026-09-21,71.0
103317,SKU11096,牛奶,食品饮料,5,2026-09-21,58.27
103317,SKU78768,白糖,粮油调味,3,2026-09-21,78.36
103318,SKU46631,芝士碎,烘焙用品,5,2026-08-16,6.96
103318,SKU45832,毛肚,火锅食材,3,2026-08-16,35.24
103318,SKU95994,苹果,生鲜蔬果,2,2026-08-16,74.46
103318,SKU79421,模具,烘焙用品,3,2026-08-16,75.0
103318,SKU45827,淡奶油,烘焙用品,4,2026-08-16,23.93
103318,SKU86515,羊肉卷,火锅食材,1,2026-08-16,56.17
103319,SKU43508,虾仁,肉禽蛋品,4,2026-03-22,72.86
103319,SKU30047,香蕉,生鲜蔬果,2,2026-03-22,64.3
103320,SKU85572,牛肉,肉禽蛋品,4,2026-05-18,32.79
103320,SKU37150,矿泉水,食品饮料,5,2026-05-18,62.71
103321,SKU23982,鸡蛋,肉禽蛋品,4,2026-07-07,55.14
103321,SKU42305,牙膏,日化清洁,3,2026-07-07,7.16
103321,SKU43049,蛋糕粉,烘焙用品,3,2026-07-07,44.49
103321,SKU52514,纸巾,日化清洁,3,2026-07-07,77.17
103321,SKU84276,鸭血,火锅食材,2,2026-07-07,35.45
103321,SKU32591,消毒液,日化清洁,2,2026-07-07,53.2
103322,SKU72121,大米,粮油调味,1,2026-07-07,8.52
103322,SKU87743,食用油,粮油调味,3,2026-07-07,78.5
103322,SKU21387,酱油,粮油调味,4,2026-07-07,34.41
103322,SKU65563,糖粉,烘焙用品,3,2026-07-07,26.55
103322,SKU97480,葡萄,生鲜蔬果,4,2026-07-07,31.73
103322,SKU17687,毛肚,火锅食材,3,2026-07-07,74.94
103323,SKU22571,火锅底料,火锅食材,1,2026-09-23,32.58
103323,SKU33055,排骨,肉禽蛋品,3,2026-09-23,69.9
103323,SKU93946,橙子,生鲜蔬果,2,2026-09-23,53.72
103323,SKU87241,丸子,火锅食材,3,2026-09-23,71.86
103324,SKU86973,大米,粮油调味,2,2026-07-01,71.4
103324,SKU98041,食用油,粮油调味,3,2026-07-01,4.76
103324,SKU67004,酱油,粮油调味,3,2026-07-01,25.23
103324,SKU45563,牙膏,日化清洁,1,2026-07-01,64.75
103324,SKU47712,纸巾,日化清洁,5,2026-07-01,42.59
103325,SKU51447,生菜,生鲜蔬果,3,2026-09-22,36.85
103325,SKU27037,蘸料,火锅食材,4,2026-09-22,34.0
103325,SKU66836,鸡蛋,肉禽蛋品,4,2026-09-22,53.16
103325,SKU11557,羊肉卷,火锅食材,5,2026-09-22,56.75
103325,SKU86145,可乐,食品饮料,1,2026-09-22,73.17
103326,SKU14592,蚝油,粮油调味,3,2026-08-08,77.39
103326,SKU65545,蛋挞皮,烘焙用品,4,2026-08-08,39.07
103327,SKU69833,醋,粮油调味,5,2026-08-26,57.43
103327,SKU54202,矿泉水,食品饮料,1,2026-08-26,27.68
103327,SKU98096,西红柿,生鲜蔬果,1,2026-08-26,11.49
103328,SKU99690,西红柿,生鲜蔬果,4,2026-04-07,58.84
103328,SKU91578,鸡蛋,肉禽蛋品,4,2026-04-07,56.87
103328,SKU22661,黄瓜,生鲜蔬果,4,2026-04-07,56.55
103328,SKU56685,牛肉,肉禽蛋品,5,2026-04-07,78.42
103329,SKU78252,蛋糕粉,烘焙用品,1,2026-04-24,28.54
103329,SKU29945,黄油,烘焙用品,3,2026-04-24,77.48
103329,SKU32180,淡奶油,烘焙用品,4,2026-04-24,18.98
103329,SKU16027,鸡蛋,肉禽蛋品,2,2026-04-24,73.83
103329,SKU78181,排骨,肉禽蛋品,4,2026-04-24,57.11
103329,SKU77415,橙子,生鲜蔬果,3,2026-04-24,39.17
103330,SKU21495,肥皂,日化清洁,2,2026-09-10,4.43
103330,SKU61453,果汁,食品饮料,1,2026-09-10,42.92
103331,SKU84085,辣椒酱,粮油调味,5,2026-09-06,10.07
103331,SKU67648,矿泉水,食品饮料,4,2026-09-06,65.41
103331,SKU19774,香蕉,生鲜蔬果,3,2026-09-06,11.32
103331,SKU26559,猪肉,肉禽蛋品,5,2026-09-06,56.03
103331,SKU56638,鸭血,火锅食材,4,2026-09-06,9.13
103332,SKU28376,火锅底料,火锅食材,5,2026-02-25,46.15
103332,SKU38694,丸子,火锅食材,4,2026-02-25,34.95
103332,SKU88143,肥牛卷,火锅食材,3,2026-02-25,19.16
103332,SKU58644,饼干,食品饮料,3,2026-02-25,36.28
103332,SKU79729,豆腐,火锅食材,4,2026-02-25,59.5
103332,SKU80434,面粉,粮油调味,5,2026-02-25,33.95
103333,SKU68609,辣椒酱,粮油调味,1,2026-04-11,26.96
103333,SKU98372,油纸,烘焙用品,2,2026-04-11,37.52
103333,SKU36488,可乐,食品饮料,4,2026-04-11,48.85
103333,SKU95267,牙膏,日化清洁,1,2026-04-11,70.44
103333,SKU67959,模具,烘焙用品,5,2026-04-11,44.57
103334,SKU53457,可乐,食品饮料,2,2026-02-05,58.75
103334,SKU30929,薯片,食品饮料,3,2026-02-05,23.82
103334,SKU87215,饼干,食品饮料,2,2026-02-05,36.8
103334,SKU97016,鸭血,火锅食材,5,2026-02-05,37.79
103334,SKU23499,鸡蛋,肉禽蛋品,1,2026-02-05,23.87
103335,SKU58218,蘸料,火锅食材,2,2026-05-27,14.62
103335,SKU14286,淡奶油,烘焙用品,5,2026-05-27,60.91
103335,SKU76288,猪肉,肉禽蛋品,4,2026-05-27,21.66
103335,SKU54471,料酒,粮油调味,4,2026-05-27,37.79
103335,SKU75666,蛋糕粉,烘焙用品,3,2026-05-27,58.42
103335,SKU12040,饼干,食品饮料,3,2026-05-27,5.89
103336,SKU10598,牛奶,食品饮料,3,2026-05-05,38.35
103336,SKU63213,面包,食品饮料,1,2026-05-05,55.27
103336,SKU61170,肥牛卷,火锅食材,4,2026-05-05,73.37
103336,SKU86212,粉丝,火锅食材,4,2026-05-05,47.07
103337,SKU15444,拖把,日化清洁,5,2026-03-16,42.97
103337,SKU99138,苹果,生鲜蔬果,5,2026-03-16,40.49
103337,SKU92432,羊肉卷,火锅食材,5,2026-03-16,75.93
103338,SKU24172,苹果,生鲜蔬果,1,2026-03-27,70.74
103338,SKU27079,香蕉,生鲜蔬果,2,2026-03-27,34.09
103338,SKU35024,橙子,生鲜蔬果,3,2026-03-27,3.42
103338,SKU99115,牛奶,食品饮料,1,2026-03-27,49.94
103338,SKU59609,酸奶,食品饮料,2,2026-03-27,58.09
103338,SKU73150,粉丝,火锅食材,3,2026-03-27,62.7
103339,SKU53114,大米,粮油调味,2,2026-05-28,75.05
103339,SKU95023,食用油,粮油调味,1,2026-05-28,31.14
103339,SKU78468,酱油,粮油调味,4,2026-05-28,38.89
103339,SKU47741,醋,粮油调味,5,2026-05-28,66.9
103340,SKU33721,肥皂,日化清洁,3,2026-09-28,39.89
103340,SKU79884,牙膏,日化清洁,1,2026-09-28,5.19
103341,SKU47260,洗衣液,日化清洁,2,2026-03-08,68.51
103341,SKU96432,纸巾,日化清洁,2,2026-03-08,55.07
103341,SKU26088,垃圾袋,日化清洁,5,2026-03-08,7.63
103341,SKU70459,香草精,烘焙用品,2,2026-03-08,73.1
103341,SKU89631,鸡肉,肉禽蛋品,2,2026-03-08,53.82
103341,SKU48832,果汁,食品饮料,2,2026-03-08,44.23
103342,SKU51266,黄油,烘焙用品,2,2026-01-26,51.31
103342,SKU29794,酵母,烘焙用品,1,2026-01-26,16.54
103342,SKU21255,洗衣液,日化清洁,1,2026-01-26,40.33
103342,SKU99075,肥牛卷,火锅食材,3,2026-01-26,64.35
103342,SKU16250,蚝油,粮油调味,5,2026-01-26,51.77
103342,SKU33241,洗发水,日化清洁,3,2026-01-26,32.58
103343,SKU35002,牛奶,食品饮料,1,2026-03-05,21.23
103343,SKU12209,面包,食品饮料,4,2026-03-05,44.15
103343,SKU50473,面粉,粮油调味,1,2026-03-05,32.9
103344,SKU92221,虾仁,肉禽蛋品,3,2026-01-20,6.03
103344,SKU10965,辣椒酱,粮油调味,5,2026-01-20,17.54
103344,SKU79498,垃圾袋,日化清洁,1,2026-01-20,56.04
103344,SKU49295,洗洁精,日化清洁,2,2026-01-20,53.67
103345,SKU96044,排骨,肉禽蛋品,5,2026-05-22,31.57
103345,SKU25885,蚝油,粮油调味,4,2026-05-22,7.21
103345,SKU43376,香蕉,生鲜蔬果,5,2026-05-22,17.51
103345,SKU60083,拖把,日化清洁,1,2026-05-22,65.35
103345,SKU59103,鸡肉,肉禽蛋品,3,2026-05-22,78.23
103345,SKU26236,西红柿,生鲜蔬果,1,2026-05-22,77.56
103346,SKU85643,西红柿,生鲜蔬果,2,2026-09-05,60.36
103346,SKU13343,鸡蛋,肉禽蛋品,3,2026-09-05,7.75
103346,SKU35519,黄瓜,生鲜蔬果,2,2026-09-05,21.84
103346,SKU25869,蚝油,粮油调味,2,2026-09-05,58.53
103347,SKU34460,蔬菜拼盘,火锅食材,1,2026-04-19,24.8
103347,SKU14747,洗衣液,日化清洁,4,2026-04-19,20.98
103347,SKU45230,毛肚,火锅食材,2,2026-04-19,13.59
103348,SKU22036,猪肉,肉禽蛋品,2,2026-02-13,55.56
103348,SKU72838,洗发水,日化清洁,1,2026-02-13,28.3
103349,SKU25807,蛋糕粉,烘焙用品,2,2026-09-21,51.97
103349,SKU26012,黄油,烘焙用品,5,2026-09-21,52.87
103349,SKU71384,淡奶油,烘焙用品,5,2026-09-21,69.09
103349,SKU21362,鸡蛋,肉禽蛋品,5,2026-09-21,63.69
103349,SKU12824,蔬菜拼盘,火锅食材,4,2026-09-21,34.31
103349,SKU95913,牛肉,肉禽蛋品,1,2026-09-21,48.78
103349,SKU46222,果汁,食品饮料,1,2026-09-21,11.32
103350,SKU10161,可乐,食品饮料,3,2026-04-24,11.45
103350,SKU83378,薯片,食品饮料,3,2026-04-24,54.92
103350,SKU13588,饼干,食品饮料,5,2026-04-24,13.56
103350,SKU55604,香草精,烘焙用品,4,2026-04-24,23.2
103350,SKU94888,橙子,生鲜蔬果,4,2026-04-24,76.33
103350,SKU90760,猪肉,肉禽蛋品,1,2026-04-24,51.49
103351,SKU58922,醋,粮油调味,5,2026-09-07,38.08
103351,SKU93579,芝士碎,烘焙用品,2,2026-09-07,6.96
103351,SKU64004,肥皂,日化清洁,3,2026-09-07,32.16
103351,SKU22397,虾仁,肉禽蛋品,4,2026-09-07,50.65
103351,SKU19402,白糖,粮油调味,4,2026-09-07,37.24
103352,SKU69053,巧克力,食品饮料,3,2026-03-15,78.25
103352,SKU36495,饼干,食品饮料,2,2026-03-15,27.73
103352,SKU31637,土豆,生鲜蔬果,2,2026-03-15,52.94
103352,SKU86455,鸡肉,肉禽蛋品,3,2026-03-15,62.47
103352,SKU70053,辣椒酱,粮油调味,4,2026-03-15,65.05
103352,SKU82895,豆腐,火锅食材,2,2026-03-15,4.26
103353,SKU55171,芝士碎,烘焙用品,2,2026-07-28,44.82
103353,SKU11833,鸭蛋,肉禽蛋品,3,2026-07-28,6.47
103353,SKU22101,酱油,粮油调味,2,2026-07-28,34.06
103353,SKU78140,葡萄,生鲜蔬果,4,2026-07-28,69.53
103353,SKU17960,三文鱼,肉禽蛋品,3,2026-07-28,27.62
103354,SKU91646,面粉,粮油调味,3,2026-02-11,42.91
103354,SKU48065,洗发水,日化清洁,1,2026-02-11,34.38
103354,SKU89933,蔬菜拼盘,火锅食材,3,2026-02-11,66.81
103355,SKU70429,生菜,生鲜蔬果,3,2026-09-06,50.17
103355,SKU29081,可乐,食品饮料,1,2026-09-06,67.94
103355,SKU62456,火锅底料,火锅食材,5,2026-09-06,12.54
103355,SKU51106,苹果,生鲜蔬果,5,2026-09-06,42.52
103355,SKU57099,洗发水,日化清洁,2,2026-09-06,20.16
103355,SKU49027,芝士碎,烘焙用品,2,2026-09-06,17.78
103356,SKU37441,酵母,烘焙用品,5,2026-04-01,53.19
103356,SKU33108,模具,烘焙用品,1,2026-04-01,6.88
103356,SKU30021,毛肚,火锅食材,1,2026-04-01,41.76
103357,SKU16789,西红柿,生鲜蔬果,2,2026-01-21,22.88
103357,SKU56944,鸡蛋,肉禽蛋品,3,2026-01-21,44.36
103357,SKU90754,黄瓜,生鲜蔬果,4,2026-01-21,30.45
103357,SKU71710,豆腐,火锅食材,3,2026-01-21,9.08
103358,SKU97619,苹果,生鲜蔬果,3,2026-05-23,60.93
103358,SKU83832,香蕉,生鲜蔬果,3,2026-05-23,69.75
103358,SKU12292,橙子,生鲜蔬果,2,2026-05-23,61.13
103358,SKU51966,面包,食品饮料,5,2026-05-23,31.65
103359,SKU22831,酱油,粮油调味,2,2026-06-09,8.57
103359,SKU84753,豆腐,火锅食材,4,2026-06-09,71.44
103360,SKU91794,西红柿,生鲜蔬果,5,2026-05-19,21.22
103360,SKU75658,鸡蛋,肉禽蛋品,5,2026-05-19,28.8
103360,SKU48785,黄瓜,生鲜蔬果,4,2026-05-19,79.21
103360,SKU88598,酱油,粮油调味,2,2026-05-19,36.75
103361,SKU49869,西红柿,生鲜蔬果,5,2026-07-24,77.36
103361,SKU98339,鸡蛋,肉禽蛋品,4,2026-07-24,43.92
103361,SKU18801,黄瓜,生鲜蔬果,4,2026-07-24,57.68
103361,SKU82487,洗洁精,日化清洁,4,2026-07-24,18.19
103361,SKU18322,洗发水,日化清洁,2,2026-07-24,41.98
103361,SKU54095,土豆,生鲜蔬果,1,2026-07-24,79.81
103362,SKU47006,火锅底料,火锅食材,5,2026-03-12,59.04
103362,SKU23800,丸子,火锅食材,4,2026-03-12,15.26
103362,SKU59283,肥牛卷,火锅食材,1,2026-03-12,36.42
103362,SKU58344,毛肚,火锅食材,3,2026-03-12,66.82
103363,SKU15313,蚝油,粮油调味,2,2026-07-08,27.62
103363,SKU48708,西红柿,生鲜蔬果,1,2026-07-08,29.83
103363,SKU92518,橙子,生鲜蔬果,1,2026-07-08,38.3
103363,SKU53190,果汁,食品饮料,3,2026-07-08,67.45
103363,SKU22027,醋,粮油调味,4,2026-07-08,46.65
103364,SKU29485,白糖,粮油调味,5,2026-05-13,32.5
103364,SKU69928,洗发水,日化清洁,3,2026-05-13,61.11
103364,SKU96078,虾仁,肉禽蛋品,3,2026-05-13,56.91
103364,SKU65489,毛肚,火锅食材,4,2026-05-13,12.44
103364,SKU61548,醋,粮油调味,3,2026-05-13,35.05
103365,SKU54605,蛋糕粉,烘焙用品,2,2026-06-15,32.48
103365,SKU68669,料酒,粮油调味,5,2026-06-15,33.19
103366,SKU34074,苹果,生鲜蔬果,5,2026-02-03,20.36
103366,SKU94225,香蕉,生鲜蔬果,3,2026-02-03,71.65
103366,SKU39700,橙子,生鲜蔬果,4,2026-02-03,74.55
103366,SKU65455,模具,烘焙用品,3,2026-02-03,24.82
103366,SKU75961,拖把,日化清洁,5,2026-02-03,73.64
103367,SKU68193,蛋糕粉,烘焙用品,5,2026-06-03,62.29
103367,SKU19070,黄油,烘焙用品,4,2026-06-03,51.58
103367,SKU39279,淡奶油,烘焙用品,4,2026-06-03,59.74
103367,SKU17313,鸡蛋,肉禽蛋品,2,2026-06-03,34.93
103367,SKU71574,豆腐,火锅食材,1,2026-06-03,7.1
103367,SKU72634,白糖,粮油调味,5,2026-06-03,75.62
103367,SKU15914,羊肉卷,火锅食材,4,2026-06-03,62.48
103368,SKU23083,大米,粮油调味,3,2026-06-07,74.68
103368,SKU96929,食用油,粮油调味,4,2026-06-07,54.78
103368,SKU90080,酱油,粮油调味,3,2026-06-07,73.89
103368,SKU93560,白糖,粮油调味,5,2026-06-07,51.33
103369,SKU74750,鸭血,火锅食材,4,2026-01-21,26.22
103369,SKU78552,巧克力,食品饮料,4,2026-01-21,3.48
103370,SKU47107,巧克力,食品饮料,2,2026-06-28,53.91
103370,SKU66497,蛋挞皮,烘焙用品,2,2026-06-28,44.38
103370,SKU75447,白菜,生鲜蔬果,4,2026-06-28,16.75
103370,SKU92230,白糖,粮油调味,1,2026-06-28,73.5
103370,SKU39322,消毒液,日化清洁,2,2026-06-28,9.71
103371,SKU99162,芝士碎,烘焙用品,5,2026-07-13,7.3
103371,SKU30809,酵母,烘焙用品,1,2026-07-13,74.72
103371,SKU31376,模具,烘焙用品,4,2026-07-13,55.41
103371,SKU68495,辣椒酱,粮油调味,2,2026-07-13,34.84
103372,SKU30502,芝士碎,烘焙用品,4,2026-07-03,22.65
103372,SKU96407,淡奶油,烘焙用品,2,2026-07-03,33.41
103372,SKU43475,纸巾,日化清洁,2,2026-07-03,65.96
103372,SKU54479,火锅底料,火锅食材,5,2026-07-03,57.33
103372,SKU44414,排骨,肉禽蛋品,4,2026-07-03,16.42
103373,SKU54590,酱油,粮油调味,5,2026-02-15,48.85
103373,SKU19306,蛋挞皮,烘焙用品,4,2026-02-15,42.49
103373,SKU78075,鸡肉,肉禽蛋品,5,2026-02-15,21.81
103373,SKU11645,矿泉水,食品饮料,1,2026-02-15,40.82
103373,SKU25187,胡萝卜,生鲜蔬果,2,2026-02-15,51.66
103373,SKU64752,白菜,生鲜蔬果,3,2026-02-15,33.32
103374,SKU36116,洗衣液,日化清洁,1,2026-08-01,49.15
103374,SKU17537,纸巾,日化清洁,5,2026-08-01,55.12
103374,SKU33954,垃圾袋,日化清洁,4,2026-08-01,46.79
103374,SKU81763,香蕉,生鲜蔬果,3,2026-08-01,79.56
103374,SKU84973,蘸料,火锅食材,5,2026-08-01,31.03
103374,SKU35467,牙膏,日化清洁,1,2026-08-01,7.89
103375,SKU48868,糖粉,烘焙用品,3,2026-01-18,7.23
103375,SKU60945,纸巾,日化清洁,3,2026-01-18,10.52
103375,SKU93352,豆腐,火锅食材,1,2026-01-18,33.49
103375,SKU10468,拖把,日化清洁,1,2026-01-18,18.49
103375,SKU47237,料酒,粮油调味,4,2026-01-18,18.47
103375,SKU85158,白菜,生鲜蔬果,5,2026-01-18,29.91
103376,SKU10798,果汁,食品饮料,1,2026-07-03,42.65
103376,SKU72714,鸭血,火锅食材,3,2026-07-03,68.07
103377,SKU41958,肥牛卷,火锅食材,3,2026-05-28,61.77
103377,SKU38246,垃圾袋,日化清洁,5,2026-05-28,38.4
103377,SKU28649,豆腐,火锅食材,5,2026-05-28,49.2
103377,SKU40138,面包,食品饮料,4,2026-05-28,46.74
103377,SKU44490,橙子,生鲜蔬果,3,2026-05-28,54.55
103377,SKU80965,面粉,粮油调味,3,2026-05-28,28.92
103378,SKU46339,盐,粮油调味,4,2026-01-11,8.77
103378,SKU68354,葡萄,生鲜蔬果,3,2026-01-11,64.08
103378,SKU48674,排骨,肉禽蛋品,5,2026-01-11,16.12
103378,SKU62671,洗洁精,日化清洁,3,2026-01-11,59.47
103378,SKU38083,鸡翅,肉禽蛋品,4,2026-01-11,20.58
103379,SKU90911,洗发水,日化清洁,2,2026-01-12,66.97
103379,SKU21699,沐浴露,日化清洁,5,2026-01-12,36.53
103379,SKU36038,牙膏,日化清洁,4,2026-01-12,21.66
103379,SKU61903,淡奶油,烘焙用品,5,2026-01-12,67.26
103380,SKU53155,苹果,生鲜蔬果,1,2026-09-21,64.09
103380,SKU41774,香蕉,生鲜蔬果,1,2026-09-21,67.79
103380,SKU66152,橙子,生鲜蔬果,3,2026-09-21,18.73
103380,SKU36366,牙膏,日化清洁,2,2026-09-21,49.92
103380,SKU26222,香草精,烘焙用品,3,2026-09-21,34.19
103381,SKU52296,肥皂,日化清洁,2,2026-04-09,4.28
103381,SKU26878,香草精,烘焙用品,4,2026-04-09,26.88
103381,SKU80097,牛肉,肉禽蛋品,1,2026-04-09,19.88
103382,SKU43068,蛋糕粉,烘焙用品,4,2026-07-01,5.56
103382,SKU52905,黄油,烘焙用品,3,2026-07-01,33.91
103382,SKU98559,淡奶油,烘焙用品,2,2026-07-01,71.58
103382,SKU93784,鸡蛋,肉禽蛋品,1,2026-07-01,39.22
103382,SKU72603,香草精,烘焙用品,5,2026-07-01,57.04
103382,SKU98278,三文鱼,肉禽蛋品,1,2026-07-01,4.16
103382,SKU81977,鸭血,火锅食材,5,2026-07-01,32.69
103383,SKU74592,洗衣液,日化清洁,3,2026-07-15,76.39
103383,SKU98197,纸巾,日化清洁,1,2026-07-15,34.3
103383,SKU57537,垃圾袋,日化清洁,1,2026-07-15,75.4
103383,SKU61028,洗洁精,日化清洁,4,2026-07-15,18.91
103383,SKU20630,蚝油,粮油调味,1,2026-07-15,34.4
103383,SKU98161,薯片,食品饮料,1,2026-07-15,60.78
103384,SKU39885,蛋糕粉,烘焙用品,2,2026-02-28,17.63
103384,SKU66003,黄油,烘焙用品,4,2026-02-28,41.27
103384,SKU39985,淡奶油,烘焙用品,5,2026-02-28,24.8
103384,SKU63880,鸡蛋,肉禽蛋品,1,2026-02-28,44.77
103384,SKU35916,生菜,生鲜蔬果,5,2026-02-28,78.35
103385,SKU89978,西红柿,生鲜蔬果,4,2026-06-01,14.23
103385,SKU11159,鸡蛋,肉禽蛋品,3,2026-06-01,59.24
103385,SKU82676,黄瓜,生鲜蔬果,3,2026-06-01,13.52
103385,SKU23067,香蕉,生鲜蔬果,3,2026-06-01,65.66
103386,SKU55372,蚝油,粮油调味,4,2026-02-22,41.16
103386,SKU35436,大米,粮油调味,5,2026-02-22,37.77
103386,SKU73238,胡萝卜,生鲜蔬果,3,2026-02-22,32.78
103386,SKU62327,生菜,生鲜蔬果,4,2026-02-22,74.78
103386,SKU37228,巧克力,食品饮料,5,2026-02-22,12.91
103386,SKU73996,酸奶,食品饮料,1,2026-02-22,79.43
103387,SKU45226,洗发水,日化清洁,4,2026-04-16,68.37
103387,SKU54782,沐浴露,日化清洁,2,2026-04-16,42.08
103387,SKU31898,牙膏,日化清洁,1,2026-04-16,43.41
103387,SKU14013,羊肉卷,火锅食材,3,2026-04-16,54.77
103387,SKU54179,果汁,食品饮料,3,2026-04-16,23.46
103388,SKU32538,洗衣液,日化清洁,4,2026-06-09,51.41
103388,SKU44931,纸巾,日化清洁,1,2026-06-09,6.62
103388,SKU15871,垃圾袋,日化清洁,2,2026-06-09,69.02
103388,SKU99920,鸭血,火锅食材,3,2026-06-09,62.76
103388,SKU87392,蔬菜拼盘,火锅食材,4,2026-06-09,67.83
103389,SKU71438,辣椒酱,粮油调味,5,2026-05-24,5.21
103389,SKU38848,西红柿,生鲜蔬果,3,2026-05-24,63.88
103389,SKU87324,排骨,肉禽蛋品,5,2026-05-24,20.66
103389,SKU59259,粉丝,火锅食材,5,2026-05-24,70.05
103389,SKU65532,蛋挞皮,烘焙用品,4,2026-05-24,61.72
103389,SKU43045,橙子,生鲜蔬果,1,2026-05-24,76.68
103390,SKU78885,洗发水,日化清洁,3,2026-03-16,25.46
103390,SKU49296,沐浴露,日化清洁,5,2026-03-16,71.55
103390,SKU38339,牙膏,日化清洁,2,2026-03-16,55.51
103390,SKU11086,淡奶油,烘焙用品,5,2026-03-16,52.69
103391,SKU43774,辣椒酱,粮油调味,4,2026-06-07,41.72
103391,SKU82626,面包,食品饮料,4,2026-06-07,53.2
103391,SKU99809,糖粉,烘焙用品,1,2026-06-07,29.54
103391,SKU27188,猪肉,肉禽蛋品,3,2026-06-07,22.28
103391,SKU77458,拖把,日化清洁,5,2026-06-07,16.21
103392,SKU22676,蔬菜拼盘,火锅食材,3,2026-03-09,47.03
103392,SKU22814,西红柿,生鲜蔬果,5,2026-03-09,47.13
103392,SKU72980,香草精,烘焙用品,1,2026-03-09,29.69
103392,SKU62402,方便面,食品饮料,4,2026-03-09,61.99
103393,SKU18196,洗发水,日化清洁,3,2026-05-26,59.46
103393,SKU75401,沐浴露,日化清洁,3,2026-05-26,10.99
103393,SKU50920,牙膏,日化清洁,5,2026-05-26,55.02
103393,SKU62580,猪肉,肉禽蛋品,1,2026-05-26,5.3
103393,SKU27000,拖把,日化清洁,4,2026-05-26,17.94
103394,SKU54171,料酒,粮油调味,5,2026-07-06,59.73
103394,SKU82304,苹果,生鲜蔬果,2,2026-07-06,28.81
103394,SKU70323,酱油,粮油调味,4,2026-07-06,35.27
103394,SKU13685,洗发水,日化清洁,2,2026-07-06,35.84
103394,SKU22642,羊肉卷,火锅食材,2,2026-07-06,73.91
103395,SKU46008,薯片,食品饮料,1,2026-02-21,30.56
103395,SKU76477,洗洁精,日化清洁,4,2026-02-21,50.07
103395,SKU23276,蛋挞皮,烘焙用品,3,2026-02-21,72.22
103396,SKU64915,苹果,生鲜蔬果,2,2026-09-22,40.03
103396,SKU79883,香蕉,生鲜蔬果,2,2026-09-22,63.8
103396,SKU76983,橙子,生鲜蔬果,5,2026-09-22,51.61
103396,SKU73566,淡奶油,烘焙用品,2,2026-09-22,73.53
103396,SKU87622,鸭血,火锅食材,1,2026-09-22,5.13
103396,SKU31548,白糖,粮油调味,4,2026-09-22,3.87
103397,SKU34918,土豆,生鲜蔬果,2,2026-04-08,12.93
103397,SKU80826,薯片,食品饮料,4,2026-04-08,74.07
103397,SKU27560,香草精,烘焙用品,1,2026-04-08,10.9
103397,SKU90522,酸奶,食品饮料,3,2026-04-08,47.15
103397,SKU75998,带鱼,肉禽蛋品,4,2026-04-08,75.48
103397,SKU45180,肥牛卷,火锅食材,3,2026-04-08,8.43
103398,SKU90669,拖把,日化清洁,1,2026-08-15,55.97
103398,SKU87846,盐,粮油调味,2,2026-08-15,43.32
103399,SKU31592,鸭血,火锅食材,5,2026-07-05,8.04
103399,SKU46765,蛋糕粉,烘焙用品,5,2026-07-05,20.75
103399,SKU27118,鸭蛋,肉禽蛋品,3,2026-07-05,5.82
103399,SKU15956,牛肉,肉禽蛋品,4,2026-07-05,52.37
103399,SKU39451,粉丝,火锅食材,5,2026-07-05,71.29
103400,SKU81904,油纸,烘焙用品,5,2026-06-22,64.15
103400,SKU10186,可乐,食品饮料,3,2026-06-22,15.25
103400,SKU57500,料酒,粮油调味,3,2026-06-22,50.05
103400,SKU33486,肥皂,日化清洁,3,2026-06-22,74.12
103400,SKU71293,巧克力,食品饮料,5,2026-06-22,41.14
103400,SKU51396,葡萄,生鲜蔬果,3,2026-06-22,36.38
103401,SKU98138,粉丝,火锅食材,5,2026-04-25,66.58
103401,SKU36201,胡萝卜,生鲜蔬果,3,2026-04-25,65.86
103401,SKU34654,巧克力,食品饮料,2,2026-04-25,40.61
103401,SKU96347,洗发水,日化清洁,2,2026-04-25,77.2
103401,SKU78216,料酒,粮油调味,3,2026-04-25,67.63
103402,SKU71285,可乐,食品饮料,5,2026-02-20,25.84
103402,SKU86225,葡萄,生鲜蔬果,2,2026-02-20,30.45
103402,SKU26750,虾仁,肉禽蛋品,1,2026-02-20,47.02
103402,SKU97560,白菜,生鲜蔬果,1,2026-02-20,27.31
103403,SKU11651,薯片,食品饮料,1,2026-09-14,65.04
103403,SKU76915,豆腐,火锅食材,3,2026-09-14,14.41
103403,SKU25755,大米,粮油调味,4,2026-09-14,5.11
103403,SKU30687,芝士碎,烘焙用品,5,2026-09-14,6.67
103404,SKU48067,带鱼,肉禽蛋品,4,2026-05-14,14.83
103404,SKU30093,生菜,生鲜蔬果,2,2026-05-14,38.51
103404,SKU14988,鸡翅,肉禽蛋品,5,2026-05-14,76.35
103404,SKU55918,纸巾,日化清洁,4,2026-05-14,35.24
103405,SKU59114,羊肉卷,火锅食材,1,2026-05-12,46.58
103405,SKU56307,橙子,生鲜蔬果,3,2026-05-12,40.24
103405,SKU79271,醋,粮油调味,2,2026-05-12,72.95
103405,SKU69389,糖粉,烘焙用品,2,2026-05-12,78.72
103405,SKU36983,生菜,生鲜蔬果,5,2026-05-12,22.63
103406,SKU81629,胡萝卜,生鲜蔬果,4,2026-08-03,67.83
103406,SKU73923,沐浴露,日化清洁,1,2026-08-03,41.59
103406,SKU76176,黄油,烘焙用品,3,2026-08-03,73.53
103406,SKU87278,鸡蛋,肉禽蛋品,1,2026-08-03,30.68
103406,SKU66274,生菜,生鲜蔬果,1,2026-08-03,43.69
103407,SKU72497,粉丝,火锅食材,1,2026-03-08,47.28
103407,SKU62729,饼干,食品饮料,1,2026-03-08,29.54
103407,SKU11254,葡萄,生鲜蔬果,2,2026-03-08,61.64
103407,SKU43863,毛肚,火锅食材,1,2026-03-08,66.79
103407,SKU19171,油纸,烘焙用品,4,2026-03-08,57.43
103408,SKU68222,芝士碎,烘焙用品,1,2026-05-02,17.91
103408,SKU64651,粉丝,火锅食材,1,2026-05-02,71.43
103408,SKU49660,洗发水,日化清洁,1,2026-05-02,74.32
103408,SKU87210,苹果,生鲜蔬果,4,2026-05-02,68.2
103409,SKU76361,排骨,肉禽蛋品,4,2026-02-02,64.3
103409,SKU95046,胡萝卜,生鲜蔬果,2,2026-02-02,37.35
103409,SKU41064,土豆,生鲜蔬果,4,2026-02-02,13.62
103409,SKU46052,果汁,食品饮料,1,2026-02-02,58.72
103409,SKU22166,食用油,粮油调味,4,2026-02-02,3.32
103409,SKU12359,料酒,粮油调味,2,2026-02-02,33.32
103410,SKU40646,鸡翅,肉禽蛋品,5,2026-06-14,15.5
103410,SKU22309,黄油,烘焙用品,4,2026-06-14,13.32
103410,SKU23333,拖把,日化清洁,2,2026-06-14,25.26
103411,SKU75832,芝士碎,烘焙用品,4,2026-05-23,79.97
103411,SKU12337,辣椒酱,粮油调味,1,2026-05-23,9.24
103411,SKU61200,白菜,生鲜蔬果,2,2026-05-23,12.22
103411,SKU35178,虾仁,肉禽蛋品,5,2026-05-23,44.83
103411,SKU35147,毛肚,火锅食材,3,2026-05-23,48.42
103412,SKU78585,可乐,食品饮料,3,2026-06-17,37.39
103412,SKU48930,薯片,食品饮料,5,2026-06-17,72.4
103412,SKU26327,饼干,食品饮料,3,2026-06-17,55.79
103412,SKU79963,羊肉卷,火锅食材,5,2026-06-17,43.1
103413,SKU27055,苹果,生鲜蔬果,2,2026-02-24,18.22
103413,SKU94291,香蕉,生鲜蔬果,5,2026-02-24,42.95
103413,SKU69956,橙子,生鲜蔬果,2,2026-02-24,50.65
103413,SKU36663,肥牛卷,火锅食材,3,2026-02-24,26.58
103414,SKU73739,大米,粮油调味,3,2026-09-16,56.07
103414,SKU33972,食用油,粮油调味,3,2026-09-16,30.1
103414,SKU36405,酱油,粮油调味,3,2026-09-16,78.47
103414,SKU91209,可乐,食品饮料,4,2026-09-16,78.97
103414,SKU14484,白菜,生鲜蔬果,1,2026-09-16,65.56
103415,SKU70178,排骨,肉禽蛋品,4,2026-03-24,66.01
103415,SKU74977,薯片,食品饮料,5,2026-03-24,46.5
103415,SKU60160,鸡蛋,肉禽蛋品,3,2026-03-24,59.95
103415,SKU51077,黄瓜,生鲜蔬果,1,2026-03-24,3.04
103415,SKU89509,火锅底料,火锅食材,3,2026-03-24,29.32
103415,SKU58461,鸡肉,肉禽蛋品,3,2026-03-24,13.76
103416,SKU36361,洗衣液,日化清洁,5,2026-04-15,70.29
103416,SKU50936,纸巾,日化清洁,4,2026-04-15,14.34
103416,SKU72430,垃圾袋,日化清洁,3,2026-04-15,46.84
103416,SKU30841,蛋糕粉,烘焙用品,1,2026-04-15,15.58
103417,SKU16096,火锅底料,火锅食材,5,2026-07-19,15.49
103417,SKU28847,丸子,火锅食材,1,2026-07-19,47.64
103417,SKU76970,肥牛卷,火锅食材,3,2026-07-19,58.32
103417,SKU50891,牛奶,食品饮料,3,2026-07-19,21.15
103417,SKU73500,酵母,烘焙用品,1,2026-07-19,13.35
103418,SKU14603,牛奶,食品饮料,4,2026-01-17,54.09
103418,SKU74759,毛肚,火锅食材,1,2026-01-17,18.81
103418,SKU61382,火锅底料,火锅食材,3,2026-01-17,45.69
103418,SKU27072,土豆,生鲜蔬果,4,2026-01-17,45.87
103419,SKU53375,排骨,肉禽蛋品,4,2026-07-27,8.33
103419,SKU94729,胡萝卜,生鲜蔬果,5,2026-07-27,51.5
103419,SKU13015,土豆,生鲜蔬果,2,2026-07-27,11.6
103419,SKU73488,鸡翅,肉禽蛋品,3,2026-07-27,54.38
103419,SKU13362,方便面,食品饮料,5,2026-07-27,24.94
103420,SKU41788,鸡蛋,肉禽蛋品,4,2026-06-02,61.62
103420,SKU31127,牙膏,日化清洁,3,2026-06-02,35.33
103420,SKU60494,饼干,食品饮料,4,2026-06-02,78.29
103420,SKU57447,黄瓜,生鲜蔬果,1,2026-06-02,4.37
103421,SKU22593,鸡肉,肉禽蛋品,2,2026-01-02,45.82
103421,SKU44352,肥牛卷,火锅食材,4,2026-01-02,40.19
103421,SKU83108,鸡蛋,肉禽蛋品,1,2026-01-02,45.97
103421,SKU85686,垃圾袋,日化清洁,5,2026-01-02,26.98
103421,SKU37815,酸奶,食品饮料,4,2026-01-02,30.99
103421,SKU25398,糖粉,烘焙用品,1,2026-01-02,63.34
103422,SKU87254,生菜,生鲜蔬果,2,2026-06-24,56.11
103422,SKU80065,酵母,烘焙用品,5,2026-06-24,13.04
103422,SKU70534,矿泉水,食品饮料,2,2026-06-24,32.7
103422,SKU69653,料酒,粮油调味,1,2026-06-24,6.12
103423,SKU22581,洗发水,日化清洁,3,2026-05-28,40.69
103423,SKU81027,沐浴露,日化清洁,5,2026-05-28,54.9
103423,SKU34524,牙膏,日化清洁,5,2026-05-28,38.41
103423,SKU67559,酵母,烘焙用品,2,2026-05-28,7.0
103423,SKU55486,三文鱼,肉禽蛋品,3,2026-05-28,56.41
103423,SKU63326,肥牛卷,火锅食材,4,2026-05-28,66.82
103424,SKU91265,洗发水,日化清洁,1,2026-02-13,5.85
103424,SKU31508,沐浴露,日化清洁,2,2026-02-13,74.75
103424,SKU62669,牙膏,日化清洁,1,2026-02-13,34.4
103424,SKU95322,鸡肉,肉禽蛋品,2,2026-02-13,4.66
103424,SKU90752,盐,粮油调味,4,2026-02-13,40.58
103425,SKU75947,巧克力,食品饮料,1,2026-09-08,16.98
103425,SKU36377,猪肉,肉禽蛋品,2,2026-09-08,48.95
103426,SKU24064,可乐,食品饮料,2,2026-09-22,8.74
103426,SKU66469,薯片,食品饮料,2,2026-09-22,16.07
103426,SKU78968,饼干,食品饮料,3,2026-09-22,52.46
103426,SKU67889,带鱼,肉禽蛋品,1,2026-09-22,56.91
103426,SKU94586,橙子,生鲜蔬果,4,2026-09-22,16.44
103427,SKU39167,蛋挞皮,烘焙用品,5,2026-03-12,11.24
103427,SKU38860,辣椒酱,粮油调味,1,2026-03-12,28.05
103427,SKU28139,酵母,烘焙用品,2,2026-03-12,67.83
103428,SKU78802,火锅底料,火锅食材,1,2026-07-02,39.97
103428,SKU83592,丸子,火锅食材,5,2026-07-02,75.25
103428,SKU20021,肥牛卷,火锅食材,1,2026-07-02,74.95
103428,SKU27852,鸡蛋,肉禽蛋品,2,2026-07-02,15.82
103428,SKU99423,酱油,粮油调味,3,2026-07-02,51.17
103428,SKU26730,酸奶,食品饮料,4,2026-07-02,29.96
103429,SKU16714,排骨,肉禽蛋品,1,2026-02-02,58.86
103429,SKU85579,胡萝卜,生鲜蔬果,1,2026-02-02,48.36
103429,SKU92396,土豆,生鲜蔬果,1,2026-02-02,8.15
103429,SKU76119,饼干,食品饮料,4,2026-02-02,11.99
103429,SKU58690,牙膏,日化清洁,1,2026-02-02,42.32
103429,SKU18285,食用油,粮油调味,1,2026-02-02,9.41
103430,SKU24880,鸡蛋,肉禽蛋品,1,2026-06-01,67.62
103430,SKU69718,面粉,粮油调味,2,2026-06-01,72.71
103430,SKU78327,大米,粮油调味,3,2026-06-01,7.62
103430,SKU15445,洗发水,日化清洁,2,2026-06-01,33.44
103431,SKU22412,排骨,肉禽蛋品,4,2026-04-19,50.47
103431,SKU41537,胡萝卜,生鲜蔬果,3,2026-04-19,49.6
103431,SKU24086,土豆,生鲜蔬果,4,2026-04-19,73.16
103431,SKU46157,黄瓜,生鲜蔬果,5,2026-04-19,10.18
103432,SKU51689,西红柿,生鲜蔬果,1,2026-06-04,63.65
103432,SKU84189,鸡蛋,肉禽蛋品,4,2026-06-04,7.94
103432,SKU48777,黄瓜,生鲜蔬果,3,2026-06-04,45.78
103432,SKU54474,蘸料,火锅食材,5,2026-06-04,58.65
103432,SKU30865,毛肚,火锅食材,5,2026-06-04,8.04
103433,SKU99495,酱油,粮油调味,2,2026-08-11,61.91
103433,SKU96573,矿泉水,食品饮料,2,2026-08-11,75.48
103433,SKU11770,火锅底料,火锅食材,3,2026-08-11,39.69
103433,SKU73442,葡萄,生鲜蔬果,5,2026-08-11,68.5
103433,SKU65274,纸巾,日化清洁,5,2026-08-11,17.88
103434,SKU76321,西红柿,生鲜蔬果,5,2026-04-21,75.35
103434,SKU81478,鸡蛋,肉禽蛋品,5,2026-04-21,8.63
103434,SKU72279,黄瓜,生鲜蔬果,3,2026-04-21,29.97
103434,SKU13066,肥皂,日化清洁,1,2026-04-21,39.26
103435,SKU61110,蛋挞皮,烘焙用品,1,2026-08-27,68.52
103435,SKU47363,芝士碎,烘焙用品,1,2026-08-27,75.8
103435,SKU14325,鸡翅,肉禽蛋品,2,2026-08-27,62.92
103435,SKU37099,油纸,烘焙用品,2,2026-08-27,4.61
103435,SKU61186,胡萝卜,生鲜蔬果,3,2026-08-27,21.02
103436,SKU71202,洗洁精,日化清洁,5,2026-09-05,4.63
103436,SKU25261,油纸,烘焙用品,5,2026-09-05,32.58
103437,SKU17965,洗发水,日化清洁,4,2026-07-20,28.2
103437,SKU78798,沐浴露,日化清洁,4,2026-07-20,25.91
103437,SKU50064,牙膏,日化清洁,1,2026-07-20,22.91
103437,SKU44361,酸奶,食品饮料,2,2026-07-20,61.73
103437,SKU88927,方便面,食品饮料,3,2026-07-20,34.63
103438,SKU78459,可乐,食品饮料,1,2026-03-13,48.05
103438,SKU39916,薯片,食品饮料,1,2026-03-13,58.02
103438,SKU40568,饼干,食品饮料,5,2026-03-13,70.77
103438,SKU90701,沐浴露,日化清洁,2,2026-03-13,24.51
103439,SKU98868,大米,粮油调味,4,2026-05-03,38.51
103439,SKU58432,食用油,粮油调味,4,2026-05-03,9.85
103439,SKU94820,酱油,粮油调味,5,2026-05-03,50.54
103440,SKU98236,土豆,生鲜蔬果,1,2026-07-04,21.67
103440,SKU18847,葡萄,生鲜蔬果,4,2026-07-04,41.62
103440,SKU89384,猪肉,肉禽蛋品,5,2026-07-04,39.31
103440,SKU78744,白糖,粮油调味,4,2026-07-04,54.28
103440,SKU41649,鸡蛋,肉禽蛋品,5,2026-07-04,15.76
103441,SKU16790,排骨,肉禽蛋品,5,2026-01-19,26.01
103441,SKU64348,胡萝卜,生鲜蔬果,5,2026-01-19,52.37
103441,SKU13401,土豆,生鲜蔬果,2,2026-01-19,51.77
103441,SKU45636,虾仁,肉禽蛋品,5,2026-01-19,79.78
103441,SKU97379,洗衣液,日化清洁,4,2026-01-19,57.27
103442,SKU58448,牛奶,食品饮料,2,2026-07-01,65.72
103442,SKU78273,面包,食品饮料,2,2026-07-01,69.35
103442,SKU70301,粉丝,火锅食材,5,2026-07-01,38.05
103442,SKU67924,白菜,生鲜蔬果,5,2026-07-01,23.28
103443,SKU27915,白菜,生鲜蔬果,4,2026-01-09,37.48
103443,SKU84722,食用油,粮油调味,2,2026-01-09,75.78
103443,SKU14216,饼干,食品饮料,4,2026-01-09,61.61
103443,SKU53076,排骨,肉禽蛋品,5,2026-01-09,68.13
103443,SKU35518,淡奶油,烘焙用品,2,2026-01-09,65.36
103443,SKU87454,鸡蛋,肉禽蛋品,1,2026-01-09,11.92
103444,SKU58852,洗发水,日化清洁,1,2026-03-11,22.89
103444,SKU36759,沐浴露,日化清洁,3,2026-03-11,6.52
103444,SKU68956,牙膏,日化清洁,1,2026-03-11,22.13
103444,SKU74028,可乐,食品饮料,3,2026-03-11,57.62
103444,SKU59589,香草精,烘焙用品,1,2026-03-11,68.84
103445,SKU43639,排骨,肉禽蛋品,1,2026-06-02,3.82
103445,SKU76931,胡萝卜,生鲜蔬果,5,2026-06-02,42.65
103445,SKU28970,土豆,生鲜蔬果,2,2026-06-02,36.59
103445,SKU14512,洗洁精,日化清洁,1,2026-06-02,9.31
103446,SKU32745,洗衣液,日化清洁,4,2026-03-23,75.11
103446,SKU99074,虾仁,肉禽蛋品,1,2026-03-23,40.25
103447,SKU88612,羊肉卷,火锅食材,5,2026-07-22,36.36
103447,SKU12059,洗衣液,日化清洁,4,2026-07-22,13.83
103447,SKU88026,油纸,烘焙用品,1,2026-07-22,36.59
103447,SKU54921,鸡蛋,肉禽蛋品,4,2026-07-22,21.84
103448,SKU92944,方便面,食品饮料,1,2026-09-15,3.62
103448,SKU74681,虾仁,肉禽蛋品,5,2026-09-15,9.04
103448,SKU39898,白糖,粮油调味,5,2026-09-15,18.24
103448,SKU19297,排骨,肉禽蛋品,3,2026-09-15,68.12
103448,SKU35835,沐浴露,日化清洁,5,2026-09-15,7.53
103448,SKU24477,鸡蛋,肉禽蛋品,4,2026-09-15,35.75
103449,SKU41450,洗发水,日化清洁,5,2026-08-14,71.25
103449,SKU12816,沐浴露,日化清洁,4,2026-08-14,67.22
103449,SKU69070,牙膏,日化清洁,4,2026-08-14,8.21
103449,SKU56578,豆腐,火锅食材,1,2026-08-14,13.18
103450,SKU25295,排骨,肉禽蛋品,5,2026-06-23,18.07
103450,SKU30914,胡萝卜,生鲜蔬果,4,2026-06-23,76.66
103450,SKU17641,土豆,生鲜蔬果,4,2026-06-23,23.49
103450,SKU45352,蔬菜拼盘,火锅食材,5,2026-06-23,76.66
103450,SKU45990,方便面,食品饮料,3,2026-06-23,26.63
103451,SKU51131,牙膏,日化清洁,4,2026-01-06,11.34
103451,SKU99393,洗衣液,日化清洁,4,2026-01-06,32.1
103451,SKU86261,猪肉,肉禽蛋品,2,2026-01-06,27.14
103451,SKU76525,葡萄,生鲜蔬果,1,2026-01-06,67.89
103451,SKU78132,鸭血,火锅食材,1,2026-01-06,44.5
103451,SKU11250,模具,烘焙用品,2,2026-01-06,15.44
103452,SKU26059,可乐,食品饮料,4,2026-08-24,3.26
103452,SKU87978,薯片,食品饮料,2,2026-08-24,77.24
103452,SKU89850,饼干,食品饮料,5,2026-08-24,16.76
103452,SKU27487,果汁,食品饮料,4,2026-08-24,52.91
103452,SKU68334,辣椒酱,粮油调味,3,2026-08-24,47.05
103453,SKU60013,巧克力,食品饮料,4,2026-07-03,52.56
103453,SKU23350,蘸料,火锅食材,1,2026-07-03,10.44
103453,SKU79892,羊肉卷,火锅食材,1,2026-07-03,57.95
103454,SKU23922,洗衣液,日化清洁,3,2026-07-05,61.09
103454,SKU61186,纸巾,日化清洁,5,2026-07-05,75.74
103454,SKU69767,垃圾袋,日化清洁,3,2026-07-05,13.35
103454,SKU62750,排骨,肉禽蛋品,1,2026-07-05,56.27
103455,SKU93405,纸巾,日化清洁,1,2026-09-09,24.83
103455,SKU18148,酵母,烘焙用品,5,2026-09-09,9.46
103455,SKU44999,垃圾袋,日化清洁,2,2026-09-09,66.57
103455,SKU35371,蔬菜拼盘,火锅食材,5,2026-09-09,75.48
103455,SKU64396,面包,食品饮料,4,2026-09-09,26.05
103456,SKU49429,火锅底料,火锅食材,4,2026-08-03,52.27
103456,SKU72153,丸子,火锅食材,1,2026-08-03,27.76
103456,SKU42510,肥牛卷,火锅食材,2,2026-08-03,12.33
103456,SKU91412,大米,粮油调味,1,2026-08-03,56.55
103456,SKU59610,矿泉水,食品饮料,1,2026-08-03,22.06
103456,SKU87448,香草精,烘焙用品,5,2026-08-03,73.65
103457,SKU21042,大米,粮油调味,1,2026-01-06,41.14
103457,SKU57965,香草精,烘焙用品,1,2026-01-06,19.58
103457,SKU39820,芝士碎,烘焙用品,1,2026-01-06,65.64
103457,SKU78072,肥牛卷,火锅食材,2,2026-01-06,34.32
103457,SKU89733,食用油,粮油调味,5,2026-01-06,25.13
103457,SKU74825,鸭血,火锅食材,3,2026-01-06,49.57
103458,SKU24985,薯片,食品饮料,3,2026-09-07,28.54
103458,SKU57918,果汁,食品饮料,5,2026-09-07,72.91
103458,SKU67038,肥牛卷,火锅食材,3,2026-09-07,46.55
103458,SKU30620,醋,粮油调味,5,2026-09-07,22.48
103458,SKU15567,面粉,粮油调味,4,2026-09-07,55.89
103459,SKU21816,蔬菜拼盘,火锅食材,4,2026-05-03,11.5
103459,SKU87332,牛肉,肉禽蛋品,4,2026-05-03,78.6
103459,SKU34285,丸子,火锅食材,3,2026-05-03,23.92
103460,SKU50668,食用油,粮油调味,1,2026-09-07,72.53
103460,SKU96240,饼干,食品饮料,2,2026-09-07,48.04
103460,SKU45537,羊肉卷,火锅食材,3,2026-09-07,77.59
103461,SKU80356,牛奶,食品饮料,4,2026-08-04,45.78
103461,SKU83486,面包,食品饮料,1,2026-08-04,32.31
103461,SKU42143,辣椒酱,粮油调味,2,2026-08-04,23.79
103461,SKU72126,牛肉,肉禽蛋品,5,2026-08-04,51.85
103462,SKU72969,盐,粮油调味,5,2026-08-13,10.79
103462,SKU16716,鸡翅,肉禽蛋品,3,2026-08-13,49.76
103462,SKU49403,蘸料,火锅食材,3,2026-08-13,41.66
103462,SKU94902,蚝油,粮油调味,1,2026-08-13,47.95
103463,SKU40451,可乐,食品饮料,5,2026-05-17,43.19
103463,SKU15984,薯片,食品饮料,3,2026-05-17,33.9
103463,SKU65382,饼干,食品饮料,1,2026-05-17,35.54
103463,SKU44773,鸭蛋,肉禽蛋品,5,2026-05-17,19.53
103463,SKU19560,生菜,生鲜蔬果,4,2026-05-17,21.37
103464,SKU58772,羊肉卷,火锅食材,2,2026-01-25,8.43
103464,SKU27940,西红柿,生鲜蔬果,1,2026-01-25,46.2
103464,SKU42527,糖粉,烘焙用品,4,2026-01-25,8.0
103465,SKU24665,可乐,食品饮料,5,2026-05-02,4.56
103465,SKU32350,薯片,食品饮料,4,2026-05-02,29.74
103465,SKU11030,饼干,食品饮料,3,2026-05-02,7.71
103465,SKU57470,毛肚,火锅食材,1,2026-05-02,37.98
103465,SKU97194,洗洁精,日化清洁,1,2026-05-02,25.55
103466,SKU73635,可乐,食品饮料,2,2026-04-11,76.69
103466,SKU57282,牛肉,肉禽蛋品,1,2026-04-11,8.83
103467,SKU26223,羊肉卷,火锅食材,2,2026-04-07,41.67
103467,SKU74267,三文鱼,肉禽蛋品,1,2026-04-07,53.5
103467,SKU15934,牛奶,食品饮料,3,2026-04-07,71.6
103467,SKU43033,面粉,粮油调味,1,2026-04-07,63.27
103467,SKU60680,排骨,肉禽蛋品,2,2026-04-07,61.04
103467,SKU92601,带鱼,肉禽蛋品,2,2026-04-07,44.32
103468,SKU72114,洗衣液,日化清洁,2,2026-05-07,27.6
103468,SKU45840,纸巾,日化清洁,2,2026-05-07,48.65
103468,SKU73075,垃圾袋,日化清洁,2,2026-05-07,25.0
103468,SKU30609,肥牛卷,火锅食材,2,2026-05-07,69.05
103468,SKU72765,拖把,日化清洁,4,2026-05-07,25.07
103468,SKU42431,香蕉,生鲜蔬果,2,2026-05-07,41.62
103469,SKU99958,洗衣液,日化清洁,1,2026-04-08,62.54
103469,SKU29654,纸巾,日化清洁,2,2026-04-08,16.88
103469,SKU23146,垃圾袋,日化清洁,4,2026-04-08,28.43
103469,SKU56385,消毒液,日化清洁,4,2026-04-08,53.08
103470,SKU76481,西红柿,生鲜蔬果,1,2026-09-07,50.98
103470,SKU77573,鸡蛋,肉禽蛋品,1,2026-09-07,59.27
103470,SKU85275,黄瓜,生鲜蔬果,1,2026-09-07,58.31
103470,SKU96445,胡萝卜,生鲜蔬果,2,2026-09-07,25.25
103470,SKU32355,模具,烘焙用品,2,2026-09-07,24.56
103470,SKU39677,蚝油,粮油调味,5,2026-09-07,36.67
103471,SKU91210,大米,粮油调味,2,2026-06-26,5.4
103471,SKU44306,三文鱼,肉禽蛋品,2,2026-06-26,48.33
103471,SKU13480,鸭血,火锅食材,5,2026-06-26,45.14
103471,SKU40212,辣椒酱,粮油调味,5,2026-06-26,16.57
103472,SKU87867,猪肉,肉禽蛋品,3,2026-07-15,62.3
103472,SKU50096,薯片,食品饮料,3,2026-07-15,24.88
103472,SKU88703,沐浴露,日化清洁,2,2026-07-15,63.45
103472,SKU74127,洗发水,日化清洁,4,2026-07-15,73.95
103473,SKU73594,辣椒酱,粮油调味,5,2026-03-14,19.42
103473,SKU68640,白糖,粮油调味,3,2026-03-14,31.64
103473,SKU54600,面包,食品饮料,2,2026-03-14,40.93
103474,SKU29016,胡萝卜,生鲜蔬果,3,2026-02-08,19.6
103474,SKU59968,鸡蛋,肉禽蛋品,4,2026-02-08,22.42
103474,SKU56136,拖把,日化清洁,5,2026-02-08,32.12
103475,SKU95488,火锅底料,火锅食材,5,2026-08-02,52.71
103475,SKU40145,丸子,火锅食材,5,2026-08-02,20.18
103475,SKU61834,肥牛卷,火锅食材,2,2026-08-02,20.89
103475,SKU95642,牛肉,肉禽蛋品,2,2026-08-02,62.48
103475,SKU26042,垃圾袋,日化清洁,3,2026-08-02,28.93
103476,SKU40541,鸭蛋,肉禽蛋品,1,2026-04-11,9.01
103476,SKU96753,葡萄,生鲜蔬果,4,2026-04-11,17.83
103476,SKU96750,酸奶,食品饮料,2,2026-04-11,4.82
103476,SKU20881,方便面,食品饮料,2,2026-04-11,13.19
103477,SKU94231,食用油,粮油调味,5,2026-08-08,56.57
103477,SKU10096,鸡翅,肉禽蛋品,4,2026-08-08,35.43
103477,SKU91589,芝士碎,烘焙用品,4,2026-08-08,4.27
103477,SKU81294,香蕉,生鲜蔬果,4,2026-08-08,65.11
103477,SKU39930,蛋糕粉,烘焙用品,5,2026-08-08,34.38
103477,SKU76796,鸭血,火锅食材,5,2026-08-08,60.68
103478,SKU78876,鸡肉,肉禽蛋品,2,2026-08-11,50.61
103478,SKU37209,面粉,粮油调味,3,2026-08-11,47.8
103478,SKU51920,牙膏,日化清洁,5,2026-08-11,69.25
103478,SKU42089,猪肉,肉禽蛋品,1,2026-08-11,65.8
103478,SKU58378,牛肉,肉禽蛋品,2,2026-08-11,74.89
103478,SKU60929,土豆,生鲜蔬果,2,2026-08-11,12.89
103479,SKU52326,醋,粮油调味,1,2026-05-28,68.26
103479,SKU41083,鸡翅,肉禽蛋品,2,2026-05-28,18.52
103479,SKU61382,葡萄,生鲜蔬果,5,2026-05-28,56.22
103479,SKU22810,猪肉,肉禽蛋品,5,2026-05-28,8.45
103479,SKU50515,酸奶,食品饮料,5,2026-05-28,32.05
103480,SKU29299,可乐,食品饮料,3,2026-02-03,49.59
103480,SKU59133,薯片,食品饮料,2,2026-02-03,50.88
103480,SKU29836,饼干,食品饮料,5,2026-02-03,39.37
103480,SKU16787,面包,食品饮料,4,2026-02-03,48.02
103480,SKU46937,淡奶油,烘焙用品,5,2026-02-03,4.14
103481,SKU79646,蛋糕粉,烘焙用品,5,2026-08-01,41.81
103481,SKU96520,黄油,烘焙用品,3,2026-08-01,69.13
103481,SKU20599,淡奶油,烘焙用品,2,2026-08-01,73.28
103481,SKU45047,鸡蛋,肉禽蛋品,2,2026-08-01,56.45
103481,SKU25426,香蕉,生鲜蔬果,5,2026-08-01,38.38
103481,SKU37874,黄瓜,生鲜蔬果,1,2026-08-01,77.46
103482,SKU28982,蚝油,粮油调味,2,2026-09-17,41.72
103482,SKU26324,鸡肉,肉禽蛋品,2,2026-09-17,59.8
103482,SKU21199,大米,粮油调味,4,2026-09-17,5.56
103482,SKU91460,黄瓜,生鲜蔬果,1,2026-09-17,54.11
103482,SKU83228,巧克力,食品饮料,4,2026-09-17,14.42
103482,SKU37108,饼干,食品饮料,5,2026-09-17,51.6
103483,SKU10745,火锅底料,火锅食材,3,2026-09-06,61.29
103483,SKU88578,丸子,火锅食材,4,2026-09-06,77.89
103483,SKU49646,肥牛卷,火锅食材,4,2026-09-06,65.2
103483,SKU13426,鸡肉,肉禽蛋品,5,2026-09-06,40.13
103484,SKU65932,糖粉,烘焙用品,4,2026-05-22,67.98
103484,SKU14345,模具,烘焙用品,2,2026-05-22,10.9
103485,SKU60286,盐,粮油调味,2,2026-01-20,73.44
103485,SKU41245,胡萝卜,生鲜蔬果,3,2026-01-20,60.25
103485,SKU43887,薯片,食品饮料,2,2026-01-20,39.41
103485,SKU33415,三文鱼,肉禽蛋品,4,2026-01-20,62.72
103486,SKU96786,带鱼,肉禽蛋品,3,2026-06-01,6.04
103486,SKU44011,盐,粮油调味,3,2026-06-01,72.86
103486,SKU74955,辣椒酱,粮油调味,5,2026-06-01,20.1
103486,SKU38067,鸡翅,肉禽蛋品,3,2026-06-01,60.52
103486,SKU19635,模具,烘焙用品,4,2026-06-01,3.7
103487,SKU96191,火锅底料,火锅食材,4,2026-07-03,15.52
103487,SKU81466,拖把,日化清洁,3,2026-07-03,40.04
103487,SKU62802,蚝油,粮油调味,3,2026-07-03,43.86
103487,SKU68185,白菜,生鲜蔬果,2,2026-07-03,49.18
103487,SKU37751,肥牛卷,火锅食材,1,2026-07-03,10.87
103487,SKU81464,盐,粮油调味,5,2026-07-03,50.33
103488,SKU37351,大米,粮油调味,2,2026-02-01,79.17
103488,SKU54134,食用油,粮油调味,2,2026-02-01,55.17
103488,SKU38093,酱油,粮油调味,5,2026-02-01,36.06
103488,SKU28561,粉丝,火锅食材,3,2026-02-01,78.59
103488,SKU48235,鸡翅,肉禽蛋品,2,2026-02-01,20.53
103489,SKU28496,土豆,生鲜蔬果,3,2026-03-05,51.96
103489,SKU57615,排骨,肉禽蛋品,2,2026-03-05,71.84
103490,SKU62931,大米,粮油调味,1,2026-07-27,59.06
103490,SKU29832,食用油,粮油调味,1,2026-07-27,51.69
103490,SKU73697,酱油,粮油调味,3,2026-07-27,78.73
103490,SKU32606,香草精,烘焙用品,3,2026-07-27,21.33
103490,SKU50786,酵母,烘焙用品,1,2026-07-27,5.16
103491,SKU77775,盐,粮油调味,3,2026-04-20,33.01
103491,SKU29661,白菜,生鲜蔬果,1,2026-04-20,61.95
103491,SKU82718,酸奶,食品饮料,4,2026-04-20,54.2
103491,SKU83318,鸡肉,肉禽蛋品,4,2026-04-20,25.48
103491,SKU92127,芝士碎,烘焙用品,3,2026-04-20,11.54
103491,SKU65598,淡奶油,烘焙用品,1,2026-04-20,37.3
103492,SKU66076,排骨,肉禽蛋品,4,2026-07-04,35.78
103492,SKU66755,胡萝卜,生鲜蔬果,5,2026-07-04,15.14
103492,SKU93705,土豆,生鲜蔬果,3,2026-07-04,49.05
103492,SKU30978,消毒液,日化清洁,1,2026-07-04,17.09
103492,SKU69630,洗洁精,日化清洁,4,2026-07-04,67.81
103492,SKU46406,模具,烘焙用品,3,2026-07-04,34.62
103493,SKU69267,西红柿,生鲜蔬果,2,2026-09-06,25.67
103493,SKU15352,鸡蛋,肉禽蛋品,5,2026-09-06,79.8
103493,SKU74273,黄瓜,生鲜蔬果,1,2026-09-06,11.4
103493,SKU57454,油纸,烘焙用品,4,2026-09-06,42.4
103493,SKU98341,消毒液,日化清洁,2,2026-09-06,77.74
103494,SKU58062,蛋糕粉,烘焙用品,3,2026-09-03,35.3
103494,SKU51034,黄油,烘焙用品,2,2026-09-03,76.52
103494,SKU74553,淡奶油,烘焙用品,2,2026-09-03,8.12
103494,SKU72294,鸡蛋,肉禽蛋品,1,2026-09-03,78.5
103494,SKU74876,方便面,食品饮料,2,2026-09-03,32.1
103494,SKU35283,食用油,粮油调味,4,2026-09-03,47.07
103494,SKU16223,香蕉,生鲜蔬果,1,2026-09-03,65.14
103495,SKU73676,苹果,生鲜蔬果,2,2026-03-24,6.75
103495,SKU12325,饼干,食品饮料,4,2026-03-24,46.47
103495,SKU27061,醋,粮油调味,1,2026-03-24,52.03
103496,SKU18169,洗衣液,日化清洁,5,2026-02-27,44.83
103496,SKU58561,纸巾,日化清洁,5,2026-02-27,50.12
103496,SKU66265,垃圾袋,日化清洁,3,2026-02-27,3.75
103496,SKU83028,酸奶,食品饮料,2,2026-02-27,40.39
103497,SKU17057,火锅底料,火锅食材,3,2026-02-02,60.43
103497,SKU59988,丸子,火锅食材,4,2026-02-02,32.95
103497,SKU66743,肥牛卷,火锅食材,3,2026-02-02,57.36
103497,SKU99601,蘸料,火锅食材,2,2026-02-02,52.0
103497,SKU65291,垃圾袋,日化清洁,1,2026-02-02,54.22
103497,SKU55621,可乐,食品饮料,3,2026-02-02,7.84
103498,SKU95229,面包,食品饮料,1,2026-02-05,23.99
103498,SKU25637,火锅底料,火锅食材,1,2026-02-05,63.52
103498,SKU82734,盐,粮油调味,3,2026-02-05,14.12
103498,SKU79284,丸子,火锅食材,4,2026-02-05,36.76
103499,SKU55336,牛奶,食品饮料,3,2026-08-26,23.87
103499,SKU88285,面包,食品饮料,1,2026-08-26,34.33
103499,SKU91984,豆腐,火锅食材,2,2026-08-26,65.04
103500,SKU94581,洗衣液,日化清洁,3,2026-08-13,67.01
103500,SKU95552,纸巾,日化清洁,2,2026-08-13,77.65
103500,SKU61486,垃圾袋,日化清洁,2,2026-08-13,36.12
103500,SKU74677,鸭蛋,肉禽蛋品,2,2026-08-13,3.44
103500,SKU93618,酱油,粮油调味,4,2026-08-13,7.32
103500,SKU14202,醋,粮油调味,1,2026-08-13,51.51
103501,SKU94243,酵母,烘焙用品,4,2026-08-08,67.26
103501,SKU68830,蘸料,火锅食材,4,2026-08-08,36.53
103501,SKU60394,香蕉,生鲜蔬果,5,2026-08-08,4.09
103501,SKU54124,牛奶,食品饮料,4,2026-08-08,4.68
103501,SKU40993,牛肉,肉禽蛋品,3,2026-08-08,48.56
103502,SKU34475,醋,粮油调味,3,2026-02-19,50.55
103502,SKU83581,薯片,食品饮料,5,2026-02-19,36.78
103502,SKU32656,饼干,食品饮料,2,2026-02-19,35.07
103502,SKU54082,生菜,生鲜蔬果,2,2026-02-19,75.72
103502,SKU49930,拖把,日化清洁,3,2026-02-19,37.3
103502,SKU44193,猪肉,肉禽蛋品,1,2026-02-19,50.74
103503,SKU40426,粉丝,火锅食材,4,2026-06-21,32.56
103503,SKU11730,苹果,生鲜蔬果,4,2026-06-21,20.94
103504,SKU35908,酵母,烘焙用品,1,2026-02-23,21.89
103504,SKU48205,料酒,粮油调味,2,2026-02-23,32.08
103505,SKU59085,白菜,生鲜蔬果,3,2026-06-26,24.36
103505,SKU49581,饼干,食品饮料,5,2026-06-26,10.34
103505,SKU64501,蚝油,粮油调味,5,2026-06-26,77.97
103505,SKU30721,醋,粮油调味,1,2026-06-26,63.88
103505,SKU24863,食用油,粮油调味,5,2026-06-26,34.58
103505,SKU90242,拖把,日化清洁,3,2026-06-26,78.18
103506,SKU90024,土豆,生鲜蔬果,4,2026-02-12,53.34
103506,SKU97714,肥牛卷,火锅食材,1,2026-02-12,35.62
103506,SKU22997,面包,食品饮料,5,2026-02-12,78.26
103506,SKU18135,鸡肉,肉禽蛋品,2,2026-02-12,29.49
103507,SKU67393,苹果,生鲜蔬果,5,2026-07-01,48.01
103507,SKU16740,香蕉,生鲜蔬果,1,2026-07-01,27.03
103507,SKU89785,橙子,生鲜蔬果,4,2026-07-01,40.59
103507,SKU14314,面粉,粮油调味,4,2026-07-01,65.82
103507,SKU96326,虾仁,肉禽蛋品,1,2026-07-01,62.7
103507,SKU24832,方便面,食品饮料,1,2026-07-01,17.06
103508,SKU54732,矿泉水,食品饮料,1,2026-08-20,9.32
103508,SKU50685,糖粉,烘焙用品,4,2026-08-20,8.34
103508,SKU53547,西红柿,生鲜蔬果,4,2026-08-20,34.7
103508,SKU55458,巧克力,食品饮料,4,2026-08-20,79.81
103508,SKU58719,淡奶油,烘焙用品,1,2026-08-20,13.83
103509,SKU46016,毛肚,火锅食材,4,2026-02-14,72.85
103509,SKU78926,白菜,生鲜蔬果,2,2026-02-14,73.71
103509,SKU60401,食用油,粮油调味,3,2026-02-14,41.43
103510,SKU45927,火锅底料,火锅食材,5,2026-08-17,8.67
103510,SKU46041,丸子,火锅食材,5,2026-08-17,4.68
103510,SKU40403,肥牛卷,火锅食材,3,2026-08-17,59.5
103510,SKU15112,蛋挞皮,烘焙用品,3,2026-08-17,55.8
103511,SKU26302,香草精,烘焙用品,4,2026-01-24,10.84
103511,SKU33665,三文鱼,肉禽蛋品,1,2026-01-24,13.31
103511,SKU55435,牛肉,肉禽蛋品,5,2026-01-24,6.13
103512,SKU39045,果汁,食品饮料,2,2026-09-17,9.99
103512,SKU65576,生菜,生鲜蔬果,3,2026-09-17,48.06
103512,SKU19038,盐,粮油调味,1,2026-09-17,38.89
103512,SKU54250,蛋糕粉,烘焙用品,5,2026-09-17,15.33
103512,SKU87272,面粉,粮油调味,2,2026-09-17,11.35
103512,SKU54899,消毒液,日化清洁,2,2026-09-17,44.9
103513,SKU34275,苹果,生鲜蔬果,1,2026-03-05,26.95
103513,SKU57511,香蕉,生鲜蔬果,2,2026-03-05,9.11
103513,SKU86286,橙子,生鲜蔬果,3,2026-03-05,40.2
103513,SKU11119,排骨,肉禽蛋品,4,2026-03-05,51.5
103514,SKU51175,蘸料,火锅食材,4,2026-05-28,53.9
103514,SKU50626,鸭血,火锅食材,2,2026-05-28,47.86
103514,SKU31879,辣椒酱,粮油调味,2,2026-05-28,61.32
103514,SKU94457,猪肉,肉禽蛋品,5,2026-05-28,24.32
103514,SKU88303,食用油,粮油调味,1,2026-05-28,74.56
103514,SKU70043,土豆,生鲜蔬果,5,2026-05-28,19.1
103515,SKU20508,火锅底料,火锅食材,3,2026-09-17,47.04
103515,SKU79140,丸子,火锅食材,3,2026-09-17,77.15
103515,SKU46845,肥牛卷,火锅食材,4,2026-09-17,34.92
103515,SKU10592,糖粉,烘焙用品,2,2026-09-17,37.02
103516,SKU81318,火锅底料,火锅食材,5,2026-01-19,60.42
103516,SKU84808,丸子,火锅食材,2,2026-01-19,14.38
103516,SKU17327,肥牛卷,火锅食材,2,2026-01-19,65.66
103516,SKU32650,葡萄,生鲜蔬果,1,2026-01-19,11.86
103516,SKU21508,酵母,烘焙用品,5,2026-01-19,74.68
103517,SKU94045,牛奶,食品饮料,3,2026-07-18,51.19
103517,SKU29701,面粉,粮油调味,1,2026-07-18,38.01
103517,SKU82948,粉丝,火锅食材,1,2026-07-18,41.78
103517,SKU66472,鸡蛋,肉禽蛋品,5,2026-07-18,79.08
103517,SKU55902,油纸,烘焙用品,4,2026-07-18,72.8
103518,SKU29668,大米,粮油调味,1,2026-01-22,6.86
103518,SKU74631,食用油,粮油调味,4,2026-01-22,55.57
103518,SKU69585,酱油,粮油调味,1,2026-01-22,34.73
103518,SKU68325,辣椒酱,粮油调味,2,2026-01-22,64.66
103518,SKU90042,薯片,食品饮料,3,2026-01-22,21.02
103519,SKU87398,蛋挞皮,烘焙用品,1,2026-06-09,44.57
103519,SKU46570,鸡肉,肉禽蛋品,5,2026-06-09,11.54
103520,SKU30548,肥皂,日化清洁,3,2026-03-21,49.68
103520,SKU82287,酱油,粮油调味,5,2026-03-21,23.52
103520,SKU92467,牛奶,食品饮料,5,2026-03-21,39.05
103520,SKU63884,橙子,生鲜蔬果,1,2026-03-21,34.39
103520,SKU58778,白菜,生鲜蔬果,1,2026-03-21,11.97
103520,SKU16481,果汁,食品饮料,4,2026-03-21,5.8
103521,SKU82294,苹果,生鲜蔬果,4,2026-02-27,20.78
103521,SKU57057,香蕉,生鲜蔬果,4,2026-02-27,33.93
103521,SKU89747,橙子,生鲜蔬果,4,2026-02-27,71.63
103521,SKU53431,葡萄,生鲜蔬果,3,2026-02-27,78.86
103522,SKU51096,方便面,食品饮料,5,2026-08-06,35.2
103522,SKU75079,生菜,生鲜蔬果,1,2026-08-06,38.72
103522,SKU29481,辣椒酱,粮油调味,2,2026-08-06,52.95
103523,SKU38709,苹果,生鲜蔬果,3,2026-08-06,50.16
103523,SKU25368,香蕉,生鲜蔬果,1,2026-08-06,15.05
103523,SKU16096,橙子,生鲜蔬果,3,2026-08-06,8.72
103523,SKU89128,白菜,生鲜蔬果,1,2026-08-06,49.64
103523,SKU87301,蛋糕粉,烘焙用品,1,2026-08-06,16.45
103523,SKU45830,醋,粮油调味,5,2026-08-06,16.99
103524,SKU78139,火锅底料,火锅食材,2,2026-09-14,70.97
103524,SKU21208,丸子,火锅食材,1,2026-09-14,38.0
103524,SKU22089,肥牛卷,火锅食材,1,2026-09-14,71.82
103524,SKU99856,西红柿,生鲜蔬果,2,2026-09-14,7.46
103525,SKU89866,苹果,生鲜蔬果,4,2026-05-23,49.8
103525,SKU96166,香蕉,生鲜蔬果,4,2026-05-23,20.38
103525,SKU52693,橙子,生鲜蔬果,3,2026-05-23,27.81
103525,SKU81675,鸭血,火锅食材,3,2026-05-23,69.36
103526,SKU40549,醋,粮油调味,2,2026-02-20,69.78
103526,SKU99394,橙子,生鲜蔬果,4,2026-02-20,18.14
103526,SKU14694,黄瓜,生鲜蔬果,3,2026-02-20,39.84
103527,SKU65937,洗发水,日化清洁,5,2026-09-03,20.43
103527,SKU18362,沐浴露,日化清洁,5,2026-09-03,17.25
103527,SKU49695,牙膏,日化清洁,3,2026-09-03,56.34
103527,SKU56578,黄瓜,生鲜蔬果,4,2026-09-03,23.35
103527,SKU39118,模具,烘焙用品,3,2026-09-03,37.51
103527,SKU15756,羊肉卷,火锅食材,1,2026-09-03,7.74
103528,SKU88034,糖粉,烘焙用品,1,2026-03-14,24.05
103528,SKU58877,巧克力,食品饮料,1,2026-03-14,16.55
103528,SKU22806,酱油,粮油调味,3,2026-03-14,13.12
103528,SKU89820,火锅底料,火锅食材,4,2026-03-14,29.57
103528,SKU46122,洗衣液,日化清洁,4,2026-03-14,46.7
103528,SKU18612,蔬菜拼盘,火锅食材,4,2026-03-14,22.37
103529,SKU32180,豆腐,火锅食材,3,2026-06-18,22.72
103529,SKU29529,可乐,食品饮料,5,2026-06-18,17.58
103529,SKU28123,面粉,粮油调味,3,2026-06-18,5.25
103529,SKU78347,糖粉,烘焙用品,2,2026-06-18,5.49
103529,SKU19568,大米,粮油调味,5,2026-06-18,72.63
103530,SKU98058,可乐,食品饮料,1,2026-03-06,6.68
103530,SKU25223,醋,粮油调味,2,2026-03-06,47.01
103530,SKU98181,糖粉,烘焙用品,3,2026-03-06,54.04
103530,SKU84510,鸡蛋,肉禽蛋品,5,2026-03-06,7.32
103530,SKU67913,洗衣液,日化清洁,3,2026-03-06,6.12
103530,SKU44107,苹果,生鲜蔬果,4,2026-03-06,66.58
103531,SKU22696,洗发水,日化清洁,3,2026-02-19,46.6
103531,SKU65932,沐浴露,日化清洁,1,2026-02-19,3.47
103531,SKU33216,牙膏,日化清洁,4,2026-02-19,5.38
103531,SKU19603,三文鱼,肉禽蛋品,3,2026-02-19,50.96
103532,SKU89698,矿泉水,食品饮料,4,2026-07-19,34.89
103532,SKU61021,模具,烘焙用品,4,2026-07-19,24.02
103532,SKU10259,香草精,烘焙用品,4,2026-07-19,49.72
103533,SKU13661,排骨,肉禽蛋品,4,2026-08-05,49.49
103533,SKU77237,胡萝卜,生鲜蔬果,1,2026-08-05,34.14
103533,SKU61579,土豆,生鲜蔬果,3,2026-08-05,76.12
103533,SKU75483,食用油,粮油调味,3,2026-08-05,16.68
103533,SKU96686,三文鱼,肉禽蛋品,2,2026-08-05,26.18
103534,SKU38192,大米,粮油调味,1,2026-08-13,9.58
103534,SKU90224,食用油,粮油调味,3,2026-08-13,25.2
103534,SKU60151,酱油,粮油调味,2,2026-08-13,27.14
103534,SKU63446,模具,烘焙用品,4,2026-08-13,24.11
103534,SKU39411,醋,粮油调味,3,2026-08-13,27.05
103534,SKU80310,鸡肉,肉禽蛋品,1,2026-08-13,18.82
103535,SKU96704,胡萝卜,生鲜蔬果,2,2026-02-28,70.64
103535,SKU14492,盐,粮油调味,2,2026-02-28,50.95
103535,SKU10501,酵母,烘焙用品,3,2026-02-28,78.52
103535,SKU60616,毛肚,火锅食材,5,2026-02-28,77.77
103535,SKU14396,酱油,粮油调味,4,2026-02-28,78.06
103536,SKU91445,洗发水,日化清洁,5,2026-08-05,39.78
103536,SKU73980,沐浴露,日化清洁,5,2026-08-05,40.21
103536,SKU80872,牙膏,日化清洁,5,2026-08-05,73.75
103536,SKU51770,鸡蛋,肉禽蛋品,3,2026-08-05,45.89
103537,SKU11844,胡萝卜,生鲜蔬果,2,2026-03-16,40.99
103537,SKU36798,纸巾,日化清洁,4,2026-03-16,51.84
103538,SKU62133,酱油,粮油调味,1,2026-07-03,64.62
103538,SKU32382,苹果,生鲜蔬果,2,2026-07-03,62.65
103538,SKU94240,矿泉水,食品饮料,2,2026-07-03,32.82
103539,SKU65112,模具,烘焙用品,4,2026-09-04,20.63
103539,SKU88590,猪肉,肉禽蛋品,4,2026-09-04,9.93
103539,SKU24375,鸡蛋,肉禽蛋品,4,2026-09-04,38.23
103539,SKU66569,蘸料,火锅食材,5,2026-09-04,36.85
103539,SKU18813,料酒,粮油调味,5,2026-09-04,36.75
103539,SKU59763,白菜,生鲜蔬果,4,2026-09-04,16.33
103540,SKU57655,芝士碎,烘焙用品,2,2026-08-04,34.34
103540,SKU17121,蔬菜拼盘,火锅食材,5,2026-08-04,40.96
103541,SKU28427,三文鱼,肉禽蛋品,1,2026-08-07,54.42
103541,SKU26165,香草精,烘焙用品,1,2026-08-07,65.49
103542,SKU43120,黄油,烘焙用品,4,2026-08-21,18.66
103542,SKU82633,带鱼,肉禽蛋品,5,2026-08-21,50.82
103542,SKU73990,模具,烘焙用品,3,2026-08-21,14.13
103542,SKU22092,蚝油,粮油调味,5,2026-08-21,34.89
103542,SKU46666,鸡蛋,肉禽蛋品,4,2026-08-21,41.52
103542,SKU81026,蛋挞皮,烘焙用品,1,2026-08-21,27.95
103543,SKU72416,牛奶,食品饮料,4,2026-06-21,42.45
103543,SKU23944,面包,食品饮料,2,2026-06-21,39.18
103543,SKU98765,鸡蛋,肉禽蛋品,3,2026-06-21,23.5
103543,SKU23269,鸡翅,肉禽蛋品,5,2026-06-21,38.13
103544,SKU83843,鸡翅,肉禽蛋品,2,2026-06-17,19.55
103544,SKU74421,羊肉卷,火锅食材,5,2026-06-17,8.91
103544,SKU75730,鸡肉,肉禽蛋品,5,2026-06-17,19.47
103544,SKU44859,虾仁,肉禽蛋品,4,2026-06-17,72.77
103544,SKU18871,纸巾,日化清洁,2,2026-06-17,12.05
103544,SKU27514,毛肚,火锅食材,1,2026-06-17,73.04
103545,SKU56058,生菜,生鲜蔬果,3,2026-07-03,32.07
103545,SKU83459,三文鱼,肉禽蛋品,2,2026-07-03,49.73
103545,SKU66081,豆腐,火锅食材,2,2026-07-03,78.19
103545,SKU30552,带鱼,肉禽蛋品,4,2026-07-03,20.58
103545,SKU50254,丸子,火锅食材,4,2026-07-03,61.08
103545,SKU64409,肥牛卷,火锅食材,2,2026-07-03,36.55
103546,SKU73674,火锅底料,火锅食材,3,2026-08-15,53.71
103546,SKU41372,丸子,火锅食材,5,2026-08-15,54.89
103546,SKU69993,肥牛卷,火锅食材,3,2026-08-15,5.88
103546,SKU63227,三文鱼,肉禽蛋品,1,2026-08-15,56.9
103546,SKU73604,盐,粮油调味,2,2026-08-15,62.09
103547,SKU60317,洗发水,日化清洁,1,2026-07-14,52.34
103547,SKU25428,沐浴露,日化清洁,3,2026-07-14,79.2
103547,SKU13057,牙膏,日化清洁,2,2026-07-14,9.13
103547,SKU15814,巧克力,食品饮料,4,2026-07-14,33.94
103547,SKU75013,粉丝,火锅食材,2,2026-07-14,50.19
103547,SKU53718,芝士碎,烘焙用品,2,2026-07-14,50.38
103548,SKU11857,淡奶油,烘焙用品,3,2026-02-07,64.28
103548,SKU17673,西红柿,生鲜蔬果,4,2026-02-07,45.7
103548,SKU87809,橙子,生鲜蔬果,4,2026-02-07,51.25
103548,SKU36739,胡萝卜,生鲜蔬果,3,2026-02-07,55.87
103549,SKU53952,蛋糕粉,烘焙用品,4,2026-07-27,27.82
103549,SKU34227,黄油,烘焙用品,3,2026-07-27,19.14
103549,SKU30755,淡奶油,烘焙用品,4,2026-07-27,3.78
103549,SKU60997,鸡蛋,肉禽蛋品,4,2026-07-27,46.13
103549,SKU17289,面粉,粮油调味,2,2026-07-27,24.81
103549,SKU77721,辣椒酱,粮油调味,4,2026-07-27,72.37
103550,SKU71742,方便面,食品饮料,2,2026-04-15,60.9
103550,SKU53029,纸巾,日化清洁,1,2026-04-15,6.32
103550,SKU12934,豆腐,火锅食材,4,2026-04-15,26.54
103550,SKU50041,丸子,火锅食材,4,2026-04-15,37.66
103550,SKU60456,橙子,生鲜蔬果,1,2026-04-15,31.7
103550,SKU98260,虾仁,肉禽蛋品,4,2026-04-15,50.0
103551,SKU64365,羊肉卷,火锅食材,4,2026-03-10,28.56
103551,SKU59310,饼干,食品饮料,3,2026-03-10,26.58
103551,SKU85010,鸡肉,肉禽蛋品,2,2026-03-10,69.64
103551,SKU82735,洗衣液,日化清洁,2,2026-03-10,10.38
103551,SKU50708,肥皂,日化清洁,1,2026-03-10,46.9
103551,SKU18093,土豆,生鲜蔬果,2,2026-03-10,68.3
103552,SKU65869,大米,粮油调味,5,2026-05-25,79.93
103552,SKU33209,食用油,粮油调味,1,2026-05-25,6.88
103552,SKU99294,酱油,粮油调味,2,2026-05-25,14.69
103552,SKU65310,洗洁精,日化清洁,3,2026-05-25,72.99
103552,SKU91088,猪肉,肉禽蛋品,4,2026-05-25,70.49
103553,SKU81192,西红柿,生鲜蔬果,1,2026-03-14,71.53
103553,SKU78535,鸡蛋,肉禽蛋品,1,2026-03-14,68.38
103553,SKU61020,黄瓜,生鲜蔬果,1,2026-03-14,44.36
103553,SKU95168,薯片,食品饮料,3,2026-03-14,77.06
103554,SKU99127,可乐,食品饮料,5,2026-09-13,20.12
103554,SKU57497,薯片,食品饮料,4,2026-09-13,44.45
103554,SKU21822,饼干,食品饮料,4,2026-09-13,24.2
103554,SKU76623,带鱼,肉禽蛋品,2,2026-09-13,72.83
103554,SKU11551,鸭蛋,肉禽蛋品,4,2026-09-13,36.01
103554,SKU72161,胡萝卜,生鲜蔬果,3,2026-09-13,23.56
103555,SKU16852,西红柿,生鲜蔬果,3,2026-02-18,5.83
103555,SKU28421,鸡蛋,肉禽蛋品,5,2026-02-18,73.53
103555,SKU40343,黄瓜,生鲜蔬果,5,2026-02-18,61.51
103555,SKU52936,生菜,生鲜蔬果,3,2026-02-18,59.05
103555,SKU34122,辣椒酱,粮油调味,4,2026-02-18,10.78
103555,SKU38560,橙子,生鲜蔬果,4,2026-02-18,5.43
103556,SKU40037,蛋糕粉,烘焙用品,5,2026-02-20,65.81
103556,SKU27658,黄油,烘焙用品,3,2026-02-20,19.51
103556,SKU65581,淡奶油,烘焙用品,3,2026-02-20,12.18
103556,SKU33308,鸡蛋,肉禽蛋品,4,2026-02-20,34.04
103556,SKU52797,生菜,生鲜蔬果,1,2026-02-20,35.78
103556,SKU15695,带鱼,肉禽蛋品,4,2026-02-20,34.76
103556,SKU29956,牙膏,日化清洁,5,2026-02-20,3.27
103557,SKU93407,西红柿,生鲜蔬果,1,2026-09-18,58.07
103557,SKU57023,鸡蛋,肉禽蛋品,2,2026-09-18,5.22
103557,SKU59260,黄瓜,生鲜蔬果,1,2026-09-18,14.91
103557,SKU53945,生菜,生鲜蔬果,1,2026-09-18,69.33
103558,SKU16788,油纸,烘焙用品,3,2026-06-28,7.98
103558,SKU27877,香草精,烘焙用品,3,2026-06-28,73.64
103558,SKU63252,牛肉,肉禽蛋品,5,2026-06-28,44.28
103559,SKU24323,土豆,生鲜蔬果,1,2026-05-24,28.83
103559,SKU48435,白菜,生鲜蔬果,5,2026-05-24,76.81
103559,SKU22295,面包,食品饮料,4,2026-05-24,24.29
103559,SKU83309,洗洁精,日化清洁,2,2026-05-24,40.44
103559,SKU31951,带鱼,肉禽蛋品,1,2026-05-24,11.12
103559,SKU44358,消毒液,日化清洁,2,2026-05-24,8.98
103560,SKU51631,酵母,烘焙用品,1,2026-09-18,16.49
103560,SKU81385,蛋挞皮,烘焙用品,3,2026-09-18,23.63
103560,SKU83874,毛肚,火锅食材,3,2026-09-18,61.16
103561,SKU55396,淡奶油,烘焙用品,1,2026-08-11,66.39
103561,SKU47969,沐浴露,日化清洁,4,2026-08-11,13.74
103561,SKU35277,肥牛卷,火锅食材,3,2026-08-11,69.39
103562,SKU84106,牛肉,肉禽蛋品,5,2026-03-20,55.79
103562,SKU93554,蔬菜拼盘,火锅食材,3,2026-03-20,59.06
103562,SKU60084,蛋挞皮,烘焙用品,4,2026-03-20,10.04
103562,SKU23404,香蕉,生鲜蔬果,1,2026-03-20,27.97
103562,SKU10945,淡奶油,烘焙用品,1,2026-03-20,72.51
103562,SKU92262,食用油,粮油调味,2,2026-03-20,41.17
103563,SKU75028,酵母,烘焙用品,4,2026-03-04,5.8
103563,SKU52979,鸭血,火锅食材,4,2026-03-04,67.99
103564,SKU75107,大米,粮油调味,5,2026-08-03,55.65
103564,SKU63548,食用油,粮油调味,4,2026-08-03,26.77
103564,SKU46963,酱油,粮油调味,5,2026-08-03,7.85
103564,SKU59029,三文鱼,肉禽蛋品,3,2026-08-03,38.16
103564,SKU96976,醋,粮油调味,5,2026-08-03,66.88
103565,SKU38206,苹果,生鲜蔬果,3,2026-01-19,31.96
103565,SKU63190,香蕉,生鲜蔬果,2,2026-01-19,33.01
103565,SKU54576,橙子,生鲜蔬果,2,2026-01-19,59.04
103565,SKU22714,白菜,生鲜蔬果,1,2026-01-19,7.22
103565,SKU13303,洗衣液,日化清洁,3,2026-01-19,68.66
103565,SKU14387,葡萄,生鲜蔬果,5,2026-01-19,39.05
103566,SKU91830,蛋糕粉,烘焙用品,4,2026-04-08,35.26
103566,SKU82738,黄油,烘焙用品,4,2026-04-08,45.63
103566,SKU65693,淡奶油,烘焙用品,4,2026-04-08,59.35
103566,SKU76579,鸡蛋,肉禽蛋品,3,2026-04-08,9.91
103566,SKU91631,丸子,火锅食材,1,2026-04-08,78.74
103567,SKU79099,芝士碎,烘焙用品,2,2026-02-01,24.85
103567,SKU54730,羊肉卷,火锅食材,3,2026-02-01,30.05
103567,SKU36561,面粉,粮油调味,4,2026-02-01,5.76
103568,SKU92046,牛肉,肉禽蛋品,3,2026-05-07,65.88
103568,SKU79984,糖粉,烘焙用品,1,2026-05-07,28.76
103568,SKU94897,胡萝卜,生鲜蔬果,2,2026-05-07,53.24
103568,SKU46812,橙子,生鲜蔬果,3,2026-05-07,67.49
103568,SKU47273,粉丝,火锅食材,2,2026-05-07,51.19
103568,SKU66311,辣椒酱,粮油调味,4,2026-05-07,31.87
103569,SKU86328,白糖,粮油调味,2,2026-04-13,31.94
103569,SKU98370,酱油,粮油调味,2,2026-04-13,22.39
103569,SKU57694,毛肚,火锅食材,1,2026-04-13,77.79
103569,SKU45260,黄油,烘焙用品,2,2026-04-13,30.42
103570,SKU13378,牛奶,食品饮料,2,2026-02-21,67.06
103570,SKU62960,面包,食品饮料,3,2026-02-21,25.71
103570,SKU23095,果汁,食品饮料,5,2026-02-21,35.78
103570,SKU60486,料酒,粮油调味,3,2026-02-21,42.37
103571,SKU29384,淡奶油,烘焙用品,5,2026-09-06,65.17
103571,SKU19514,酸奶,食品饮料,2,2026-09-06,24.44
103571,SKU25495,苹果,生鲜蔬果,1,2026-09-06,39.51
103571,SKU35167,葡萄,生鲜蔬果,3,2026-09-06,30.1
103572,SKU23395,排骨,肉禽蛋品,1,2026-07-16,29.35
103572,SKU30839,胡萝卜,生鲜蔬果,5,2026-07-16,73.98
103572,SKU41121,土豆,生鲜蔬果,4,2026-07-16,60.42
103572,SKU87019,大米,粮油调味,4,2026-07-16,3.55
103572,SKU34927,生菜,生鲜蔬果,4,2026-07-16,6.04
103573,SKU80936,火锅底料,火锅食材,5,2026-06-12,44.47
103573,SKU66314,丸子,火锅食材,5,2026-06-12,75.26
103573,SKU48657,肥牛卷,火锅食材,2,2026-06-12,28.63
103573,SKU11253,牛奶,食品饮料,1,2026-06-12,13.83
103574,SKU74154,排骨,肉禽蛋品,4,2026-08-28,76.03
103574,SKU43236,胡萝卜,生鲜蔬果,1,2026-08-28,49.77
103574,SKU64208,土豆,生鲜蔬果,2,2026-08-28,13.53
103574,SKU57694,洗衣液,日化清洁,2,2026-08-28,42.14
103574,SKU35997,酸奶,食品饮料,1,2026-08-28,36.47
103575,SKU35144,苹果,生鲜蔬果,3,2026-02-05,13.19
103575,SKU50849,香蕉,生鲜蔬果,5,2026-02-05,74.09
103575,SKU17432,橙子,生鲜蔬果,3,2026-02-05,67.75
103575,SKU45629,矿泉水,食品饮料,2,2026-02-05,13.63
103576,SKU28255,西红柿,生鲜蔬果,3,2026-02-11,31.47
103576,SKU91750,鸡蛋,肉禽蛋品,2,2026-02-11,41.45
103576,SKU11237,黄瓜,生鲜蔬果,2,2026-02-11,78.06
103576,SKU20250,带鱼,肉禽蛋品,4,2026-02-11,26.3
103577,SKU52353,大米,粮油调味,5,2026-02-10,71.27
103577,SKU31694,肥牛卷,火锅食材,2,2026-02-10,43.1
103577,SKU92271,鸭血,火锅食材,5,2026-02-10,59.93
103577,SKU17498,醋,粮油调味,4,2026-02-10,36.41
103577,SKU13589,鸡翅,肉禽蛋品,3,2026-02-10,56.63
103578,SKU58180,蔬菜拼盘,火锅食材,2,2026-09-19,8.86
103578,SKU44634,香草精,烘焙用品,1,2026-09-19,44.05
103578,SKU47097,香蕉,生鲜蔬果,4,2026-09-19,77.14
103578,SKU18138,生菜,生鲜蔬果,3,2026-09-19,64.25
103578,SKU42750,火锅底料,火锅食材,1,2026-09-19,27.47
103579,SKU31660,蛋糕粉,烘焙用品,2,2026-02-22,14.98
103579,SKU99905,黄油,烘焙用品,3,2026-02-22,51.84
103579,SKU39065,淡奶油,烘焙用品,3,2026-02-22,70.25
103579,SKU37367,鸡蛋,肉禽蛋品,5,2026-02-22,47.51
103579,SKU95688,酵母,烘焙用品,3,2026-02-22,40.06
103579,SKU86632,矿泉水,食品饮料,3,2026-02-22,76.79
103579,SKU34585,酱油,粮油调味,3,2026-02-22,17.11
103580,SKU67946,排骨,肉禽蛋品,2,2026-03-28,52.32
103580,SKU81879,胡萝卜,生鲜蔬果,1,2026-03-28,32.29
103580,SKU55087,土豆,生鲜蔬果,3,2026-03-28,21.58
103580,SKU47559,果汁,食品饮料,1,2026-03-28,25.07
103580,SKU15238,酱油,粮油调味,4,2026-03-28,13.35
103581,SKU84913,大米,粮油调味,5,2026-06-11,29.04
103581,SKU93371,食用油,粮油调味,5,2026-06-11,10.56
103581,SKU18180,酱油,粮油调味,5,2026-06-11,46.6
103581,SKU71831,沐浴露,日化清洁,2,2026-06-11,74.69
103581,SKU43036,蔬菜拼盘,火锅食材,4,2026-06-11,55.67
103582,SKU17164,牙膏,日化清洁,1,2026-05-24,20.18
103582,SKU28990,料酒,粮油调味,5,2026-05-24,66.16
103582,SKU23721,鸡蛋,肉禽蛋品,1,2026-05-24,72.25
103582,SKU94938,排骨,肉禽蛋品,4,2026-05-24,10.79
103583,SKU93605,火锅底料,火锅食材,1,2026-08-14,14.4
103583,SKU42572,丸子,火锅食材,5,2026-08-14,42.83
103583,SKU28806,肥牛卷,火锅食材,2,2026-08-14,78.74
103583,SKU28518,模具,烘焙用品,4,2026-08-14,28.09
103583,SKU17240,白糖,粮油调味,5,2026-08-14,10.35
103583,SKU90047,鸡肉,肉禽蛋品,4,2026-08-14,24.82
103584,SKU42236,丸子,火锅食材,1,2026-09-18,24.1
103584,SKU17505,胡萝卜,生鲜蔬果,5,2026-09-18,70.7
103584,SKU63621,黄瓜,生鲜蔬果,5,2026-09-18,74.8
103584,SKU95941,纸巾,日化清洁,4,2026-09-18,28.47
103584,SKU37374,面包,食品饮料,1,2026-09-18,27.22
103584,SKU59548,果汁,食品饮料,5,2026-09-18,22.11
103585,SKU85105,牛奶,食品饮料,3,2026-03-05,62.58
103585,SKU99117,白糖,粮油调味,3,2026-03-05,23.6
103585,SKU57145,拖把,日化清洁,3,2026-03-05,36.18
103586,SKU29696,洗发水,日化清洁,4,2026-03-01,72.43
103586,SKU21480,沐浴露,日化清洁,3,2026-03-01,38.67
103586,SKU94340,牙膏,日化清洁,4,2026-03-01,17.22
103586,SKU73032,豆腐,火锅食材,5,2026-03-01,55.51
103586,SKU89431,垃圾袋,日化清洁,4,2026-03-01,15.75
103586,SKU37526,橙子,生鲜蔬果,2,2026-03-01,31.06
103587,SKU19091,酵母,烘焙用品,1,2026-03-02,40.49
103587,SKU11638,虾仁,肉禽蛋品,2,2026-03-02,62.51
103587,SKU72336,香草精,烘焙用品,5,2026-03-02,24.89
103587,SKU78011,三文鱼,肉禽蛋品,3,2026-03-02,75.13
103587,SKU29101,洗发水,日化清洁,5,2026-03-02,15.39
103588,SKU96708,洗洁精,日化清洁,5,2026-08-05,39.25
103588,SKU16961,蚝油,粮油调味,4,2026-08-05,18.8
103588,SKU61896,生菜,生鲜蔬果,3,2026-08-05,20.93
103588,SKU62987,羊肉卷,火锅食材,4,2026-08-05,79.24
103588,SKU11597,鸭血,火锅食材,4,2026-08-05,38.08
103588,SKU92509,牙膏,日化清洁,2,2026-08-05,70.37
103589,SKU85371,火锅底料,火锅食材,4,2026-04-15,70.83
103589,SKU99698,虾仁,肉禽蛋品,5,2026-04-15,47.39
103589,SKU14328,香蕉,生鲜蔬果,4,2026-04-15,60.08
103589,SKU54110,盐,粮油调味,1,2026-04-15,17.35
103589,SKU32853,淡奶油,烘焙用品,4,2026-04-15,43.52
103590,SKU91847,油纸,烘焙用品,2,2026-04-21,31.96
103590,SKU61963,苹果,生鲜蔬果,3,2026-04-21,55.05
103590,SKU45544,蚝油,粮油调味,3,2026-04-21,26.79
103590,SKU74227,巧克力,食品饮料,5,2026-04-21,68.75
103590,SKU48442,橙子,生鲜蔬果,4,2026-04-21,74.8
103590,SKU84213,芝士碎,烘焙用品,3,2026-04-21,46.9
103591,SKU78924,消毒液,日化清洁,5,2026-05-04,47.67
103591,SKU18107,鸭血,火锅食材,5,2026-05-04,73.41
103591,SKU31783,西红柿,生鲜蔬果,5,2026-05-04,61.55
103592,SKU56521,果汁,食品饮料,3,2026-01-15,76.22
103592,SKU40165,豆腐,火锅食材,2,2026-01-15,65.73
103592,SKU92105,生菜,生鲜蔬果,5,2026-01-15,77.33
103592,SKU56046,火锅底料,火锅食材,2,2026-01-15,61.83
103593,SKU71082,白菜,生鲜蔬果,1,2026-06-05,44.9
103593,SKU72337,醋,粮油调味,2,2026-06-05,77.51
103594,SKU24895,粉丝,火锅食材,2,2026-07-02,71.02
103594,SKU75654,火锅底料,火锅食材,3,2026-07-02,70.37
103594,SKU37291,葡萄,生鲜蔬果,2,2026-07-02,51.46
103594,SKU91787,盐,粮油调味,1,2026-07-02,18.18
103594,SKU55203,酸奶,食品饮料,2,2026-07-02,42.34
103595,SKU79584,饼干,食品饮料,5,2026-09-24,55.74
103595,SKU61402,蚝油,粮油调味,5,2026-09-24,21.07
103595,SKU99918,拖把,日化清洁,2,2026-09-24,59.65
103595,SKU67511,土豆,生鲜蔬果,1,2026-09-24,74.8
103595,SKU15208,果汁,食品饮料,3,2026-09-24,3.49
103596,SKU97637,蘸料,火锅食材,5,2026-05-23,3.98
103596,SKU94102,鸭血,火锅食材,4,2026-05-23,54.86
103597,SKU68726,猪肉,肉禽蛋品,2,2026-06-03,46.5
103597,SKU68554,排骨,肉禽蛋品,2,2026-06-03,62.95
103597,SKU81865,薯片,食品饮料,3,2026-06-03,33.11
103598,SKU69735,可乐,食品饮料,1,2026-07-24,72.17
103598,SKU22960,薯片,食品饮料,5,2026-07-24,56.13
103598,SKU88816,饼干,食品饮料,2,2026-07-24,37.76
103598,SKU71758,拖把,日化清洁,3,2026-07-24,50.72
103598,SKU51932,胡萝卜,生鲜蔬果,4,2026-07-24,28.06
103599,SKU48507,蚝油,粮油调味,2,2026-09-20,40.16
103599,SKU94009,生菜,生鲜蔬果,5,2026-09-20,10.76
103599,SKU57595,淡奶油,烘焙用品,1,2026-09-20,43.18
103600,SKU75373,洗衣液,日化清洁,2,2026-07-28,11.46
103600,SKU14561,纸巾,日化清洁,2,2026-07-28,47.73
103600,SKU99123,垃圾袋,日化清洁,2,2026-07-28,37.83
103600,SKU17741,蘸料,火锅食材,3,2026-07-28,52.42
103601,SKU29287,牛肉,肉禽蛋品,3,2026-05-04,28.19
103601,SKU11052,盐,粮油调味,5,2026-05-04,5.66
103601,SKU32156,橙子,生鲜蔬果,2,2026-05-04,30.0
103601,SKU72675,肥牛卷,火锅食材,1,2026-05-04,76.64
103602,SKU40681,鸡翅,肉禽蛋品,1,2026-01-28,41.24
103602,SKU94151,带鱼,肉禽蛋品,4,2026-01-28,8.1
103602,SKU29341,酵母,烘焙用品,4,2026-01-28,63.58
103602,SKU62786,牛奶,食品饮料,5,2026-01-28,24.21
103602,SKU56256,西红柿,生鲜蔬果,1,2026-01-28,14.28
103602,SKU80179,白糖,粮油调味,4,2026-01-28,49.97
103603,SKU16750,醋,粮油调味,1,2026-02-28,66.6
103603,SKU88721,排骨,肉禽蛋品,5,2026-02-28,57.9
103603,SKU98338,酵母,烘焙用品,2,2026-02-28,55.28
103604,SKU22353,火锅底料,火锅食材,1,2026-06-13,69.13
103604,SKU16537,丸子,火锅食材,3,2026-06-13,19.16
103604,SKU47065,肥牛卷,火锅食材,5,2026-06-13,65.07
103604,SKU64103,果汁,食品饮料,1,2026-06-13,15.36
103605,SKU58899,鸡肉,肉禽蛋品,2,2026-02-15,24.22
103605,SKU29129,面粉,粮油调味,3,2026-02-15,13.59
103605,SKU21177,鸭血,火锅食材,2,2026-02-15,54.54
103605,SKU77749,酸奶,食品饮料,4,2026-02-15,55.39
103605,SKU33290,粉丝,火锅食材,1,2026-02-15,74.28
103605,SKU30987,鸡翅,肉禽蛋品,1,2026-02-15,59.12
103606,SKU18855,可乐,食品饮料,4,2026-08-14,35.66
103606,SKU63563,薯片,食品饮料,3,2026-08-14,70.92
103606,SKU17211,饼干,食品饮料,2,2026-08-14,69.61
103606,SKU34544,糖粉,烘焙用品,2,2026-08-14,7.94
103606,SKU59447,土豆,生鲜蔬果,1,2026-08-14,72.83
103607,SKU75978,香蕉,生鲜蔬果,3,2026-02-04,27.76
103607,SKU99509,拖把,日化清洁,2,2026-02-04,3.5
103608,SKU88177,蛋糕粉,烘焙用品,1,2026-05-25,31.9
103608,SKU53597,黄油,烘焙用品,3,2026-05-25,65.7
103608,SKU10320,淡奶油,烘焙用品,2,2026-05-25,63.29
103608,SKU77054,鸡蛋,肉禽蛋品,5,2026-05-25,14.72
103608,SKU77924,面包,食品饮料,4,2026-05-25,49.82
103608,SKU33991,纸巾,日化清洁,2,2026-05-25,64.9
103609,SKU58578,消毒液,日化清洁,5,2026-04-06,45.45
103609,SKU29211,糖粉,烘焙用品,2,2026-04-06,69.76
103609,SKU18697,白菜,生鲜蔬果,3,2026-04-06,56.38
103610,SKU55889,大米,粮油调味,1,2026-08-02,31.75
103610,SKU85526,食用油,粮油调味,2,2026-08-02,23.34
103610,SKU10190,酱油,粮油调味,5,2026-08-02,22.23
103610,SKU36747,蘸料,火锅食材,5,2026-08-02,39.38
103610,SKU62985,牛肉,肉禽蛋品,1,2026-08-02,61.48
103611,SKU33770,巧克力,食品饮料,1,2026-02-28,57.12
103611,SKU60464,生菜,生鲜蔬果,1,2026-02-28,53.86
103612,SKU27935,蛋挞皮,烘焙用品,1,2026-02-02,57.46
103612,SKU61102,排骨,肉禽蛋品,5,2026-02-02,62.87
103613,SKU23734,火锅底料,火锅食材,5,2026-08-09,63.25
103613,SKU87852,糖粉,烘焙用品,4,2026-08-09,64.52
103613,SKU49836,鸭血,火锅食材,2,2026-08-09,56.55
103613,SKU57615,白菜,生鲜蔬果,5,2026-08-09,21.13
103613,SKU13869,醋,粮油调味,4,2026-08-09,27.02
103613,SKU49289,可乐,食品饮料,5,2026-08-09,29.3
103614,SKU85399,洗衣液,日化清洁,4,2026-08-03,25.47
103614,SKU29999,牙膏,日化清洁,4,2026-08-03,22.46
103615,SKU23196,可乐,食品饮料,5,2026-03-23,75.38
103615,SKU88027,薯片,食品饮料,3,2026-03-23,73.87
103615,SKU86864,饼干,食品饮料,5,2026-03-23,35.38
103615,SKU94578,拖把,日化清洁,5,2026-03-23,18.16
103615,SKU42967,辣椒酱,粮油调味,2,2026-03-23,32.87
103615,SKU29623,鸡蛋,肉禽蛋品,2,2026-03-23,7.01
103616,SKU55524,西红柿,生鲜蔬果,1,2026-07-06,65.04
103616,SKU37178,鸡蛋,肉禽蛋品,2,2026-07-06,8.41
103616,SKU18840,黄瓜,生鲜蔬果,5,2026-07-06,11.49
103616,SKU68286,三文鱼,肉禽蛋品,5,2026-07-06,66.14
103616,SKU91959,面包,食品饮料,2,2026-07-06,60.13
103616,SKU72553,土豆,生鲜蔬果,2,2026-07-06,24.92
103617,SKU60817,黄油,烘焙用品,2,2026-02-11,10.94
103617,SKU33107,火锅底料,火锅食材,5,2026-02-11,37.31
103617,SKU80708,辣椒酱,粮油调味,5,2026-02-11,10.87
103617,SKU80011,葡萄,生鲜蔬果,5,2026-02-11,31.47
103618,SKU46195,辣椒酱,粮油调味,4,2026-05-02,56.93
103618,SKU77590,猪肉,肉禽蛋品,4,2026-05-02,50.64
103618,SKU54526,土豆,生鲜蔬果,4,2026-05-02,57.48
103618,SKU72095,纸巾,日化清洁,5,2026-05-02,65.82
103619,SKU58202,带鱼,肉禽蛋品,5,2026-01-03,76.93
103619,SKU95398,三文鱼,肉禽蛋品,3,2026-01-03,39.62
103619,SKU16149,羊肉卷,火锅食材,2,2026-01-03,5.68
103619,SKU64396,香蕉,生鲜蔬果,3,2026-01-03,56.5
103620,SKU23413,橙子,生鲜蔬果,5,2026-09-26,16.57
103620,SKU64142,芝士碎,烘焙用品,5,2026-09-26,39.11
103620,SKU31457,饼干,食品饮料,4,2026-09-26,56.6
103620,SKU95464,蚝油,粮油调味,5,2026-09-26,23.7
103620,SKU19090,洗衣液,日化清洁,3,2026-09-26,59.18
103620,SKU10273,酸奶,食品饮料,3,2026-09-26,20.0
103621,SKU16770,糖粉,烘焙用品,4,2026-02-05,33.81
103621,SKU29837,醋,粮油调味,4,2026-02-05,52.71
103622,SKU11771,西红柿,生鲜蔬果,4,2026-08-05,23.02
103622,SKU29024,鸡蛋,肉禽蛋品,4,2026-08-05,7.99
103622,SKU56743,黄瓜,生鲜蔬果,2,2026-08-05,48.5
103622,SKU55518,蛋挞皮,烘焙用品,2,2026-08-05,36.5
103623,SKU11016,洗发水,日化清洁,1,2026-06-11,15.53
103623,SKU64968,糖粉,烘焙用品,1,2026-06-11,70.0
103623,SKU55342,淡奶油,烘焙用品,3,2026-06-11,55.85
103623,SKU97043,鸭血,火锅食材,2,2026-06-11,6.75
103623,SKU46457,排骨,肉禽蛋品,3,2026-06-11,4.57
103624,SKU72312,豆腐,火锅食材,4,2026-04-21,69.06
103624,SKU38128,模具,烘焙用品,3,2026-04-21,49.66
103624,SKU95647,大米,粮油调味,2,2026-04-21,30.1
103625,SKU81403,洗发水,日化清洁,2,2026-03-10,56.0
103625,SKU71798,沐浴露,日化清洁,5,2026-03-10,3.97
103625,SKU36387,牙膏,日化清洁,1,2026-03-10,5.82
103625,SKU19918,面包,食品饮料,4,2026-03-10,43.43
103625,SKU78440,鸡翅,肉禽蛋品,1,2026-03-10,45.0
103626,SKU75427,大米,粮油调味,3,2026-04-18,75.48
103626,SKU83227,食用油,粮油调味,1,2026-04-18,13.29
103626,SKU38591,酱油,粮油调味,3,2026-04-18,7.27
103626,SKU18139,醋,粮油调味,5,2026-04-18,23.24
103626,SKU79445,薯片,食品饮料,3,2026-04-18,45.56
103627,SKU38726,苹果,生鲜蔬果,5,2026-08-26,53.19
103627,SKU35180,香蕉,生鲜蔬果,2,2026-08-26,20.95
103627,SKU53072,橙子,生鲜蔬果,3,2026-08-26,10.84
103627,SKU28404,牛肉,肉禽蛋品,1,2026-08-26,50.38
103627,SKU49937,盐,粮油调味,2,2026-08-26,67.78
103627,SKU57694,鸭蛋,肉禽蛋品,3,2026-08-26,4.99
103628,SKU97629,蔬菜拼盘,火锅食材,5,2026-04-28,40.47
103628,SKU78728,牛奶,食品饮料,2,2026-04-28,28.14
103628,SKU82018,酸奶,食品饮料,1,2026-04-28,28.12
103628,SKU86787,盐,粮油调味,2,2026-04-28,50.16
103628,SKU54504,白糖,粮油调味,5,2026-04-28,49.38
103628,SKU18889,香草精,烘焙用品,5,2026-04-28,60.58
103629,SKU62870,牙膏,日化清洁,4,2026-05-17,40.59
103629,SKU33977,生菜,生鲜蔬果,3,2026-05-17,13.27
103629,SKU14875,沐浴露,日化清洁,4,2026-05-17,18.32
103629,SKU48408,洗发水,日化清洁,4,2026-05-17,21.45
103630,SKU92069,洗发水,日化清洁,2,2026-08-02,43.84
103630,SKU97563,沐浴露,日化清洁,1,2026-08-02,77.58
103630,SKU89879,牙膏,日化清洁,5,2026-08-02,72.12
103630,SKU91334,葡萄,生鲜蔬果,1,2026-08-02,49.49
103630,SKU45403,果汁,食品饮料,3,2026-08-02,72.58
103631,SKU68772,排骨,肉禽蛋品,1,2026-08-14,74.59
103631,SKU11157,胡萝卜,生鲜蔬果,1,2026-08-14,11.74
103631,SKU66340,土豆,生鲜蔬果,2,2026-08-14,79.24
103631,SKU87610,牛奶,食品饮料,1,2026-08-14,73.56
103631,SKU22857,鸭血,火锅食材,1,2026-08-14,48.14
103632,SKU98396,牙膏,日化清洁,5,2026-08-20,71.92
103632,SKU12681,模具,烘焙用品,4,2026-08-20,19.67
103633,SKU78200,生菜,生鲜蔬果,3,2026-09-02,31.3
103633,SKU83905,辣椒酱,粮油调味,3,2026-09-02,8.53
103633,SKU26825,蛋挞皮,烘焙用品,1,2026-09-02,22.19
103633,SKU38894,面粉,粮油调味,2,2026-09-02,8.71
103633,SKU90770,酱油,粮油调味,5,2026-09-02,42.13
103634,SKU20461,火锅底料,火锅食材,5,2026-02-18,64.2
103634,SKU75001,黄瓜,生鲜蔬果,5,2026-02-18,27.78
103635,SKU37345,可乐,食品饮料,3,2026-03-25,56.73
103635,SKU76659,薯片,食品饮料,4,2026-03-25,46.62
103635,SKU55782,饼干,食品饮料,1,2026-03-25,51.19
103635,SKU50518,洗发水,日化清洁,2,2026-03-25,59.19
103635,SKU48522,毛肚,火锅食材,1,2026-03-25,31.0
103635,SKU84718,面包,食品饮料,4,2026-03-25,67.81
103636,SKU91552,香蕉,生鲜蔬果,1,2026-03-27,39.28
103636,SKU40451,蔬菜拼盘,火锅食材,5,2026-03-27,72.44
103636,SKU56879,生菜,生鲜蔬果,3,2026-03-27,30.26
103637,SKU97036,牛奶,食品饮料,4,2026-02-28,66.93
103637,SKU39507,面包,食品饮料,3,2026-02-28,68.11
103637,SKU51542,面粉,粮油调味,5,2026-02-28,31.91
103637,SKU20248,拖把,日化清洁,5,2026-02-28,48.68
103638,SKU28224,酱油,粮油调味,1,2026-08-28,27.43
103638,SKU31142,丸子,火锅食材,4,2026-08-28,21.07
103639,SKU18293,洗发水,日化清洁,1,2026-03-14,32.28
103639,SKU81888,沐浴露,日化清洁,2,2026-03-14,61.27
103639,SKU23594,牙膏,日化清洁,2,2026-03-14,29.12
103639,SKU13823,鸭蛋,肉禽蛋品,4,2026-03-14,42.03
103639,SKU94389,油纸,烘焙用品,3,2026-03-14,14.81
103640,SKU25266,排骨,肉禽蛋品,3,2026-06-01,16.7
103640,SKU95409,胡萝卜,生鲜蔬果,2,2026-06-01,70.83
103640,SKU61765,土豆,生鲜蔬果,3,2026-06-01,39.45
103640,SKU44319,蘸料,火锅食材,1,2026-06-01,26.87
103640,SKU53100,料酒,粮油调味,3,2026-06-01,4.78
103640,SKU73916,垃圾袋,日化清洁,4,2026-06-01,47.99
103641,SKU91513,大米,粮油调味,4,2026-09-10,57.74
103641,SKU98948,食用油,粮油调味,1,2026-09-10,11.49
103641,SKU56006,酱油,粮油调味,4,2026-09-10,26.49
103642,SKU63100,黄瓜,生鲜蔬果,1,2026-06-02,35.61
103642,SKU34733,食用油,粮油调味,3,2026-06-02,53.18
103642,SKU27817,西红柿,生鲜蔬果,2,2026-06-02,6.88
103643,SKU48813,蛋糕粉,烘焙用品,3,2026-01-21,15.05
103643,SKU16367,黄油,烘焙用品,5,2026-01-21,78.59
103643,SKU73251,淡奶油,烘焙用品,1,2026-01-21,18.49
103643,SKU12623,鸡蛋,肉禽蛋品,2,2026-01-21,25.77
103643,SKU28453,油纸,烘焙用品,5,2026-01-21,50.39
103643,SKU79191,黄瓜,生鲜蔬果,1,2026-01-21,68.14
103644,SKU46272,洗洁精,日化清洁,4,2026-06-24,49.66
103644,SKU22978,虾仁,肉禽蛋品,4,2026-06-24,26.59
103644,SKU25213,生菜,生鲜蔬果,1,2026-06-24,12.7
103644,SKU74143,蚝油,粮油调味,2,2026-06-24,5.08
103644,SKU78109,大米,粮油调味,4,2026-06-24,53.28
103645,SKU87952,火锅底料,火锅食材,2,2026-04-21,3.99
103645,SKU85612,丸子,火锅食材,2,2026-04-21,38.19
103645,SKU42866,肥牛卷,火锅食材,4,2026-04-21,50.43
103645,SKU84747,粉丝,火锅食材,5,2026-04-21,19.41
103645,SKU74537,蛋挞皮,烘焙用品,3,2026-04-21,43.01
103646,SKU46402,黄瓜,生鲜蔬果,4,2026-05-05,39.79
103646,SKU14244,排骨,肉禽蛋品,4,2026-05-05,68.17
103646,SKU64813,香草精,烘焙用品,2,2026-05-05,52.64
103646,SKU69994,纸巾,日化清洁,5,2026-05-05,12.44
103646,SKU50768,葡萄,生鲜蔬果,2,2026-05-05,35.91
103646,SKU89828,鸡肉,肉禽蛋品,1,2026-05-05,54.55
103647,SKU79480,蛋糕粉,烘焙用品,2,2026-07-18,46.6
103647,SKU70373,黄油,烘焙用品,1,2026-07-18,57.06
103647,SKU68072,淡奶油,烘焙用品,1,2026-07-18,54.67
103647,SKU91589,鸡蛋,肉禽蛋品,4,2026-07-18,29.08
103647,SKU47857,土豆,生鲜蔬果,3,2026-07-18,25.85
103648,SKU50245,牙膏,日化清洁,5,2026-01-18,18.78
103648,SKU12234,黄瓜,生鲜蔬果,1,2026-01-18,45.76
103648,SKU83076,盐,粮油调味,5,2026-01-18,53.3
103648,SKU63441,肥牛卷,火锅食材,2,2026-01-18,48.13
103648,SKU47355,大米,粮油调味,1,2026-01-18,57.91
103648,SKU82140,生菜,生鲜蔬果,4,2026-01-18,15.07
103649,SKU40228,蚝油,粮油调味,3,2026-08-08,61.88
103649,SKU89294,三文鱼,肉禽蛋品,3,2026-08-08,71.81
103649,SKU76034,面粉,粮油调味,4,2026-08-08,35.39
103649,SKU26826,鸡肉,肉禽蛋品,2,2026-08-08,51.39
103650,SKU89523,西红柿,生鲜蔬果,2,2026-04-17,63.78
103650,SKU52649,鸡蛋,肉禽蛋品,5,2026-04-17,30.43
103650,SKU41176,黄瓜,生鲜蔬果,4,2026-04-17,30.24
103650,SKU14093,巧克力,食品饮料,5,2026-04-17,20.64
103650,SKU43091,白糖,粮油调味,4,2026-04-17,73.08
103651,SKU84855,火锅底料,火锅食材,3,2026-02-07,22.12
103651,SKU10345,薯片,食品饮料,4,2026-02-07,46.79
103652,SKU11080,排骨,肉禽蛋品,4,2026-03-25,71.73
103652,SKU95266,虾仁,肉禽蛋品,2,2026-03-25,15.02
103652,SKU79955,牛奶,食品饮料,2,2026-03-25,43.45
103653,SKU65504,蛋糕粉,烘焙用品,3,2026-08-26,13.7
103653,SKU78714,黄油,烘焙用品,1,2026-08-26,5.35
103653,SKU13168,淡奶油,烘焙用品,3,2026-08-26,11.41
103653,SKU96300,鸡蛋,肉禽蛋品,4,2026-08-26,61.6
103653,SKU94248,芝士碎,烘焙用品,4,2026-08-26,39.49
103653,SKU28284,白菜,生鲜蔬果,4,2026-08-26,28.97
103653,SKU35125,葡萄,生鲜蔬果,2,2026-08-26,45.3
103654,SKU96621,可乐,食品饮料,4,2026-08-16,45.07
103654,SKU32187,薯片,食品饮料,4,2026-08-16,15.35
103654,SKU12530,饼干,食品饮料,5,2026-08-16,58.42
103654,SKU39288,果汁,食品饮料,3,2026-08-16,57.22
103654,SKU67541,虾仁,肉禽蛋品,4,2026-08-16,49.36
103654,SKU34536,鸭蛋,肉禽蛋品,3,2026-08-16,76.54
103655,SKU53137,芝士碎,烘焙用品,4,2026-04-18,26.05
103655,SKU51949,牛肉,肉禽蛋品,2,2026-04-18,57.97
103655,SKU11279,猪肉,肉禽蛋品,2,2026-04-18,41.18
103655,SKU24531,粉丝,火锅食材,1,2026-04-18,22.35
103655,SKU36279,橙子,生鲜蔬果,1,2026-04-18,16.34
103655,SKU30989,鸡蛋,肉禽蛋品,2,2026-04-18,68.15
103656,SKU71799,火锅底料,火锅食材,5,2026-09-13,12.69
103656,SKU82329,丸子,火锅食材,1,2026-09-13,21.79
103656,SKU19310,肥牛卷,火锅食材,5,2026-09-13,20.93
103656,SKU96543,蛋糕粉,烘焙用品,2,2026-09-13,76.24
103657,SKU65500,牛奶,食品饮料,3,2026-07-21,37.69
103657,SKU74144,面包,食品饮料,5,2026-07-21,42.99
103657,SKU39036,芝士碎,烘焙用品,2,2026-07-21,48.42
103658,SKU45592,牛奶,食品饮料,3,2026-02-20,76.92
103658,SKU73555,面包,食品饮料,1,2026-02-20,31.87
103658,SKU73707,蔬菜拼盘,火锅食材,3,2026-02-20,25.06
103659,SKU73381,羊肉卷,火锅食材,4,2026-01-08,65.84
103659,SKU12920,鸡肉,肉禽蛋品,3,2026-01-08,49.28
103660,SKU29190,蛋糕粉,烘焙用品,4,2026-08-20,22.13
103660,SKU53358,黄油,烘焙用品,2,2026-08-20,4.9
103660,SKU16575,淡奶油,烘焙用品,4,2026-08-20,33.9
103660,SKU63253,鸡蛋,肉禽蛋品,4,2026-08-20,15.83
103660,SKU79878,肥皂,日化清洁,5,2026-08-20,21.68
103660,SKU54509,盐,粮油调味,3,2026-08-20,64.57
103660,SKU95290,牛奶,食品饮料,2,2026-08-20,76.24
103661,SKU99071,蚝油,粮油调味,5,2026-02-17,23.32
103661,SKU34363,纸巾,日化清洁,5,2026-02-17,40.88
103661,SKU48283,拖把,日化清洁,2,2026-02-17,22.58
103661,SKU36333,料酒,粮油调味,5,2026-02-17,7.42
103662,SKU50251,苹果,生鲜蔬果,2,2026-05-05,70.5
103662,SKU37563,香蕉,生鲜蔬果,3,2026-05-05,26.06
103662,SKU12384,橙子,生鲜蔬果,1,2026-05-05,22.34
103662,SKU54209,淡奶油,烘焙用品,3,2026-05-05,79.71
103663,SKU75436,火锅底料,火锅食材,2,2026-09-20,45.45
103663,SKU66884,丸子,火锅食材,3,2026-09-20,52.43
103663,SKU13092,肥牛卷,火锅食材,4,2026-09-20,59.94
103663,SKU54362,蚝油,粮油调味,4,2026-09-20,17.99
103663,SKU13055,模具,烘焙用品,4,2026-09-20,67.06
103664,SKU32541,淡奶油,烘焙用品,3,2026-08-04,68.18
103664,SKU27585,纸巾,日化清洁,4,2026-08-04,26.36
103665,SKU68457,可乐,食品饮料,2,2026-03-07,3.98
103665,SKU73883,薯片,食品饮料,4,2026-03-07,30.59
103665,SKU61732,饼干,食品饮料,5,2026-03-07,36.16
103665,SKU20568,果汁,食品饮料,4,2026-03-07,29.88
103665,SKU48833,带鱼,肉禽蛋品,2,2026-03-07,26.06
103665,SKU67912,香蕉,生鲜蔬果,3,2026-03-07,38.69
103666,SKU66031,可乐,食品饮料,4,2026-07-24,45.32
103666,SKU10685,薯片,食品饮料,1,2026-07-24,17.0
103666,SKU91542,饼干,食品饮料,3,2026-07-24,76.83
103666,SKU63745,拖把,日化清洁,4,2026-07-24,41.27
103666,SKU94124,淡奶油,烘焙用品,4,2026-07-24,68.31
103666,SKU91204,酸奶,食品饮料,3,2026-07-24,7.39
103667,SKU89137,苹果,生鲜蔬果,1,2026-06-26,60.7
103667,SKU96544,香蕉,生鲜蔬果,1,2026-06-26,9.69
103667,SKU33262,橙子,生鲜蔬果,3,2026-06-26,36.02
103667,SKU69655,沐浴露,日化清洁,5,2026-06-26,69.22
103668,SKU89769,虾仁,肉禽蛋品,4,2026-09-04,39.16
103668,SKU82895,方便面,食品饮料,2,2026-09-04,72.39
103668,SKU17049,黄瓜,生鲜蔬果,2,2026-09-04,47.9
103668,SKU70790,饼干,食品饮料,2,2026-09-04,51.15
103668,SKU96706,芝士碎,烘焙用品,5,2026-09-04,32.75
103669,SKU14462,鸡蛋,肉禽蛋品,2,2026-03-22,27.4
103669,SKU89377,方便面,食品饮料,2,2026-03-22,56.07
103669,SKU51077,牛肉,肉禽蛋品,4,2026-03-22,43.34
103670,SKU74708,土豆,生鲜蔬果,5,2026-02-10,4.88
103670,SKU64758,生菜,生鲜蔬果,4,2026-02-10,20.72
103670,SKU98703,胡萝卜,生鲜蔬果,5,2026-02-10,27.58
103671,SKU47096,油纸,烘焙用品,3,2026-04-15,29.35
103671,SKU72613,酵母,烘焙用品,5,2026-04-15,76.65
103671,SKU49771,排骨,肉禽蛋品,2,2026-04-15,42.06
103671,SKU24568,鸭蛋,肉禽蛋品,1,2026-04-15,3.25
103672,SKU72722,蛋糕粉,烘焙用品,3,2026-02-27,4.61
103672,SKU73156,黄油,烘焙用品,4,2026-02-27,58.71
103672,SKU23293,淡奶油,烘焙用品,5,2026-02-27,32.12
103672,SKU59976,鸡蛋,肉禽蛋品,5,2026-02-27,43.94
103672,SKU41912,面粉,粮油调味,3,2026-02-27,30.21
103673,SKU13293,排骨,肉禽蛋品,3,2026-09-07,36.72
103673,SKU71558,香蕉,生鲜蔬果,2,2026-09-07,9.64
103673,SKU94569,糖粉,烘焙用品,4,2026-09-07,38.25
103674,SKU73024,可乐,食品饮料,3,2026-06-08,9.97
103674,SKU84554,薯片,食品饮料,3,2026-06-08,39.95
103674,SKU32989,饼干,食品饮料,5,2026-06-08,45.52
103674,SKU17485,猪肉,肉禽蛋品,4,2026-06-08,61.03
103675,SKU79535,大米,粮油调味,1,2026-04-11,76.48
103675,SKU56965,食用油,粮油调味,4,2026-04-11,79.01
103675,SKU62456,酱油,粮油调味,3,2026-04-11,27.04
103675,SKU17380,带鱼,肉禽蛋品,4,2026-04-11,70.0
103676,SKU23073,模具,烘焙用品,1,2026-01-10,17.75
103676,SKU80624,香蕉,生鲜蔬果,1,2026-01-10,33.18
103676,SKU21934,鸡肉,肉禽蛋品,4,2026-01-10,8.69
103676,SKU17031,鸡翅,肉禽蛋品,1,2026-01-10,43.8
103676,SKU54974,土豆,生鲜蔬果,1,2026-01-10,31.6
103676,SKU68843,蔬菜拼盘,火锅食材,2,2026-01-10,69.6
103677,SKU83114,大米,粮油调味,5,2026-09-01,34.4
103677,SKU60407,食用油,粮油调味,3,2026-09-01,9.59
103677,SKU50869,酱油,粮油调味,2,2026-09-01,69.91
103677,SKU44283,苹果,生鲜蔬果,1,2026-09-01,65.37
103677,SKU60994,鸭血,火锅食材,3,2026-09-01,36.77
103678,SKU18263,苹果,生鲜蔬果,2,2026-01-24,54.02
103678,SKU52279,香蕉,生鲜蔬果,5,2026-01-24,18.23
103678,SKU80656,橙子,生鲜蔬果,4,2026-01-24,34.98
103678,SKU89439,酸奶,食品饮料,3,2026-01-24,18.12
103679,SKU82739,蛋糕粉,烘焙用品,1,2026-04-07,38.87
103679,SKU81290,黄油,烘焙用品,4,2026-04-07,21.08
103679,SKU70672,淡奶油,烘焙用品,5,2026-04-07,74.06
103679,SKU83309,鸡蛋,肉禽蛋品,5,2026-04-07,32.26
103679,SKU71454,饼干,食品饮料,3,2026-04-07,34.75
103679,SKU69546,鸭蛋,肉禽蛋品,5,2026-04-07,32.59
103679,SKU88193,沐浴露,日化清洁,2,2026-04-07,38.82
103680,SKU63485,粉丝,火锅食材,5,2026-06-13,53.72
103680,SKU25525,洗洁精,日化清洁,4,2026-06-13,29.86
103681,SKU16741,豆腐,火锅食材,5,2026-07-28,4.83
103681,SKU95173,火锅底料,火锅食材,3,2026-07-28,74.43
103681,SKU28182,消毒液,日化清洁,1,2026-07-28,41.94
103681,SKU26209,饼干,食品饮料,4,2026-07-28,74.07
103682,SKU52348,牛奶,食品饮料,3,2026-01-06,47.52
103682,SKU78581,面包,食品饮料,4,2026-01-06,62.43
103682,SKU39276,蘸料,火锅食材,1,2026-01-06,56.57
103683,SKU12127,蛋糕粉,烘焙用品,2,2026-06-05,37.03
103683,SKU69752,黄油,烘焙用品,4,2026-06-05,57.68
103683,SKU57993,淡奶油,烘焙用品,1,2026-06-05,33.64
103683,SKU20553,鸡蛋,肉禽蛋品,1,2026-06-05,74.61
103683,SKU90767,香草精,烘焙用品,4,2026-06-05,59.19
103683,SKU22898,酸奶,食品饮料,2,2026-06-05,70.11
103683,SKU80609,蘸料,火锅食材,1,2026-06-05,50.61
103684,SKU66524,葡萄,生鲜蔬果,2,2026-01-20,59.62
103684,SKU41484,消毒液,日化清洁,4,2026-01-20,56.38
103684,SKU43499,牛奶,食品饮料,4,2026-01-20,56.59
103684,SKU83767,酱油,粮油调味,1,2026-01-20,9.31
103684,SKU19139,酸奶,食品饮料,4,2026-01-20,19.48
103685,SKU18813,蛋糕粉,烘焙用品,1,2026-02-25,33.37
103685,SKU98721,黄油,烘焙用品,4,2026-02-25,25.74
103685,SKU39187,淡奶油,烘焙用品,1,2026-02-25,50.61
103685,SKU96536,鸡蛋,肉禽蛋品,5,2026-02-25,46.79
103685,SKU46590,面粉,粮油调味,4,2026-02-25,21.68
103685,SKU53973,食用油,粮油调味,1,2026-02-25,49.67
103686,SKU66279,西红柿,生鲜蔬果,2,2026-09-13,32.52
103686,SKU86215,鸡蛋,肉禽蛋品,2,2026-09-13,22.85
103686,SKU65663,黄瓜,生鲜蔬果,5,2026-09-13,79.26
103686,SKU87454,酱油,粮油调味,4,2026-09-13,66.1
103686,SKU68776,酸奶,食品饮料,1,2026-09-13,69.87
103687,SKU13539,白糖,粮油调味,5,2026-05-05,70.56
103687,SKU39164,毛肚,火锅食材,1,2026-05-05,17.26
103687,SKU98954,猪肉,肉禽蛋品,4,2026-05-05,7.24
103687,SKU99836,食用油,粮油调味,4,2026-05-05,4.64
103687,SKU18697,虾仁,肉禽蛋品,2,2026-05-05,8.49
103688,SKU36455,洗衣液,日化清洁,2,2026-08-22,48.33
103688,SKU87467,纸巾,日化清洁,5,2026-08-22,10.0
103688,SKU92789,垃圾袋,日化清洁,3,2026-08-22,29.43
103688,SKU86428,鸭蛋,肉禽蛋品,3,2026-08-22,54.41
103688,SKU20643,大米,粮油调味,4,2026-08-22,30.05
103689,SKU60141,洗发水,日化清洁,3,2026-06-06,4.62
103689,SKU39445,沐浴露,日化清洁,4,2026-06-06,57.78
103689,SKU99381,牙膏,日化清洁,2,2026-06-06,13.24
103689,SKU12110,糖粉,烘焙用品,2,2026-06-06,37.69
103689,SKU41223,带鱼,肉禽蛋品,5,2026-06-06,4.24
103690,SKU20953,可乐,食品饮料,5,2026-02-08,3.77
103690,SKU39733,薯片,食品饮料,3,2026-02-08,55.05
103690,SKU53966,饼干,食品饮料,2,2026-02-08,47.51
103690,SKU34779,果汁,食品饮料,5,2026-02-08,20.28
103690,SKU65521,辣椒酱,粮油调味,2,2026-02-08,65.62
103691,SKU50414,排骨,肉禽蛋品,5,2026-06-02,8.43
103691,SKU93420,食用油,粮油调味,5,2026-06-02,50.17
103692,SKU85410,牛奶,食品饮料,1,2026-07-10,32.83
103692,SKU36595,面包,食品饮料,5,2026-07-10,8.23
103692,SKU15171,橙子,生鲜蔬果,3,2026-07-10,34.44
103693,SKU71858,沐浴露,日化清洁,4,2026-07-21,67.8
103693,SKU73571,蛋糕粉,烘焙用品,2,2026-07-21,79.84
103693,SKU15066,生菜,生鲜蔬果,2,2026-07-21,19.31
103693,SKU67644,虾仁,肉禽蛋品,4,2026-07-21,44.54
103693,SKU54360,鸭蛋,肉禽蛋品,4,2026-07-21,14.48
103694,SKU12126,肥牛卷,火锅食材,1,2026-04-18,44.38
103694,SKU36770,葡萄,生鲜蔬果,5,2026-04-18,50.24
103694,SKU89311,糖粉,烘焙用品,1,2026-04-18,33.6
103694,SKU36141,白糖,粮油调味,5,2026-04-18,13.38
103694,SKU87644,矿泉水,食品饮料,4,2026-04-18,47.39
103694,SKU49507,鸡翅,肉禽蛋品,3,2026-04-18,21.82
103695,SKU69824,牙膏,日化清洁,4,2026-03-22,41.69
103695,SKU32525,淡奶油,烘焙用品,2,2026-03-22,73.27
103696,SKU95205,可乐,食品饮料,1,2026-07-15,31.82
103696,SKU62069,薯片,食品饮料,1,2026-07-15,64.52
103696,SKU12164,饼干,食品饮料,1,2026-07-15,3.69
103696,SKU92936,食用油,粮油调味,3,2026-07-15,51.27
103696,SKU53554,蔬菜拼盘,火锅食材,1,2026-07-15,66.59
103697,SKU83093,洗发水,日化清洁,1,2026-02-01,51.08
103697,SKU45580,西红柿,生鲜蔬果,4,2026-02-01,16.06
103698,SKU53691,模具,烘焙用品,5,2026-07-05,21.84
103698,SKU75187,沐浴露,日化清洁,3,2026-07-05,9.03
103698,SKU74998,鸡翅,肉禽蛋品,2,2026-07-05,21.09
103698,SKU70732,黄瓜,生鲜蔬果,3,2026-07-05,17.25
103698,SKU52643,垃圾袋,日化清洁,3,2026-07-05,14.49
103699,SKU21746,苹果,生鲜蔬果,4,2026-09-19,79.35
103699,SKU65492,香蕉,生鲜蔬果,5,2026-09-19,44.02
103699,SKU24434,橙子,生鲜蔬果,3,2026-09-19,32.16
103699,SKU36700,洗衣液,日化清洁,4,2026-09-19,5.28
103699,SKU96722,肥牛卷,火锅食材,2,2026-09-19,52.51
103699,SKU43824,巧克力,食品饮料,5,2026-09-19,42.38
103700,SKU82193,矿泉水,食品饮料,3,2026-09-19,13.28
103700,SKU75817,鸡蛋,肉禽蛋品,2,2026-09-19,70.48
103700,SKU79377,羊肉卷,火锅食材,1,2026-09-19,55.29
103700,SKU22767,鸡翅,肉禽蛋品,2,2026-09-19,69.25
103700,SKU96790,芝士碎,烘焙用品,3,2026-09-19,17.83
103700,SKU29934,蚝油,粮油调味,1,2026-09-19,54.04
103701,SKU85221,蛋糕粉,烘焙用品,2,2026-06-05,54.61
103701,SKU72696,黄油,烘焙用品,5,2026-06-05,6.49
103701,SKU51410,淡奶油,烘焙用品,5,2026-06-05,16.34
103701,SKU74898,鸡蛋,肉禽蛋品,2,2026-06-05,23.13
103701,SKU68138,粉丝,火锅食材,1,2026-06-05,48.16
103701,SKU95230,白菜,生鲜蔬果,5,2026-06-05,60.64
103701,SKU19267,果汁,食品饮料,1,2026-06-05,61.08
103702,SKU80096,蛋糕粉,烘焙用品,5,2026-07-03,44.11
103702,SKU92156,黄油,烘焙用品,5,2026-07-03,54.85
103702,SKU34088,淡奶油,烘焙用品,1,2026-07-03,36.46
103702,SKU62767,鸡蛋,肉禽蛋品,4,2026-07-03,35.52
103702,SKU45198,模具,烘焙用品,5,2026-07-03,42.12
103703,SKU21949,豆腐,火锅食材,3,2026-03-06,33.78
103703,SKU51540,可乐,食品饮料,4,2026-03-06,46.73
103703,SKU58236,矿泉水,食品饮料,3,2026-03-06,48.73
103704,SKU94361,火锅底料,火锅食材,5,2026-08-27,75.95
103704,SKU19319,丸子,火锅食材,3,2026-08-27,53.06
103704,SKU60613,肥牛卷,火锅食材,3,2026-08-27,74.79
103704,SKU19430,黄瓜,生鲜蔬果,1,2026-08-27,22.84
103704,SKU38630,果汁,食品饮料,5,2026-08-27,70.86
103705,SKU49547,火锅底料,火锅食材,4,2026-02-27,65.21
103705,SKU57124,丸子,火锅食材,5,2026-02-27,11.0
103705,SKU11465,肥牛卷,火锅食材,4,2026-02-27,67.3
103705,SKU26765,豆腐,火锅食材,1,2026-02-27,74.17
103705,SKU59903,鸭蛋,肉禽蛋品,4,2026-02-27,7.77
103705,SKU56094,消毒液,日化清洁,5,2026-02-27,55.53
103706,SKU47732,葡萄,生鲜蔬果,1,2026-02-14,28.91
103706,SKU27604,蛋挞皮,烘焙用品,3,2026-02-14,29.72
103706,SKU73214,可乐,食品饮料,5,2026-02-14,70.52
103706,SKU30952,苹果,生鲜蔬果,2,2026-02-14,50.9
103707,SKU88290,蛋挞皮,烘焙用品,3,2026-09-20,65.45
103707,SKU45364,芝士碎,烘焙用品,4,2026-09-20,15.5
103708,SKU57942,蛋糕粉,烘焙用品,3,2026-09-24,56.84
103708,SKU38694,黄油,烘焙用品,5,2026-09-24,11.36
103708,SKU56097,淡奶油,烘焙用品,2,2026-09-24,73.46
103708,SKU35988,鸡蛋,肉禽蛋品,5,2026-09-24,47.55
103708,SKU82357,洗洁精,日化清洁,2,2026-09-24,22.68
103708,SKU37153,羊肉卷,火锅食材,2,2026-09-24,63.01
103709,SKU67556,排骨,肉禽蛋品,5,2026-09-18,22.46
103709,SKU90376,胡萝卜,生鲜蔬果,3,2026-09-18,36.29
103709,SKU92350,土豆,生鲜蔬果,2,2026-09-18,60.78
103709,SKU69792,蛋糕粉,烘焙用品,2,2026-09-18,26.87
103710,SKU19540,蛋糕粉,烘焙用品,3,2026-07-17,67.84
103710,SKU46511,黄油,烘焙用品,2,2026-07-17,10.16
103710,SKU75363,淡奶油,烘焙用品,4,2026-07-17,17.45
103710,SKU23622,鸡蛋,肉禽蛋品,4,2026-07-17,76.56
103710,SKU11611,火锅底料,火锅食材,2,2026-07-17,55.8
103710,SKU47375,糖粉,烘焙用品,4,2026-07-17,14.36
103711,SKU73753,羊肉卷,火锅食材,3,2026-05-09,27.83
103711,SKU86579,三文鱼,肉禽蛋品,4,2026-05-09,49.16
103711,SKU75471,巧克力,食品饮料,5,2026-05-09,62.41
103712,SKU37462,西红柿,生鲜蔬果,4,2026-06-03,60.92
103712,SKU66572,鸡蛋,肉禽蛋品,5,2026-06-03,46.59
103712,SKU50881,黄瓜,生鲜蔬果,1,2026-06-03,78.67
103712,SKU57771,酸奶,食品饮料,3,2026-06-03,40.93
103712,SKU70083,盐,粮油调味,5,2026-06-03,47.16
103712,SKU19859,蚝油,粮油调味,4,2026-06-03,53.69
103713,SKU90394,苹果,生鲜蔬果,3,2026-05-21,5.98
103713,SKU50492,香蕉,生鲜蔬果,4,2026-05-21,37.93
103713,SKU46896,橙子,生鲜蔬果,1,2026-05-21,73.7
103713,SKU28664,蛋糕粉,烘焙用品,1,2026-05-21,66.86
103713,SKU13782,猪肉,肉禽蛋品,4,2026-05-21,22.41
103714,SKU73661,三文鱼,肉禽蛋品,4,2026-06-28,48.2
103714,SKU17732,蚝油,粮油调味,2,2026-06-28,56.57
103714,SKU33667,食用油,粮油调味,3,2026-06-28,63.48
103714,SKU46571,油纸,烘焙用品,1,2026-06-28,42.28
103715,SKU71432,鸡翅,肉禽蛋品,4,2026-06-27,50.59
103715,SKU39100,芝士碎,烘焙用品,3,2026-06-27,47.1
103715,SKU94230,牛肉,肉禽蛋品,5,2026-06-27,24.4
103716,SKU64526,鸡肉,肉禽蛋品,4,2026-03-06,6.91
103716,SKU41008,粉丝,火锅食材,5,2026-03-06,43.75
103716,SKU83743,黄瓜,生鲜蔬果,1,2026-03-06,51.14
103716,SKU13263,纸巾,日化清洁,4,2026-03-06,53.27
103716,SKU94868,洗衣液,日化清洁,3,2026-03-06,59.7
103716,SKU61249,方便面,食品饮料,2,2026-03-06,20.91
103717,SKU30873,淡奶油,烘焙用品,1,2026-05-02,74.32
103717,SKU63760,虾仁,肉禽蛋品,5,2026-05-02,45.33
103717,SKU84486,蔬菜拼盘,火锅食材,2,2026-05-02,12.45
103717,SKU69733,大米,粮油调味,4,2026-05-02,61.03
103717,SKU49295,糖粉,烘焙用品,2,2026-05-02,31.79
103718,SKU11381,蘸料,火锅食材,5,2026-01-15,14.68
103718,SKU78010,豆腐,火锅食材,3,2026-01-15,19.63
103718,SKU70516,胡萝卜,生鲜蔬果,1,2026-01-15,13.4
103718,SKU69676,酵母,烘焙用品,4,2026-01-15,19.78
103719,SKU99239,丸子,火锅食材,2,2026-08-10,39.82
103719,SKU45389,蘸料,火锅食材,5,2026-08-10,39.22
103719,SKU75683,方便面,食品饮料,2,2026-08-10,38.51
103720,SKU84928,可乐,食品饮料,5,2026-02-09,3.62
103720,SKU66049,薯片,食品饮料,3,2026-02-09,19.51
103720,SKU58995,饼干,食品饮料,3,2026-02-09,36.97
103720,SKU44541,葡萄,生鲜蔬果,5,2026-02-09,72.1
103720,SKU71105,牙膏,日化清洁,5,2026-02-09,63.97
103721,SKU48825,丸子,火锅食材,2,2026-06-07,44.39
103721,SKU81171,料酒,粮油调味,3,2026-06-07,31.96
103722,SKU14639,三文鱼,肉禽蛋品,4,2026-09-22,9.71
103722,SKU81492,豆腐,火锅食材,5,2026-09-22,17.38
103722,SKU17355,生菜,生鲜蔬果,1,2026-09-22,46.54
103723,SKU81122,排骨,肉禽蛋品,2,2026-04-07,32.57
103723,SKU82210,胡萝卜,生鲜蔬果,2,2026-04-07,30.5
103723,SKU86173,土豆,生鲜蔬果,3,2026-04-07,29.27
103723,SKU63758,纸巾,日化清洁,1,2026-04-07,54.79
103723,SKU78805,酸奶,食品饮料,4,2026-04-07,51.78
103724,SKU75494,辣椒酱,粮油调味,5,2026-02-07,34.37
103724,SKU69244,鸡蛋,肉禽蛋品,4,2026-02-07,54.71
103724,SKU42684,鸡肉,肉禽蛋品,3,2026-02-07,54.32
103725,SKU11154,洗衣液,日化清洁,2,2026-04-12,16.93
103725,SKU92702,纸巾,日化清洁,4,2026-04-12,74.77
103725,SKU75423,垃圾袋,日化清洁,5,2026-04-12,72.74
103725,SKU14348,粉丝,火锅食材,4,2026-04-12,40.4
103725,SKU33632,面粉,粮油调味,5,2026-04-12,65.67
103725,SKU51050,鸭血,火锅食材,5,2026-04-12,63.46
103726,SKU98097,三文鱼,肉禽蛋品,4,2026-01-15,44.52
103726,SKU43978,料酒,粮油调味,1,2026-01-15,58.45
103727,SKU55150,洗衣液,日化清洁,1,2026-07-26,71.25
103727,SKU27121,纸巾,日化清洁,3,2026-07-26,31.92
103727,SKU86860,垃圾袋,日化清洁,1,2026-07-26,22.71
103727,SKU93868,土豆,生鲜蔬果,1,2026-07-26,59.51
103728,SKU85251,香草精,烘焙用品,5,2026-03-18,70.23
103728,SKU98270,醋,粮油调味,2,2026-03-18,52.63
103728,SKU25480,鸡蛋,肉禽蛋品,3,2026-03-18,55.3
103728,SKU76051,方便面,食品饮料,5,2026-03-18,28.5
103728,SKU10823,排骨,肉禽蛋品,1,2026-03-18,67.72
103729,SKU63842,大米,粮油调味,1,2026-03-21,46.84
103729,SKU90135,食用油,粮油调味,1,2026-03-21,15.02
103729,SKU24705,酱油,粮油调味,2,2026-03-21,7.76
103729,SKU48998,面粉,粮油调味,5,2026-03-21,58.47
103729,SKU87950,鸡肉,肉禽蛋品,2,2026-03-21,27.99
103729,SKU11575,蔬菜拼盘,火锅食材,4,2026-03-21,63.36
103730,SKU54341,虾仁,肉禽蛋品,1,2026-09-02,35.05
103730,SKU57374,丸子,火锅食材,5,2026-09-02,26.61
103730,SKU99527,醋,粮油调味,4,2026-09-02,17.96
103730,SKU47772,粉丝,火锅食材,3,2026-09-02,67.21
103730,SKU39656,橙子,生鲜蔬果,1,2026-09-02,59.82
103731,SKU78234,可乐,食品饮料,1,2026-07-01,66.95
103731,SKU22642,薯片,食品饮料,3,2026-07-01,55.69
103731,SKU33844,饼干,食品饮料,4,2026-07-01,57.15
103731,SKU29531,鸡肉,肉禽蛋品,5,2026-07-01,36.62
103731,SKU98720,洗洁精,日化清洁,5,2026-07-01,17.31
103731,SKU64016,方便面,食品饮料,3,2026-07-01,60.52
103732,SKU41875,酵母,烘焙用品,2,2026-08-04,37.85
103732,SKU61690,胡萝卜,生鲜蔬果,1,2026-08-04,53.74
103732,SKU95689,糖粉,烘焙用品,4,2026-08-04,37.35
103732,SKU11688,醋,粮油调味,3,2026-08-04,51.55
103733,SKU59251,油纸,烘焙用品,2,2026-02-21,29.52
103733,SKU21465,蛋挞皮,烘焙用品,1,2026-02-21,37.17
103733,SKU17005,拖把,日化清洁,2,2026-02-21,24.07
103733,SKU97963,垃圾袋,日化清洁,5,2026-02-21,79.36
103734,SKU99949,蛋糕粉,烘焙用品,4,2026-08-13,16.41
103734,SKU26382,黄油,烘焙用品,3,2026-08-13,61.64
103734,SKU93528,淡奶油,烘焙用品,5,2026-08-13,7.56
103734,SKU19218,鸡蛋,肉禽蛋品,5,2026-08-13,43.64
103734,SKU41361,沐浴露,日化清洁,3,2026-08-13,51.65
103735,SKU62704,西红柿,生鲜蔬果,4,2026-08-04,7.62
103735,SKU13428,鸡蛋,肉禽蛋品,1,2026-08-04,70.4
103735,SKU70250,黄瓜,生鲜蔬果,4,2026-08-04,27.29
103735,SKU28994,洗衣液,日化清洁,5,2026-08-04,37.96
103735,SKU69729,粉丝,火锅食材,2,2026-08-04,65.61
103735,SKU63668,酱油,粮油调味,5,2026-08-04,3.69
103736,SKU66466,生菜,生鲜蔬果,2,2026-08-15,56.11
103736,SKU45596,鸭血,火锅食材,5,2026-08-15,76.51
103736,SKU65627,盐,粮油调味,2,2026-08-15,70.0
103736,SKU67285,黄瓜,生鲜蔬果,2,2026-08-15,74.4
103736,SKU86855,蔬菜拼盘,火锅食材,1,2026-08-15,45.13
103736,SKU51510,黄油,烘焙用品,1,2026-08-15,78.05
103737,SKU82372,垃圾袋,日化清洁,5,2026-06-20,40.92
103737,SKU76083,模具,烘焙用品,1,2026-06-20,53.6
103737,SKU49881,大米,粮油调味,3,2026-06-20,54.9
103737,SKU98407,油纸,烘焙用品,4,2026-06-20,32.26
103737,SKU30684,虾仁,肉禽蛋品,2,2026-06-20,42.22
103738,SKU70586,果汁,食品饮料,1,2026-07-27,45.9
103738,SKU63357,淡奶油,烘焙用品,4,2026-07-27,9.75
103739,SKU39124,酵母,烘焙用品,2,2026-05-03,48.12
103739,SKU29024,橙子,生鲜蔬果,4,2026-05-03,71.94
103739,SKU96706,面包,食品饮料,2,2026-05-03,42.94
103739,SKU88765,牛肉,肉禽蛋品,2,2026-05-03,49.72
103740,SKU15549,料酒,粮油调味,4,2026-09-01,14.62
103740,SKU42042,矿泉水,食品饮料,5,2026-09-01,36.42
103741,SKU60845,丸子,火锅食材,2,2026-09-24,37.16
103741,SKU41762,沐浴露,日化清洁,4,2026-09-24,79.44
103741,SKU32686,生菜,生鲜蔬果,5,2026-09-24,69.77
103741,SKU88049,芝士碎,烘焙用品,4,2026-09-24,26.23
103741,SKU81370,肥皂,日化清洁,1,2026-09-24,25.86
103742,SKU35167,西红柿,生鲜蔬果,5,2026-04-20,74.16
103742,SKU14847,洗发水,日化清洁,2,2026-04-20,66.6
103742,SKU74199,蚝油,粮油调味,1,2026-04-20,25.56
103742,SKU20861,黄瓜,生鲜蔬果,1,2026-04-20,29.98
103743,SKU90228,酱油,粮油调味,3,2026-09-22,58.6
103743,SKU15111,肥牛卷,火锅食材,1,2026-09-22,21.22
103743,SKU68870,橙子,生鲜蔬果,3,2026-09-22,71.35
103743,SKU68857,牛奶,食品饮料,3,2026-09-22,29.51
103743,SKU42412,大米,粮油调味,4,2026-09-22,36.59
103743,SKU12335,面粉,粮油调味,5,2026-09-22,69.18
103744,SKU30590,羊肉卷,火锅食材,3,2026-09-03,57.58
103744,SKU87707,牙膏,日化清洁,4,2026-09-03,36.93
103744,SKU69212,毛肚,火锅食材,3,2026-09-03,72.59
103745,SKU70727,牛奶,食品饮料,3,2026-03-28,53.29
103745,SKU73451,面包,食品饮料,3,2026-03-28,50.14
103745,SKU36942,带鱼,肉禽蛋品,5,2026-03-28,51.57
103746,SKU82386,火锅底料,火锅食材,4,2026-04-16,5.36
103746,SKU64566,丸子,火锅食材,4,2026-04-16,73.03
103746,SKU24393,肥牛卷,火锅食材,3,2026-04-16,7.07
103746,SKU99192,盐,粮油调味,4,2026-04-16,6.81
103746,SKU38435,洗衣液,日化清洁,4,2026-04-16,33.45
103746,SKU30010,排骨,肉禽蛋品,3,2026-04-16,15.56
103747,SKU31265,牙膏,日化清洁,3,2026-09-04,29.43
103747,SKU45669,牛奶,食品饮料,4,2026-09-04,13.28
103747,SKU36579,蔬菜拼盘,火锅食材,4,2026-09-04,29.63
103747,SKU82697,方便面,食品饮料,5,2026-09-04,67.39
103748,SKU90203,苹果,生鲜蔬果,5,2026-08-21,14.41
103748,SKU73335,牛肉,肉禽蛋品,2,2026-08-21,18.31
103748,SKU33593,可乐,食品饮料,5,2026-08-21,79.34
103749,SKU21226,消毒液,日化清洁,4,2026-06-22,4.97
103749,SKU78955,蘸料,火锅食材,4,2026-06-22,29.59
103749,SKU20691,淡奶油,烘焙用品,4,2026-06-22,30.25
103749,SKU13817,洗洁精,日化清洁,3,2026-06-22,78.1
103749,SKU58492,黄瓜,生鲜蔬果,2,2026-06-22,27.95
103749,SKU81281,蔬菜拼盘,火锅食材,5,2026-06-22,10.92
103750,SKU99645,酵母,烘焙用品,1,2026-01-22,30.37
103750,SKU34351,黄油,烘焙用品,4,2026-01-22,39.96
103751,SKU38026,香蕉,生鲜蔬果,3,2026-02-07,59.47
103751,SKU13193,蘸料,火锅食材,5,2026-02-07,5.65
103752,SKU24950,辣椒酱,粮油调味,5,2026-07-08,57.04
103752,SKU91289,羊肉卷,火锅食材,1,2026-07-08,49.45
103752,SKU69363,豆腐,火锅食材,4,2026-07-08,54.01
103752,SKU18497,三文鱼,肉禽蛋品,2,2026-07-08,66.79
103752,SKU60253,酸奶,食品饮料,5,2026-07-08,10.66
103752,SKU96536,蛋挞皮,烘焙用品,2,2026-07-08,54.58
103753,SKU52812,可乐,食品饮料,4,2026-02-14,17.17
103753,SKU97286,薯片,食品饮料,2,2026-02-14,28.45
103753,SKU37227,饼干,食品饮料,1,2026-02-14,4.57
103753,SKU20540,香蕉,生鲜蔬果,3,2026-02-14,42.16
103753,SKU34403,白菜,生鲜蔬果,4,2026-02-14,72.77
103754,SKU79336,洗洁精,日化清洁,5,2026-01-02,37.74
103754,SKU17466,垃圾袋,日化清洁,5,2026-01-02,3.91
103754,SKU87254,黄瓜,生鲜蔬果,3,2026-01-02,74.64
103754,SKU28943,鸡蛋,肉禽蛋品,5,2026-01-02,61.98
103755,SKU99953,西红柿,生鲜蔬果,3,2026-04-05,49.91
103755,SKU20979,鸡蛋,肉禽蛋品,2,2026-04-05,16.41
103755,SKU36096,黄瓜,生鲜蔬果,2,2026-04-05,55.14
103755,SKU77548,盐,粮油调味,1,2026-04-05,13.86
103756,SKU74399,黄油,烘焙用品,2,2026-04-08,13.75
103756,SKU11922,胡萝卜,生鲜蔬果,4,2026-04-08,59.52
103756,SKU98307,牛奶,食品饮料,3,2026-04-08,66.31
103757,SKU14019,排骨,肉禽蛋品,1,2026-08-21,12.32
103757,SKU82912,胡萝卜,生鲜蔬果,4,2026-08-21,73.02
103757,SKU83192,土豆,生鲜蔬果,1,2026-08-21,65.16
103757,SKU59919,辣椒酱,粮油调味,4,2026-08-21,35.28
103757,SKU54504,黄瓜,生鲜蔬果,4,2026-08-21,43.63
103757,SKU35960,鸭血,火锅食材,2,2026-08-21,79.01
103758,SKU15163,沐浴露,日化清洁,3,2026-05-21,19.87
103758,SKU76511,模具,烘焙用品,1,2026-05-21,55.27
103758,SKU62262,鸭血,火锅食材,1,2026-05-21,18.34
103759,SKU38926,排骨,肉禽蛋品,1,2026-02-07,27.09
103759,SKU59025,胡萝卜,生鲜蔬果,2,2026-02-07,76.7
103759,SKU24765,土豆,生鲜蔬果,1,2026-02-07,72.17
103759,SKU96543,洗洁精,日化清洁,4,2026-02-07,21.2
103759,SKU47701,白菜,生鲜蔬果,4,2026-02-07,45.84
103759,SKU69112,酵母,烘焙用品,3,2026-02-07,55.39
103760,SKU95222,沐浴露,日化清洁,2,2026-04-14,23.59
103760,SKU10488,牛奶,食品饮料,2,2026-04-14,65.14
103760,SKU40969,黄瓜,生鲜蔬果,2,2026-04-14,36.92
103761,SKU49639,鸡翅,肉禽蛋品,2,2026-03-05,17.2
103761,SKU74124,香草精,烘焙用品,1,2026-03-05,4.25
103761,SKU19141,三文鱼,肉禽蛋品,3,2026-03-05,9.26
103761,SKU84521,粉丝,火锅食材,1,2026-03-05,62.98
103761,SKU44667,油纸,烘焙用品,2,2026-03-05,49.61
103761,SKU85409,白菜,生鲜蔬果,1,2026-03-05,47.26
103762,SKU14942,纸巾,日化清洁,1,2026-07-12,19.24
103762,SKU87751,消毒液,日化清洁,2,2026-07-12,15.39
103762,SKU48250,薯片,食品饮料,2,2026-07-12,63.42
103762,SKU31846,蔬菜拼盘,火锅食材,3,2026-07-12,16.38
103762,SKU48324,牛肉,肉禽蛋品,1,2026-07-12,19.33
103762,SKU22235,糖粉,烘焙用品,2,2026-07-12,19.75
103763,SKU31708,牛奶,食品饮料,3,2026-04-27,59.36
103763,SKU10191,面包,食品饮料,5,2026-04-27,28.48
103763,SKU26913,橙子,生鲜蔬果,2,2026-04-27,5.22
103764,SKU69376,大米,粮油调味,2,2026-04-22,4.84
103764,SKU12601,食用油,粮油调味,3,2026-04-22,14.8
103764,SKU61490,酱油,粮油调味,2,2026-04-22,28.07
103764,SKU77035,肥牛卷,火锅食材,5,2026-04-22,19.32
103764,SKU31247,白菜,生鲜蔬果,4,2026-04-22,3.54
103765,SKU49540,饼干,食品饮料,5,2026-04-27,39.95
103765,SKU42189,牛奶,食品饮料,2,2026-04-27,41.0
103766,SKU14585,大米,粮油调味,4,2026-01-12,21.19
103766,SKU74245,食用油,粮油调味,5,2026-01-12,79.1
103766,SKU93175,酱油,粮油调味,4,2026-01-12,61.86
103766,SKU70017,酵母,烘焙用品,2,2026-01-12,28.05
103766,SKU60560,鸡翅,肉禽蛋品,2,2026-01-12,49.76
103766,SKU43916,肥牛卷,火锅食材,4,2026-01-12,78.08
103767,SKU40277,苹果,生鲜蔬果,2,2026-09-18,70.22
103767,SKU61507,香蕉,生鲜蔬果,4,2026-09-18,30.91
103767,SKU18207,橙子,生鲜蔬果,5,2026-09-18,75.8
103767,SKU48966,薯片,食品饮料,3,2026-09-18,22.11
103768,SKU36493,洗发水,日化清洁,5,2026-01-04,31.33
103768,SKU86831,沐浴露,日化清洁,4,2026-01-04,10.95
103768,SKU34563,牙膏,日化清洁,3,2026-01-04,71.35
103768,SKU11558,火锅底料,火锅食材,5,2026-01-04,71.24
103768,SKU79868,巧克力,食品饮料,5,2026-01-04,56.74
103768,SKU98227,大米,粮油调味,5,2026-01-04,31.25
103769,SKU16402,洗发水,日化清洁,2,2026-04-17,61.47
103769,SKU62970,沐浴露,日化清洁,3,2026-04-17,52.41
103769,SKU57141,牙膏,日化清洁,3,2026-04-17,74.87
103769,SKU58220,带鱼,肉禽蛋品,1,2026-04-17,69.31
103769,SKU63123,生菜,生鲜蔬果,3,2026-04-17,46.69
103770,SKU11956,醋,粮油调味,1,2026-05-18,42.86
103770,SKU15357,三文鱼,肉禽蛋品,2,2026-05-18,50.24
103771,SKU19057,粉丝,火锅食材,1,2026-09-26,13.41
103771,SKU15924,薯片,食品饮料,4,2026-09-26,47.29
103771,SKU39818,面粉,粮油调味,4,2026-09-26,45.49
103771,SKU36743,辣椒酱,粮油调味,3,2026-09-26,51.34
103771,SKU28720,垃圾袋,日化清洁,4,2026-09-26,69.26
103771,SKU66719,方便面,食品饮料,3,2026-09-26,55.75
103772,SKU26817,可乐,食品饮料,4,2026-03-14,53.57
103772,SKU55129,薯片,食品饮料,2,2026-03-14,29.03
103772,SKU27314,饼干,食品饮料,1,2026-03-14,78.15
103772,SKU82019,垃圾袋,日化清洁,4,2026-03-14,24.6
103773,SKU46466,油纸,烘焙用品,5,2026-05-15,49.11
103773,SKU39322,香蕉,生鲜蔬果,4,2026-05-15,10.59
103773,SKU17347,纸巾,日化清洁,3,2026-05-15,20.44
103774,SKU18313,羊肉卷,火锅食材,3,2026-07-23,3.37
103774,SKU30117,西红柿,生鲜蔬果,2,2026-07-23,32.69
103774,SKU93584,蛋挞皮,烘焙用品,5,2026-07-23,38.05
103774,SKU68653,肥牛卷,火锅食材,1,2026-07-23,4.8
103775,SKU98240,西红柿,生鲜蔬果,2,2026-02-04,75.91
103775,SKU91440,鸡蛋,肉禽蛋品,5,2026-02-04,33.56
103775,SKU18121,黄瓜,生鲜蔬果,5,2026-02-04,75.15
103775,SKU22937,橙子,生鲜蔬果,5,2026-02-04,44.23
103775,SKU80917,虾仁,肉禽蛋品,3,2026-02-04,43.43
103775,SKU99992,醋,粮油调味,5,2026-02-04,26.93
103776,SKU88452,火锅底料,火锅食材,2,2026-06-09,77.22
103776,SKU17749,丸子,火锅食材,4,2026-06-09,79.33
103776,SKU20792,肥牛卷,火锅食材,4,2026-06-09,61.98
103776,SKU33750,薯片,食品饮料,2,2026-06-09,63.57
103777,SKU37772,洗衣液,日化清洁,5,2026-02-16,68.45
103777,SKU52351,虾仁,肉禽蛋品,5,2026-02-16,34.31
103777,SKU63994,胡萝卜,生鲜蔬果,4,2026-02-16,58.4
103777,SKU99766,淡奶油,烘焙用品,3,2026-02-16,48.03
103777,SKU68968,芝士碎,烘焙用品,5,2026-02-16,33.59
103777,SKU94090,糖粉,烘焙用品,5,2026-02-16,39.37
103778,SKU73103,排骨,肉禽蛋品,5,2026-09-12,50.77
103778,SKU77986,胡萝卜,生鲜蔬果,2,2026-09-12,24.73
103778,SKU68150,土豆,生鲜蔬果,1,2026-09-12,43.82
103778,SKU36085,猪肉,肉禽蛋品,1,2026-09-12,74.45
103779,SKU78012,方便面,食品饮料,2,2026-04-16,67.24
103779,SKU18602,糖粉,烘焙用品,1,2026-04-16,21.04
103779,SKU90672,带鱼,肉禽蛋品,3,2026-04-16,76.6
103779,SKU16211,淡奶油,烘焙用品,2,2026-04-16,33.72
103779,SKU27484,料酒,粮油调味,4,2026-04-16,56.28
103780,SKU86971,蘸料,火锅食材,4,2026-01-23,26.67
103780,SKU63564,带鱼,肉禽蛋品,3,2026-01-23,57.67
103780,SKU46524,白菜,生鲜蔬果,2,2026-01-23,60.06
103781,SKU19555,蛋糕粉,烘焙用品,2,2026-02-21,21.49
103781,SKU21003,黄油,烘焙用品,3,2026-02-21,53.85
103781,SKU56070,淡奶油,烘焙用品,3,2026-02-21,16.04
103781,SKU43453,鸡蛋,肉禽蛋品,5,2026-02-21,14.41
103781,SKU99805,洗发水,日化清洁,3,2026-02-21,59.67
103782,SKU60104,洗衣液,日化清洁,1,2026-02-09,43.6
103782,SKU87075,纸巾,日化清洁,5,2026-02-09,72.29
103782,SKU55698,垃圾袋,日化清洁,2,2026-02-09,78.3
103782,SKU42924,虾仁,肉禽蛋品,1,2026-02-09,7.62
103782,SKU49766,沐浴露,日化清洁,1,2026-02-09,30.71
103782,SKU96180,葡萄,生鲜蔬果,5,2026-02-09,63.14
103783,SKU27754,可乐,食品饮料,2,2026-03-23,30.15
103783,SKU11417,带鱼,肉禽蛋品,4,2026-03-23,7.67
103783,SKU95065,粉丝,火锅食材,4,2026-03-23,40.14
103784,SKU94293,蛋糕粉,烘焙用品,4,2026-02-09,71.07
103784,SKU27260,果汁,食品饮料,1,2026-02-09,21.06
103784,SKU39713,虾仁,肉禽蛋品,3,2026-02-09,16.34
103784,SKU70228,辣椒酱,粮油调味,3,2026-02-09,8.35
103784,SKU29914,鸡蛋,肉禽蛋品,4,2026-02-09,48.22
103785,SKU91482,牛奶,食品饮料,2,2026-02-22,25.16
103785,SKU13150,面包,食品饮料,4,2026-02-22,4.03
103785,SKU71852,垃圾袋,日化清洁,1,2026-02-22,15.26
103786,SKU14533,牛奶,食品饮料,2,2026-02-16,37.25
103786,SKU21914,面包,食品饮料,5,2026-02-16,23.87
103786,SKU22125,蘸料,火锅食材,3,2026-02-16,16.09
103786,SKU91016,可乐,食品饮料,5,2026-02-16,65.79
103786,SKU78541,土豆,生鲜蔬果,4,2026-02-16,12.45
103787,SKU81158,可乐,食品饮料,2,2026-07-24,35.55
103787,SKU97703,薯片,食品饮料,4,2026-07-24,24.0
103787,SKU54312,饼干,食品饮料,4,2026-07-24,51.94
103787,SKU52468,牛肉,肉禽蛋品,1,2026-07-24,24.9
103787,SKU10689,肥皂,日化清洁,4,2026-07-24,47.26
103787,SKU30973,淡奶油,烘焙用品,4,2026-07-24,74.66
103788,SKU71616,排骨,肉禽蛋品,5,2026-09-12,79.86
103788,SKU19659,胡萝卜,生鲜蔬果,1,2026-09-12,65.4
103788,SKU63850,土豆,生鲜蔬果,2,2026-09-12,73.47
103788,SKU47869,面粉,粮油调味,2,2026-09-12,30.01
103788,SKU40465,生菜,生鲜蔬果,2,2026-09-12,77.82
103789,SKU72929,蛋糕粉,烘焙用品,3,2026-04-04,27.64
103789,SKU36844,黄油,烘焙用品,5,2026-04-04,63.77
103789,SKU84286,淡奶油,烘焙用品,5,2026-04-04,60.41
103789,SKU85840,鸡蛋,肉禽蛋品,1,2026-04-04,24.49
103789,SKU21722,肥牛卷,火锅食材,4,2026-04-04,49.75
103789,SKU37488,橙子,生鲜蔬果,1,2026-04-04,21.41
103789,SKU87054,芝士碎,烘焙用品,2,2026-04-04,66.81
103790,SKU67551,洗发水,日化清洁,5,2026-02-13,38.64
103790,SKU43735,沐浴露,日化清洁,1,2026-02-13,63.09
103790,SKU88318,牙膏,日化清洁,3,2026-02-13,68.21
103790,SKU51980,西红柿,生鲜蔬果,2,2026-02-13,61.49
103790,SKU95013,大米,粮油调味,4,2026-02-13,36.89
103791,SKU64288,带鱼,肉禽蛋品,3,2026-02-10,14.91
103791,SKU74028,蛋糕粉,烘焙用品,2,2026-02-10,29.77
103791,SKU83071,土豆,生鲜蔬果,3,2026-02-10,5.95
103791,SKU54212,香蕉,生鲜蔬果,5,2026-02-10,69.32
103791,SKU44804,沐浴露,日化清洁,1,2026-02-10,37.13
103792,SKU33723,豆腐,火锅食材,3,2026-05-10,44.65
103792,SKU56059,蔬菜拼盘,火锅食材,2,2026-05-10,62.73
103792,SKU39893,鸡翅,肉禽蛋品,3,2026-05-10,14.14
103793,SKU77170,牛奶,食品饮料,4,2026-08-07,50.56
103793,SKU37374,面包,食品饮料,5,2026-08-07,6.45
103793,SKU16938,鸡肉,肉禽蛋品,5,2026-08-07,56.41
103793,SKU24107,羊肉卷,火锅食材,1,2026-08-07,33.54
103794,SKU44451,白菜,生鲜蔬果,3,2026-01-11,3.36
103794,SKU71278,油纸,烘焙用品,5,2026-01-11,36.03
103794,SKU66843,黄油,烘焙用品,1,2026-01-11,69.35
103794,SKU41644,排骨,肉禽蛋品,5,2026-01-11,7.57
103795,SKU24102,火锅底料,火锅食材,1,2026-04-18,6.55
103795,SKU78895,丸子,火锅食材,1,2026-04-18,24.47
103795,SKU99949,肥牛卷,火锅食材,5,2026-04-18,13.62
103795,SKU12975,酱油,粮油调味,4,2026-04-18,45.72
103796,SKU92419,醋,粮油调味,4,2026-09-27,49.35
103796,SKU11831,粉丝,火锅食材,4,2026-09-27,51.84
103796,SKU38956,蚝油,粮油调味,5,2026-09-27,35.91
103796,SKU30346,拖把,日化清洁,2,2026-09-27,43.03
103796,SKU37466,面包,食品饮料,2,2026-09-27,55.63
103797,SKU99015,牛奶,食品饮料,4,2026-09-21,27.39
103797,SKU70959,肥皂,日化清洁,4,2026-09-21,78.59
103797,SKU27309,料酒,粮油调味,1,2026-09-21,28.66
103798,SKU67840,蘸料,火锅食材,3,2026-06-01,69.64
103798,SKU70974,糖粉,烘焙用品,4,2026-06-01,34.28
103798,SKU76113,带鱼,肉禽蛋品,5,2026-06-01,73.34
103798,SKU11302,香蕉,生鲜蔬果,4,2026-06-01,12.46
103798,SKU75882,淡奶油,烘焙用品,5,2026-06-01,51.24
103798,SKU27179,黄油,烘焙用品,2,2026-06-01,49.43
103799,SKU76600,可乐,食品饮料,5,2026-01-02,28.76
103799,SKU59276,薯片,食品饮料,5,2026-01-02,44.64
103799,SKU75716,饼干,食品饮料,3,2026-01-02,36.83
103799,SKU41770,鸡翅,肉禽蛋品,5,2026-01-02,61.64
103800,SKU74784,芝士碎,烘焙用品,5,2026-07-15,56.97
103800,SKU38531,生菜,生鲜蔬果,3,2026-07-15,3.63
103801,SKU36806,葡萄,生鲜蔬果,1,2026-09-03,9.8
103801,SKU10829,面包,食品饮料,1,2026-09-03,30.19
103801,SKU79844,白糖,粮油调味,1,2026-09-03,60.91
103801,SKU34934,蔬菜拼盘,火锅食材,2,2026-09-03,31.56
103802,SKU18288,果汁,食品饮料,3,2026-05-23,73.49
103802,SKU49533,酱油,粮油调味,4,2026-05-23,75.88
103802,SKU69147,牙膏,日化清洁,2,2026-05-23,71.01
103802,SKU78381,豆腐,火锅食材,4,2026-05-23,5.17
103802,SKU57049,蛋糕粉,烘焙用品,2,2026-05-23,17.39
103802,SKU77042,生菜,生鲜蔬果,4,2026-05-23,55.3
103803,SKU63349,大米,粮油调味,3,2026-02-23,54.92
103803,SKU66040,食用油,粮油调味,5,2026-02-23,17.64
103803,SKU34083,酱油,粮油调味,1,2026-02-23,23.04
103803,SKU86244,辣椒酱,粮油调味,3,2026-02-23,47.1
103803,SKU99222,垃圾袋,日化清洁,1,2026-02-23,22.88
103803,SKU41692,带鱼,肉禽蛋品,1,2026-02-23,8.31
103804,SKU50306,鸭血,火锅食材,3,2026-06-24,65.8
103804,SKU50716,猪肉,肉禽蛋品,3,2026-06-24,41.22
103804,SKU33987,蔬菜拼盘,火锅食材,2,2026-06-24,27.02
103804,SKU92618,果汁,食品饮料,3,2026-06-24,48.5
103804,SKU30445,牛奶,食品饮料,1,2026-06-24,15.14
103804,SKU86377,酱油,粮油调味,5,2026-06-24,34.03
103805,SKU80594,毛肚,火锅食材,1,2026-06-05,36.51
103805,SKU55387,大米,粮油调味,4,2026-06-05,45.55
103805,SKU15626,鸡蛋,肉禽蛋品,2,2026-06-05,10.59
103806,SKU70494,苹果,生鲜蔬果,3,2026-01-23,68.35
103806,SKU49872,胡萝卜,生鲜蔬果,1,2026-01-23,52.76
103806,SKU21085,盐,粮油调味,3,2026-01-23,64.47
103806,SKU29469,酱油,粮油调味,3,2026-01-23,42.25
103807,SKU78442,牛奶,食品饮料,5,2026-05-25,27.97
103807,SKU52713,面包,食品饮料,5,2026-05-25,31.06
103807,SKU38852,洗发水,日化清洁,4,2026-05-25,19.09
103808,SKU27761,可乐,食品饮料,3,2026-08-09,30.33
103808,SKU59114,薯片,食品饮料,4,2026-08-09,15.12
103808,SKU44845,饼干,食品饮料,5,2026-08-09,50.1
103808,SKU51535,蔬菜拼盘,火锅食材,2,2026-08-09,67.88
103809,SKU71766,洗衣液,日化清洁,2,2026-04-26,76.01
103809,SKU73689,淡奶油,烘焙用品,1,2026-04-26,22.04
103809,SKU76008,排骨,肉禽蛋品,5,2026-04-26,45.91
103809,SKU72156,油纸,烘焙用品,5,2026-04-26,63.21
103810,SKU73351,牛奶,食品饮料,2,2026-04-13,39.32
103810,SKU81083,面包,食品饮料,2,2026-04-13,39.05
103810,SKU49431,沐浴露,日化清洁,1,2026-04-13,12.46
103811,SKU18000,土豆,生鲜蔬果,1,2026-05-18,46.83
103811,SKU52140,纸巾,日化清洁,2,2026-05-18,29.34
103811,SKU29992,带鱼,肉禽蛋品,5,2026-05-18,38.18
103811,SKU36091,鸡肉,肉禽蛋品,3,2026-05-18,69.76
103811,SKU12912,可乐,食品饮料,1,2026-05-18,78.85
103811,SKU14087,果汁,食品饮料,2,2026-05-18,15.05
103812,SKU36344,沐浴露,日化清洁,3,2026-04-15,52.29
103812,SKU10022,矿泉水,食品饮料,3,2026-04-15,62.89
103812,SKU99777,香蕉,生鲜蔬果,1,2026-04-15,35.15
103813,SKU39988,酵母,烘焙用品,5,2026-08-18,71.83
103813,SKU91315,苹果,生鲜蔬果,2,2026-08-18,41.46
103814,SKU19122,大米,粮油调味,2,2026-09-13,57.67
103814,SKU44100,食用油,粮油调味,3,2026-09-13,33.85
103814,SKU83909,酱油,粮油调味,5,2026-09-13,71.78
103814,SKU31856,土豆,生鲜蔬果,2,2026-09-13,16.35
103815,SKU20432,纸巾,日化清洁,3,2026-01-26,69.21
103815,SKU67364,面粉,粮油调味,5,2026-01-26,65.42
103816,SKU62479,洗衣液,日化清洁,1,2026-08-20,69.3
103816,SKU15791,土豆,生鲜蔬果,2,2026-08-20,13.81
103816,SKU74678,矿泉水,食品饮料,1,2026-08-20,75.16
103816,SKU70930,油纸,烘焙用品,3,2026-08-20,50.07
103816,SKU94538,苹果,生鲜蔬果,3,2026-08-20,64.84
103817,SKU73544,蚝油,粮油调味,3,2026-01-20,52.38
103817,SKU92571,淡奶油,烘焙用品,1,2026-01-20,38.73
103817,SKU16707,土豆,生鲜蔬果,1,2026-01-20,35.3
103818,SKU30921,鸡翅,肉禽蛋品,1,2026-06-16,59.28
103818,SKU30815,火锅底料,火锅食材,3,2026-06-16,48.63
103818,SKU21215,白糖,粮油调味,2,2026-06-16,73.5
103818,SKU80241,酸奶,食品饮料,5,2026-06-16,57.39
103819,SKU19243,可乐,食品饮料,3,2026-08-26,23.68
103819,SKU63920,薯片,食品饮料,4,2026-08-26,49.84
103819,SKU11903,饼干,食品饮料,1,2026-08-26,19.57
103819,SKU80938,果汁,食品饮料,2,2026-08-26,23.14
103820,SKU91976,蚝油,粮油调味,2,2026-05-20,78.06
103820,SKU41726,排骨,肉禽蛋品,4,2026-05-20,51.98
103820,SKU89387,洗衣液,日化清洁,5,2026-05-20,21.77
103820,SKU23267,香蕉,生鲜蔬果,1,2026-05-20,68.99
103821,SKU85771,苹果,生鲜蔬果,4,2026-07-12,13.36
103821,SKU74836,香蕉,生鲜蔬果,3,2026-07-12,64.51
103821,SKU93083,橙子,生鲜蔬果,5,2026-07-12,28.75
103821,SKU30577,蔬菜拼盘,火锅食材,4,2026-07-12,7.58
103821,SKU87998,白菜,生鲜蔬果,3,2026-07-12,7.68
103822,SKU34339,土豆,生鲜蔬果,4,2026-04-07,62.32
103822,SKU38136,虾仁,肉禽蛋品,2,2026-04-07,4.03
103822,SKU31197,橙子,生鲜蔬果,5,2026-04-07,24.76
103823,SKU29630,苹果,生鲜蔬果,4,2026-09-04,74.56
103823,SKU59354,香蕉,生鲜蔬果,2,2026-09-04,14.15
103823,SKU37500,橙子,生鲜蔬果,1,2026-09-04,78.18
103823,SKU25584,鸭血,火锅食材,5,2026-09-04,14.97
103823,SKU10976,洗衣液,日化清洁,5,2026-09-04,34.79
103824,SKU83903,肥皂,日化清洁,2,2026-06-26,6.61
103824,SKU32609,洗衣液,日化清洁,5,2026-06-26,50.81
103824,SKU97229,生菜,生鲜蔬果,5,2026-06-26,25.88
103825,SKU19470,肥牛卷,火锅食材,3,2026-07-10,32.1
103825,SKU27915,土豆,生鲜蔬果,3,2026-07-10,30.67
103825,SKU30081,火锅底料,火锅食材,4,2026-07-10,72.05
103825,SKU23503,料酒,粮油调味,1,2026-07-10,33.75
103825,SKU73568,果汁,食品饮料,5,2026-07-10,70.87
103826,SKU16434,鸭蛋,肉禽蛋品,3,2026-06-27,68.03
103826,SKU75123,黄瓜,生鲜蔬果,4,2026-06-27,27.81
103826,SKU29201,面包,食品饮料,5,2026-06-27,60.2
103826,SKU17348,洗洁精,日化清洁,5,2026-06-27,14.3
103827,SKU68203,可乐,食品饮料,5,2026-09-17,69.87
103827,SKU67450,薯片,食品饮料,1,2026-09-17,68.04
103827,SKU82654,饼干,食品饮料,3,2026-09-17,50.19
103827,SKU11755,胡萝卜,生鲜蔬果,5,2026-09-17,65.35
103827,SKU15169,鸡蛋,肉禽蛋品,4,2026-09-17,10.04
103828,SKU70902,洗衣液,日化清洁,3,2026-03-28,36.26
103828,SKU51546,纸巾,日化清洁,4,2026-03-28,69.25
103828,SKU63855,垃圾袋,日化清洁,2,2026-03-28,11.87
103828,SKU30621,肥皂,日化清洁,2,2026-03-28,31.29
103829,SKU50181,大米,粮油调味,4,2026-05-24,78.71
103829,SKU77123,食用油,粮油调味,4,2026-05-24,43.65
103829,SKU51503,酱油,粮油调味,5,2026-05-24,10.5
103829,SKU91624,香草精,烘焙用品,3,2026-05-24,51.01
103830,SKU48767,排骨,肉禽蛋品,5,2026-09-19,4.62
103830,SKU31164,巧克力,食品饮料,2,2026-09-19,15.22
103830,SKU71475,三文鱼,肉禽蛋品,1,2026-09-19,63.14
103830,SKU11594,洗衣液,日化清洁,2,2026-09-19,64.45
103831,SKU91700,蛋糕粉,烘焙用品,2,2026-01-04,13.09
103831,SKU27529,黄油,烘焙用品,1,2026-01-04,61.41
103831,SKU23183,淡奶油,烘焙用品,1,2026-01-04,23.33
103831,SKU85061,鸡蛋,肉禽蛋品,4,2026-01-04,48.3
103831,SKU48229,食用油,粮油调味,3,2026-01-04,19.91
103832,SKU89513,鸭血,火锅食材,4,2026-04-01,36.19
103832,SKU53302,矿泉水,食品饮料,1,2026-04-01,21.77
103833,SKU35576,牛奶,食品饮料,1,2026-02-21,22.03
103833,SKU56626,面包,食品饮料,4,2026-02-21,59.93
103833,SKU16911,白糖,粮油调味,4,2026-02-21,14.42
103833,SKU19317,料酒,粮油调味,4,2026-02-21,18.51
103833,SKU64107,辣椒酱,粮油调味,3,2026-02-21,67.49
103834,SKU63092,牛奶,食品饮料,3,2026-08-28,43.96
103834,SKU22655,毛肚,火锅食材,2,2026-08-28,75.92
103834,SKU76043,蛋挞皮,烘焙用品,4,2026-08-28,69.42
103835,SKU47043,洗衣液,日化清洁,4,2026-01-07,19.26
103835,SKU48647,纸巾,日化清洁,1,2026-01-07,59.37
103835,SKU19535,垃圾袋,日化清洁,4,2026-01-07,30.55
103835,SKU96794,糖粉,烘焙用品,3,2026-01-07,67.58
103835,SKU39484,薯片,食品饮料,4,2026-01-07,50.88
103835,SKU85808,大米,粮油调味,2,2026-01-07,17.43
103836,SKU18928,大米,粮油调味,1,2026-02-23,49.86
103836,SKU71388,毛肚,火锅食材,5,2026-02-23,79.96
103837,SKU25158,苹果,生鲜蔬果,4,2026-08-23,52.77
103837,SKU63002,香蕉,生鲜蔬果,4,2026-08-23,48.49
103837,SKU93051,橙子,生鲜蔬果,4,2026-08-23,42.94
103837,SKU62002,豆腐,火锅食材,5,2026-08-23,36.7
103837,SKU20512,酱油,粮油调味,4,2026-08-23,12.46
103837,SKU47075,肥牛卷,火锅食材,4,2026-08-23,40.67
103838,SKU73080,可乐,食品饮料,2,2026-05-10,75.96
103838,SKU88644,薯片,食品饮料,3,2026-05-10,79.58
103838,SKU79851,饼干,食品饮料,5,2026-05-10,17.14
103838,SKU80607,香草精,烘焙用品,1,2026-05-10,19.61
103839,SKU97492,酱油,粮油调味,3,2026-02-17,41.66
103839,SKU34800,垃圾袋,日化清洁,3,2026-02-17,27.4
103840,SKU24105,牛奶,食品饮料,5,2026-06-06,9.45
103840,SKU58709,面包,食品饮料,1,2026-06-06,23.38
103840,SKU17258,鸡蛋,肉禽蛋品,2,2026-06-06,41.37
103840,SKU42944,矿泉水,食品饮料,3,2026-06-06,30.4
103841,SKU33132,食用油,粮油调味,2,2026-06-09,43.67
103841,SKU30065,葡萄,生鲜蔬果,4,2026-06-09,27.57
103842,SKU14265,苹果,生鲜蔬果,2,2026-05-15,18.02
103842,SKU25890,香蕉,生鲜蔬果,1,2026-05-15,49.13
103842,SKU99497,橙子,生鲜蔬果,1,2026-05-15,19.81
103842,SKU20892,黄油,烘焙用品,5,2026-05-15,69.54
103843,SKU29827,排骨,肉禽蛋品,5,2026-03-27,22.59
103843,SKU21413,胡萝卜,生鲜蔬果,3,2026-03-27,56.75
103843,SKU72121,土豆,生鲜蔬果,5,2026-03-27,60.84
103843,SKU30625,芝士碎,烘焙用品,3,2026-03-27,74.59
103843,SKU53038,鸡肉,肉禽蛋品,2,2026-03-27,12.25
103843,SKU21473,沐浴露,日化清洁,5,2026-03-27,19.62
103844,SKU25371,肥牛卷,火锅食材,1,2026-04-06,50.97
103844,SKU80099,白菜,生鲜蔬果,5,2026-04-06,10.2
103844,SKU62679,盐,粮油调味,3,2026-04-06,26.76
103844,SKU67631,果汁,食品饮料,2,2026-04-06,52.16
103845,SKU82551,油纸,烘焙用品,1,2026-05-17,39.87
103845,SKU72793,醋,粮油调味,3,2026-05-17,13.38
103846,SKU62796,洗发水,日化清洁,1,2026-07-10,48.49
103846,SKU97216,沐浴露,日化清洁,1,2026-07-10,40.53
103846,SKU62271,牙膏,日化清洁,3,2026-07-10,55.84
103846,SKU47136,拖把,日化清洁,5,2026-07-10,14.45
103846,SKU16552,洗衣液,日化清洁,2,2026-07-10,53.63
103847,SKU20751,蛋糕粉,烘焙用品,1,2026-01-08,13.62
103847,SKU23298,排骨,肉禽蛋品,1,2026-01-08,72.32
103848,SKU76903,西红柿,生鲜蔬果,2,2026-08-02,39.66
103848,SKU25468,鸡蛋,肉禽蛋品,1,2026-08-02,31.77
103848,SKU26830,黄瓜,生鲜蔬果,4,2026-08-02,59.07
103848,SKU41715,羊肉卷,火锅食材,1,2026-08-02,41.47
103848,SKU17362,蔬菜拼盘,火锅食材,5,2026-08-02,68.43
103848,SKU39817,火锅底料,火锅食材,1,2026-08-02,35.05
103849,SKU61848,大米,粮油调味,4,2026-02-14,11.61
103849,SKU43579,食用油,粮油调味,4,2026-02-14,36.44
103849,SKU60427,酱油,粮油调味,1,2026-02-14,55.83
103849,SKU81847,生菜,生鲜蔬果,1,2026-02-14,34.19
103849,SKU99100,橙子,生鲜蔬果,3,2026-02-14,70.29
103849,SKU47613,香草精,烘焙用品,5,2026-02-14,44.65
103850,SKU56404,洗发水,日化清洁,5,2026-05-09,34.11
103850,SKU83270,葡萄,生鲜蔬果,2,2026-05-09,41.66
103850,SKU32562,饼干,食品饮料,3,2026-05-09,27.35
103850,SKU33266,毛肚,火锅食材,4,2026-05-09,28.4
103851,SKU22035,牛奶,食品饮料,3,2026-08-14,67.52
103851,SKU37893,鸡蛋,肉禽蛋品,4,2026-08-14,66.89
103851,SKU29832,洗发水,日化清洁,2,2026-08-14,9.82
103851,SKU24321,肥皂,日化清洁,4,2026-08-14,76.32
103851,SKU58524,食用油,粮油调味,5,2026-08-14,34.75
103852,SKU87312,矿泉水,食品饮料,3,2026-01-28,35.09
103852,SKU18307,洗洁精,日化清洁,4,2026-01-28,73.74
103852,SKU95558,豆腐,火锅食材,1,2026-01-28,25.25
103853,SKU90777,酱油,粮油调味,2,2026-07-17,18.86
103853,SKU78148,芝士碎,烘焙用品,2,2026-07-17,43.85
103853,SKU12155,牛奶,食品饮料,4,2026-07-17,3.89
103853,SKU20759,矿泉水,食品饮料,3,2026-07-17,13.45
103853,SKU72403,食用油,粮油调味,2,2026-07-17,33.36
103853,SKU62820,粉丝,火锅食材,2,2026-07-17,28.22
103854,SKU30310,火锅底料,火锅食材,5,2026-02-17,38.98
103854,SKU92850,丸子,火锅食材,4,2026-02-17,11.75
103854,SKU32335,肥牛卷,火锅食材,3,2026-02-17,39.01
103854,SKU59216,面包,食品饮料,1,2026-02-17,62.13
103854,SKU69606,黄瓜,生鲜蔬果,2,2026-02-17,39.36
103854,SKU34126,饼干,食品饮料,2,2026-02-17,21.57
103855,SKU30376,蚝油,粮油调味,5,2026-01-01,49.95
103855,SKU71550,芝士碎,烘焙用品,5,2026-01-01,56.48
103856,SKU57017,面粉,粮油调味,2,2026-05-26,51.89
103856,SKU77710,醋,粮油调味,2,2026-05-26,21.47
103857,SKU18170,可乐,食品饮料,5,2026-05-22,26.72
103857,SKU19276,薯片,食品饮料,4,2026-05-22,25.21
103857,SKU90060,饼干,食品饮料,4,2026-05-22,60.56
103857,SKU51524,料酒,粮油调味,5,2026-05-22,68.44
103858,SKU25262,蛋挞皮,烘焙用品,4,2026-06-11,52.75
103858,SKU45226,橙子,生鲜蔬果,1,2026-06-11,25.35
103858,SKU82938,巧克力,食品饮料,2,2026-06-11,27.67
103859,SKU68693,苹果,生鲜蔬果,3,2026-05-13,39.72
103859,SKU57204,香蕉,生鲜蔬果,4,2026-05-13,45.12
103859,SKU45535,橙子,生鲜蔬果,2,2026-05-13,42.1
103859,SKU45427,白糖,粮油调味,5,2026-05-13,50.41
103859,SKU45406,盐,粮油调味,1,2026-05-13,43.29
103859,SKU29354,酸奶,食品饮料,4,2026-05-13,38.78
103860,SKU19640,鸭血,火锅食材,4,2026-08-20,78.19
103860,SKU13192,白菜,生鲜蔬果,3,2026-08-20,3.03
103860,SKU43628,三文鱼,肉禽蛋品,3,2026-08-20,64.14
103861,SKU29510,鸡肉,肉禽蛋品,4,2026-01-17,60.58
103861,SKU31145,火锅底料,火锅食材,3,2026-01-17,71.22
103861,SKU31611,牛奶,食品饮料,1,2026-01-17,33.07
103861,SKU22225,芝士碎,烘焙用品,1,2026-01-17,56.34
103861,SKU16604,鸭蛋,肉禽蛋品,1,2026-01-17,59.61
103861,SKU95809,洗发水,日化清洁,5,2026-01-17,16.0
103862,SKU65395,三文鱼,肉禽蛋品,5,2026-06-09,71.29
103862,SKU83668,猪肉,肉禽蛋品,2,2026-06-09,17.5
103862,SKU71998,鸭蛋,肉禽蛋品,1,2026-06-09,60.79
103862,SKU43080,垃圾袋,日化清洁,5,2026-06-09,54.61
103863,SKU53211,香蕉,生鲜蔬果,5,2026-03-15,52.54
103863,SKU71272,鸡肉,肉禽蛋品,2,2026-03-15,72.91
103863,SKU88567,油纸,烘焙用品,1,2026-03-15,55.78
103863,SKU89066,豆腐,火锅食材,2,2026-03-15,32.2
103863,SKU63286,白菜,生鲜蔬果,5,2026-03-15,43.26
103863,SKU44035,消毒液,日化清洁,3,2026-03-15,73.78
103864,SKU33613,蛋糕粉,烘焙用品,3,2026-04-14,58.29
103864,SKU86377,黄油,烘焙用品,1,2026-04-14,48.36
103864,SKU26292,淡奶油,烘焙用品,2,2026-04-14,33.46
103864,SKU80392,鸡蛋,肉禽蛋品,2,2026-04-14,77.24
103864,SKU74787,消毒液,日化清洁,3,2026-04-14,3.87
103864,SKU76495,葡萄,生鲜蔬果,4,2026-04-14,65.4
103864,SKU13542,沐浴露,日化清洁,2,2026-04-14,65.43
103865,SKU43325,西红柿,生鲜蔬果,4,2026-08-08,47.76
103865,SKU71760,鸡蛋,肉禽蛋品,1,2026-08-08,51.85
103865,SKU60069,黄瓜,生鲜蔬果,4,2026-08-08,42.74
103865,SKU87892,橙子,生鲜蔬果,3,2026-08-08,22.89
103866,SKU17907,辣椒酱,粮油调味,3,2026-03-11,34.3
103866,SKU11938,酸奶,食品饮料,1,2026-03-11,12.66
103866,SKU45972,面包,食品饮料,5,2026-03-11,37.13
103866,SKU19025,毛肚,火锅食材,4,2026-03-11,30.96
103866,SKU58997,消毒液,日化清洁,4,2026-03-11,72.2
103866,SKU64908,洗衣液,日化清洁,5,2026-03-11,29.03
103867,SKU30033,方便面,食品饮料,1,2026-03-22,71.85
103867,SKU47688,鸡翅,肉禽蛋品,5,2026-03-22,56.22
103867,SKU71685,料酒,粮油调味,2,2026-03-22,52.03
103867,SKU54647,辣椒酱,粮油调味,1,2026-03-22,21.57
103867,SKU90376,矿泉水,食品饮料,2,2026-03-22,33.22
103868,SKU23594,大米,粮油调味,4,2026-07-17,52.5
103868,SKU59780,食用油,粮油调味,2,2026-07-17,50.86
103868,SKU40233,酱油,粮油调味,5,2026-07-17,63.23
103868,SKU61296,生菜,生鲜蔬果,2,2026-07-17,12.82
103869,SKU70101,洗衣液,日化清洁,1,2026-07-27,63.59
103869,SKU29499,纸巾,日化清洁,2,2026-07-27,62.49
103869,SKU52595,垃圾袋,日化清洁,3,2026-07-27,12.04
103869,SKU25499,毛肚,火锅食材,4,2026-07-27,26.48
103869,SKU33539,薯片,食品饮料,3,2026-07-27,63.33
103869,SKU16796,豆腐,火锅食材,3,2026-07-27,36.34
103870,SKU55997,洗发水,日化清洁,1,2026-07-28,43.54
103870,SKU61319,沐浴露,日化清洁,3,2026-07-28,16.24
103870,SKU89370,牙膏,日化清洁,1,2026-07-28,50.0
103870,SKU91955,豆腐,火锅食材,2,2026-07-28,49.99
103871,SKU73847,排骨,肉禽蛋品,1,2026-07-02,33.9
103871,SKU36855,胡萝卜,生鲜蔬果,4,2026-07-02,16.93
103871,SKU69765,土豆,生鲜蔬果,5,2026-07-02,13.31
103871,SKU41419,方便面,食品饮料,3,2026-07-02,8.57
103871,SKU66419,料酒,粮油调味,3,2026-07-02,46.08
103871,SKU87476,洗发水,日化清洁,3,2026-07-02,78.5
103872,SKU31393,黄瓜,生鲜蔬果,2,2026-07-23,7.67
103872,SKU73804,酸奶,食品饮料,3,2026-07-23,3.23
103873,SKU28698,火锅底料,火锅食材,2,2026-04-22,75.31
103873,SKU74030,丸子,火锅食材,3,2026-04-22,51.84
103873,SKU10558,肥牛卷,火锅食材,3,2026-04-22,3.73
103873,SKU49416,洗洁精,日化清洁,5,2026-04-22,25.22
103873,SKU23233,巧克力,食品饮料,2,2026-04-22,37.54
103874,SKU64028,大米,粮油调味,1,2026-05-03,70.55
103874,SKU58643,食用油,粮油调味,2,2026-05-03,23.36
103874,SKU14774,酱油,粮油调味,1,2026-05-03,71.43
103874,SKU34398,油纸,烘焙用品,1,2026-05-03,29.91
103874,SKU37007,蚝油,粮油调味,2,2026-05-03,46.53
103874,SKU84086,酵母,烘焙用品,2,2026-05-03,37.82
103875,SKU27957,洗衣液,日化清洁,4,2026-02-17,12.14
103875,SKU64415,纸巾,日化清洁,5,2026-02-17,70.67
103875,SKU71314,垃圾袋,日化清洁,5,2026-02-17,8.04
103875,SKU22250,淡奶油,烘焙用品,3,2026-02-17,26.7
103876,SKU16406,蚝油,粮油调味,1,2026-05-10,27.27
103876,SKU93074,沐浴露,日化清洁,2,2026-05-10,19.72
103876,SKU74982,带鱼,肉禽蛋品,2,2026-05-10,26.17
103877,SKU17110,丸子,火锅食材,1,2026-05-13,20.7
103877,SKU86184,鸡翅,肉禽蛋品,2,2026-05-13,57.11
103877,SKU88571,羊肉卷,火锅食材,4,2026-05-13,71.35
103877,SKU81061,猪肉,肉禽蛋品,4,2026-05-13,69.77
103877,SKU76350,沐浴露,日化清洁,1,2026-05-13,46.03
103877,SKU77111,纸巾,日化清洁,3,2026-05-13,10.71
103878,SKU87968,料酒,粮油调味,5,2026-07-16,26.17
103878,SKU74452,芝士碎,烘焙用品,5,2026-07-16,54.09
103878,SKU16731,蚝油,粮油调味,2,2026-07-16,5.3
103879,SKU43995,牛奶,食品饮料,1,2026-04-11,66.99
103879,SKU21669,面包,食品饮料,4,2026-04-11,43.72
103879,SKU86998,蔬菜拼盘,火锅食材,2,2026-04-11,71.05
103879,SKU37741,鸡肉,肉禽蛋品,2,2026-04-11,21.77
103880,SKU89590,西红柿,生鲜蔬果,2,2026-09-14,60.31
103880,SKU24643,鸡蛋,肉禽蛋品,2,2026-09-14,40.55
103880,SKU23036,黄瓜,生鲜蔬果,1,2026-09-14,73.03
103880,SKU82859,三文鱼,肉禽蛋品,4,2026-09-14,33.64
103880,SKU23788,料酒,粮油调味,3,2026-09-14,67.5
103880,SKU10887,洗洁精,日化清洁,1,2026-09-14,22.25
103881,SKU96173,牛奶,食品饮料,5,2026-02-14,56.82
103881,SKU24490,面包,食品饮料,4,2026-02-14,12.96
103881,SKU12658,饼干,食品饮料,5,2026-02-14,73.0
103881,SKU46250,白菜,生鲜蔬果,4,2026-02-14,50.21
103881,SKU76031,辣椒酱,粮油调味,2,2026-02-14,67.89
103882,SKU24703,洗发水,日化清洁,5,2026-02-04,72.54
103882,SKU29220,沐浴露,日化清洁,2,2026-02-04,3.01
103882,SKU18352,牙膏,日化清洁,3,2026-02-04,74.76
103882,SKU12736,生菜,生鲜蔬果,5,2026-02-04,27.31
103883,SKU53269,果汁,食品饮料,4,2026-02-22,60.13
103883,SKU21361,猪肉,肉禽蛋品,4,2026-02-22,43.57
103883,SKU43121,洗发水,日化清洁,1,2026-02-22,52.85
103883,SKU39217,土豆,生鲜蔬果,2,2026-02-22,8.92
103883,SKU22293,肥皂,日化清洁,2,2026-02-22,49.28
103884,SKU89905,蛋糕粉,烘焙用品,2,2026-05-19,31.26
103884,SKU72690,黄油,烘焙用品,4,2026-05-19,21.65
103884,SKU66253,淡奶油,烘焙用品,2,2026-05-19,62.49
103884,SKU68281,鸡蛋,肉禽蛋品,2,2026-05-19,59.24
103884,SKU40597,粉丝,火锅食材,1,2026-05-19,71.95
103884,SKU51660,带鱼,肉禽蛋品,5,2026-05-19,10.28
103884,SKU67956,大米,粮油调味,2,2026-05-19,37.18
103885,SKU15292,面包,食品饮料,4,2026-04-01,25.09
103885,SKU31646,黄瓜,生鲜蔬果,1,2026-04-01,71.14
103885,SKU96729,辣椒酱,粮油调味,3,2026-04-01,66.39
103886,SKU73456,消毒液,日化清洁,1,2026-05-01,40.88
103886,SKU51078,模具,烘焙用品,4,2026-05-01,73.46
103886,SKU24803,蛋挞皮,烘焙用品,2,2026-05-01,15.09
103886,SKU60257,垃圾袋,日化清洁,2,2026-05-01,18.64
103887,SKU14089,西红柿,生鲜蔬果,5,2026-06-24,18.1
103887,SKU58247,鸡蛋,肉禽蛋品,1,2026-06-24,59.71
103887,SKU83435,黄瓜,生鲜蔬果,5,2026-06-24,3.09
103887,SKU11634,方便面,食品饮料,2,2026-06-24,22.56
103888,SKU49393,毛肚,火锅食材,2,2026-04-02,32.74
103888,SKU36264,蚝油,粮油调味,3,2026-04-02,32.54
103888,SKU95199,巧克力,食品饮料,1,2026-04-02,48.7
103889,SKU49504,橙子,生鲜蔬果,4,2026-01-13,77.13
103889,SKU58340,可乐,食品饮料,3,2026-01-13,34.42
103889,SKU22323,饼干,食品饮料,1,2026-01-13,28.52
103889,SKU29949,土豆,生鲜蔬果,4,2026-01-13,54.06
103890,SKU26598,蛋糕粉,烘焙用品,5,2026-04-02,78.94
103890,SKU48891,黄油,烘焙用品,5,2026-04-02,23.55
103890,SKU15412,淡奶油,烘焙用品,3,2026-04-02,28.25
103890,SKU94538,鸡蛋,肉禽蛋品,4,2026-04-02,26.88
103890,SKU98887,毛肚,火锅食材,2,2026-04-02,65.97
103890,SKU81413,盐,粮油调味,5,2026-04-02,13.9
103890,SKU73946,薯片,食品饮料,1,2026-04-02,18.11
103891,SKU53119,牛奶,食品饮料,1,2026-05-09,71.07
103891,SKU85636,面包,食品饮料,4,2026-05-09,43.84
103891,SKU16605,生菜,生鲜蔬果,4,2026-05-09,39.5
103892,SKU86329,消毒液,日化清洁,1,2026-04-24,66.4
103892,SKU78606,矿泉水,食品饮料,4,2026-04-24,66.94
103892,SKU75541,三文鱼,肉禽蛋品,5,2026-04-24,64.28
103892,SKU86475,带鱼,肉禽蛋品,4,2026-04-24,46.41
103893,SKU26851,毛肚,火锅食材,3,2026-08-27,39.47
103893,SKU51400,洗衣液,日化清洁,2,2026-08-27,58.81
103893,SKU98084,芝士碎,烘焙用品,2,2026-08-27,62.56
103893,SKU69989,醋,粮油调味,4,2026-08-27,5.57
103894,SKU58358,排骨,肉禽蛋品,1,2026-05-18,5.74
103894,SKU57156,胡萝卜,生鲜蔬果,3,2026-05-18,26.75
103894,SKU58657,土豆,生鲜蔬果,1,2026-05-18,16.83
103894,SKU98936,豆腐,火锅食材,4,2026-05-18,21.1
103895,SKU39195,葡萄,生鲜蔬果,1,2026-09-09,65.23
103895,SKU77961,虾仁,肉禽蛋品,2,2026-09-09,68.83
103896,SKU18894,糖粉,烘焙用品,5,2026-08-28,69.03
103896,SKU40748,粉丝,火锅食材,4,2026-08-28,43.55
103897,SKU57286,肥皂,日化清洁,3,2026-03-22,58.45
103897,SKU33296,葡萄,生鲜蔬果,4,2026-03-22,20.66
103897,SKU27684,鸡蛋,肉禽蛋品,2,2026-03-22,17.19
103898,SKU79579,大米,粮油调味,5,2026-07-02,76.84
103898,SKU37008,食用油,粮油调味,5,2026-07-02,63.01
103898,SKU90478,酱油,粮油调味,2,2026-07-02,7.65
103898,SKU20487,虾仁,肉禽蛋品,5,2026-07-02,66.55
103898,SKU37299,蛋糕粉,烘焙用品,2,2026-07-02,23.99
103899,SKU53491,苹果,生鲜蔬果,5,2026-05-18,23.84
103899,SKU73412,香蕉,生鲜蔬果,4,2026-05-18,56.54
103899,SKU55902,橙子,生鲜蔬果,2,2026-05-18,36.76
103899,SKU27537,酵母,烘焙用品,4,2026-05-18,18.16
103899,SKU87571,猪肉,肉禽蛋品,2,2026-05-18,53.91
103900,SKU36988,排骨,肉禽蛋品,4,2026-05-18,39.25
103900,SKU16360,胡萝卜,生鲜蔬果,5,2026-05-18,58.91
103900,SKU41821,土豆,生鲜蔬果,5,2026-05-18,14.85
103900,SKU78424,饼干,食品饮料,4,2026-05-18,6.06
103901,SKU47881,西红柿,生鲜蔬果,1,2026-04-27,36.65
103901,SKU41688,鸡蛋,肉禽蛋品,4,2026-04-27,64.47
103901,SKU79567,黄瓜,生鲜蔬果,3,2026-04-27,9.61
103901,SKU57241,醋,粮油调味,1,2026-04-27,76.87
103902,SKU44174,猪肉,肉禽蛋品,1,2026-08-21,42.39
103902,SKU28197,肥皂,日化清洁,3,2026-08-21,49.83
103902,SKU25337,葡萄,生鲜蔬果,1,2026-08-21,47.29
103902,SKU63504,虾仁,肉禽蛋品,3,2026-08-21,9.5
103903,SKU57013,白菜,生鲜蔬果,2,2026-04-17,14.05
103903,SKU53254,沐浴露,日化清洁,2,2026-04-17,31.49
103903,SKU57270,矿泉水,食品饮料,5,2026-04-17,49.48
103903,SKU33730,黄瓜,生鲜蔬果,2,2026-04-17,49.0
103903,SKU52535,蚝油,粮油调味,1,2026-04-17,62.24
103903,SKU93351,葡萄,生鲜蔬果,4,2026-04-17,4.22
103904,SKU42349,三文鱼,肉禽蛋品,3,2026-07-23,46.72
103904,SKU70793,西红柿,生鲜蔬果,5,2026-07-23,65.8
103904,SKU21343,食用油,粮油调味,1,2026-07-23,37.32
103904,SKU12891,虾仁,肉禽蛋品,1,2026-07-23,32.96
103905,SKU97303,西红柿,生鲜蔬果,2,2026-02-24,19.25
103905,SKU49949,蚝油,粮油调味,2,2026-02-24,22.23
103905,SKU74746,三文鱼,肉禽蛋品,2,2026-02-24,18.31
103906,SKU50874,可乐,食品饮料,2,2026-05-11,33.05
103906,SKU20589,薯片,食品饮料,1,2026-05-11,68.76
103906,SKU76621,饼干,食品饮料,4,2026-05-11,19.98
103906,SKU86516,牙膏,日化清洁,2,2026-05-11,22.32
103906,SKU31978,黄油,烘焙用品,4,2026-05-11,73.82
103906,SKU93397,苹果,生鲜蔬果,2,2026-05-11,73.24
103907,SKU87138,洗发水,日化清洁,1,2026-08-05,48.99
103907,SKU70113,沐浴露,日化清洁,4,2026-08-05,56.73
103907,SKU20398,牙膏,日化清洁,5,2026-08-05,17.65
103907,SKU22539,料酒,粮油调味,1,2026-08-05,29.94
103907,SKU70257,蛋挞皮,烘焙用品,3,2026-08-05,51.51
103908,SKU94328,胡萝卜,生鲜蔬果,1,2026-02-21,62.58
103908,SKU30301,淡奶油,烘焙用品,2,2026-02-21,51.15
103908,SKU32367,肥皂,日化清洁,1,2026-02-21,58.03
103908,SKU58768,盐,粮油调味,5,2026-02-21,20.59
103908,SKU95263,洗发水,日化清洁,2,2026-02-21,23.96
103908,SKU53451,垃圾袋,日化清洁,3,2026-02-21,52.24
103909,SKU79103,蛋糕粉,烘焙用品,4,2026-01-23,23.25
103909,SKU92026,黄油,烘焙用品,4,2026-01-23,12.41
103909,SKU69857,淡奶油,烘焙用品,3,2026-01-23,37.41
103909,SKU98635,鸡蛋,肉禽蛋品,5,2026-01-23,47.81
103909,SKU91504,蘸料,火锅食材,2,2026-01-23,23.64
103909,SKU89310,黄瓜,生鲜蔬果,4,2026-01-23,55.98
103909,SKU87237,橙子,生鲜蔬果,2,2026-01-23,76.1
103910,SKU90340,淡奶油,烘焙用品,4,2026-07-07,46.9
103910,SKU14447,鸭血,火锅食材,2,2026-07-07,67.04
103910,SKU62799,黄瓜,生鲜蔬果,3,2026-07-07,26.97
103910,SKU32121,鸡蛋,肉禽蛋品,3,2026-07-07,77.57
103910,SKU50231,酱油,粮油调味,3,2026-07-07,50.59
103910,SKU33372,酵母,烘焙用品,2,2026-07-07,60.13
103911,SKU59214,带鱼,肉禽蛋品,1,2026-09-03,66.31
103911,SKU87862,洗发水,日化清洁,4,2026-09-03,63.9
103911,SKU80347,垃圾袋,日化清洁,1,2026-09-03,40.3
103912,SKU12530,模具,烘焙用品,5,2026-03-27,33.34
103912,SKU86825,酱油,粮油调味,2,2026-03-27,79.02
103912,SKU63795,鸭蛋,肉禽蛋品,4,2026-03-27,20.62
103912,SKU25359,牛奶,食品饮料,3,2026-03-27,68.07
103912,SKU17812,芝士碎,烘焙用品,2,2026-03-27,24.18
103912,SKU11298,土豆,生鲜蔬果,3,2026-03-27,78.42
103913,SKU90861,丸子,火锅食材,1,2026-04-10,54.19
103913,SKU75532,酵母,烘焙用品,4,2026-04-10,11.79
103914,SKU14015,粉丝,火锅食材,1,2026-08-16,23.16
103914,SKU29849,消毒液,日化清洁,3,2026-08-16,66.46
103914,SKU65546,矿泉水,食品饮料,1,2026-08-16,53.84
103915,SKU42671,洗发水,日化清洁,5,2026-07-24,55.83
103915,SKU19954,沐浴露,日化清洁,1,2026-07-24,57.1
103915,SKU89220,牙膏,日化清洁,2,2026-07-24,12.97
103915,SKU41982,醋,粮油调味,3,2026-07-24,12.08
103915,SKU35981,垃圾袋,日化清洁,3,2026-07-24,22.36
103916,SKU31250,沐浴露,日化清洁,5,2026-02-17,45.32
103916,SKU63302,香蕉,生鲜蔬果,2,2026-02-17,8.03
103917,SKU78228,苹果,生鲜蔬果,2,2026-03-24,24.16
103917,SKU95010,香蕉,生鲜蔬果,3,2026-03-24,51.88
103917,SKU36085,橙子,生鲜蔬果,4,2026-03-24,25.68
103917,SKU20481,食用油,粮油调味,5,2026-03-24,21.71
103918,SKU13369,洗洁精,日化清洁,4,2026-07-05,24.27
103918,SKU35778,三文鱼,肉禽蛋品,2,2026-07-05,46.85
103918,SKU72723,鸭血,火锅食材,2,2026-07-05,13.47
103919,SKU75602,洗衣液,日化清洁,4,2026-07-28,64.59
103919,SKU37962,纸巾,日化清洁,1,2026-07-28,32.91
103919,SKU53472,垃圾袋,日化清洁,5,2026-07-28,31.59
103919,SKU86266,酱油,粮油调味,1,2026-07-28,13.69
103919,SKU40937,排骨,肉禽蛋品,5,2026-07-28,35.67
103919,SKU13957,鸡蛋,肉禽蛋品,1,2026-07-28,42.8
103920,SKU96338,香草精,烘焙用品,5,2026-06-17,5.23
103920,SKU36230,蛋糕粉,烘焙用品,3,2026-06-17,75.26
103921,SKU71326,鸡蛋,肉禽蛋品,5,2026-06-01,21.17
103921,SKU38581,蘸料,火锅食材,4,2026-06-01,30.86
103921,SKU43789,洗发水,日化清洁,3,2026-06-01,48.82
103922,SKU35835,酸奶,食品饮料,2,2026-01-19,78.86
103922,SKU61541,醋,粮油调味,3,2026-01-19,70.21
103922,SKU48040,面粉,粮油调味,5,2026-01-19,60.81
103922,SKU77834,饼干,食品饮料,3,2026-01-19,21.73
103923,SKU10626,西红柿,生鲜蔬果,4,2026-01-06,78.08
103923,SKU50534,鸡蛋,肉禽蛋品,4,2026-01-06,32.08
103923,SKU94170,黄瓜,生鲜蔬果,5,2026-01-06,31.1
103923,SKU81693,牛肉,肉禽蛋品,4,2026-01-06,65.41
103923,SKU32368,食用油,粮油调味,4,2026-01-06,42.67
103924,SKU23520,洗衣液,日化清洁,1,2026-07-24,59.98
103924,SKU65191,鸭蛋,肉禽蛋品,5,2026-07-24,58.11
103924,SKU39671,虾仁,肉禽蛋品,1,2026-07-24,33.45
103924,SKU95807,丸子,火锅食材,4,2026-07-24,3.92
103925,SKU46476,可乐,食品饮料,3,2026-06-11,51.13
103925,SKU80529,薯片,食品饮料,2,2026-06-11,73.97
103925,SKU50100,饼干,食品饮料,4,2026-06-11,8.85
103925,SKU49963,洗发水,日化清洁,3,2026-06-11,4.65
103925,SKU95504,鸡蛋,肉禽蛋品,1,2026-06-11,20.31
103925,SKU56526,牙膏,日化清洁,5,2026-06-11,16.1
103926,SKU85643,牛奶,食品饮料,1,2026-09-03,54.69
103926,SKU97039,面包,食品饮料,1,2026-09-03,29.51
103926,SKU32369,黄瓜,生鲜蔬果,3,2026-09-03,59.0
103927,SKU62026,毛肚,火锅食材,1,2026-09-04,51.73
103927,SKU56730,苹果,生鲜蔬果,2,2026-09-04,73.0
103927,SKU28769,豆腐,火锅食材,1,2026-09-04,47.58
103927,SKU45749,鸡蛋,肉禽蛋品,4,2026-09-04,17.66
103928,SKU56799,大米,粮油调味,5,2026-06-11,68.97
103928,SKU29532,果汁,食品饮料,5,2026-06-11,41.41
103928,SKU25868,羊肉卷,火锅食材,1,2026-06-11,31.53
103928,SKU12938,酵母,烘焙用品,1,2026-06-11,32.53
103928,SKU49551,三文鱼,肉禽蛋品,2,2026-06-11,35.95
103928,SKU70069,洗衣液,日化清洁,5,2026-06-11,36.6
103929,SKU55504,食用油,粮油调味,4,2026-08-14,37.37
103929,SKU68041,橙子,生鲜蔬果,3,2026-08-14,54.09
103929,SKU40438,鸡翅,肉禽蛋品,5,2026-08-14,68.89
103929,SKU88179,油纸,烘焙用品,1,2026-08-14,55.36
103929,SKU60079,黄油,烘焙用品,2,2026-08-14,68.57
103929,SKU22005,酸奶,食品饮料,4,2026-08-14,70.74
103930,SKU83242,牙膏,日化清洁,5,2026-07-06,66.22
103930,SKU85289,食用油,粮油调味,4,2026-07-06,15.85
103930,SKU93568,三文鱼,肉禽蛋品,1,2026-07-06,44.3
103931,SKU38397,洗发水,日化清洁,3,2026-04-22,77.3
103931,SKU52872,酸奶,食品饮料,1,2026-04-22,63.03
103931,SKU28701,模具,烘焙用品,5,2026-04-22,60.04
103931,SKU36939,鸡翅,肉禽蛋品,1,2026-04-22,39.33
103931,SKU43018,丸子,火锅食材,5,2026-04-22,47.03
103932,SKU45859,洗发水,日化清洁,2,2026-08-22,50.37
103932,SKU38614,矿泉水,食品饮料,1,2026-08-22,10.95
103932,SKU63285,橙子,生鲜蔬果,4,2026-08-22,26.08
103932,SKU81198,糖粉,烘焙用品,2,2026-08-22,52.8
103932,SKU85153,方便面,食品饮料,3,2026-08-22,6.77
103932,SKU30409,沐浴露,日化清洁,4,2026-08-22,38.13
103933,SKU39319,模具,烘焙用品,3,2026-01-13,57.52
103933,SKU26260,巧克力,食品饮料,4,2026-01-13,27.3
103933,SKU57763,西红柿,生鲜蔬果,4,2026-01-13,3.01
103933,SKU46388,洗发水,日化清洁,4,2026-01-13,60.46
103934,SKU33117,鸡翅,肉禽蛋品,4,2026-08-17,59.19
103934,SKU41096,辣椒酱,粮油调味,5,2026-08-17,39.1
103935,SKU91057,纸巾,日化清洁,2,2026-06-16,61.31
103935,SKU18052,芝士碎,烘焙用品,5,2026-06-16,53.42
103935,SKU71794,面包,食品饮料,5,2026-06-16,27.08
103935,SKU67475,带鱼,肉禽蛋品,1,2026-06-16,41.24
103935,SKU22612,淡奶油,烘焙用品,3,2026-06-16,70.68
103935,SKU73959,沐浴露,日化清洁,4,2026-06-16,43.51
103936,SKU66657,苹果,生鲜蔬果,1,2026-05-23,53.61
103936,SKU11541,香蕉,生鲜蔬果,1,2026-05-23,4.34
103936,SKU36693,橙子,生鲜蔬果,3,2026-05-23,24.88
103936,SKU39892,蛋糕粉,烘焙用品,3,2026-05-23,59.7
103936,SKU23898,排骨,肉禽蛋品,3,2026-05-23,58.45
103936,SKU97719,洗发水,日化清洁,1,2026-05-23,6.64
103937,SKU95834,芝士碎,烘焙用品,2,2026-08-02,4.5
103937,SKU46803,白菜,生鲜蔬果,4,2026-08-02,52.02
103937,SKU72898,酸奶,食品饮料,1,2026-08-02,30.69
103937,SKU30164,方便面,食品饮料,3,2026-08-02,61.28
103937,SKU80440,垃圾袋,日化清洁,1,2026-08-02,79.15
103938,SKU81911,牛奶,食品饮料,1,2026-02-08,12.22
103938,SKU74423,面包,食品饮料,1,2026-02-08,44.59
103938,SKU69498,果汁,食品饮料,3,2026-02-08,62.34
103938,SKU32809,豆腐,火锅食材,3,2026-02-08,11.23
103939,SKU77233,蛋糕粉,烘焙用品,3,2026-07-01,55.64
103939,SKU78434,黄油,烘焙用品,4,2026-07-01,8.67
103939,SKU43765,淡奶油,烘焙用品,5,2026-07-01,51.91
103939,SKU60207,鸡蛋,肉禽蛋品,2,2026-07-01,61.25
103939,SKU48589,糖粉,烘焙用品,2,2026-07-01,69.51
103939,SKU75806,饼干,食品饮料,5,2026-07-01,44.17
103940,SKU51675,虾仁,肉禽蛋品,4,2026-03-22,29.77
103940,SKU51108,沐浴露,日化清洁,2,2026-03-22,14.94
103940,SKU47630,醋,粮油调味,2,2026-03-22,65.4
103941,SKU61318,蛋糕粉,烘焙用品,4,2026-09-02,62.8
103941,SKU49018,黄油,烘焙用品,1,2026-09-02,49.38
103941,SKU34853,淡奶油,烘焙用品,4,2026-09-02,38.2
103941,SKU96067,鸡蛋,肉禽蛋品,5,2026-09-02,4.16
103941,SKU23931,沐浴露,日化清洁,3,2026-09-02,76.7
103942,SKU67164,生菜,生鲜蔬果,3,2026-09-12,8.14
103942,SKU70426,胡萝卜,生鲜蔬果,2,2026-09-12,30.79
103942,SKU46325,白糖,粮油调味,4,2026-09-12,31.3
103942,SKU82659,毛肚,火锅食材,5,2026-09-12,56.47
103942,SKU70044,盐,粮油调味,3,2026-09-12,71.28
103943,SKU73488,苹果,生鲜蔬果,5,2026-07-06,70.55
103943,SKU99038,香蕉,生鲜蔬果,2,2026-07-06,38.08
103943,SKU88220,橙子,生鲜蔬果,2,2026-07-06,11.36
103943,SKU25821,可乐,食品饮料,4,2026-07-06,33.19
103944,SKU98118,蛋糕粉,烘焙用品,4,2026-08-27,15.3
103944,SKU25720,黄油,烘焙用品,2,2026-08-27,30.72
103944,SKU76625,淡奶油,烘焙用品,3,2026-08-27,29.92
103944,SKU81120,鸡蛋,肉禽蛋品,3,2026-08-27,4.72
103944,SKU84741,矿泉水,食品饮料,2,2026-08-27,48.07
103944,SKU11297,猪肉,肉禽蛋品,1,2026-08-27,50.09
103945,SKU68747,洗衣液,日化清洁,5,2026-02-02,47.86
103945,SKU45671,纸巾,日化清洁,2,2026-02-02,46.69
103945,SKU42392,垃圾袋,日化清洁,5,2026-02-02,61.26
103945,SKU37841,香蕉,生鲜蔬果,3,2026-02-02,3.03
103945,SKU98726,黄瓜,生鲜蔬果,5,2026-02-02,5.8
103945,SKU72254,鸡蛋,肉禽蛋品,1,2026-02-02,37.85
103946,SKU58821,食用油,粮油调味,3,2026-02-18,7.23
103946,SKU92540,肥牛卷,火锅食材,5,2026-02-18,75.84
103946,SKU97194,橙子,生鲜蔬果,5,2026-02-18,59.8
103946,SKU43050,醋,粮油调味,1,2026-02-18,16.2
103946,SKU87265,方便面,食品饮料,4,2026-02-18,54.61
103947,SKU74453,火锅底料,火锅食材,2,2026-05-21,27.98
103947,SKU76920,果汁,食品饮料,5,2026-05-21,79.35
103947,SKU94373,酱油,粮油调味,2,2026-05-21,3.74
103948,SKU14779,洗衣液,日化清洁,2,2026-03-04,9.97
103948,SKU38626,纸巾,日化清洁,1,2026-03-04,67.99
103948,SKU93429,垃圾袋,日化清洁,5,2026-03-04,62.69
103948,SKU27906,大米,粮油调味,5,2026-03-04,62.67
103948,SKU32682,盐,粮油调味,4,2026-03-04,38.9
103948,SKU23162,牛奶,食品饮料,2,2026-03-04,29.45
103949,SKU60868,淡奶油,烘焙用品,4,2026-02-20,65.65
103949,SKU83097,鸡肉,肉禽蛋品,2,2026-02-20,48.16
103949,SKU56838,可乐,食品饮料,5,2026-02-20,14.53
103950,SKU54029,面包,食品饮料,5,2026-06-07,43.47
103950,SKU47316,果汁,食品饮料,4,2026-06-07,18.35
103950,SKU66443,巧克力,食品饮料,4,2026-06-07,10.6
103950,SKU17659,拖把,日化清洁,5,2026-06-07,52.59
103950,SKU71876,香蕉,生鲜蔬果,1,2026-06-07,69.1
103950,SKU81442,矿泉水,食品饮料,4,2026-06-07,9.63
103951,SKU16783,西红柿,生鲜蔬果,3,2026-07-20,74.35
103951,SKU62790,鸡蛋,肉禽蛋品,2,2026-07-20,18.19
103951,SKU49160,黄瓜,生鲜蔬果,3,2026-07-20,63.11
103951,SKU24414,蛋糕粉,烘焙用品,1,2026-07-20,39.3
103952,SKU21251,牛奶,食品饮料,3,2026-05-28,60.23
103952,SKU76449,面包,食品饮料,2,2026-05-28,37.07
103952,SKU87477,巧克力,食品饮料,2,2026-05-28,57.64
103952,SKU85104,酸奶,食品饮料,4,2026-05-28,56.92
103953,SKU81020,火锅底料,火锅食材,1,2026-03-26,36.98
103953,SKU76479,丸子,火锅食材,3,2026-03-26,71.52
103953,SKU92305,肥牛卷,火锅食材,3,2026-03-26,49.94
103953,SKU90842,蔬菜拼盘,火锅食材,5,2026-03-26,9.6
103954,SKU17608,排骨,肉禽蛋品,5,2026-03-17,67.94
103954,SKU40911,油纸,烘焙用品,2,2026-03-17,77.72
103954,SKU78862,芝士碎,烘焙用品,3,2026-03-17,40.81
103955,SKU12821,猪肉,肉禽蛋品,1,2026-07-05,43.98
103955,SKU52861,蛋糕粉,烘焙用品,3,2026-07-05,3.99
103955,SKU91726,排骨,肉禽蛋品,1,2026-07-05,71.05
103955,SKU75382,牙膏,日化清洁,1,2026-07-05,76.64
103955,SKU18974,橙子,生鲜蔬果,5,2026-07-05,62.71
103956,SKU96042,土豆,生鲜蔬果,1,2026-02-23,20.82
103956,SKU76313,油纸,烘焙用品,4,2026-02-23,4.58
103956,SKU35046,芝士碎,烘焙用品,2,2026-02-23,33.45
103956,SKU98121,香草精,烘焙用品,4,2026-02-23,75.64
103957,SKU44135,蛋糕粉,烘焙用品,1,2026-07-26,52.41
103957,SKU22273,黄油,烘焙用品,4,2026-07-26,36.53
103957,SKU85248,淡奶油,烘焙用品,5,2026-07-26,45.17
103957,SKU81214,鸡蛋,肉禽蛋品,2,2026-07-26,75.57
103957,SKU51839,沐浴露,日化清洁,2,2026-07-26,60.27
103958,SKU86938,洗发水,日化清洁,4,2026-04-01,8.09
103958,SKU52870,沐浴露,日化清洁,2,2026-04-01,30.84
103958,SKU20156,牙膏,日化清洁,1,2026-04-01,10.96
103958,SKU13282,糖粉,烘焙用品,3,2026-04-01,25.76
103958,SKU80339,葡萄,生鲜蔬果,2,2026-04-01,24.98
103959,SKU60536,糖粉,烘焙用品,1,2026-08-11,38.81
103959,SKU33892,盐,粮油调味,1,2026-08-11,74.13
103959,SKU99341,鸭蛋,肉禽蛋品,4,2026-08-11,50.14
103959,SKU19913,鸡蛋,肉禽蛋品,2,2026-08-11,79.76
103959,SKU91254,橙子,生鲜蔬果,3,2026-08-11,24.33
103960,SKU36459,苹果,生鲜蔬果,2,2026-09-22,48.42
103960,SKU17578,香蕉,生鲜蔬果,3,2026-09-22,46.08
103960,SKU50909,橙子,生鲜蔬果,1,2026-09-22,21.66
103960,SKU85250,西红柿,生鲜蔬果,3,2026-09-22,19.18
103961,SKU75667,鸡翅,肉禽蛋品,3,2026-04-04,77.95
103961,SKU72510,虾仁,肉禽蛋品,1,2026-04-04,9.54
103961,SKU36000,牛肉,肉禽蛋品,5,2026-04-04,61.18
103961,SKU68162,芝士碎,烘焙用品,4,2026-04-04,67.2
103962,SKU41504,糖粉,烘焙用品,1,2026-09-21,33.04
103962,SKU97769,虾仁,肉禽蛋品,5,2026-09-21,72.39
103962,SKU78421,蔬菜拼盘,火锅食材,5,2026-09-21,13.28
103963,SKU52920,羊肉卷,火锅食材,1,2026-02-16,10.11
103963,SKU52957,鸡蛋,肉禽蛋品,5,2026-02-16,65.62
103963,SKU37899,料酒,粮油调味,1,2026-02-16,44.49
103964,SKU33983,火锅底料,火锅食材,5,2026-05-22,69.34
103964,SKU32067,丸子,火锅食材,5,2026-05-22,43.43
103964,SKU55841,肥牛卷,火锅食材,5,2026-05-22,10.28
103964,SKU71365,鸡肉,肉禽蛋品,3,2026-05-22,70.79
103965,SKU56984,酸奶,食品饮料,2,2026-01-21,27.69
103965,SKU46193,白糖,粮油调味,3,2026-01-21,17.81
103965,SKU89922,食用油,粮油调味,3,2026-01-21,57.53
103965,SKU71146,牛肉,肉禽蛋品,2,2026-01-21,16.39
103966,SKU96795,牙膏,日化清洁,5,2026-09-21,47.94
103966,SKU16898,白菜,生鲜蔬果,5,2026-09-21,57.7
103967,SKU23088,油纸,烘焙用品,5,2026-09-23,21.83
103967,SKU77240,大米,粮油调味,1,2026-09-23,38.73
103967,SKU38615,酸奶,食品饮料,3,2026-09-23,7.85
103967,SKU57373,料酒,粮油调味,3,2026-09-23,51.39
103967,SKU87649,黄油,烘焙用品,4,2026-09-23,39.76
103968,SKU51830,牛奶,食品饮料,4,2026-05-03,24.32
103968,SKU74054,面包,食品饮料,4,2026-05-03,18.04
103968,SKU25785,矿泉水,食品饮料,5,2026-05-03,61.73
103968,SKU22750,酵母,烘焙用品,5,2026-05-03,40.3
103968,SKU11136,鸡肉,肉禽蛋品,3,2026-05-03,9.9
103969,SKU31544,牛奶,食品饮料,5,2026-01-13,75.95
103969,SKU99620,面包,食品饮料,4,2026-01-13,64.79
103969,SKU60762,酵母,烘焙用品,2,2026-01-13,61.82
103969,SKU24582,鸡肉,肉禽蛋品,1,2026-01-13,44.83
103969,SKU71177,食用油,粮油调味,3,2026-01-13,36.81
103970,SKU69361,盐,粮油调味,5,2026-08-14,27.36
103970,SKU94010,油纸,烘焙用品,5,2026-08-14,57.38
103970,SKU55638,豆腐,火锅食材,3,2026-08-14,38.48
103971,SKU12617,酸奶,食品饮料,3,2026-03-07,51.68
103971,SKU31911,白糖,粮油调味,1,2026-03-07,16.72
103972,SKU46719,火锅底料,火锅食材,3,2026-01-27,50.32
103972,SKU56483,丸子,火锅食材,1,2026-01-27,51.51
103972,SKU29804,肥牛卷,火锅食材,5,2026-01-27,73.06
103972,SKU31866,大米,粮油调味,2,2026-01-27,9.45
103973,SKU10035,鸡蛋,肉禽蛋品,5,2026-02-25,44.61
103973,SKU55030,香蕉,生鲜蔬果,5,2026-02-25,44.75
103974,SKU13196,蚝油,粮油调味,3,2026-01-13,69.77
103974,SKU49491,洗发水,日化清洁,5,2026-01-13,58.74
103974,SKU94222,蛋糕粉,烘焙用品,3,2026-01-13,12.93
103974,SKU62750,鸡肉,肉禽蛋品,5,2026-01-13,33.21
103975,SKU73031,火锅底料,火锅食材,4,2026-09-19,58.69
103975,SKU53529,丸子,火锅食材,3,2026-09-19,49.21
103975,SKU89614,肥牛卷,火锅食材,2,2026-09-19,13.69
103975,SKU89438,巧克力,食品饮料,5,2026-09-19,23.33
103975,SKU62298,方便面,食品饮料,5,2026-09-19,47.62
103976,SKU20803,牛奶,食品饮料,4,2026-04-19,46.8
103976,SKU83141,面包,食品饮料,4,2026-04-19,28.09
103976,SKU19564,香草精,烘焙用品,4,2026-04-19,5.04
103977,SKU66813,橙子,生鲜蔬果,3,2026-06-05,11.48
103977,SKU92683,酵母,烘焙用品,4,2026-06-05,43.48
103977,SKU46272,酸奶,食品饮料,3,2026-06-05,20.14
103977,SKU70991,洗发水,日化清洁,3,2026-06-05,27.17
103978,SKU37413,黄油,烘焙用品,2,2026-06-21,52.28
103978,SKU80309,酸奶,食品饮料,2,2026-06-21,27.54
103979,SKU65107,油纸,烘焙用品,1,2026-06-03,32.53
103979,SKU32743,方便面,食品饮料,5,2026-06-03,43.82
103979,SKU97280,鸭血,火锅食材,1,2026-06-03,29.16
103980,SKU45694,苹果,生鲜蔬果,5,2026-07-01,38.57
103980,SKU61669,香蕉,生鲜蔬果,4,2026-07-01,31.85
103980,SKU79582,橙子,生鲜蔬果,2,2026-07-01,77.84
103980,SKU88522,醋,粮油调味,2,2026-07-01,31.64
103980,SKU78928,虾仁,肉禽蛋品,1,2026-07-01,15.12
103980,SKU22031,生菜,生鲜蔬果,4,2026-07-01,52.11
103981,SKU50828,牛肉,肉禽蛋品,1,2026-08-23,44.95
103981,SKU79813,蚝油,粮油调味,1,2026-08-23,16.49
103981,SKU64999,毛肚,火锅食材,5,2026-08-23,47.82
103981,SKU12344,鸭蛋,肉禽蛋品,3,2026-08-23,52.63
103981,SKU42653,土豆,生鲜蔬果,1,2026-08-23,59.71
103981,SKU79730,鸡翅,肉禽蛋品,1,2026-08-23,49.99
103982,SKU93967,大米,粮油调味,1,2026-06-15,42.45
103982,SKU16954,洗衣液,日化清洁,4,2026-06-15,30.38
103982,SKU78547,豆腐,火锅食材,4,2026-06-15,41.37
103982,SKU56336,饼干,食品饮料,4,2026-06-15,6.72
103982,SKU72268,虾仁,肉禽蛋品,4,2026-06-15,71.83
103982,SKU21773,酱油,粮油调味,5,2026-06-15,76.3
103983,SKU75593,苹果,生鲜蔬果,2,2026-07-19,16.24
103983,SKU74514,香蕉,生鲜蔬果,3,2026-07-19,31.69
103983,SKU72345,橙子,生鲜蔬果,4,2026-07-19,48.4
103983,SKU43350,带鱼,肉禽蛋品,3,2026-07-19,45.81
103983,SKU31610,糖粉,烘焙用品,1,2026-07-19,43.21
103984,SKU66839,豆腐,火锅食材,4,2026-03-17,29.09
103984,SKU91124,鸡翅,肉禽蛋品,5,2026-03-17,15.26
103984,SKU71685,糖粉,烘焙用品,5,2026-03-17,61.97
103984,SKU50289,虾仁,肉禽蛋品,2,2026-03-17,43.29
103984,SKU91815,淡奶油,烘焙用品,1,2026-03-17,65.98
103984,SKU62765,西红柿,生鲜蔬果,4,2026-03-17,41.6
103985,SKU78805,洗发水,日化清洁,3,2026-09-02,64.92
103985,SKU30248,沐浴露,日化清洁,4,2026-09-02,71.37
103985,SKU89391,牙膏,日化清洁,3,2026-09-02,12.38
103985,SKU26212,肥牛卷,火锅食材,3,2026-09-02,25.23
103985,SKU72278,鸭血,火锅食材,3,2026-09-02,39.4
103985,SKU84644,大米,粮油调味,4,2026-09-02,16.11
103986,SKU44511,三文鱼,肉禽蛋品,3,2026-07-15,72.77
103986,SKU89510,垃圾袋,日化清洁,4,2026-07-15,73.24
103986,SKU18542,肥牛卷,火锅食材,5,2026-07-15,41.93
103986,SKU17426,蛋挞皮,烘焙用品,3,2026-07-15,18.4
103986,SKU55270,沐浴露,日化清洁,5,2026-07-15,74.2
103986,SKU80986,牙膏,日化清洁,2,2026-07-15,15.19
103987,SKU58307,酸奶,食品饮料,4,2026-04-04,61.99
103987,SKU40296,香蕉,生鲜蔬果,3,2026-04-04,44.88
103987,SKU65735,洗洁精,日化清洁,5,2026-04-04,46.25
103987,SKU23595,鸭血,火锅食材,4,2026-04-04,11.38
103988,SKU72161,火锅底料,火锅食材,4,2026-08-10,32.11
103988,SKU69255,丸子,火锅食材,1,2026-08-10,67.13
103988,SKU26411,肥牛卷,火锅食材,3,2026-08-10,69.72
103988,SKU98216,蛋挞皮,烘焙用品,3,2026-08-10,68.88
103988,SKU55957,油纸,烘焙用品,1,2026-08-10,50.22
103988,SKU42313,牙膏,日化清洁,5,2026-08-10,31.98
103989,SKU80718,垃圾袋,日化清洁,3,2026-04-09,69.46
103989,SKU11271,香蕉,生鲜蔬果,3,2026-04-09,51.68
103989,SKU11035,橙子,生鲜蔬果,4,2026-04-09,5.8
103989,SKU95997,矿泉水,食品饮料,4,2026-04-09,75.65
103990,SKU52261,可乐,食品饮料,5,2026-09-10,33.76
103990,SKU76942,薯片,食品饮料,4,2026-09-10,27.63
103990,SKU35300,饼干,食品饮料,4,2026-09-10,49.37
103991,SKU72226,西红柿,生鲜蔬果,3,2026-05-27,8.5
103991,SKU71686,鸡蛋,肉禽蛋品,1,2026-05-27,37.07
103991,SKU96319,黄瓜,生鲜蔬果,1,2026-05-27,20.63
103991,SKU21459,蛋糕粉,烘焙用品,2,2026-05-27,66.18
103991,SKU76368,酸奶,食品饮料,3,2026-05-27,8.1
103991,SKU92777,蔬菜拼盘,火锅食材,2,2026-05-27,73.13
103992,SKU94385,豆腐,火锅食材,4,2026-01-14,24.05
103992,SKU54950,面粉,粮油调味,4,2026-01-14,41.49
103992,SKU32133,猪肉,肉禽蛋品,4,2026-01-14,64.4
103992,SKU94847,火锅底料,火锅食材,1,2026-01-14,29.5
103992,SKU11215,糖粉,烘焙用品,1,2026-01-14,44.05
103993,SKU25452,酵母,烘焙用品,2,2026-01-03,7.79
103993,SKU11027,西红柿,生鲜蔬果,1,2026-01-03,50.36
103993,SKU83146,黄油,烘焙用品,4,2026-01-03,67.13
103994,SKU64223,香蕉,生鲜蔬果,4,2026-08-01,59.66
103994,SKU55767,橙子,生鲜蔬果,2,2026-08-01,57.21
103994,SKU14685,巧克力,食品饮料,4,2026-08-01,26.77
103994,SKU72746,大米,粮油调味,3,2026-08-01,62.62
103994,SKU29309,酸奶,食品饮料,5,2026-08-01,55.38
103994,SKU28529,带鱼,肉禽蛋品,3,2026-08-01,68.25
103995,SKU44340,洗衣液,日化清洁,4,2026-03-01,66.2
103995,SKU38336,纸巾,日化清洁,2,2026-03-01,29.46
103995,SKU26027,垃圾袋,日化清洁,2,2026-03-01,31.13
103995,SKU36501,洗洁精,日化清洁,5,2026-03-01,63.17
103995,SKU54927,鸡翅,肉禽蛋品,4,2026-03-01,6.08
103995,SKU72968,白菜,生鲜蔬果,4,2026-03-01,67.79
103996,SKU83890,可乐,食品饮料,3,2026-05-10,56.91
103996,SKU95875,薯片,食品饮料,5,2026-05-10,26.55
103996,SKU92096,饼干,食品饮料,5,2026-05-10,66.18
103996,SKU20389,带鱼,肉禽蛋品,3,2026-05-10,39.95
103996,SKU94783,鸭蛋,肉禽蛋品,4,2026-05-10,52.32
103997,SKU32375,羊肉卷,火锅食材,4,2026-04-14,45.59
103997,SKU18390,洗洁精,日化清洁,4,2026-04-14,44.18
103998,SKU69670,大米,粮油调味,3,2026-05-22,28.82
103998,SKU98414,食用油,粮油调味,1,2026-05-22,3.93
103998,SKU73589,酱油,粮油调味,1,2026-05-22,69.25
103998,SKU70010,白菜,生鲜蔬果,2,2026-05-22,52.35
103998,SKU21878,牛肉,肉禽蛋品,3,2026-05-22,48.11
103999,SKU90055,可乐,食品饮料,5,2026-02-21,42.72
103999,SKU14697,薯片,食品饮料,3,2026-02-21,28.36
103999,SKU22750,饼干,食品饮料,1,2026-02-21,35.34
103999,SKU89913,胡萝卜,生鲜蔬果,4,2026-02-21,9.65
103999,SKU58506,辣椒酱,粮油调味,5,2026-02-21,60.34
103999,SKU32204,排骨,肉禽蛋品,5,2026-02-21,25.88
104000,SKU30358,蛋糕粉,烘焙用品,1,2026-06-23,50.21
104000,SKU60869,黄油,烘焙用品,1,2026-06-23,67.09
104000,SKU86733,淡奶油,烘焙用品,3,2026-06-23,51.02
104000,SKU95376,鸡蛋,肉禽蛋品,5,2026-06-23,72.35
104000,SKU10477,牛奶,食品饮料,3,2026-06-23,76.89
104000,SKU86740,香草精,烘焙用品,5,2026-06-23,79.39
104001,SKU89741,三文鱼,肉禽蛋品,1,2026-06-18,41.86
104001,SKU27920,鸭蛋,肉禽蛋品,4,2026-06-18,79.87
104001,SKU81011,牙膏,日化清洁,3,2026-06-18,11.74
104001,SKU83488,巧克力,食品饮料,5,2026-06-18,20.62
104001,SKU49566,蛋挞皮,烘焙用品,5,2026-06-18,28.84
104001,SKU14442,醋,粮油调味,5,2026-06-18,78.79
104002,SKU87757,苹果,生鲜蔬果,3,2026-03-26,25.68
104002,SKU11595,香蕉,生鲜蔬果,5,2026-03-26,52.79
104002,SKU51816,橙子,生鲜蔬果,4,2026-03-26,29.11
104002,SKU79908,酵母,烘焙用品,3,2026-03-26,30.83
104002,SKU30422,可乐,食品饮料,5,2026-03-26,69.38
104002,SKU45587,蚝油,粮油调味,2,2026-03-26,52.85
104003,SKU28901,牛奶,食品饮料,2,2026-01-19,79.06
104003,SKU29646,面包,食品饮料,4,2026-01-19,41.28
104003,SKU56234,洗洁精,日化清洁,5,2026-01-19,15.25
104003,SKU69289,肥牛卷,火锅食材,5,2026-01-19,79.46
104003,SKU15766,巧克力,食品饮料,4,2026-01-19,43.38
104004,SKU24282,香蕉,生鲜蔬果,1,2026-08-19,56.35
104004,SKU30703,纸巾,日化清洁,3,2026-08-19,36.64
104005,SKU42515,消毒液,日化清洁,2,2026-04-07,20.26
104005,SKU53398,料酒,粮油调味,4,2026-04-07,14.55
104005,SKU94691,方便面,食品饮料,5,2026-04-07,25.14
104005,SKU23863,纸巾,日化清洁,5,2026-04-07,44.95
104005,SKU73838,毛肚,火锅食材,3,2026-04-07,67.93
104005,SKU70178,肥牛卷,火锅食材,3,2026-04-07,43.66
104006,SKU53691,豆腐,火锅食材,3,2026-04-18,10.42
104006,SKU19744,白菜,生鲜蔬果,2,2026-04-18,25.59
104006,SKU21123,垃圾袋,日化清洁,5,2026-04-18,60.03
104006,SKU13168,橙子,生鲜蔬果,1,2026-04-18,53.33
104006,SKU16852,模具,烘焙用品,2,2026-04-18,3.09
104006,SKU27519,矿泉水,食品饮料,2,2026-04-18,29.25
104007,SKU82177,食用油,粮油调味,3,2026-08-11,51.08
104007,SKU76143,豆腐,火锅食材,4,2026-08-11,70.6
104007,SKU14900,蛋糕粉,烘焙用品,2,2026-08-11,35.66
104007,SKU89650,蚝油,粮油调味,1,2026-08-11,72.01
104007,SKU94406,鸡翅,肉禽蛋品,5,2026-08-11,26.31
104008,SKU62920,洗发水,日化清洁,1,2026-06-21,25.77
104008,SKU31954,沐浴露,日化清洁,1,2026-06-21,38.85
104008,SKU82825,牙膏,日化清洁,4,2026-06-21,5.39
104008,SKU77385,毛肚,火锅食材,5,2026-06-21,11.99
104009,SKU10268,鸭蛋,肉禽蛋品,5,2026-09-16,21.89
104009,SKU65358,肥牛卷,火锅食材,4,2026-09-16,49.74
104009,SKU45824,鸡翅,肉禽蛋品,5,2026-09-16,78.92
104010,SKU27031,酸奶,食品饮料,2,2026-05-18,74.55
104010,SKU33032,牛肉,肉禽蛋品,1,2026-05-18,34.41
104010,SKU82567,香草精,烘焙用品,3,2026-05-18,78.45
104010,SKU31012,醋,粮油调味,1,2026-05-18,38.7
104011,SKU74122,洗发水,日化清洁,2,2026-08-10,41.71
104011,SKU42208,沐浴露,日化清洁,3,2026-08-10,76.59
104011,SKU16844,牙膏,日化清洁,3,2026-08-10,13.54
104011,SKU47508,垃圾袋,日化清洁,3,2026-08-10,4.29
104011,SKU10678,拖把,日化清洁,1,2026-08-10,65.79
104011,SKU92658,料酒,粮油调味,3,2026-08-10,6.16
104012,SKU89704,沐浴露,日化清洁,2,2026-04-23,31.72
104012,SKU95472,葡萄,生鲜蔬果,2,2026-04-23,71.07
104012,SKU84486,盐,粮油调味,4,2026-04-23,73.13
104012,SKU94723,香草精,烘焙用品,2,2026-04-23,29.41
104013,SKU81314,大米,粮油调味,3,2026-03-14,9.69
104013,SKU33299,食用油,粮油调味,2,2026-03-14,71.16
104013,SKU17218,酱油,粮油调味,5,2026-03-14,37.77
104013,SKU38533,垃圾袋,日化清洁,2,2026-03-14,8.22
104014,SKU76174,面粉,粮油调味,2,2026-07-25,48.17
104014,SKU46716,白糖,粮油调味,4,2026-07-25,66.99
104014,SKU31041,带鱼,肉禽蛋品,3,2026-07-25,28.28
104015,SKU68591,香草精,烘焙用品,4,2026-03-15,36.06
104015,SKU95008,蘸料,火锅食材,4,2026-03-15,25.38
104016,SKU94636,排骨,肉禽蛋品,4,2026-03-25,10.93
104016,SKU90184,胡萝卜,生鲜蔬果,3,2026-03-25,54.96
104016,SKU42344,土豆,生鲜蔬果,2,2026-03-25,58.45
104016,SKU91338,羊肉卷,火锅食材,1,2026-03-25,16.47
104017,SKU19858,洗发水,日化清洁,3,2026-09-11,12.81
104017,SKU59430,沐浴露,日化清洁,1,2026-09-11,53.42
104017,SKU68987,牙膏,日化清洁,2,2026-09-11,30.22
104017,SKU88116,芝士碎,烘焙用品,3,2026-09-11,77.39
104017,SKU74778,西红柿,生鲜蔬果,3,2026-09-11,33.45
104018,SKU40430,白菜,生鲜蔬果,1,2026-05-13,46.8
104018,SKU46282,垃圾袋,日化清洁,3,2026-05-13,12.85
104018,SKU51799,香草精,烘焙用品,5,2026-05-13,13.84
104018,SKU57771,洗衣液,日化清洁,1,2026-05-13,75.88
104019,SKU65455,苹果,生鲜蔬果,1,2026-02-03,55.87
104019,SKU32405,香蕉,生鲜蔬果,3,2026-02-03,19.6
104019,SKU30017,橙子,生鲜蔬果,3,2026-02-03,26.12
104019,SKU83609,香草精,烘焙用品,2,2026-02-03,61.53
104019,SKU30064,肥皂,日化清洁,1,2026-02-03,53.38
104020,SKU93410,排骨,肉禽蛋品,4,2026-07-01,48.74
104020,SKU35907,胡萝卜,生鲜蔬果,5,2026-07-01,37.62
104020,SKU31370,土豆,生鲜蔬果,2,2026-07-01,61.41
104020,SKU82172,果汁,食品饮料,1,2026-07-01,10.68
104020,SKU21780,白菜,生鲜蔬果,5,2026-07-01,37.98
104020,SKU88527,洗洁精,日化清洁,1,2026-07-01,6.99
104021,SKU94469,苹果,生鲜蔬果,4,2026-08-27,35.7
104021,SKU96367,大米,粮油调味,3,2026-08-27,21.77
104021,SKU85892,粉丝,火锅食材,5,2026-08-27,8.9
104022,SKU80236,鸡蛋,肉禽蛋品,5,2026-09-12,33.82
104022,SKU82949,糖粉,烘焙用品,2,2026-09-12,51.97
104022,SKU97743,大米,粮油调味,3,2026-09-12,29.55
104022,SKU97696,猪肉,肉禽蛋品,3,2026-09-12,10.84
104022,SKU43079,方便面,食品饮料,5,2026-09-12,21.87
104023,SKU97037,毛肚,火锅食材,1,2026-07-14,23.02
104023,SKU32622,蔬菜拼盘,火锅食材,1,2026-07-14,43.71
104024,SKU67034,薯片,食品饮料,1,2026-08-25,9.86
104024,SKU92793,芝士碎,烘焙用品,4,2026-08-25,21.13
104024,SKU18536,黄瓜,生鲜蔬果,1,2026-08-25,78.03
104024,SKU76807,香蕉,生鲜蔬果,1,2026-08-25,59.48
104024,SKU54698,猪肉,肉禽蛋品,3,2026-08-25,44.94
104025,SKU23635,蚝油,粮油调味,2,2026-08-23,22.25
104025,SKU60612,粉丝,火锅食材,3,2026-08-23,40.82
104025,SKU46221,鸡肉,肉禽蛋品,5,2026-08-23,78.5
104026,SKU85239,鸡蛋,肉禽蛋品,3,2026-09-09,15.97
104026,SKU23420,白菜,生鲜蔬果,4,2026-09-09,53.52
104026,SKU11051,鸭蛋,肉禽蛋品,4,2026-09-09,54.09
104026,SKU22906,矿泉水,食品饮料,3,2026-09-09,17.45
104027,SKU39581,洗洁精,日化清洁,1,2026-02-07,79.25
104027,SKU97115,西红柿,生鲜蔬果,3,2026-02-07,57.08
104027,SKU26089,醋,粮油调味,5,2026-02-07,50.5
104027,SKU30517,胡萝卜,生鲜蔬果,4,2026-02-07,39.75
104027,SKU47872,淡奶油,烘焙用品,1,2026-02-07,36.02
104028,SKU43476,可乐,食品饮料,5,2026-01-26,29.35
104028,SKU90210,薯片,食品饮料,3,2026-01-26,23.75
104028,SKU98612,饼干,食品饮料,4,2026-01-26,13.72
104028,SKU88220,洗洁精,日化清洁,1,2026-01-26,41.64
104029,SKU88431,苹果,生鲜蔬果,4,2026-04-16,58.54
104029,SKU75037,香蕉,生鲜蔬果,5,2026-04-16,18.48
104029,SKU50090,橙子,生鲜蔬果,3,2026-04-16,4.34
104029,SKU98284,蛋挞皮,烘焙用品,5,2026-04-16,74.33
104029,SKU32164,鸡蛋,肉禽蛋品,1,2026-04-16,73.34
104030,SKU72423,蛋糕粉,烘焙用品,3,2026-08-01,79.05
104030,SKU92497,薯片,食品饮料,4,2026-08-01,8.21
104030,SKU28353,黄油,烘焙用品,1,2026-08-01,30.72
104031,SKU73200,排骨,肉禽蛋品,3,2026-08-06,26.55
104031,SKU17339,胡萝卜,生鲜蔬果,5,2026-08-06,76.63
104031,SKU66500,土豆,生鲜蔬果,1,2026-08-06,27.58
104031,SKU79919,巧克力,食品饮料,1,2026-08-06,40.74
104031,SKU91395,盐,粮油调味,4,2026-08-06,46.59
104032,SKU84855,醋,粮油调味,4,2026-04-11,76.71
104032,SKU43930,肥牛卷,火锅食材,1,2026-04-11,24.82
104032,SKU39678,饼干,食品饮料,3,2026-04-11,4.31
104032,SKU26185,香草精,烘焙用品,2,2026-04-11,57.72
104032,SKU76844,鸭蛋,肉禽蛋品,2,2026-04-11,23.25
104032,SKU43467,黄油,烘焙用品,5,2026-04-11,78.77
104033,SKU99033,大米,粮油调味,3,2026-03-16,26.08
104033,SKU73226,食用油,粮油调味,5,2026-03-16,14.6
104033,SKU34181,酱油,粮油调味,2,2026-03-16,38.33
104033,SKU67160,鸡蛋,肉禽蛋品,1,2026-03-16,22.88
104033,SKU36255,垃圾袋,日化清洁,5,2026-03-16,65.05
104033,SKU31996,消毒液,日化清洁,5,2026-03-16,56.51
104034,SKU61714,土豆,生鲜蔬果,1,2026-05-04,32.84
104034,SKU78867,果汁,食品饮料,4,2026-05-04,4.01
104034,SKU26545,豆腐,火锅食材,4,2026-05-04,79.01
104034,SKU26704,葡萄,生鲜蔬果,3,2026-05-04,5.38
104035,SKU78224,橙子,生鲜蔬果,4,2026-09-07,19.83
104035,SKU88783,白菜,生鲜蔬果,3,2026-09-07,14.8
104035,SKU74744,酱油,粮油调味,2,2026-09-07,68.15
104036,SKU74156,可乐,食品饮料,5,2026-01-27,15.93
104036,SKU69309,薯片,食品饮料,1,2026-01-27,64.63
104036,SKU26121,饼干,食品饮料,4,2026-01-27,20.88
104036,SKU63214,羊肉卷,火锅食材,4,2026-01-27,28.32
104036,SKU80650,大米,粮油调味,2,2026-01-27,49.88
104036,SKU15622,生菜,生鲜蔬果,4,2026-01-27,53.47
104037,SKU86669,洗发水,日化清洁,5,2026-04-13,15.77
104037,SKU37203,沐浴露,日化清洁,5,2026-04-13,53.43
104037,SKU86850,牙膏,日化清洁,4,2026-04-13,47.92
104037,SKU72384,牛奶,食品饮料,3,2026-04-13,36.98
104037,SKU37215,淡奶油,烘焙用品,5,2026-04-13,76.01
104038,SKU52154,肥皂,日化清洁,3,2026-01-02,22.36
104038,SKU81877,消毒液,日化清洁,5,2026-01-02,48.78
104039,SKU99616,蛋糕粉,烘焙用品,5,2026-08-28,59.74
104039,SKU22746,黄油,烘焙用品,2,2026-08-28,79.75
104039,SKU95861,淡奶油,烘焙用品,5,2026-08-28,71.28
104039,SKU12380,鸡蛋,肉禽蛋品,2,2026-08-28,54.67
104039,SKU21362,蔬菜拼盘,火锅食材,2,2026-08-28,72.8
104039,SKU41406,模具,烘焙用品,3,2026-08-28,57.39
104039,SKU10834,洗衣液,日化清洁,2,2026-08-28,75.42
104040,SKU87281,消毒液,日化清洁,2,2026-09-07,41.76
104040,SKU21398,酱油,粮油调味,3,2026-09-07,39.38
104041,SKU24653,洗发水,日化清洁,3,2026-02-28,43.09
104041,SKU34783,沐浴露,日化清洁,4,2026-02-28,10.34
104041,SKU32619,牙膏,日化清洁,2,2026-02-28,36.04
104041,SKU58402,葡萄,生鲜蔬果,5,2026-02-28,45.3
104042,SKU63422,肥皂,日化清洁,5,2026-08-26,79.24
104042,SKU64485,蔬菜拼盘,火锅食材,4,2026-08-26,11.32
104043,SKU16079,黄瓜,生鲜蔬果,4,2026-06-06,50.31
104043,SKU98536,面粉,粮油调味,2,2026-06-06,13.68
104043,SKU37417,淡奶油,烘焙用品,4,2026-06-06,58.43
104044,SKU46933,苹果,生鲜蔬果,2,2026-07-14,38.15
104044,SKU81451,香蕉,生鲜蔬果,1,2026-07-14,67.46
104044,SKU99586,橙子,生鲜蔬果,2,2026-07-14,58.43
104044,SKU55200,生菜,生鲜蔬果,1,2026-07-14,53.57
104045,SKU11299,大米,粮油调味,2,2026-07-16,13.04
104045,SKU98518,食用油,粮油调味,3,2026-07-16,41.03
104045,SKU87700,酱油,粮油调味,2,2026-07-16,4.7
104045,SKU98174,蘸料,火锅食材,2,2026-07-16,23.27
104046,SKU29280,豆腐,火锅食材,3,2026-01-28,35.28
104046,SKU99454,食用油,粮油调味,1,2026-01-28,39.49
104046,SKU87111,薯片,食品饮料,1,2026-01-28,65.0
104046,SKU73409,鸡肉,肉禽蛋品,1,2026-01-28,11.42
104046,SKU28313,料酒,粮油调味,2,2026-01-28,59.43
104046,SKU32694,鸭血,火锅食材,4,2026-01-28,16.32
104047,SKU19807,蘸料,火锅食材,3,2026-01-17,64.21
104047,SKU96806,黄瓜,生鲜蔬果,4,2026-01-17,67.75
104047,SKU87753,白菜,生鲜蔬果,5,2026-01-17,76.78
104047,SKU26678,鸡蛋,肉禽蛋品,5,2026-01-17,34.55
104048,SKU18361,丸子,火锅食材,5,2026-01-14,48.93
104048,SKU56898,酸奶,食品饮料,3,2026-01-14,15.57
104048,SKU33991,淡奶油,烘焙用品,5,2026-01-14,43.09
104048,SKU84934,薯片,食品饮料,1,2026-01-14,70.27
104048,SKU61662,牛奶,食品饮料,1,2026-01-14,8.4
104049,SKU30899,生菜,生鲜蔬果,4,2026-07-12,77.46
104049,SKU37413,油纸,烘焙用品,2,2026-07-12,54.65
104049,SKU64877,方便面,食品饮料,4,2026-07-12,33.26
104049,SKU78911,肥牛卷,火锅食材,3,2026-07-12,36.74
104050,SKU76221,西红柿,生鲜蔬果,1,2026-05-21,23.5
104050,SKU23402,料酒,粮油调味,1,2026-05-21,57.13
104050,SKU68743,牛奶,食品饮料,3,2026-05-21,56.24
104050,SKU91836,纸巾,日化清洁,4,2026-05-21,29.9
104051,SKU36484,排骨,肉禽蛋品,4,2026-07-02,49.84
104051,SKU40530,胡萝卜,生鲜蔬果,5,2026-07-02,52.36
104051,SKU32705,土豆,生鲜蔬果,2,2026-07-02,65.91
104051,SKU26089,毛肚,火锅食材,5,2026-07-02,51.11
104051,SKU93158,洗发水,日化清洁,5,2026-07-02,23.0
104052,SKU64255,牛奶,食品饮料,1,2026-06-23,16.39
104052,SKU67181,面包,食品饮料,2,2026-06-23,79.55
104052,SKU68310,料酒,粮油调味,1,2026-06-23,49.74
104052,SKU18084,酸奶,食品饮料,4,2026-06-23,52.69
104052,SKU76189,羊肉卷,火锅食材,4,2026-06-23,12.19
104053,SKU60409,猪肉,肉禽蛋品,1,2026-08-28,34.68
104053,SKU36293,油纸,烘焙用品,5,2026-08-28,78.62
104054,SKU69046,大米,粮油调味,2,2026-05-21,23.32
104054,SKU93903,食用油,粮油调味,3,2026-05-21,13.14
104054,SKU77199,酱油,粮油调味,4,2026-05-21,70.59
104054,SKU70592,消毒液,日化清洁,3,2026-05-21,16.73
104054,SKU97803,肥牛卷,火锅食材,1,2026-05-21,61.66
104055,SKU39048,黄油,烘焙用品,1,2026-02-07,23.3
104055,SKU79772,巧克力,食品饮料,4,2026-02-07,24.29
104055,SKU59177,酵母,烘焙用品,5,2026-02-07,71.42
104055,SKU51260,糖粉,烘焙用品,1,2026-02-07,78.6
104056,SKU32426,黄瓜,生鲜蔬果,5,2026-01-17,45.8
104056,SKU61710,葡萄,生鲜蔬果,5,2026-01-17,11.54
104056,SKU52705,带鱼,肉禽蛋品,1,2026-01-17,15.87
104056,SKU48195,肥皂,日化清洁,2,2026-01-17,21.16
104056,SKU24998,鸡蛋,肉禽蛋品,1,2026-01-17,68.5
104057,SKU92860,火锅底料,火锅食材,1,2026-01-06,34.66
104057,SKU29499,丸子,火锅食材,5,2026-01-06,74.65
104057,SKU90148,肥牛卷,火锅食材,5,2026-01-06,70.36
104057,SKU88244,三文鱼,肉禽蛋品,2,2026-01-06,38.31
104058,SKU16825,牛奶,食品饮料,2,2026-08-06,54.2
104058,SKU36706,带鱼,肉禽蛋品,1,2026-08-06,14.77
104058,SKU52310,盐,粮油调味,2,2026-08-06,44.8
104059,SKU22299,牛奶,食品饮料,2,2026-03-04,13.05
104059,SKU79204,面包,食品饮料,4,2026-03-04,76.85
104059,SKU62559,拖把,日化清洁,4,2026-03-04,6.37
104060,SKU32923,毛肚,火锅食材,2,2026-05-26,48.58
104060,SKU89538,大米,粮油调味,4,2026-05-26,33.88
104060,SKU45165,面包,食品饮料,5,2026-05-26,4.67
104060,SKU83136,模具,烘焙用品,3,2026-05-26,6.61
104060,SKU93380,芝士碎,烘焙用品,2,2026-05-26,4.26
104060,SKU66705,白菜,生鲜蔬果,2,2026-05-26,62.58
104061,SKU68176,肥牛卷,火锅食材,3,2026-03-15,27.36
104061,SKU34434,大米,粮油调味,3,2026-03-15,7.03
104061,SKU90353,牙膏,日化清洁,4,2026-03-15,44.77
104061,SKU80295,料酒,粮油调味,1,2026-03-15,73.37
104061,SKU35988,醋,粮油调味,3,2026-03-15,35.06
104061,SKU63916,蔬菜拼盘,火锅食材,2,2026-03-15,52.92
104062,SKU79702,排骨,肉禽蛋品,5,2026-06-20,21.39
104062,SKU89783,虾仁,肉禽蛋品,2,2026-06-20,77.8
104062,SKU51463,方便面,食品饮料,1,2026-06-20,33.06
104063,SKU59957,牙膏,日化清洁,2,2026-05-11,20.97
104063,SKU58210,饼干,食品饮料,1,2026-05-11,35.1
104063,SKU96686,排骨,肉禽蛋品,2,2026-05-11,20.2
104063,SKU97687,料酒,粮油调味,5,2026-05-11,8.21
104064,SKU43003,方便面,食品饮料,2,2026-08-07,62.47
104064,SKU46731,矿泉水,食品饮料,3,2026-08-07,62.87
104064,SKU17779,牙膏,日化清洁,2,2026-08-07,53.52
104065,SKU42590,盐,粮油调味,4,2026-06-06,58.76
104065,SKU81863,粉丝,火锅食材,1,2026-06-06,51.69
104065,SKU39949,鸭血,火锅食材,4,2026-06-06,57.02
104065,SKU15487,黄瓜,生鲜蔬果,5,2026-06-06,29.04
104065,SKU32437,香草精,烘焙用品,1,2026-06-06,65.49
104066,SKU10235,模具,烘焙用品,4,2026-03-01,59.82
104066,SKU30945,酵母,烘焙用品,3,2026-03-01,40.66
104066,SKU12704,垃圾袋,日化清洁,4,2026-03-01,17.68
104066,SKU34041,鸡蛋,肉禽蛋品,2,2026-03-01,43.0
104066,SKU97849,大米,粮油调味,1,2026-03-01,7.18
104067,SKU84364,鸭蛋,肉禽蛋品,5,2026-01-07,6.77
104067,SKU32058,葡萄,生鲜蔬果,2,2026-01-07,66.03
104068,SKU23773,盐,粮油调味,5,2026-02-25,40.04
104068,SKU48048,蔬菜拼盘,火锅食材,3,2026-02-25,11.82
104069,SKU61635,蛋挞皮,烘焙用品,1,2026-02-15,64.51
104069,SKU28284,垃圾袋,日化清洁,2,2026-02-15,59.68
104069,SKU98591,可乐,食品饮料,5,2026-02-15,30.34
104070,SKU32934,丸子,火锅食材,2,2026-06-12,77.92
104070,SKU96764,橙子,生鲜蔬果,1,2026-06-12,30.69
104070,SKU78179,蔬菜拼盘,火锅食材,2,2026-06-12,75.82
104070,SKU59130,牛肉,肉禽蛋品,2,2026-06-12,39.15
104070,SKU53170,洗衣液,日化清洁,5,2026-06-12,73.46
104070,SKU89958,矿泉水,食品饮料,3,2026-06-12,22.6
104071,SKU33772,蛋糕粉,烘焙用品,1,2026-07-07,27.03
104071,SKU44985,黄油,烘焙用品,5,2026-07-07,22.74
104071,SKU13105,淡奶油,烘焙用品,2,2026-07-07,17.15
104071,SKU23961,鸡蛋,肉禽蛋品,5,2026-07-07,4.77
104072,SKU89101,香蕉,生鲜蔬果,4,2026-05-08,52.35
104072,SKU66460,生菜,生鲜蔬果,4,2026-05-08,59.0
104073,SKU90740,洗衣液,日化清洁,3,2026-08-21,11.42
104073,SKU14103,纸巾,日化清洁,2,2026-08-21,74.28
104073,SKU11747,垃圾袋,日化清洁,5,2026-08-21,57.31
104073,SKU32934,大米,粮油调味,3,2026-08-21,23.53
104074,SKU99799,可乐,食品饮料,3,2026-04-08,76.42
104074,SKU24727,胡萝卜,生鲜蔬果,5,2026-04-08,52.2
104074,SKU46615,纸巾,日化清洁,3,2026-04-08,9.46
104074,SKU41588,排骨,肉禽蛋品,4,2026-04-08,59.51
104074,SKU85399,牛奶,食品饮料,5,2026-04-08,59.62
104075,SKU73305,苹果,生鲜蔬果,4,2026-01-11,14.51
104075,SKU94984,香蕉,生鲜蔬果,4,2026-01-11,45.36
104075,SKU23412,橙子,生鲜蔬果,1,2026-01-11,43.18
104075,SKU82780,鸡蛋,肉禽蛋品,4,2026-01-11,12.81
104075,SKU36054,沐浴露,日化清洁,2,2026-01-11,32.87
104075,SKU40663,牙膏,日化清洁,4,2026-01-11,13.98
104076,SKU87695,火锅底料,火锅食材,5,2026-05-22,20.63
104076,SKU44910,丸子,火锅食材,3,2026-05-22,70.54
104076,SKU51921,肥牛卷,火锅食材,1,2026-05-22,28.8
104076,SKU60575,盐,粮油调味,3,2026-05-22,62.99
104076,SKU21373,洗衣液,日化清洁,2,2026-05-22,55.82
104077,SKU65261,蛋糕粉,烘焙用品,4,2026-09-06,45.63
104077,SKU83167,三文鱼,肉禽蛋品,1,2026-09-06,67.61
104078,SKU30610,苹果,生鲜蔬果,5,2026-05-10,32.67
104078,SKU48204,肥牛卷,火锅食材,5,2026-05-10,34.85
104078,SKU91102,羊肉卷,火锅食材,2,2026-05-10,20.83
104078,SKU78246,鸭血,火锅食材,5,2026-05-10,60.17
104078,SKU30359,豆腐,火锅食材,3,2026-05-10,66.14
104079,SKU52175,葡萄,生鲜蔬果,3,2026-06-25,79.91
104079,SKU42426,巧克力,食品饮料,5,2026-06-25,5.26
104079,SKU38945,蛋糕粉,烘焙用品,1,2026-06-25,63.41
104079,SKU38219,大米,粮油调味,5,2026-06-25,60.5
104079,SKU35500,纸巾,日化清洁,1,2026-06-25,78.35
104079,SKU27006,面粉,粮油调味,1,2026-06-25,19.33
104080,SKU18337,丸子,火锅食材,3,2026-02-10,21.08
104080,SKU92600,洗发水,日化清洁,5,2026-02-10,66.45
104080,SKU87027,胡萝卜,生鲜蔬果,4,2026-02-10,12.93
104080,SKU42266,香草精,烘焙用品,4,2026-02-10,62.59
104081,SKU77397,蛋糕粉,烘焙用品,2,2026-02-10,27.92
104081,SKU10404,黄油,烘焙用品,4,2026-02-10,59.78
104081,SKU44530,淡奶油,烘焙用品,1,2026-02-10,46.9
104081,SKU23477,鸡蛋,肉禽蛋品,4,2026-02-10,72.13
104081,SKU80569,肥皂,日化清洁,1,2026-02-10,35.63
104081,SKU73516,矿泉水,食品饮料,1,2026-02-10,65.79
104082,SKU53242,蛋糕粉,烘焙用品,4,2026-05-22,12.07
104082,SKU57342,黄油,烘焙用品,1,2026-05-22,74.37
104082,SKU16422,淡奶油,烘焙用品,3,2026-05-22,11.55
104082,SKU35517,鸡蛋,肉禽蛋品,5,2026-05-22,73.77
104082,SKU25198,矿泉水,食品饮料,1,2026-05-22,33.89
104082,SKU22259,蔬菜拼盘,火锅食材,3,2026-05-22,25.76
104083,SKU86789,葡萄,生鲜蔬果,1,2026-01-11,9.8
104083,SKU69765,酸奶,食品饮料,3,2026-01-11,52.22
104083,SKU35925,油纸,烘焙用品,1,2026-01-11,6.44
104083,SKU66501,鸡蛋,肉禽蛋品,4,2026-01-11,66.06
104083,SKU29914,白糖,粮油调味,1,2026-01-11,36.43
104084,SKU93215,豆腐,火锅食材,1,2026-09-23,33.36
104084,SKU95150,生菜,生鲜蔬果,3,2026-09-23,76.38
104084,SKU24096,沐浴露,日化清洁,5,2026-09-23,46.75
104084,SKU44898,饼干,食品饮料,3,2026-09-23,16.68
104084,SKU51105,洗发水,日化清洁,2,2026-09-23,39.5
104084,SKU23334,蛋挞皮,烘焙用品,1,2026-09-23,49.8
104085,SKU59971,盐,粮油调味,2,2026-07-26,61.81
104085,SKU13420,蛋糕粉,烘焙用品,2,2026-07-26,20.03
104085,SKU50367,面包,食品饮料,2,2026-07-26,3.49
104085,SKU32347,薯片,食品饮料,3,2026-07-26,62.75
104086,SKU77142,洗衣液,日化清洁,5,2026-01-17,44.17
104086,SKU40179,西红柿,生鲜蔬果,5,2026-01-17,59.21
104086,SKU87641,消毒液,日化清洁,1,2026-01-17,9.73
104087,SKU29711,羊肉卷,火锅食材,3,2026-07-07,8.07
104087,SKU18756,淡奶油,烘焙用品,1,2026-07-07,70.16
104087,SKU60080,蔬菜拼盘,火锅食材,4,2026-07-07,61.88
104087,SKU91999,面包,食品饮料,2,2026-07-07,70.04
104087,SKU86564,方便面,食品饮料,1,2026-07-07,41.47
104088,SKU91783,西红柿,生鲜蔬果,5,2026-05-05,4.66
104088,SKU27882,盐,粮油调味,1,2026-05-05,28.75
104088,SKU29980,带鱼,肉禽蛋品,3,2026-05-05,49.85
104088,SKU86687,黄瓜,生鲜蔬果,5,2026-05-05,22.07
104088,SKU28661,料酒,粮油调味,5,2026-05-05,10.83
104089,SKU98442,排骨,肉禽蛋品,2,2026-02-02,55.68
104089,SKU35882,胡萝卜,生鲜蔬果,3,2026-02-02,71.91
104089,SKU28628,土豆,生鲜蔬果,4,2026-02-02,3.56
104089,SKU40839,猪肉,肉禽蛋品,3,2026-02-02,34.97
104090,SKU16883,火锅底料,火锅食材,2,2026-03-23,59.15
104090,SKU52371,丸子,火锅食材,5,2026-03-23,79.45
104090,SKU10238,肥牛卷,火锅食材,3,2026-03-23,71.11
104090,SKU40055,鸡蛋,肉禽蛋品,5,2026-03-23,18.03
104090,SKU93950,面粉,粮油调味,4,2026-03-23,58.14
104091,SKU61972,葡萄,生鲜蔬果,4,2026-09-14,31.66
104091,SKU13550,料酒,粮油调味,5,2026-09-14,18.32
104091,SKU76613,白菜,生鲜蔬果,5,2026-09-14,5.97
104091,SKU53426,蛋糕粉,烘焙用品,4,2026-09-14,27.63
104092,SKU35296,拖把,日化清洁,5,2026-07-26,13.06
104092,SKU45409,猪肉,肉禽蛋品,3,2026-07-26,68.12
104092,SKU42915,辣椒酱,粮油调味,2,2026-07-26,66.22
104092,SKU32554,饼干,食品饮料,4,2026-07-26,9.94
104092,SKU11503,酱油,粮油调味,4,2026-07-26,13.25
104093,SKU24531,纸巾,日化清洁,3,2026-06-03,46.83
104093,SKU94392,可乐,食品饮料,4,2026-06-03,79.74
104093,SKU79210,鸡肉,肉禽蛋品,1,2026-06-03,9.09
104094,SKU93272,可乐,食品饮料,2,2026-05-05,61.99
104094,SKU64828,薯片,食品饮料,4,2026-05-05,60.32
104094,SKU35260,饼干,食品饮料,2,2026-05-05,31.29
104094,SKU72122,牛肉,肉禽蛋品,4,2026-05-05,39.72
104094,SKU88800,蛋糕粉,烘焙用品,4,2026-05-05,79.43
104094,SKU56850,食用油,粮油调味,1,2026-05-05,30.35
104095,SKU38224,白糖,粮油调味,4,2026-01-28,48.81
104095,SKU46977,鸡蛋,肉禽蛋品,1,2026-01-28,73.46
104095,SKU75796,黄瓜,生鲜蔬果,5,2026-01-28,75.3
104095,SKU72180,料酒,粮油调味,2,2026-01-28,6.64
104095,SKU29011,饼干,食品饮料,4,2026-01-28,41.68
104095,SKU77678,巧克力,食品饮料,4,2026-01-28,42.47
104096,SKU21580,蛋糕粉,烘焙用品,5,2026-01-25,46.54
104096,SKU65013,黄油,烘焙用品,5,2026-01-25,6.92
104096,SKU49884,淡奶油,烘焙用品,2,2026-01-25,49.69
104096,SKU58531,鸡蛋,肉禽蛋品,3,2026-01-25,13.97
104097,SKU23386,蛋挞皮,烘焙用品,4,2026-03-01,71.49
104097,SKU56436,洗发水,日化清洁,2,2026-03-01,46.11
104098,SKU50437,毛肚,火锅食材,4,2026-04-07,64.61
104098,SKU43914,土豆,生鲜蔬果,5,2026-04-07,25.69
104098,SKU33118,胡萝卜,生鲜蔬果,2,2026-04-07,12.25
104098,SKU80275,盐,粮油调味,3,2026-04-07,23.21
104099,SKU86499,苹果,生鲜蔬果,4,2026-03-15,63.48
104099,SKU65838,香蕉,生鲜蔬果,2,2026-03-15,16.05
104099,SKU83617,橙子,生鲜蔬果,2,2026-03-15,30.43
104099,SKU93523,白菜,生鲜蔬果,3,2026-03-15,61.65
104099,SKU30463,果汁,食品饮料,1,2026-03-15,40.04
104099,SKU66022,洗衣液,日化清洁,1,2026-03-15,39.19
104100,SKU21336,洗衣液,日化清洁,3,2026-06-20,64.29
104100,SKU17370,纸巾,日化清洁,5,2026-06-20,39.04
104100,SKU94554,垃圾袋,日化清洁,4,2026-06-20,22.03
104100,SKU16580,方便面,食品饮料,5,2026-06-20,30.75
104101,SKU38501,糖粉,烘焙用品,5,2026-08-01,75.99
104101,SKU13226,可乐,食品饮料,3,2026-08-01,79.87
104101,SKU86082,葡萄,生鲜蔬果,5,2026-08-01,3.56
104101,SKU21732,油纸,烘焙用品,2,2026-08-01,54.17
104101,SKU77310,酸奶,食品饮料,5,2026-08-01,35.14
104101,SKU78627,牛奶,食品饮料,2,2026-08-01,54.42
104102,SKU61000,西红柿,生鲜蔬果,4,2026-06-19,77.01
104102,SKU98826,鸡蛋,肉禽蛋品,2,2026-06-19,47.93
104102,SKU15525,黄瓜,生鲜蔬果,5,2026-06-19,47.25
104102,SKU10076,拖把,日化清洁,5,2026-06-19,12.06
104102,SKU31015,酸奶,食品饮料,4,2026-06-19,21.04
104102,SKU91966,蛋糕粉,烘焙用品,1,2026-06-19,42.97
104103,SKU69227,火锅底料,火锅食材,5,2026-06-04,33.22
104103,SKU73805,丸子,火锅食材,1,2026-06-04,38.01
104103,SKU12395,肥牛卷,火锅食材,3,2026-06-04,25.35
104103,SKU57604,白糖,粮油调味,4,2026-06-04,52.07
104103,SKU65999,薯片,食品饮料,4,2026-06-04,41.75
104104,SKU92577,排骨,肉禽蛋品,1,2026-09-01,65.41
104104,SKU79873,胡萝卜,生鲜蔬果,2,2026-09-01,46.12
104104,SKU98078,土豆,生鲜蔬果,3,2026-09-01,47.38
104104,SKU19382,橙子,生鲜蔬果,5,2026-09-01,38.48
104104,SKU21851,葡萄,生鲜蔬果,5,2026-09-01,71.22
104105,SKU61017,火锅底料,火锅食材,5,2026-04-20,67.95
104105,SKU23971,丸子,火锅食材,4,2026-04-20,48.41
104105,SKU72149,肥牛卷,火锅食材,3,2026-04-20,76.19
104105,SKU97716,葡萄,生鲜蔬果,5,2026-04-20,66.29
104105,SKU76836,洗洁精,日化清洁,5,2026-04-20,18.3
104106,SKU92836,牛肉,肉禽蛋品,3,2026-03-13,51.62
104106,SKU48068,蚝油,粮油调味,1,2026-03-13,29.92
104106,SKU50524,酸奶,食品饮料,3,2026-03-13,20.87
104106,SKU47379,肥皂,日化清洁,2,2026-03-13,70.94
104106,SKU64853,鸡翅,肉禽蛋品,2,2026-03-13,66.13
104106,SKU83182,纸巾,日化清洁,4,2026-03-13,29.88
104107,SKU21817,西红柿,生鲜蔬果,5,2026-05-01,44.66
104107,SKU83198,鸡蛋,肉禽蛋品,4,2026-05-01,41.97
104107,SKU59766,黄瓜,生鲜蔬果,2,2026-05-01,19.34
104107,SKU13036,三文鱼,肉禽蛋品,2,2026-05-01,12.43
104108,SKU53496,鸭血,火锅食材,5,2026-04-22,12.23
104108,SKU97122,饼干,食品饮料,3,2026-04-22,10.74
104108,SKU79357,火锅底料,火锅食材,2,2026-04-22,11.09
104108,SKU28566,鸡翅,肉禽蛋品,2,2026-04-22,34.42
104109,SKU73079,火锅底料,火锅食材,1,2026-04-23,75.23
104109,SKU46203,丸子,火锅食材,4,2026-04-23,9.83
104109,SKU50466,肥牛卷,火锅食材,2,2026-04-23,79.04
104109,SKU61654,油纸,烘焙用品,3,2026-04-23,8.85
104109,SKU95011,虾仁,肉禽蛋品,5,2026-04-23,55.94
104109,SKU30244,蛋糕粉,烘焙用品,1,2026-04-23,64.45
104110,SKU85513,果汁,食品饮料,4,2026-08-22,16.99
104110,SKU94675,薯片,食品饮料,2,2026-08-22,61.17
104110,SKU17364,葡萄,生鲜蔬果,4,2026-08-22,37.64
104110,SKU58204,排骨,肉禽蛋品,5,2026-08-22,53.4
104110,SKU15078,食用油,粮油调味,4,2026-08-22,79.48
104110,SKU33447,拖把,日化清洁,1,2026-08-22,64.17
104111,SKU25402,白菜,生鲜蔬果,3,2026-06-25,19.33
104111,SKU72965,蚝油,粮油调味,4,2026-06-25,32.94
104111,SKU78402,矿泉水,食品饮料,5,2026-06-25,71.39
104111,SKU88020,醋,粮油调味,4,2026-06-25,33.29
104111,SKU64907,沐浴露,日化清洁,5,2026-06-25,21.71
104112,SKU71305,纸巾,日化清洁,3,2026-09-25,40.88
104112,SKU49268,酱油,粮油调味,3,2026-09-25,11.08
104112,SKU91991,香蕉,生鲜蔬果,4,2026-09-25,70.36
104112,SKU48989,巧克力,食品饮料,2,2026-09-25,26.29
104112,SKU21513,消毒液,日化清洁,1,2026-09-25,50.15
104112,SKU33364,酸奶,食品饮料,2,2026-09-25,45.62
104113,SKU17434,苹果,生鲜蔬果,4,2026-02-10,22.91
104113,SKU88854,香蕉,生鲜蔬果,1,2026-02-10,28.84
104113,SKU55498,橙子,生鲜蔬果,4,2026-02-10,15.78
104113,SKU32403,虾仁,肉禽蛋品,4,2026-02-10,27.21
104114,SKU69955,土豆,生鲜蔬果,5,2026-08-03,79.23
104114,SKU37028,油纸,烘焙用品,1,2026-08-03,42.49
104114,SKU79118,肥皂,日化清洁,5,2026-08-03,43.62
104114,SKU70263,苹果,生鲜蔬果,1,2026-08-03,36.02
104114,SKU35984,橙子,生鲜蔬果,2,2026-08-03,62.64
104115,SKU83208,鸭血,火锅食材,3,2026-09-05,77.63
104115,SKU22553,猪肉,肉禽蛋品,5,2026-09-05,11.16
104115,SKU89383,糖粉,烘焙用品,2,2026-09-05,36.33
104115,SKU22851,带鱼,肉禽蛋品,2,2026-09-05,41.95
104115,SKU37545,盐,粮油调味,1,2026-09-05,4.81
104116,SKU56523,饼干,食品饮料,1,2026-08-28,18.99
104116,SKU36988,蚝油,粮油调味,3,2026-08-28,7.87
104117,SKU44788,酸奶,食品饮料,3,2026-09-17,38.69
104117,SKU20177,食用油,粮油调味,5,2026-09-17,45.02
104117,SKU80073,毛肚,火锅食材,1,2026-09-17,8.82
104117,SKU21824,糖粉,烘焙用品,1,2026-09-17,50.39
104117,SKU99770,鸭蛋,肉禽蛋品,4,2026-09-17,36.61
104117,SKU81518,香蕉,生鲜蔬果,1,2026-09-17,58.76
104118,SKU41148,鸡蛋,肉禽蛋品,4,2026-09-21,10.59
104118,SKU14231,排骨,肉禽蛋品,5,2026-09-21,55.14
104118,SKU21824,带鱼,肉禽蛋品,1,2026-09-21,63.36
104118,SKU47154,鸭血,火锅食材,3,2026-09-21,65.81
104118,SKU36452,鸭蛋,肉禽蛋品,1,2026-09-21,72.9
104118,SKU90299,矿泉水,食品饮料,2,2026-09-21,74.92
104119,SKU12198,模具,烘焙用品,3,2026-07-27,27.17
104119,SKU27611,香蕉,生鲜蔬果,5,2026-07-27,35.99
104120,SKU33143,酵母,烘焙用品,4,2026-08-15,41.08
104120,SKU98209,粉丝,火锅食材,4,2026-08-15,7.11
104120,SKU29100,淡奶油,烘焙用品,3,2026-08-15,59.48
104120,SKU58584,盐,粮油调味,4,2026-08-15,55.21
104120,SKU58680,葡萄,生鲜蔬果,2,2026-08-15,39.18
104120,SKU64617,鸭蛋,肉禽蛋品,4,2026-08-15,50.59
104121,SKU90894,牛奶,食品饮料,3,2026-09-06,12.13
104121,SKU98185,面包,食品饮料,3,2026-09-06,45.8
104121,SKU39436,黄油,烘焙用品,2,2026-09-06,6.22
104121,SKU38178,虾仁,肉禽蛋品,3,2026-09-06,6.93
104121,SKU15120,土豆,生鲜蔬果,4,2026-09-06,32.58
104122,SKU20543,洗洁精,日化清洁,4,2026-01-06,62.88
104122,SKU77649,葡萄,生鲜蔬果,1,2026-01-06,78.16
104122,SKU35354,白糖,粮油调味,5,2026-01-06,75.9
104122,SKU42454,薯片,食品饮料,1,2026-01-06,75.45
104123,SKU91679,酸奶,食品饮料,1,2026-07-15,57.83
104123,SKU85673,猪肉,肉禽蛋品,3,2026-07-15,74.25
104123,SKU23620,葡萄,生鲜蔬果,4,2026-07-15,30.33
104124,SKU36246,牛奶,食品饮料,5,2026-04-01,8.99
104124,SKU20852,面包,食品饮料,3,2026-04-01,41.56
104124,SKU12669,蚝油,粮油调味,1,2026-04-01,61.75
104124,SKU31917,土豆,生鲜蔬果,2,2026-04-01,62.42
104125,SKU60730,食用油,粮油调味,3,2026-06-21,63.01
104125,SKU75044,芝士碎,烘焙用品,1,2026-06-21,56.93
104125,SKU83570,猪肉,肉禽蛋品,2,2026-06-21,72.49
104125,SKU96117,洗衣液,日化清洁,3,2026-06-21,64.53
104125,SKU49073,蘸料,火锅食材,2,2026-06-21,25.34
104126,SKU32093,洗发水,日化清洁,3,2026-09-28,37.49
104126,SKU41077,沐浴露,日化清洁,2,2026-09-28,32.64
104126,SKU23822,牙膏,日化清洁,5,2026-09-28,9.35
104126,SKU54425,鸭血,火锅食材,2,2026-09-28,79.99
104127,SKU68476,大米,粮油调味,4,2026-01-05,42.59
104127,SKU15278,食用油,粮油调味,1,2026-01-05,43.45
104127,SKU37073,酱油,粮油调味,4,2026-01-05,56.59
104127,SKU72851,洗发水,日化清洁,3,2026-01-05,68.72
104128,SKU32546,虾仁,肉禽蛋品,4,2026-03-26,74.72
104128,SKU22649,香蕉,生鲜蔬果,5,2026-03-26,16.7
104128,SKU62363,沐浴露,日化清洁,2,2026-03-26,36.77
104128,SKU92301,巧克力,食品饮料,3,2026-03-26,20.86
104128,SKU94280,牛肉,肉禽蛋品,4,2026-03-26,50.78
104128,SKU17913,牛奶,食品饮料,5,2026-03-26,74.39
104129,SKU18257,火锅底料,火锅食材,1,2026-07-17,69.39
104129,SKU23934,丸子,火锅食材,2,2026-07-17,14.15
104129,SKU50360,肥牛卷,火锅食材,2,2026-07-17,30.35
104129,SKU40987,苹果,生鲜蔬果,4,2026-07-17,62.08
104129,SKU50820,面粉,粮油调味,5,2026-07-17,38.49
104130,SKU83735,辣椒酱,粮油调味,3,2026-09-28,78.37
104130,SKU96614,淡奶油,烘焙用品,1,2026-09-28,19.7
104130,SKU83658,毛肚,火锅食材,4,2026-09-28,57.38
104130,SKU45036,黄瓜,生鲜蔬果,1,2026-09-28,19.58
104130,SKU23896,鸡翅,肉禽蛋品,2,2026-09-28,65.15
104130,SKU51513,面粉,粮油调味,3,2026-09-28,63.64
104131,SKU54972,鸡翅,肉禽蛋品,4,2026-08-01,64.49
104131,SKU84191,排骨,肉禽蛋品,5,2026-08-01,44.3
104131,SKU24472,葡萄,生鲜蔬果,2,2026-08-01,34.13
104131,SKU48076,饼干,食品饮料,1,2026-08-01,54.83
104132,SKU55520,可乐,食品饮料,2,2026-08-24,25.72
104132,SKU64434,饼干,食品饮料,1,2026-08-24,9.09
104133,SKU51408,肥皂,日化清洁,3,2026-09-04,15.94
104133,SKU88896,模具,烘焙用品,3,2026-09-04,60.99
104133,SKU51388,洗衣液,日化清洁,4,2026-09-04,12.67
104133,SKU57810,面包,食品饮料,3,2026-09-04,3.24
104134,SKU90195,牛奶,食品饮料,3,2026-03-09,3.8
104134,SKU90933,面包,食品饮料,5,2026-03-09,16.05
104134,SKU62245,肥牛卷,火锅食材,2,2026-03-09,25.28
104134,SKU30917,牛肉,肉禽蛋品,2,2026-03-09,48.95
104134,SKU48610,洗洁精,日化清洁,3,2026-03-09,58.41
104135,SKU78071,大米,粮油调味,4,2026-09-08,18.94
104135,SKU54009,食用油,粮油调味,3,2026-09-08,65.53
104135,SKU42720,酱油,粮油调味,1,2026-09-08,6.7
104135,SKU95445,洗衣液,日化清洁,1,2026-09-08,49.87
104135,SKU87996,模具,烘焙用品,4,2026-09-08,75.51
104136,SKU13246,大米,粮油调味,5,2026-07-22,28.23
104136,SKU26745,蛋糕粉,烘焙用品,3,2026-07-22,6.19
104136,SKU50117,消毒液,日化清洁,1,2026-07-22,46.84
104136,SKU25091,猪肉,肉禽蛋品,2,2026-07-22,64.47
104136,SKU40623,毛肚,火锅食材,1,2026-07-22,73.38
104136,SKU96904,三文鱼,肉禽蛋品,1,2026-07-22,11.16
104137,SKU42383,酸奶,食品饮料,4,2026-04-02,75.95
104137,SKU63712,三文鱼,肉禽蛋品,5,2026-04-02,44.46
104138,SKU26375,酵母,烘焙用品,3,2026-09-10,59.61
104138,SKU85001,豆腐,火锅食材,3,2026-09-10,55.72
104138,SKU20731,黄油,烘焙用品,1,2026-09-10,17.08
104138,SKU35247,丸子,火锅食材,5,2026-09-10,4.11
104138,SKU51511,盐,粮油调味,4,2026-09-10,5.5
104139,SKU96761,洗衣液,日化清洁,3,2026-07-19,58.78
104139,SKU44120,纸巾,日化清洁,4,2026-07-19,60.97
104139,SKU18666,垃圾袋,日化清洁,3,2026-07-19,13.6
104139,SKU68067,矿泉水,食品饮料,1,2026-07-19,4.08
104139,SKU93498,面包,食品饮料,1,2026-07-19,50.39
104140,SKU92143,牛奶,食品饮料,4,2026-01-12,62.63
104140,SKU22307,面包,食品饮料,1,2026-01-12,69.64
104140,SKU14328,面粉,粮油调味,5,2026-01-12,38.5
104141,SKU83316,薯片,食品饮料,2,2026-05-01,43.91
104141,SKU77810,蛋挞皮,烘焙用品,5,2026-05-01,14.67
104141,SKU18601,方便面,食品饮料,3,2026-05-01,5.96
104141,SKU92533,黄油,烘焙用品,3,2026-05-01,59.07
104142,SKU45285,大米,粮油调味,5,2026-08-19,7.76
104142,SKU23707,食用油,粮油调味,1,2026-08-19,36.2
104142,SKU30969,酱油,粮油调味,5,2026-08-19,49.37
104142,SKU15006,羊肉卷,火锅食材,4,2026-08-19,74.15
104142,SKU98395,蚝油,粮油调味,1,2026-08-19,34.83
104142,SKU30793,洗洁精,日化清洁,5,2026-08-19,67.73
104143,SKU73381,牛奶,食品饮料,4,2026-02-11,77.29
104143,SKU92239,面包,食品饮料,3,2026-02-11,62.1
104143,SKU68406,黄瓜,生鲜蔬果,1,2026-02-11,62.63
104143,SKU80420,洗洁精,日化清洁,5,2026-02-11,67.6
104143,SKU98672,白菜,生鲜蔬果,5,2026-02-11,7.24
104144,SKU27820,牛奶,食品饮料,1,2026-04-02,56.15
104144,SKU90053,丸子,火锅食材,1,2026-04-02,38.37
104144,SKU47136,纸巾,日化清洁,5,2026-04-02,57.24
104144,SKU70642,鸭血,火锅食材,5,2026-04-02,27.88
104144,SKU37085,鸡蛋,肉禽蛋品,1,2026-04-02,44.51
104144,SKU34182,料酒,粮油调味,3,2026-04-02,11.78
104145,SKU20050,可乐,食品饮料,2,2026-01-14,35.01
104145,SKU13709,薯片,食品饮料,1,2026-01-14,34.9
104145,SKU87174,饼干,食品饮料,4,2026-01-14,78.41
104145,SKU10833,鸡肉,肉禽蛋品,4,2026-01-14,40.04
104145,SKU79317,蔬菜拼盘,火锅食材,2,2026-01-14,27.97
104145,SKU26947,牙膏,日化清洁,5,2026-01-14,12.46
104146,SKU52872,排骨,肉禽蛋品,4,2026-08-26,44.5
104146,SKU19286,胡萝卜,生鲜蔬果,4,2026-08-26,44.15
104146,SKU26874,土豆,生鲜蔬果,1,2026-08-26,63.51
104146,SKU18217,大米,粮油调味,5,2026-08-26,48.69
104147,SKU64409,蛋挞皮,烘焙用品,2,2026-07-27,54.01
104147,SKU73514,辣椒酱,粮油调味,4,2026-07-27,32.17
104147,SKU96537,胡萝卜,生鲜蔬果,5,2026-07-27,36.77
104147,SKU49422,毛肚,火锅食材,1,2026-07-27,27.74
104147,SKU65496,纸巾,日化清洁,1,2026-07-27,73.1
104147,SKU22280,肥皂,日化清洁,4,2026-07-27,48.9
104148,SKU88872,牛奶,食品饮料,2,2026-02-12,35.68
104148,SKU86791,面包,食品饮料,5,2026-02-12,34.69
104148,SKU68465,洗衣液,日化清洁,4,2026-02-12,46.9
104148,SKU90665,虾仁,肉禽蛋品,4,2026-02-12,42.76
104148,SKU16666,矿泉水,食品饮料,5,2026-02-12,65.82
104149,SKU75022,火锅底料,火锅食材,1,2026-08-18,61.79
104149,SKU94219,丸子,火锅食材,5,2026-08-18,69.64
104149,SKU15456,肥牛卷,火锅食材,4,2026-08-18,23.86
104149,SKU73065,黄瓜,生鲜蔬果,3,2026-08-18,73.35
104149,SKU40792,方便面,食品饮料,1,2026-08-18,19.23
104150,SKU93578,火锅底料,火锅食材,3,2026-05-04,30.44
104150,SKU80602,丸子,火锅食材,4,2026-05-04,7.18
104150,SKU96290,肥牛卷,火锅食材,2,2026-05-04,3.95
104150,SKU90273,胡萝卜,生鲜蔬果,4,2026-05-04,42.1
104151,SKU40285,西红柿,生鲜蔬果,5,2026-01-17,25.3
104151,SKU35793,鸡蛋,肉禽蛋品,2,2026-01-17,4.89
104151,SKU26827,黄瓜,生鲜蔬果,1,2026-01-17,14.63
104151,SKU93753,消毒液,日化清洁,2,2026-01-17,46.9
104152,SKU35997,牛奶,食品饮料,4,2026-04-21,9.3
104152,SKU43021,面包,食品饮料,5,2026-04-21,23.05
104152,SKU71193,肥皂,日化清洁,4,2026-04-21,15.35
104153,SKU21168,火锅底料,火锅食材,2,2026-09-03,66.38
104153,SKU47700,丸子,火锅食材,3,2026-09-03,53.58
104153,SKU98110,肥牛卷,火锅食材,5,2026-09-03,32.26
104153,SKU68677,拖把,日化清洁,4,2026-09-03,36.37
104153,SKU73559,洗衣液,日化清洁,4,2026-09-03,34.58
104154,SKU87698,西红柿,生鲜蔬果,5,2026-02-05,28.18
104154,SKU99928,鸡蛋,肉禽蛋品,4,2026-02-05,29.25
104154,SKU88133,黄瓜,生鲜蔬果,3,2026-02-05,67.42
104154,SKU13257,黄油,烘焙用品,5,2026-02-05,67.39
104154,SKU40409,蚝油,粮油调味,3,2026-02-05,67.86
104154,SKU86594,方便面,食品饮料,2,2026-02-05,35.51
104155,SKU89576,牛奶,食品饮料,1,2026-08-21,36.81
104155,SKU21862,面包,食品饮料,5,2026-08-21,51.63
104155,SKU91767,辣椒酱,粮油调味,1,2026-08-21,50.34
104155,SKU41912,葡萄,生鲜蔬果,2,2026-08-21,41.46
104156,SKU20119,消毒液,日化清洁,4,2026-04-06,68.08
104156,SKU60322,辣椒酱,粮油调味,1,2026-04-06,78.61
104156,SKU95729,方便面,食品饮料,3,2026-04-06,10.05
104156,SKU29646,洗衣液,日化清洁,1,2026-04-06,19.69
104156,SKU30138,鸭蛋,肉禽蛋品,2,2026-04-06,15.69
104156,SKU59667,胡萝卜,生鲜蔬果,5,2026-04-06,62.35
104157,SKU49663,拖把,日化清洁,1,2026-06-17,58.62
104157,SKU51524,橙子,生鲜蔬果,5,2026-06-17,44.96
104157,SKU98840,牙膏,日化清洁,2,2026-06-17,32.26
104157,SKU20002,带鱼,肉禽蛋品,4,2026-06-17,55.48
104158,SKU14954,牛肉,肉禽蛋品,5,2026-04-26,24.95
104158,SKU77456,纸巾,日化清洁,5,2026-04-26,25.99
104158,SKU79278,毛肚,火锅食材,4,2026-04-26,71.06
104158,SKU88020,黄油,烘焙用品,5,2026-04-26,64.59
104159,SKU57514,羊肉卷,火锅食材,4,2026-02-21,10.62
104159,SKU78013,蛋糕粉,烘焙用品,3,2026-02-21,30.53
104160,SKU64179,鸡蛋,肉禽蛋品,1,2026-01-22,78.49
104160,SKU34205,粉丝,火锅食材,3,2026-01-22,8.27
104160,SKU36504,糖粉,烘焙用品,1,2026-01-22,7.88
104160,SKU89042,橙子,生鲜蔬果,3,2026-01-22,37.31
104160,SKU50583,白菜,生鲜蔬果,1,2026-01-22,21.46
104161,SKU32511,纸巾,日化清洁,2,2026-08-06,65.46
104161,SKU88858,消毒液,日化清洁,2,2026-08-06,42.43
104161,SKU52112,蔬菜拼盘,火锅食材,5,2026-08-06,27.41
104161,SKU44210,饼干,食品饮料,3,2026-08-06,66.0
104162,SKU62364,苹果,生鲜蔬果,4,2026-04-02,73.35
104162,SKU52734,香蕉,生鲜蔬果,2,2026-04-02,71.99
104162,SKU21946,橙子,生鲜蔬果,1,2026-04-02,30.28
104162,SKU44461,食用油,粮油调味,1,2026-04-02,75.45
104162,SKU13692,蛋糕粉,烘焙用品,2,2026-04-02,4.77
104163,SKU48662,牛奶,食品饮料,3,2026-05-11,49.95
104163,SKU72990,面包,食品饮料,4,2026-05-11,31.65
104163,SKU71045,面粉,粮油调味,4,2026-05-11,48.99
104164,SKU86064,大米,粮油调味,3,2026-02-08,78.34
104164,SKU76661,食用油,粮油调味,1,2026-02-08,39.44
104164,SKU21204,酱油,粮油调味,3,2026-02-08,39.42
104164,SKU89901,毛肚,火锅食材,2,2026-02-08,37.81
104165,SKU36362,西红柿,生鲜蔬果,4,2026-03-16,44.45
104165,SKU17256,鸡蛋,肉禽蛋品,2,2026-03-16,21.01
104165,SKU96016,黄瓜,生鲜蔬果,4,2026-03-16,31.03
104165,SKU69037,蔬菜拼盘,火锅食材,5,2026-03-16,74.02
104166,SKU30174,大米,粮油调味,1,2026-07-03,56.74
104166,SKU68149,食用油,粮油调味,2,2026-07-03,73.85
104166,SKU96346,酱油,粮油调味,5,2026-07-03,36.43
104166,SKU97346,三文鱼,肉禽蛋品,4,2026-07-03,38.19
104167,SKU95235,蛋糕粉,烘焙用品,1,2026-01-02,37.87
104167,SKU81753,黄油,烘焙用品,5,2026-01-02,23.86
104167,SKU39054,淡奶油,烘焙用品,5,2026-01-02,45.37
104167,SKU76934,鸡蛋,肉禽蛋品,1,2026-01-02,10.07
104167,SKU42228,香蕉,生鲜蔬果,5,2026-01-02,36.32
104167,SKU58279,沐浴露,日化清洁,3,2026-01-02,26.28
104167,SKU94207,洗发水,日化清洁,2,2026-01-02,55.17
104168,SKU37297,可乐,食品饮料,4,2026-07-26,26.66
104168,SKU11415,薯片,食品饮料,2,2026-07-26,70.59
104168,SKU90007,饼干,食品饮料,1,2026-07-26,42.33
104168,SKU85426,洗发水,日化清洁,3,2026-07-26,75.96
104169,SKU97315,羊肉卷,火锅食材,4,2026-02-11,57.13
104169,SKU89074,洗洁精,日化清洁,4,2026-02-11,16.11
104169,SKU31188,西红柿,生鲜蔬果,5,2026-02-11,72.42
104170,SKU51434,洗发水,日化清洁,1,2026-06-01,12.96
104170,SKU44806,沐浴露,日化清洁,5,2026-06-01,23.46
104170,SKU84932,牙膏,日化清洁,2,2026-06-01,79.3
104170,SKU45727,洗衣液,日化清洁,3,2026-06-01,10.19
104170,SKU66534,醋,粮油调味,3,2026-06-01,24.26
104171,SKU68711,蛋糕粉,烘焙用品,5,2026-03-25,39.06
104171,SKU41749,黄油,烘焙用品,2,2026-03-25,62.13
104171,SKU21530,淡奶油,烘焙用品,5,2026-03-25,76.0
104171,SKU14399,鸡蛋,肉禽蛋品,1,2026-03-25,52.5
104171,SKU94466,洗发水,日化清洁,5,2026-03-25,79.63
104171,SKU39099,羊肉卷,火锅食材,2,2026-03-25,54.14
104172,SKU40503,豆腐,火锅食材,2,2026-09-02,49.83
104172,SKU96355,洗发水,日化清洁,2,2026-09-02,79.55
104172,SKU26036,模具,烘焙用品,4,2026-09-02,28.74
104173,SKU28071,牛奶,食品饮料,1,2026-06-12,38.0
104173,SKU83016,醋,粮油调味,4,2026-06-12,39.02
104173,SKU92601,糖粉,烘焙用品,4,2026-06-12,59.07
104173,SKU89459,消毒液,日化清洁,3,2026-06-12,77.11
104173,SKU48114,胡萝卜,生鲜蔬果,4,2026-06-12,21.1
104174,SKU21853,排骨,肉禽蛋品,1,2026-07-01,71.25
104174,SKU53381,胡萝卜,生鲜蔬果,1,2026-07-01,49.07
104174,SKU58477,土豆,生鲜蔬果,1,2026-07-01,58.43
104174,SKU96728,沐浴露,日化清洁,5,2026-07-01,66.72
104175,SKU46657,牙膏,日化清洁,1,2026-04-13,52.12
104175,SKU58522,生菜,生鲜蔬果,3,2026-04-13,53.5
104175,SKU69510,模具,烘焙用品,2,2026-04-13,31.9
104176,SKU31162,可乐,食品饮料,2,2026-05-14,61.34
104176,SKU32366,矿泉水,食品饮料,5,2026-05-14,17.78
104176,SKU11047,醋,粮油调味,1,2026-05-14,74.56
104177,SKU11226,鸡翅,肉禽蛋品,3,2026-03-22,45.14
104177,SKU56568,白菜,生鲜蔬果,1,2026-03-22,3.93
104177,SKU45957,矿泉水,食品饮料,2,2026-03-22,26.1
104178,SKU73455,羊肉卷,火锅食材,1,2026-07-27,41.0
104178,SKU41761,三文鱼,肉禽蛋品,2,2026-07-27,24.26
104178,SKU68742,毛肚,火锅食材,2,2026-07-27,23.2
104179,SKU29102,洗发水,日化清洁,4,2026-03-22,79.6
104179,SKU54102,沐浴露,日化清洁,5,2026-03-22,66.0
104179,SKU50283,牙膏,日化清洁,3,2026-03-22,46.99
104179,SKU31333,方便面,食品饮料,5,2026-03-22,25.2
104179,SKU60740,可乐,食品饮料,4,2026-03-22,29.9
104179,SKU82259,牛奶,食品饮料,3,2026-03-22,31.37
104180,SKU65299,面包,食品饮料,4,2026-08-14,10.18
104180,SKU89717,鸡蛋,肉禽蛋品,2,2026-08-14,19.92
104180,SKU37916,牛奶,食品饮料,1,2026-08-14,33.36
104180,SKU98010,白菜,生鲜蔬果,1,2026-08-14,41.88
104180,SKU46250,西红柿,生鲜蔬果,3,2026-08-14,60.32
104180,SKU86097,毛肚,火锅食材,4,2026-08-14,54.87
104181,SKU94814,牙膏,日化清洁,1,2026-06-28,41.04
104181,SKU50975,黄油,烘焙用品,2,2026-06-28,24.54
104181,SKU41160,酵母,烘焙用品,1,2026-06-28,79.65
104181,SKU24662,黄瓜,生鲜蔬果,1,2026-06-28,47.79
104181,SKU39588,酱油,粮油调味,2,2026-06-28,38.45
104182,SKU49092,丸子,火锅食材,5,2026-05-23,25.25
104182,SKU98579,巧克力,食品饮料,2,2026-05-23,36.55
104182,SKU51900,矿泉水,食品饮料,3,2026-05-23,47.76
104182,SKU15266,胡萝卜,生鲜蔬果,2,2026-05-23,36.88
104183,SKU45580,饼干,食品饮料,5,2026-06-16,38.54
104183,SKU97305,果汁,食品饮料,5,2026-06-16,12.41
104183,SKU30568,猪肉,肉禽蛋品,1,2026-06-16,16.33
104183,SKU81385,牙膏,日化清洁,5,2026-06-16,28.35
104184,SKU78418,糖粉,烘焙用品,3,2026-06-22,30.07
104184,SKU88056,消毒液,日化清洁,5,2026-06-22,11.7
104184,SKU67831,鸭血,火锅食材,1,2026-06-22,68.13
104184,SKU25399,猪肉,肉禽蛋品,4,2026-06-22,49.6
104184,SKU82669,胡萝卜,生鲜蔬果,3,2026-06-22,38.82
104184,SKU76118,蘸料,火锅食材,1,2026-06-22,7.61
104185,SKU75252,豆腐,火锅食材,2,2026-07-25,32.02
104185,SKU43418,黄瓜,生鲜蔬果,5,2026-07-25,14.09
104186,SKU68938,巧克力,食品饮料,3,2026-01-24,72.58
104186,SKU52071,鸡翅,肉禽蛋品,5,2026-01-24,25.76
104186,SKU18347,羊肉卷,火锅食材,2,2026-01-24,15.65
104187,SKU74153,可乐,食品饮料,5,2026-06-11,50.45
104187,SKU51370,薯片,食品饮料,2,2026-06-11,48.6
104187,SKU37079,饼干,食品饮料,2,2026-06-11,5.66
104187,SKU17525,矿泉水,食品饮料,1,2026-06-11,10.32
104188,SKU76388,羊肉卷,火锅食材,2,2026-05-05,78.04
104188,SKU78070,肥皂,日化清洁,3,2026-05-05,33.07
104188,SKU54789,丸子,火锅食材,3,2026-05-05,42.17
104189,SKU85439,土豆,生鲜蔬果,5,2026-08-14,61.68
104189,SKU35794,洗洁精,日化清洁,4,2026-08-14,30.75
104189,SKU84569,火锅底料,火锅食材,5,2026-08-14,78.71
104189,SKU91966,垃圾袋,日化清洁,1,2026-08-14,44.03
104190,SKU32614,大米,粮油调味,4,2026-02-20,58.9
104190,SKU80030,食用油,粮油调味,5,2026-02-20,74.29
104190,SKU57298,酱油,粮油调味,5,2026-02-20,79.22
104190,SKU81589,毛肚,火锅食材,5,2026-02-20,6.98
104190,SKU60517,面包,食品饮料,2,2026-02-20,6.88
104191,SKU28533,洗衣液,日化清洁,2,2026-09-05,33.68
104191,SKU25811,面包,食品饮料,3,2026-09-05,24.22
104192,SKU50434,可乐,食品饮料,4,2026-02-16,46.09
104192,SKU68032,拖把,日化清洁,5,2026-02-16,30.99
104192,SKU49637,带鱼,肉禽蛋品,1,2026-02-16,8.13
104192,SKU39859,香草精,烘焙用品,2,2026-02-16,64.44
104192,SKU13077,方便面,食品饮料,3,2026-02-16,58.88
104192,SKU13320,酸奶,食品饮料,3,2026-02-16,26.6
104193,SKU94493,橙子,生鲜蔬果,2,2026-06-16,5.49
104193,SKU24849,芝士碎,烘焙用品,1,2026-06-16,14.76
104194,SKU48264,蛋糕粉,烘焙用品,4,2026-02-02,56.01
104194,SKU10032,黄油,烘焙用品,5,2026-02-02,53.45
104194,SKU51066,淡奶油,烘焙用品,2,2026-02-02,52.48
104194,SKU99879,鸡蛋,肉禽蛋品,1,2026-02-02,50.88
104194,SKU90729,鸭血,火锅食材,1,2026-02-02,12.56
104194,SKU54043,毛肚,火锅食材,5,2026-02-02,41.65
104195,SKU25637,蛋糕粉,烘焙用品,2,2026-03-13,58.15
104195,SKU26662,黄油,烘焙用品,2,2026-03-13,31.78
104195,SKU63187,淡奶油,烘焙用品,4,2026-03-13,47.7
104195,SKU33898,鸡蛋,肉禽蛋品,1,2026-03-13,22.35
104195,SKU37689,三文鱼,肉禽蛋品,4,2026-03-13,11.45
104195,SKU11452,肥牛卷,火锅食材,1,2026-03-13,64.03
104195,SKU45584,香蕉,生鲜蔬果,1,2026-03-13,42.7
104196,SKU24702,西红柿,生鲜蔬果,2,2026-06-05,31.06
104196,SKU90755,鸡蛋,肉禽蛋品,5,2026-06-05,42.25
104196,SKU51451,黄瓜,生鲜蔬果,2,2026-06-05,24.35
104197,SKU97452,矿泉水,食品饮料,5,2026-08-13,14.93
104197,SKU20916,糖粉,烘焙用品,5,2026-08-13,51.72
104197,SKU20407,毛肚,火锅食材,4,2026-08-13,53.2
104197,SKU43836,模具,烘焙用品,4,2026-08-13,56.46
104198,SKU20553,洗衣液,日化清洁,4,2026-07-13,20.19
104198,SKU88196,纸巾,日化清洁,5,2026-07-13,44.8
104198,SKU94077,垃圾袋,日化清洁,4,2026-07-13,41.76
104198,SKU29588,芝士碎,烘焙用品,4,2026-07-13,32.43
104199,SKU65851,毛肚,火锅食材,4,2026-05-12,71.38
104199,SKU52421,洗衣液,日化清洁,2,2026-05-12,29.44
104199,SKU48442,牛肉,肉禽蛋品,3,2026-05-12,56.31
104199,SKU13985,蛋糕粉,烘焙用品,3,2026-05-12,16.32
104200,SKU50373,蘸料,火锅食材,1,2026-06-09,54.55
104200,SKU41113,盐,粮油调味,4,2026-06-09,16.72
104200,SKU34935,排骨,肉禽蛋品,5,2026-06-09,5.49
104200,SKU52734,方便面,食品饮料,2,2026-06-09,37.68
104200,SKU11117,食用油,粮油调味,3,2026-06-09,26.01
104201,SKU10780,食用油,粮油调味,2,2026-03-16,15.0
104201,SKU92694,面包,食品饮料,3,2026-03-16,43.7
104202,SKU42070,黄瓜,生鲜蔬果,1,2026-03-01,55.25
104202,SKU64514,方便面,食品饮料,4,2026-03-01,53.0
104202,SKU78366,带鱼,肉禽蛋品,2,2026-03-01,26.62
104202,SKU80521,拖把,日化清洁,3,2026-03-01,13.19
104202,SKU29186,芝士碎,烘焙用品,3,2026-03-01,55.67
104203,SKU32070,鸡肉,肉禽蛋品,1,2026-06-28,20.48
104203,SKU62115,带鱼,肉禽蛋品,4,2026-06-28,59.69
104203,SKU84671,白菜,生鲜蔬果,5,2026-06-28,29.05
104204,SKU82247,牛肉,肉禽蛋品,4,2026-07-11,70.27
104204,SKU75604,火锅底料,火锅食材,1,2026-07-11,3.87
104205,SKU50871,苹果,生鲜蔬果,2,2026-02-28,7.2
104205,SKU97364,香蕉,生鲜蔬果,1,2026-02-28,32.0
104205,SKU20827,橙子,生鲜蔬果,1,2026-02-28,15.71
104205,SKU92102,土豆,生鲜蔬果,3,2026-02-28,46.54
104206,SKU97747,薯片,食品饮料,1,2026-01-26,38.56
104206,SKU11738,西红柿,生鲜蔬果,2,2026-01-26,30.0
104206,SKU15942,鸡肉,肉禽蛋品,2,2026-01-26,12.4
104207,SKU76568,芝士碎,烘焙用品,5,2026-09-11,23.98
104207,SKU21881,西红柿,生鲜蔬果,2,2026-09-11,66.87
104208,SKU89414,饼干,食品饮料,4,2026-04-12,23.91
104208,SKU20835,牛肉,肉禽蛋品,2,2026-04-12,20.75
104208,SKU19186,排骨,肉禽蛋品,4,2026-04-12,29.51
104208,SKU35966,鸭血,火锅食材,2,2026-04-12,36.25
104208,SKU87609,丸子,火锅食材,1,2026-04-12,11.78
104208,SKU55783,虾仁,肉禽蛋品,4,2026-04-12,52.87
104209,SKU54833,模具,烘焙用品,5,2026-06-10,45.68
104209,SKU44304,葡萄,生鲜蔬果,4,2026-06-10,33.26
104210,SKU94881,肥皂,日化清洁,4,2026-02-24,23.48
104210,SKU69090,蚝油,粮油调味,2,2026-02-24,56.76
104210,SKU17044,鸭蛋,肉禽蛋品,2,2026-02-24,47.19
104211,SKU84139,薯片,食品饮料,2,2026-05-12,39.55
104211,SKU43955,鸡肉,肉禽蛋品,1,2026-05-12,68.84
104211,SKU38712,鸡翅,肉禽蛋品,2,2026-05-12,27.56
104211,SKU13081,蛋挞皮,烘焙用品,1,2026-05-12,39.66
104211,SKU73573,土豆,生鲜蔬果,2,2026-05-12,40.99
104212,SKU60869,鸭血,火锅食材,5,2026-03-04,76.3
104212,SKU92049,肥牛卷,火锅食材,3,2026-03-04,3.7
104212,SKU32429,带鱼,肉禽蛋品,2,2026-03-04,9.06
104212,SKU47139,蔬菜拼盘,火锅食材,2,2026-03-04,31.72
104212,SKU40225,模具,烘焙用品,5,2026-03-04,78.91
104213,SKU29275,洗衣液,日化清洁,5,2026-07-14,78.14
104213,SKU35873,纸巾,日化清洁,2,2026-07-14,48.3
104213,SKU54775,垃圾袋,日化清洁,1,2026-07-14,14.37
104213,SKU34387,消毒液,日化清洁,3,2026-07-14,46.85
104213,SKU87665,肥牛卷,火锅食材,2,2026-07-14,19.43
104213,SKU54352,鸭蛋,肉禽蛋品,2,2026-07-14,75.22
104214,SKU26384,火锅底料,火锅食材,5,2026-02-02,40.15
104214,SKU23275,丸子,火锅食材,2,2026-02-02,42.12
104214,SKU85902,肥牛卷,火锅食材,1,2026-02-02,59.44
104214,SKU76170,牙膏,日化清洁,1,2026-02-02,45.97
104214,SKU77767,香蕉,生鲜蔬果,4,2026-02-02,3.64
104215,SKU90199,牛奶,食品饮料,5,2026-09-11,67.32
104215,SKU39003,面包,食品饮料,1,2026-09-11,10.81
104215,SKU40350,豆腐,火锅食材,2,2026-09-11,71.75
104216,SKU62506,醋,粮油调味,4,2026-07-01,24.24
104216,SKU62684,辣椒酱,粮油调味,1,2026-07-01,79.26
104217,SKU47587,洗发水,日化清洁,5,2026-01-15,22.18
104217,SKU66318,沐浴露,日化清洁,3,2026-01-15,64.0
104217,SKU10288,牙膏,日化清洁,5,2026-01-15,32.08
104217,SKU30493,火锅底料,火锅食材,5,2026-01-15,11.7
104218,SKU62863,糖粉,烘焙用品,3,2026-04-03,23.64
104218,SKU85381,毛肚,火锅食材,1,2026-04-03,3.42
104218,SKU43099,葡萄,生鲜蔬果,1,2026-04-03,70.79
104219,SKU97484,蛋糕粉,烘焙用品,4,2026-03-07,70.07
104219,SKU85698,黄油,烘焙用品,1,2026-03-07,63.83
104219,SKU14461,淡奶油,烘焙用品,5,2026-03-07,40.73
104219,SKU16116,鸡蛋,肉禽蛋品,3,2026-03-07,27.87
104219,SKU46435,食用油,粮油调味,1,2026-03-07,25.89
104220,SKU27999,火锅底料,火锅食材,3,2026-04-01,71.12
104220,SKU51090,丸子,火锅食材,1,2026-04-01,7.4
104220,SKU35888,肥牛卷,火锅食材,2,2026-04-01,75.77
104220,SKU48470,蛋挞皮,烘焙用品,3,2026-04-01,61.56
104220,SKU65937,白菜,生鲜蔬果,2,2026-04-01,60.32
104221,SKU26441,排骨,肉禽蛋品,3,2026-06-22,49.75
104221,SKU50642,胡萝卜,生鲜蔬果,5,2026-06-22,16.81
104221,SKU20698,土豆,生鲜蔬果,2,2026-06-22,26.51
104221,SKU53797,肥皂,日化清洁,3,2026-06-22,63.15
104221,SKU76479,蘸料,火锅食材,5,2026-06-22,33.69
104222,SKU25585,洗发水,日化清洁,1,2026-05-27,77.35
104222,SKU89581,面包,食品饮料,2,2026-05-27,76.49
104222,SKU59556,糖粉,烘焙用品,2,2026-05-27,25.95
104222,SKU20431,蚝油,粮油调味,2,2026-05-27,73.32
104222,SKU12574,牛奶,食品饮料,1,2026-05-27,66.59
104222,SKU79673,黄瓜,生鲜蔬果,4,2026-05-27,12.26
104223,SKU70875,火锅底料,火锅食材,3,2026-03-07,32.17
104223,SKU14285,丸子,火锅食材,3,2026-03-07,19.12
104223,SKU73801,肥牛卷,火锅食材,1,2026-03-07,75.85
104223,SKU68750,鸭蛋,肉禽蛋品,1,2026-03-07,28.42
104223,SKU46083,猪肉,肉禽蛋品,1,2026-03-07,67.92
104224,SKU91296,虾仁,肉禽蛋品,4,2026-04-27,37.84
104224,SKU77057,糖粉,烘焙用品,5,2026-04-27,12.62
104225,SKU32161,黄瓜,生鲜蔬果,2,2026-03-09,12.9
104225,SKU53349,薯片,食品饮料,1,2026-03-09,6.18
104225,SKU76585,虾仁,肉禽蛋品,3,2026-03-09,9.28
104225,SKU88463,蘸料,火锅食材,3,2026-03-09,12.73
104226,SKU26085,蛋糕粉,烘焙用品,2,2026-08-20,57.78
104226,SKU64466,果汁,食品饮料,2,2026-08-20,15.15
104226,SKU32710,三文鱼,肉禽蛋品,2,2026-08-20,9.54
104226,SKU50710,淡奶油,烘焙用品,4,2026-08-20,24.15
104226,SKU58334,酸奶,食品饮料,1,2026-08-20,57.64
104227,SKU65150,油纸,烘焙用品,4,2026-02-14,12.53
104227,SKU46558,带鱼,肉禽蛋品,5,2026-02-14,19.97
104227,SKU21434,生菜,生鲜蔬果,5,2026-02-14,66.77
104228,SKU96431,洗发水,日化清洁,1,2026-08-10,39.39
104228,SKU29585,沐浴露,日化清洁,5,2026-08-10,68.93
104228,SKU71923,牙膏,日化清洁,1,2026-08-10,41.39
104228,SKU92423,毛肚,火锅食材,1,2026-08-10,23.47
104228,SKU98744,酱油,粮油调味,4,2026-08-10,24.18
104229,SKU64760,洗衣液,日化清洁,1,2026-04-22,17.83
104229,SKU73824,白糖,粮油调味,2,2026-04-22,55.32
104230,SKU33626,模具,烘焙用品,1,2026-05-26,59.67
104230,SKU83978,面包,食品饮料,4,2026-05-26,14.71
104230,SKU48897,蚝油,粮油调味,4,2026-05-26,38.0
104230,SKU35003,鸡蛋,肉禽蛋品,4,2026-05-26,27.43
104230,SKU83657,虾仁,肉禽蛋品,1,2026-05-26,39.89
104231,SKU53313,面包,食品饮料,5,2026-05-23,74.33
104231,SKU58178,油纸,烘焙用品,4,2026-05-23,59.14
104231,SKU58941,洗发水,日化清洁,3,2026-05-23,79.28
104231,SKU25737,消毒液,日化清洁,4,2026-05-23,50.32
104231,SKU83306,土豆,生鲜蔬果,3,2026-05-23,61.17
104232,SKU75898,洗发水,日化清洁,5,2026-03-08,36.7
104232,SKU30186,沐浴露,日化清洁,4,2026-03-08,79.46
104232,SKU40155,牙膏,日化清洁,2,2026-03-08,54.89
104232,SKU29642,葡萄,生鲜蔬果,3,2026-03-08,58.91
104233,SKU75239,酵母,烘焙用品,5,2026-02-08,53.79
104233,SKU84453,蘸料,火锅食材,2,2026-02-08,15.64
104233,SKU60857,羊肉卷,火锅食材,5,2026-02-08,51.89
104234,SKU76430,可乐,食品饮料,5,2026-01-20,31.74
104234,SKU44110,羊肉卷,火锅食材,5,2026-01-20,21.84
104234,SKU77557,纸巾,日化清洁,2,2026-01-20,14.72
104235,SKU19659,面包,食品饮料,5,2026-01-25,24.74
104235,SKU13022,黄瓜,生鲜蔬果,4,2026-01-25,37.95
104236,SKU60487,西红柿,生鲜蔬果,3,2026-02-16,22.23
104236,SKU66516,鸡蛋,肉禽蛋品,2,2026-02-16,74.11
104236,SKU64632,黄瓜,生鲜蔬果,1,2026-02-16,37.02
104236,SKU66712,方便面,食品饮料,5,2026-02-16,15.5
104236,SKU12456,洗衣液,日化清洁,2,2026-02-16,37.29
104236,SKU52630,橙子,生鲜蔬果,4,2026-02-16,41.67
104237,SKU90159,生菜,生鲜蔬果,2,2026-07-09,25.22
104237,SKU61560,牙膏,日化清洁,3,2026-07-09,32.33
104237,SKU65336,丸子,火锅食材,3,2026-07-09,76.98
104238,SKU64686,火锅底料,火锅食材,3,2026-05-07,33.59
104238,SKU57414,料酒,粮油调味,1,2026-05-07,58.37
104238,SKU63808,西红柿,生鲜蔬果,2,2026-05-07,13.27
104238,SKU27908,糖粉,烘焙用品,1,2026-05-07,67.02
104238,SKU35620,豆腐,火锅食材,3,2026-05-07,40.36
104238,SKU10496,鸭血,火锅食材,1,2026-05-07,28.44
104239,SKU48900,生菜,生鲜蔬果,5,2026-07-09,20.61
104239,SKU95836,猪肉,肉禽蛋品,5,2026-07-09,49.9
104239,SKU21441,香草精,烘焙用品,1,2026-07-09,69.61
104239,SKU13732,黄瓜,生鲜蔬果,1,2026-07-09,23.42
104239,SKU51025,蛋糕粉,烘焙用品,5,2026-07-09,9.64
104239,SKU74160,芝士碎,烘焙用品,5,2026-07-09,10.96
104240,SKU35539,苹果,生鲜蔬果,5,2026-04-17,66.31
104240,SKU41089,香蕉,生鲜蔬果,3,2026-04-17,34.39
104240,SKU16187,橙子,生鲜蔬果,2,2026-04-17,39.59
104240,SKU86642,模具,烘焙用品,2,2026-04-17,34.24
104240,SKU76287,西红柿,生鲜蔬果,2,2026-04-17,14.52
104240,SKU27957,果汁,食品饮料,4,2026-04-17,29.3
104241,SKU99087,火锅底料,火锅食材,4,2026-06-15,74.24
104241,SKU87614,沐浴露,日化清洁,4,2026-06-15,73.93
104241,SKU28021,酱油,粮油调味,4,2026-06-15,59.52
104241,SKU23122,黄油,烘焙用品,3,2026-06-15,26.41
104241,SKU89120,饼干,食品饮料,4,2026-06-15,9.96
104241,SKU44962,酸奶,食品饮料,1,2026-06-15,34.99
104242,SKU51039,消毒液,日化清洁,5,2026-06-19,25.63
104242,SKU15555,料酒,粮油调味,5,2026-06-19,76.15
104242,SKU70926,巧克力,食品饮料,3,2026-06-19,56.65
104243,SKU24765,葡萄,生鲜蔬果,1,2026-06-26,57.71
104243,SKU82401,薯片,食品饮料,1,2026-06-26,9.05
104243,SKU70827,洗发水,日化清洁,5,2026-06-26,59.48
104243,SKU99534,排骨,肉禽蛋品,2,2026-06-26,31.95
104244,SKU59286,香草精,烘焙用品,2,2026-01-12,48.58
104244,SKU87178,鸡肉,肉禽蛋品,4,2026-01-12,35.77
104244,SKU99863,盐,粮油调味,3,2026-01-12,62.05
104244,SKU95132,羊肉卷,火锅食材,5,2026-01-12,42.2
104245,SKU24261,醋,粮油调味,4,2026-09-07,59.85
104245,SKU92033,饼干,食品饮料,2,2026-09-07,60.87
104246,SKU84102,排骨,肉禽蛋品,3,2026-06-27,10.35
104246,SKU50603,胡萝卜,生鲜蔬果,4,2026-06-27,35.3
104246,SKU30088,土豆,生鲜蔬果,1,2026-06-27,7.42
104246,SKU42775,羊肉卷,火锅食材,5,2026-06-27,34.22
104247,SKU72414,牛奶,食品饮料,3,2026-02-14,72.05
104247,SKU54359,牛肉,肉禽蛋品,5,2026-02-14,46.17
104247,SKU65128,粉丝,火锅食材,3,2026-02-14,32.68
104247,SKU80856,垃圾袋,日化清洁,1,2026-02-14,17.25
104247,SKU48994,香蕉,生鲜蔬果,2,2026-02-14,61.39
104248,SKU16069,香草精,烘焙用品,3,2026-01-27,41.42
104248,SKU14414,鸡翅,肉禽蛋品,5,2026-01-27,43.5
104248,SKU85038,糖粉,烘焙用品,3,2026-01-27,78.77
104248,SKU97121,果汁,食品饮料,1,2026-01-27,52.7
104248,SKU35013,苹果,生鲜蔬果,1,2026-01-27,40.12
104248,SKU72817,消毒液,日化清洁,1,2026-01-27,65.38
104249,SKU87876,面包,食品饮料,1,2026-06-21,77.14
104249,SKU61054,醋,粮油调味,3,2026-06-21,54.59
104249,SKU10255,虾仁,肉禽蛋品,3,2026-06-21,49.01
104249,SKU55224,黄瓜,生鲜蔬果,4,2026-06-21,28.97
104249,SKU34490,纸巾,日化清洁,3,2026-06-21,58.02
104249,SKU67314,香蕉,生鲜蔬果,2,2026-06-21,19.28
104250,SKU38673,面包,食品饮料,5,2026-01-14,55.95
104250,SKU53263,醋,粮油调味,2,2026-01-14,74.61
104250,SKU85832,矿泉水,食品饮料,2,2026-01-14,47.2
104250,SKU61956,糖粉,烘焙用品,3,2026-01-14,47.16
104250,SKU69189,三文鱼,肉禽蛋品,1,2026-01-14,60.29
104250,SKU78646,蛋挞皮,烘焙用品,1,2026-01-14,75.52
104251,SKU96649,火锅底料,火锅食材,3,2026-06-27,49.49
104251,SKU87286,丸子,火锅食材,1,2026-06-27,74.11
104251,SKU34055,肥牛卷,火锅食材,3,2026-06-27,9.49
104251,SKU73406,鸭血,火锅食材,3,2026-06-27,71.44
104251,SKU36746,三文鱼,肉禽蛋品,2,2026-06-27,25.95
104251,SKU35841,芝士碎,烘焙用品,2,2026-06-27,5.58
104252,SKU48896,西红柿,生鲜蔬果,5,2026-05-11,46.93
104252,SKU67089,薯片,食品饮料,2,2026-05-11,52.26
104252,SKU48827,醋,粮油调味,4,2026-05-11,35.35
104252,SKU15106,香蕉,生鲜蔬果,4,2026-05-11,69.28
104253,SKU99209,黄油,烘焙用品,2,2026-06-10,60.77
104253,SKU57267,排骨,肉禽蛋品,1,2026-06-10,36.62
104254,SKU30271,火锅底料,火锅食材,5,2026-08-23,5.25
104254,SKU51959,丸子,火锅食材,5,2026-08-23,39.86
104254,SKU27484,肥牛卷,火锅食材,2,2026-08-23,40.98
104254,SKU14094,土豆,生鲜蔬果,3,2026-08-23,26.92
104255,SKU25841,大米,粮油调味,4,2026-07-19,12.6
104255,SKU28741,食用油,粮油调味,5,2026-07-19,42.22
104255,SKU25717,酱油,粮油调味,1,2026-07-19,74.99
104255,SKU59210,胡萝卜,生鲜蔬果,4,2026-07-19,14.19
104255,SKU94875,羊肉卷,火锅食材,1,2026-07-19,18.72
104255,SKU14962,猪肉,肉禽蛋品,5,2026-07-19,79.05
104256,SKU38557,牙膏,日化清洁,5,2026-01-02,30.31
104256,SKU68173,矿泉水,食品饮料,2,2026-01-02,22.57
104256,SKU68827,西红柿,生鲜蔬果,1,2026-01-02,31.32
104256,SKU44953,粉丝,火锅食材,2,2026-01-02,33.26
104256,SKU17887,火锅底料,火锅食材,1,2026-01-02,77.35
104256,SKU89175,面包,食品饮料,2,2026-01-02,17.11
104257,SKU61427,西红柿,生鲜蔬果,3,2026-06-14,57.27
104257,SKU83063,饼干,食品饮料,1,2026-06-14,62.2
104257,SKU76891,鸭血,火锅食材,1,2026-06-14,14.44
104258,SKU23611,洗发水,日化清洁,4,2026-03-26,69.01
104258,SKU92835,沐浴露,日化清洁,1,2026-03-26,42.38
104258,SKU54992,牙膏,日化清洁,1,2026-03-26,45.73
104258,SKU51053,果汁,食品饮料,1,2026-03-26,57.13
104258,SKU91420,醋,粮油调味,2,2026-03-26,5.57
104258,SKU99822,火锅底料,火锅食材,4,2026-03-26,15.75
104259,SKU88117,蘸料,火锅食材,1,2026-01-09,12.63
104259,SKU64400,鸡肉,肉禽蛋品,2,2026-01-09,28.43
104259,SKU41123,带鱼,肉禽蛋品,5,2026-01-09,45.8
104259,SKU43503,橙子,生鲜蔬果,2,2026-01-09,7.92
104259,SKU96614,薯片,食品饮料,3,2026-01-09,31.13
104260,SKU20251,蛋挞皮,烘焙用品,1,2026-07-28,24.25
104260,SKU64938,料酒,粮油调味,1,2026-07-28,30.98
104260,SKU51113,猪肉,肉禽蛋品,4,2026-07-28,47.95
104260,SKU21251,巧克力,食品饮料,2,2026-07-28,49.96
104260,SKU24153,淡奶油,烘焙用品,5,2026-07-28,10.6
104260,SKU61518,肥牛卷,火锅食材,2,2026-07-28,77.38
104261,SKU85727,橙子,生鲜蔬果,4,2026-05-22,21.08
104261,SKU91091,香草精,烘焙用品,5,2026-05-22,75.05
104261,SKU33276,蔬菜拼盘,火锅食材,2,2026-05-22,74.46
104261,SKU25840,羊肉卷,火锅食材,2,2026-05-22,43.54
104261,SKU55920,豆腐,火锅食材,1,2026-05-22,13.63
104261,SKU99904,油纸,烘焙用品,2,2026-05-22,18.09
104262,SKU67561,鸡蛋,肉禽蛋品,4,2026-09-10,79.74
104262,SKU77488,牛奶,食品饮料,4,2026-09-10,49.2
104262,SKU50138,鸡翅,肉禽蛋品,3,2026-09-10,6.29
104262,SKU69627,大米,粮油调味,1,2026-09-10,48.75
104262,SKU13160,牙膏,日化清洁,4,2026-09-10,20.34
104263,SKU78532,排骨,肉禽蛋品,5,2026-04-13,57.54
104263,SKU36656,胡萝卜,生鲜蔬果,4,2026-04-13,5.91
104263,SKU79385,土豆,生鲜蔬果,4,2026-04-13,79.33
104263,SKU58961,果汁,食品饮料,3,2026-04-13,62.84
104264,SKU98395,油纸,烘焙用品,1,2026-08-21,57.13
104264,SKU32579,芝士碎,烘焙用品,1,2026-08-21,57.87
104264,SKU37484,料酒,粮油调味,5,2026-08-21,49.57
104264,SKU39818,排骨,肉禽蛋品,2,2026-08-21,16.67
104264,SKU74516,可乐,食品饮料,5,2026-08-21,26.08
104265,SKU66087,橙子,生鲜蔬果,1,2026-09-02,73.48
104265,SKU59222,纸巾,日化清洁,4,2026-09-02,11.86
104266,SKU14639,大米,粮油调味,1,2026-07-07,64.08
104266,SKU89480,食用油,粮油调味,5,2026-07-07,51.58
104266,SKU36897,酱油,粮油调味,5,2026-07-07,40.88
104266,SKU34322,粉丝,火锅食材,3,2026-07-07,44.13
104266,SKU46324,豆腐,火锅食材,5,2026-07-07,6.65
104267,SKU29926,料酒,粮油调味,1,2026-06-01,30.6
104267,SKU68020,鸡翅,肉禽蛋品,3,2026-06-01,60.72
104267,SKU36720,淡奶油,烘焙用品,2,2026-06-01,12.99
104267,SKU22332,蛋糕粉,烘焙用品,4,2026-06-01,4.87
104267,SKU97034,盐,粮油调味,3,2026-06-01,26.93
104268,SKU60839,大米,粮油调味,1,2026-09-17,25.24
104268,SKU34594,食用油,粮油调味,1,2026-09-17,51.07
104268,SKU74851,酱油,粮油调味,2,2026-09-17,3.65
104268,SKU61209,料酒,粮油调味,4,2026-09-17,16.19
104268,SKU76231,牛肉,肉禽蛋品,2,2026-09-17,48.87
104268,SKU48765,蛋挞皮,烘焙用品,4,2026-09-17,29.82
104269,SKU98623,豆腐,火锅食材,5,2026-06-08,31.56
104269,SKU28289,三文鱼,肉禽蛋品,5,2026-06-08,73.8
104269,SKU91740,矿泉水,食品饮料,3,2026-06-08,38.37
104270,SKU80232,丸子,火锅食材,1,2026-09-12,61.41
104270,SKU48964,带鱼,肉禽蛋品,5,2026-09-12,35.41
104270,SKU81604,沐浴露,日化清洁,1,2026-09-12,38.75
104271,SKU46742,蘸料,火锅食材,3,2026-09-11,20.74
104271,SKU55389,肥皂,日化清洁,3,2026-09-11,18.63
104272,SKU20483,垃圾袋,日化清洁,1,2026-03-07,73.68
104272,SKU58303,面粉,粮油调味,1,2026-03-07,77.88
104272,SKU70605,鸭蛋,肉禽蛋品,3,2026-03-07,48.8
104272,SKU46860,果汁,食品饮料,5,2026-03-07,60.38
104272,SKU42292,淡奶油,烘焙用品,2,2026-03-07,16.17
104272,SKU29135,排骨,肉禽蛋品,3,2026-03-07,11.03
104273,SKU90640,鸭血,火锅食材,4,2026-05-06,27.45
104273,SKU46326,蘸料,火锅食材,3,2026-05-06,34.75
104273,SKU63395,料酒,粮油调味,3,2026-05-06,56.25
104274,SKU91608,可乐,食品饮料,2,2026-01-08,47.34
104274,SKU44187,薯片,食品饮料,4,2026-01-08,65.21
104274,SKU61792,饼干,食品饮料,1,2026-01-08,39.85
104274,SKU10516,羊肉卷,火锅食材,3,2026-01-08,38.99
104275,SKU77139,方便面,食品饮料,2,2026-08-15,31.32
104275,SKU73413,鸡肉,肉禽蛋品,4,2026-08-15,31.98
104275,SKU64014,食用油,粮油调味,1,2026-08-15,16.61
104275,SKU72458,西红柿,生鲜蔬果,5,2026-08-15,58.34
104275,SKU29734,橙子,生鲜蔬果,1,2026-08-15,46.35
104275,SKU70665,醋,粮油调味,4,2026-08-15,35.15
104276,SKU22607,蛋糕粉,烘焙用品,4,2026-02-16,49.53
104276,SKU13150,黄油,烘焙用品,2,2026-02-16,70.17
104276,SKU73228,淡奶油,烘焙用品,2,2026-02-16,51.74
104276,SKU21570,鸡蛋,肉禽蛋品,1,2026-02-16,54.25
104276,SKU38557,白糖,粮油调味,2,2026-02-16,70.34
104277,SKU42186,蔬菜拼盘,火锅食材,2,2026-03-14,63.23
104277,SKU33429,肥牛卷,火锅食材,4,2026-03-14,31.88
104278,SKU24526,牛奶,食品饮料,2,2026-08-25,10.82
104278,SKU20155,面包,食品饮料,2,2026-08-25,55.55
104278,SKU45533,黄油,烘焙用品,4,2026-08-25,52.56
104278,SKU63537,橙子,生鲜蔬果,4,2026-08-25,50.63
104278,SKU43546,苹果,生鲜蔬果,5,2026-08-25,44.39
104279,SKU99490,洗衣液,日化清洁,5,2026-09-20,57.38
104279,SKU44512,纸巾,日化清洁,5,2026-09-20,39.24
104279,SKU11715,垃圾袋,日化清洁,1,2026-09-20,31.86
104279,SKU49197,猪肉,肉禽蛋品,2,2026-09-20,10.42
104279,SKU50491,香草精,烘焙用品,4,2026-09-20,31.8
104279,SKU78527,方便面,食品饮料,5,2026-09-20,77.82
104280,SKU61743,排骨,肉禽蛋品,5,2026-01-26,21.39
104280,SKU73977,胡萝卜,生鲜蔬果,4,2026-01-26,51.09
104280,SKU37427,土豆,生鲜蔬果,1,2026-01-26,42.56
104280,SKU90205,肥牛卷,火锅食材,3,2026-01-26,24.63
104280,SKU48550,酸奶,食品饮料,5,2026-01-26,30.2
104281,SKU54668,洗衣液,日化清洁,3,2026-08-05,33.1
104281,SKU34837,纸巾,日化清洁,5,2026-08-05,61.07
104281,SKU86063,垃圾袋,日化清洁,2,2026-08-05,42.86
104281,SKU64992,蛋挞皮,烘焙用品,2,2026-08-05,27.64
104281,SKU39824,肥皂,日化清洁,5,2026-08-05,12.44
104282,SKU41289,鸡蛋,肉禽蛋品,5,2026-01-14,29.37
104282,SKU35267,酱油,粮油调味,3,2026-01-14,65.82
104282,SKU75500,三文鱼,肉禽蛋品,3,2026-01-14,50.37
104283,SKU82036,火锅底料,火锅食材,2,2026-01-28,69.27
104283,SKU74106,丸子,火锅食材,4,2026-01-28,17.0
104283,SKU71501,肥牛卷,火锅食材,1,2026-01-28,4.14
104283,SKU32903,牛肉,肉禽蛋品,5,2026-01-28,8.21
104283,SKU20408,洗衣液,日化清洁,5,2026-01-28,48.1
104284,SKU94822,火锅底料,火锅食材,3,2026-02-27,7.72
104284,SKU40696,丸子,火锅食材,5,2026-02-27,13.77
104284,SKU88938,肥牛卷,火锅食材,3,2026-02-27,61.6
104284,SKU78596,食用油,粮油调味,5,2026-02-27,77.26
104284,SKU91484,模具,烘焙用品,4,2026-02-27,30.31
104284,SKU79970,蔬菜拼盘,火锅食材,5,2026-02-27,47.96
104285,SKU11891,大米,粮油调味,3,2026-03-22,72.91
104285,SKU66551,食用油,粮油调味,2,2026-03-22,51.23
104285,SKU73445,酱油,粮油调味,2,2026-03-22,66.75
104285,SKU87854,饼干,食品饮料,2,2026-03-22,18.98
104285,SKU69527,洗衣液,日化清洁,5,2026-03-22,44.55
104286,SKU77619,蛋糕粉,烘焙用品,4,2026-06-03,52.46
104286,SKU82074,黄油,烘焙用品,3,2026-06-03,43.22
104286,SKU21882,淡奶油,烘焙用品,2,2026-06-03,54.74
104286,SKU27187,鸡蛋,肉禽蛋品,1,2026-06-03,56.61
104286,SKU22041,沐浴露,日化清洁,1,2026-06-03,53.76
104286,SKU92109,盐,粮油调味,1,2026-06-03,9.76
104286,SKU39080,羊肉卷,火锅食材,3,2026-06-03,35.26
104287,SKU32648,沐浴露,日化清洁,5,2026-02-17,18.72
104287,SKU35695,羊肉卷,火锅食材,2,2026-02-17,69.15
104287,SKU75481,消毒液,日化清洁,2,2026-02-17,5.54
104287,SKU35038,薯片,食品饮料,3,2026-02-17,15.51
104287,SKU42031,可乐,食品饮料,2,2026-02-17,45.3
104288,SKU36425,蔬菜拼盘,火锅食材,3,2026-02-25,5.85
104288,SKU96878,橙子,生鲜蔬果,4,2026-02-25,13.65
104288,SKU25406,酵母,烘焙用品,2,2026-02-25,36.28
104288,SKU83706,矿泉水,食品饮料,3,2026-02-25,49.64
104289,SKU59464,可乐,食品饮料,2,2026-03-06,31.24
104289,SKU64751,薯片,食品饮料,5,2026-03-06,36.96
104289,SKU69438,饼干,食品饮料,5,2026-03-06,49.63
104289,SKU48212,粉丝,火锅食材,3,2026-03-06,31.29
104290,SKU39857,洗发水,日化清洁,1,2026-02-08,8.33
104290,SKU15273,沐浴露,日化清洁,1,2026-02-08,5.95
104290,SKU86988,牙膏,日化清洁,3,2026-02-08,45.49
104290,SKU24112,肥皂,日化清洁,5,2026-02-08,60.01
104291,SKU18882,洗衣液,日化清洁,5,2026-05-26,54.06
104291,SKU26175,纸巾,日化清洁,3,2026-05-26,59.72
104291,SKU50419,垃圾袋,日化清洁,2,2026-05-26,71.83
104291,SKU83736,三文鱼,肉禽蛋品,4,2026-05-26,32.01
104291,SKU76671,面包,食品饮料,1,2026-05-26,36.97
104292,SKU15513,排骨,肉禽蛋品,5,2026-08-11,3.38
104292,SKU27990,胡萝卜,生鲜蔬果,1,2026-08-11,14.08
104292,SKU90397,牛肉,肉禽蛋品,3,2026-08-11,55.78
104292,SKU29885,食用油,粮油调味,4,2026-08-11,30.19
104292,SKU98312,果汁,食品饮料,5,2026-08-11,45.85
104293,SKU56396,火锅底料,火锅食材,3,2026-08-07,50.48
104293,SKU71385,丸子,火锅食材,4,2026-08-07,16.9
104293,SKU69112,肥牛卷,火锅食材,3,2026-08-07,36.92
104293,SKU35761,方便面,食品饮料,4,2026-08-07,45.59
104293,SKU79090,沐浴露,日化清洁,2,2026-08-07,8.56
104294,SKU99633,糖粉,烘焙用品,3,2026-07-15,72.21
104294,SKU32251,虾仁,肉禽蛋品,5,2026-07-15,18.42
104294,SKU51236,消毒液,日化清洁,1,2026-07-15,7.69
104295,SKU98991,大米,粮油调味,1,2026-02-26,39.1
104295,SKU29115,食用油,粮油调味,5,2026-02-26,61.81
104295,SKU54447,酱油,粮油调味,4,2026-02-26,20.86
104295,SKU50137,生菜,生鲜蔬果,1,2026-02-26,17.43
104295,SKU27621,洗洁精,日化清洁,2,2026-02-26,10.68
104296,SKU28625,粉丝,火锅食材,3,2026-02-20,13.18
104296,SKU43678,鸡翅,肉禽蛋品,2,2026-02-20,79.34
104296,SKU17471,蚝油,粮油调味,2,2026-02-20,50.9
104296,SKU29014,糖粉,烘焙用品,4,2026-02-20,12.3
104296,SKU54340,三文鱼,肉禽蛋品,2,2026-02-20,5.37
104296,SKU10494,带鱼,肉禽蛋品,2,2026-02-20,54.52
104297,SKU46453,蛋糕粉,烘焙用品,3,2026-08-05,70.98
104297,SKU23308,黄油,烘焙用品,1,2026-08-05,73.04
104297,SKU68713,淡奶油,烘焙用品,2,2026-08-05,53.99
104297,SKU80628,鸡蛋,肉禽蛋品,3,2026-08-05,51.71
104297,SKU54258,蔬菜拼盘,火锅食材,4,2026-08-05,7.3
104297,SKU79281,薯片,食品饮料,3,2026-08-05,64.32
104298,SKU16897,蛋糕粉,烘焙用品,3,2026-01-02,50.42
104298,SKU78024,黄油,烘焙用品,5,2026-01-02,57.06
104298,SKU35810,淡奶油,烘焙用品,2,2026-01-02,64.24
104298,SKU55805,鸡蛋,肉禽蛋品,2,2026-01-02,71.53
104298,SKU31957,带鱼,肉禽蛋品,2,2026-01-02,72.85
104298,SKU33980,面包,食品饮料,5,2026-01-02,70.02
104299,SKU59165,牛奶,食品饮料,4,2026-04-08,57.85
104299,SKU47569,面包,食品饮料,2,2026-04-08,33.47
104299,SKU17116,毛肚,火锅食材,3,2026-04-08,79.56
104300,SKU18051,鸡翅,肉禽蛋品,4,2026-09-02,51.85
104300,SKU31967,牛肉,肉禽蛋品,3,2026-09-02,7.19
104300,SKU91187,生菜,生鲜蔬果,4,2026-09-02,23.16
104300,SKU16942,蚝油,粮油调味,2,2026-09-02,3.71
104300,SKU31464,矿泉水,食品饮料,2,2026-09-02,42.53
104301,SKU40890,洗衣液,日化清洁,4,2026-06-12,52.43
104301,SKU39177,纸巾,日化清洁,4,2026-06-12,76.02
104301,SKU54412,垃圾袋,日化清洁,5,2026-06-12,57.99
104301,SKU95900,沐浴露,日化清洁,4,2026-06-12,37.0
104302,SKU85717,醋,粮油调味,4,2026-07-01,17.93
104302,SKU89322,消毒液,日化清洁,5,2026-07-01,51.31
104302,SKU67447,白菜,生鲜蔬果,1,2026-07-01,63.35
104303,SKU52017,火锅底料,火锅食材,5,2026-01-05,10.62
104303,SKU23583,丸子,火锅食材,2,2026-01-05,28.44
104303,SKU33270,肥牛卷,火锅食材,4,2026-01-05,79.48
104303,SKU63468,牙膏,日化清洁,2,2026-01-05,76.11
104303,SKU30660,香蕉,生鲜蔬果,3,2026-01-05,13.16
104304,SKU39935,苹果,生鲜蔬果,4,2026-02-26,9.44
104304,SKU24293,香蕉,生鲜蔬果,3,2026-02-26,9.53
104304,SKU59293,橙子,生鲜蔬果,2,2026-02-26,49.18
104304,SKU16660,酵母,烘焙用品,5,2026-02-26,76.87
104304,SKU38038,巧克力,食品饮料,4,2026-02-26,16.93
104304,SKU19368,饼干,食品饮料,4,2026-02-26,64.35
104305,SKU13959,饼干,食品饮料,4,2026-04-22,8.67
104305,SKU99189,鸭血,火锅食材,5,2026-04-22,69.2
104305,SKU36016,香草精,烘焙用品,5,2026-04-22,21.68
104305,SKU69381,消毒液,日化清洁,2,2026-04-22,3.82
104305,SKU57733,羊肉卷,火锅食材,4,2026-04-22,79.51
104305,SKU60596,火锅底料,火锅食材,4,2026-04-22,19.39
104306,SKU81261,洗洁精,日化清洁,5,2026-06-14,8.33
104306,SKU91323,猪肉,肉禽蛋品,2,2026-06-14,63.75
104306,SKU11467,黄油,烘焙用品,1,2026-06-14,4.3
104307,SKU40109,油纸,烘焙用品,2,2026-04-26,74.84
104307,SKU88033,洗洁精,日化清洁,2,2026-04-26,40.7
104307,SKU69024,蘸料,火锅食材,5,2026-04-26,62.76
104307,SKU36777,香蕉,生鲜蔬果,5,2026-04-26,62.42
104307,SKU78228,蔬菜拼盘,火锅食材,1,2026-04-26,57.17
104308,SKU80880,西红柿,生鲜蔬果,4,2026-04-13,43.12
104308,SKU95843,鸡蛋,肉禽蛋品,4,2026-04-13,56.92
104308,SKU48694,黄瓜,生鲜蔬果,2,2026-04-13,31.13
104308,SKU80446,粉丝,火锅食材,3,2026-04-13,20.72
104308,SKU30306,洗发水,日化清洁,4,2026-04-13,56.71
104308,SKU23476,鸭血,火锅食材,2,2026-04-13,22.39
104309,SKU41222,鸡蛋,肉禽蛋品,1,2026-05-05,10.43
104309,SKU66160,猪肉,肉禽蛋品,4,2026-05-05,31.04
104309,SKU69262,酵母,烘焙用品,3,2026-05-05,41.54
104309,SKU75063,毛肚,火锅食材,2,2026-05-05,5.6
104309,SKU96461,豆腐,火锅食材,5,2026-05-05,70.63
104309,SKU46890,酱油,粮油调味,2,2026-05-05,18.37
104310,SKU13744,食用油,粮油调味,1,2026-03-17,78.93
104310,SKU11821,蛋糕粉,烘焙用品,2,2026-03-17,72.89
104310,SKU83827,垃圾袋,日化清洁,1,2026-03-17,16.82
104310,SKU92856,可乐,食品饮料,2,2026-03-17,71.99
104310,SKU37382,土豆,生鲜蔬果,3,2026-03-17,34.06
104310,SKU84984,葡萄,生鲜蔬果,2,2026-03-17,7.55
104311,SKU30848,洗发水,日化清洁,2,2026-08-08,64.58
104311,SKU79113,带鱼,肉禽蛋品,1,2026-08-08,20.95
104311,SKU98327,肥牛卷,火锅食材,2,2026-08-08,67.36
104311,SKU79684,巧克力,食品饮料,1,2026-08-08,34.59
104311,SKU17452,香蕉,生鲜蔬果,3,2026-08-08,65.82
104311,SKU60471,盐,粮油调味,3,2026-08-08,10.04
104312,SKU50168,火锅底料,火锅食材,2,2026-04-19,49.84
104312,SKU15588,丸子,火锅食材,5,2026-04-19,13.68
104312,SKU34671,肥牛卷,火锅食材,1,2026-04-19,17.59
104312,SKU50614,西红柿,生鲜蔬果,1,2026-04-19,18.76
104313,SKU60360,牙膏,日化清洁,3,2026-03-06,74.4
104313,SKU85290,鸡肉,肉禽蛋品,3,2026-03-06,4.17
104313,SKU48532,大米,粮油调味,3,2026-03-06,57.1
104313,SKU48518,果汁,食品饮料,4,2026-03-06,56.9
104313,SKU87748,蚝油,粮油调味,3,2026-03-06,30.77
104313,SKU38057,鸡翅,肉禽蛋品,5,2026-03-06,57.97
104314,SKU49406,洗衣液,日化清洁,4,2026-04-13,26.64
104314,SKU58567,酸奶,食品饮料,4,2026-04-13,48.55
104314,SKU42230,排骨,肉禽蛋品,4,2026-04-13,25.65
104314,SKU35850,洗发水,日化清洁,2,2026-04-13,39.55
104315,SKU21859,消毒液,日化清洁,4,2026-03-27,12.08
104315,SKU69619,葡萄,生鲜蔬果,2,2026-03-27,12.26
104315,SKU37946,薯片,食品饮料,1,2026-03-27,23.84
104315,SKU55876,牛奶,食品饮料,4,2026-03-27,47.2
104315,SKU83192,食用油,粮油调味,1,2026-03-27,75.87
104315,SKU70571,蘸料,火锅食材,3,2026-03-27,18.41
104316,SKU23047,巧克力,食品饮料,4,2026-03-09,49.77
104316,SKU24638,香蕉,生鲜蔬果,4,2026-03-09,55.91
104316,SKU17108,糖粉,烘焙用品,4,2026-03-09,25.11
104316,SKU39609,大米,粮油调味,4,2026-03-09,22.46
104316,SKU19528,丸子,火锅食材,4,2026-03-09,27.3
104317,SKU21628,鸭血,火锅食材,1,2026-08-26,56.88
104317,SKU75959,巧克力,食品饮料,4,2026-08-26,29.14
104317,SKU68291,鸡翅,肉禽蛋品,5,2026-08-26,40.2
104317,SKU61639,垃圾袋,日化清洁,1,2026-08-26,8.17
104317,SKU74478,排骨,肉禽蛋品,4,2026-08-26,23.01
104318,SKU15599,拖把,日化清洁,4,2026-08-11,50.23
104318,SKU84693,虾仁,肉禽蛋品,4,2026-08-11,60.34
104319,SKU29521,西红柿,生鲜蔬果,2,2026-06-12,45.43
104319,SKU69479,鸡蛋,肉禽蛋品,4,2026-06-12,14.53
104319,SKU63261,黄瓜,生鲜蔬果,3,2026-06-12,21.55
104319,SKU83438,酸奶,食品饮料,4,2026-06-12,64.71
104320,SKU19650,巧克力,食品饮料,3,2026-01-06,31.58
104320,SKU73776,淡奶油,烘焙用品,1,2026-01-06,65.18
104320,SKU86285,鸡肉,肉禽蛋品,3,2026-01-06,27.49
104320,SKU85021,可乐,食品饮料,3,2026-01-06,42.68
104320,SKU55724,垃圾袋,日化清洁,5,2026-01-06,14.68
104320,SKU57320,洗衣液,日化清洁,4,2026-01-06,4.23
104321,SKU10445,蛋糕粉,烘焙用品,2,2026-07-10,19.52
104321,SKU46145,黄油,烘焙用品,5,2026-07-10,28.23
104321,SKU63949,淡奶油,烘焙用品,3,2026-07-10,19.96
104321,SKU86436,鸡蛋,肉禽蛋品,3,2026-07-10,77.31
104321,SKU73477,纸巾,日化清洁,2,2026-07-10,39.74
104321,SKU82983,糖粉,烘焙用品,5,2026-07-10,3.95
104322,SKU25828,蔬菜拼盘,火锅食材,4,2026-09-16,47.73
104322,SKU62005,白糖,粮油调味,3,2026-09-16,36.69
104322,SKU87353,鸭血,火锅食材,2,2026-09-16,71.67
104322,SKU62173,饼干,食品饮料,3,2026-09-16,45.86
104322,SKU54115,鸡肉,肉禽蛋品,2,2026-09-16,58.22
104323,SKU16970,酵母,烘焙用品,5,2026-02-26,75.37
104323,SKU67085,虾仁,肉禽蛋品,5,2026-02-26,73.71
104323,SKU23645,黄油,烘焙用品,4,2026-02-26,32.43
104323,SKU17961,方便面,食品饮料,4,2026-02-26,38.18
104323,SKU24671,油纸,烘焙用品,1,2026-02-26,15.82
104323,SKU15933,肥牛卷,火锅食材,5,2026-02-26,21.17
104324,SKU66713,火锅底料,火锅食材,1,2026-03-02,66.42
104324,SKU48943,丸子,火锅食材,2,2026-03-02,24.74
104324,SKU13517,肥牛卷,火锅食材,3,2026-03-02,3.01
104324,SKU71326,洗衣液,日化清洁,5,2026-03-02,5.44
104324,SKU49746,苹果,生鲜蔬果,2,2026-03-02,70.55
104325,SKU86881,西红柿,生鲜蔬果,3,2026-08-06,33.8
104325,SKU96284,鸡蛋,肉禽蛋品,4,2026-08-06,75.73
104325,SKU80556,黄瓜,生鲜蔬果,1,2026-08-06,27.55
104325,SKU36443,橙子,生鲜蔬果,1,2026-08-06,46.23
104326,SKU53318,苹果,生鲜蔬果,4,2026-01-01,18.44
104326,SKU43190,香蕉,生鲜蔬果,3,2026-01-01,29.3
104326,SKU10181,橙子,生鲜蔬果,2,2026-01-01,14.16
104326,SKU68639,食用油,粮油调味,5,2026-01-01,11.85
104326,SKU70542,毛肚,火锅食材,3,2026-01-01,78.62
104326,SKU96135,可乐,食品饮料,1,2026-01-01,77.27
104327,SKU15724,牛奶,食品饮料,5,2026-02-19,62.05
104327,SKU58856,面包,食品饮料,3,2026-02-19,9.71
104327,SKU78522,模具,烘焙用品,5,2026-02-19,24.73
104327,SKU58885,矿泉水,食品饮料,5,2026-02-19,13.01
104328,SKU31461,酱油,粮油调味,2,2026-09-28,76.31
104328,SKU76455,葡萄,生鲜蔬果,3,2026-09-28,65.12
104329,SKU62859,火锅底料,火锅食材,1,2026-02-21,62.07
104329,SKU34835,丸子,火锅食材,3,2026-02-21,71.92
104329,SKU80497,肥牛卷,火锅食材,1,2026-02-21,20.68
104329,SKU59125,鸭血,火锅食材,3,2026-02-21,9.81
104329,SKU44721,洗发水,日化清洁,2,2026-02-21,46.45
104330,SKU34666,排骨,肉禽蛋品,2,2026-03-17,17.93
104330,SKU82382,胡萝卜,生鲜蔬果,4,2026-03-17,46.16
104330,SKU18118,土豆,生鲜蔬果,4,2026-03-17,43.84
104330,SKU84458,鸭蛋,肉禽蛋品,5,2026-03-17,57.41
104330,SKU93465,香蕉,生鲜蔬果,4,2026-03-17,4.92
104331,SKU93979,牛奶,食品饮料,4,2026-05-16,38.71
104331,SKU40157,面包,食品饮料,1,2026-05-16,44.52
104331,SKU69908,三文鱼,肉禽蛋品,5,2026-05-16,14.09
104331,SKU93669,牛肉,肉禽蛋品,4,2026-05-16,48.45
104332,SKU90153,排骨,肉禽蛋品,3,2026-09-09,51.69
104332,SKU60703,鸡蛋,肉禽蛋品,5,2026-09-09,79.52
104332,SKU42181,面粉,粮油调味,1,2026-09-09,53.23
104333,SKU52786,洗洁精,日化清洁,5,2026-07-14,31.33
104333,SKU39932,羊肉卷,火锅食材,4,2026-07-14,22.28
104333,SKU61642,土豆,生鲜蔬果,1,2026-07-14,79.46
104333,SKU26021,可乐,食品饮料,3,2026-07-14,16.61
104333,SKU41802,鸭蛋,肉禽蛋品,5,2026-07-14,67.14
104333,SKU20351,鸡蛋,肉禽蛋品,3,2026-07-14,33.65
104334,SKU64601,洗衣液,日化清洁,5,2026-01-22,63.28
104334,SKU21167,粉丝,火锅食材,2,2026-01-22,79.99
104334,SKU51988,蛋糕粉,烘焙用品,2,2026-01-22,24.81
104334,SKU98161,白菜,生鲜蔬果,4,2026-01-22,57.91
104334,SKU60542,香草精,烘焙用品,5,2026-01-22,75.88
104335,SKU61704,鸭血,火锅食材,1,2026-09-05,33.62
104335,SKU92006,牛奶,食品饮料,1,2026-09-05,69.6
104335,SKU96220,火锅底料,火锅食材,3,2026-09-05,6.57
104335,SKU52955,牙膏,日化清洁,2,2026-09-05,69.3
104336,SKU57646,蚝油,粮油调味,4,2026-02-19,63.85
104336,SKU40401,苹果,生鲜蔬果,2,2026-02-19,24.46
104336,SKU96049,西红柿,生鲜蔬果,3,2026-02-19,44.67
104336,SKU50565,火锅底料,火锅食材,1,2026-02-19,9.24
104336,SKU62518,果汁,食品饮料,3,2026-02-19,4.28
104337,SKU39550,西红柿,生鲜蔬果,3,2026-05-11,3.99
104337,SKU54513,鸡蛋,肉禽蛋品,5,2026-05-11,77.06
104337,SKU83317,黄瓜,生鲜蔬果,5,2026-05-11,67.09
104337,SKU44435,洗洁精,日化清洁,4,2026-05-11,73.02
104337,SKU47512,淡奶油,烘焙用品,4,2026-05-11,43.64
104337,SKU11689,带鱼,肉禽蛋品,5,2026-05-11,70.84
104338,SKU48405,带鱼,肉禽蛋品,3,2026-09-24,42.59
104338,SKU64036,蔬菜拼盘,火锅食材,2,2026-09-24,13.95
104338,SKU91765,面粉,粮油调味,2,2026-09-24,75.56
104339,SKU46172,苹果,生鲜蔬果,1,2026-09-21,76.43
104339,SKU45748,香蕉,生鲜蔬果,1,2026-09-21,31.97
104339,SKU99037,橙子,生鲜蔬果,1,2026-09-21,4.06
104339,SKU88307,牙膏,日化清洁,1,2026-09-21,33.06
104339,SKU22537,猪肉,肉禽蛋品,3,2026-09-21,38.95
104340,SKU29187,火锅底料,火锅食材,4,2026-02-05,55.85
104340,SKU16149,丸子,火锅食材,5,2026-02-05,17.39
104340,SKU61279,肥牛卷,火锅食材,3,2026-02-05,31.58
104340,SKU87837,鸡蛋,肉禽蛋品,3,2026-02-05,11.92
104341,SKU90166,模具,烘焙用品,1,2026-01-21,76.72
104341,SKU11889,黄瓜,生鲜蔬果,2,2026-01-21,16.37
104341,SKU96018,丸子,火锅食材,3,2026-01-21,34.78
104342,SKU80868,丸子,火锅食材,1,2026-03-04,36.92
104342,SKU87620,沐浴露,日化清洁,2,2026-03-04,31.04
104342,SKU26736,面粉,粮油调味,3,2026-03-04,23.96
104342,SKU27222,垃圾袋,日化清洁,3,2026-03-04,10.58
104342,SKU12663,面包,食品饮料,1,2026-03-04,69.03
104342,SKU92270,肥牛卷,火锅食材,5,2026-03-04,79.02
104343,SKU49615,黄瓜,生鲜蔬果,1,2026-06-23,11.03
104343,SKU92364,丸子,火锅食材,2,2026-06-23,3.29
104344,SKU60907,料酒,粮油调味,1,2026-09-10,68.05
104344,SKU30266,薯片,食品饮料,1,2026-09-10,65.34
104344,SKU36520,方便面,食品饮料,3,2026-09-10,66.16
104344,SKU13418,排骨,肉禽蛋品,4,2026-09-10,74.42
104344,SKU71568,洗衣液,日化清洁,1,2026-09-10,76.81
104345,SKU62795,鸡蛋,肉禽蛋品,1,2026-09-06,13.1
104345,SKU52362,肥牛卷,火锅食材,2,2026-09-06,77.26
104345,SKU81264,蛋挞皮,烘焙用品,4,2026-09-06,45.27
104345,SKU59030,香蕉,生鲜蔬果,4,2026-09-06,48.49
104345,SKU86865,面粉,粮油调味,3,2026-09-06,15.21
104345,SKU62609,面包,食品饮料,1,2026-09-06,5.54
104346,SKU79687,蛋挞皮,烘焙用品,4,2026-03-26,71.98
104346,SKU40195,芝士碎,烘焙用品,2,2026-03-26,13.94
104347,SKU16191,纸巾,日化清洁,3,2026-09-15,5.53
104347,SKU16130,西红柿,生鲜蔬果,1,2026-09-15,68.34
104347,SKU47611,醋,粮油调味,3,2026-09-15,37.52
104348,SKU35219,洗发水,日化清洁,1,2026-01-01,31.94
104348,SKU34543,沐浴露,日化清洁,2,2026-01-01,34.54
104348,SKU39329,牙膏,日化清洁,3,2026-01-01,23.08
104348,SKU84651,消毒液,日化清洁,4,2026-01-01,77.42
104349,SKU28258,芝士碎,烘焙用品,4,2026-06-14,6.31
104349,SKU53440,毛肚,火锅食材,3,2026-06-14,36.35
104349,SKU74509,面粉,粮油调味,5,2026-06-14,49.34
104349,SKU65954,丸子,火锅食材,5,2026-06-14,42.85
104349,SKU27214,蚝油,粮油调味,5,2026-06-14,63.61
104349,SKU96641,面包,食品饮料,1,2026-06-14,28.94
104350,SKU54201,蛋糕粉,烘焙用品,1,2026-06-01,43.24
104350,SKU37658,黄油,烘焙用品,2,2026-06-01,17.64
104350,SKU89209,淡奶油,烘焙用品,5,2026-06-01,9.31
104350,SKU64794,鸡蛋,肉禽蛋品,5,2026-06-01,78.97
104350,SKU95398,鸡翅,肉禽蛋品,2,2026-06-01,73.23
104350,SKU14036,辣椒酱,粮油调味,4,2026-06-01,57.46
104350,SKU43377,拖把,日化清洁,2,2026-06-01,45.81
104351,SKU86546,食用油,粮油调味,1,2026-09-25,79.01
104351,SKU90100,蘸料,火锅食材,4,2026-09-25,70.45
104351,SKU18142,酱油,粮油调味,1,2026-09-25,13.6
104351,SKU55561,酸奶,食品饮料,4,2026-09-25,51.51
104351,SKU23791,鸡蛋,肉禽蛋品,2,2026-09-25,18.21
104351,SKU49242,醋,粮油调味,4,2026-09-25,71.25
104352,SKU47350,可乐,食品饮料,1,2026-07-23,60.12
104352,SKU49826,薯片,食品饮料,4,2026-07-23,70.93
104352,SKU89956,饼干,食品饮料,2,2026-07-23,53.75
104352,SKU64693,巧克力,食品饮料,3,2026-07-23,10.0
104352,SKU74164,芝士碎,烘焙用品,1,2026-07-23,52.99
104352,SKU10581,肥牛卷,火锅食材,2,2026-07-23,23.51
104353,SKU36429,香草精,烘焙用品,2,2026-06-08,75.94
104353,SKU38330,虾仁,肉禽蛋品,4,2026-06-08,10.61
104353,SKU66314,醋,粮油调味,3,2026-06-08,52.49
104353,SKU60184,生菜,生鲜蔬果,3,2026-06-08,44.0
104353,SKU22264,蚝油,粮油调味,4,2026-06-08,8.9
104354,SKU60663,蚝油,粮油调味,4,2026-06-07,3.88
104354,SKU92651,黄瓜,生鲜蔬果,2,2026-06-07,47.89
104354,SKU54688,白糖,粮油调味,4,2026-06-07,5.59
104354,SKU46421,面包,食品饮料,1,2026-06-07,8.88
104354,SKU57705,生菜,生鲜蔬果,2,2026-06-07,39.72
104355,SKU20755,西红柿,生鲜蔬果,4,2026-03-13,64.38
104355,SKU32336,鸡蛋,肉禽蛋品,2,2026-03-13,34.64
104355,SKU80760,黄瓜,生鲜蔬果,3,2026-03-13,49.22
104355,SKU53260,牙膏,日化清洁,3,2026-03-13,57.02
104356,SKU54772,可乐,食品饮料,5,2026-08-03,45.28
104356,SKU20436,薯片,食品饮料,1,2026-08-03,23.12
104356,SKU20088,饼干,食品饮料,4,2026-08-03,11.16
104356,SKU24815,猪肉,肉禽蛋品,2,2026-08-03,17.08
104356,SKU74432,果汁,食品饮料,3,2026-08-03,64.24
104357,SKU35521,牛奶,食品饮料,4,2026-02-03,52.59
104357,SKU26868,黄瓜,生鲜蔬果,1,2026-02-03,16.93
104357,SKU77859,酵母,烘焙用品,5,2026-02-03,45.84
104357,SKU64780,橙子,生鲜蔬果,4,2026-02-03,75.74
104357,SKU41062,淡奶油,烘焙用品,4,2026-02-03,68.3
104358,SKU66000,三文鱼,肉禽蛋品,3,2026-06-04,65.69
104358,SKU27863,醋,粮油调味,1,2026-06-04,9.01
104359,SKU55531,洗衣液,日化清洁,4,2026-07-07,72.62
104359,SKU29898,纸巾,日化清洁,5,2026-07-07,52.79
104359,SKU10568,垃圾袋,日化清洁,5,2026-07-07,20.66
104359,SKU45326,苹果,生鲜蔬果,1,2026-07-07,47.39
104360,SKU86247,洗发水,日化清洁,5,2026-07-08,30.63
104360,SKU21438,沐浴露,日化清洁,4,2026-07-08,74.66
104360,SKU82332,牙膏,日化清洁,4,2026-07-08,55.22
104360,SKU44881,酵母,烘焙用品,5,2026-07-08,51.74
104361,SKU99818,鸡翅,肉禽蛋品,5,2026-01-23,57.26
104361,SKU66314,生菜,生鲜蔬果,4,2026-01-23,19.77
104361,SKU60041,面粉,粮油调味,2,2026-01-23,53.52
104361,SKU93410,白菜,生鲜蔬果,3,2026-01-23,34.83
104361,SKU60201,盐,粮油调味,3,2026-01-23,34.02
104361,SKU33588,黄瓜,生鲜蔬果,3,2026-01-23,62.42
104362,SKU49716,带鱼,肉禽蛋品,1,2026-01-19,72.3
104362,SKU52092,大米,粮油调味,3,2026-01-19,35.47
104362,SKU24650,香草精,烘焙用品,4,2026-01-19,37.64
104362,SKU97891,洗衣液,日化清洁,4,2026-01-19,62.59
104363,SKU49023,蔬菜拼盘,火锅食材,3,2026-09-17,43.3
104363,SKU46782,矿泉水,食品饮料,5,2026-09-17,7.85
104363,SKU78993,胡萝卜,生鲜蔬果,3,2026-09-17,11.72
104363,SKU33768,黄油,烘焙用品,4,2026-09-17,4.4
104364,SKU76053,鸭血,火锅食材,1,2026-06-27,42.95
104364,SKU45309,洗发水,日化清洁,5,2026-06-27,13.89
104364,SKU17744,黄瓜,生鲜蔬果,5,2026-06-27,59.88
104364,SKU18581,料酒,粮油调味,1,2026-06-27,49.11
104365,SKU30936,大米,粮油调味,2,2026-06-28,56.35
104365,SKU10561,猪肉,肉禽蛋品,2,2026-06-28,54.86
104365,SKU75788,矿泉水,食品饮料,4,2026-06-28,24.19
104366,SKU70931,醋,粮油调味,1,2026-08-10,66.87
104366,SKU16207,饼干,食品饮料,3,2026-08-10,46.84
104366,SKU58831,西红柿,生鲜蔬果,2,2026-08-10,59.61
104366,SKU96480,排骨,肉禽蛋品,4,2026-08-10,17.64
104367,SKU48642,蔬菜拼盘,火锅食材,4,2026-06-19,34.51
104367,SKU89347,葡萄,生鲜蔬果,4,2026-06-19,66.03
104367,SKU24268,矿泉水,食品饮料,2,2026-06-19,13.35
104368,SKU90798,鸭血,火锅食材,1,2026-07-10,56.91
104368,SKU39332,丸子,火锅食材,4,2026-07-10,59.93
104368,SKU75567,面包,食品饮料,5,2026-07-10,65.7
104368,SKU83784,酱油,粮油调味,3,2026-07-10,42.82
104368,SKU62591,羊肉卷,火锅食材,5,2026-07-10,6.8
104368,SKU51849,白菜,生鲜蔬果,4,2026-07-10,34.51
104369,SKU66052,蚝油,粮油调味,4,2026-03-09,45.44
104369,SKU43190,苹果,生鲜蔬果,4,2026-03-09,18.91
104369,SKU10994,酸奶,食品饮料,1,2026-03-09,73.77
104369,SKU37700,可乐,食品饮料,1,2026-03-09,51.06
104370,SKU74500,火锅底料,火锅食材,5,2026-07-12,62.48
104370,SKU27945,盐,粮油调味,4,2026-07-12,8.53
104370,SKU80981,羊肉卷,火锅食材,5,2026-07-12,77.65
104370,SKU50829,酱油,粮油调味,3,2026-07-12,23.92
104370,SKU95162,淡奶油,烘焙用品,2,2026-07-12,31.33
104371,SKU74869,蛋糕粉,烘焙用品,4,2026-04-14,39.96
104371,SKU36090,黄油,烘焙用品,5,2026-04-14,78.91
104371,SKU45451,淡奶油,烘焙用品,3,2026-04-14,48.71
104371,SKU41710,鸡蛋,肉禽蛋品,3,2026-04-14,34.66
104371,SKU97598,芝士碎,烘焙用品,3,2026-04-14,16.42
104371,SKU56012,土豆,生鲜蔬果,3,2026-04-14,74.45
104371,SKU65821,鸭血,火锅食材,4,2026-04-14,26.77
104372,SKU52396,洗发水,日化清洁,5,2026-03-02,53.0
104372,SKU84065,带鱼,肉禽蛋品,3,2026-03-02,14.91
104372,SKU16787,肥牛卷,火锅食材,5,2026-03-02,6.56
104372,SKU62534,蚝油,粮油调味,1,2026-03-02,71.7
104372,SKU61167,牙膏,日化清洁,5,2026-03-02,64.83
104373,SKU57864,排骨,肉禽蛋品,4,2026-07-28,71.48
104373,SKU68965,洗洁精,日化清洁,5,2026-07-28,13.63
104373,SKU94948,淡奶油,烘焙用品,5,2026-07-28,38.33
104373,SKU83498,盐,粮油调味,4,2026-07-28,32.31
104373,SKU12521,土豆,生鲜蔬果,1,2026-07-28,62.56
104374,SKU53491,火锅底料,火锅食材,2,2026-03-15,61.92
104374,SKU52491,丸子,火锅食材,1,2026-03-15,78.24
104374,SKU71504,肥牛卷,火锅食材,3,2026-03-15,46.19
104374,SKU58968,油纸,烘焙用品,5,2026-03-15,47.54
104375,SKU17934,牛奶,食品饮料,1,2026-03-08,49.35
104375,SKU65989,面包,食品饮料,4,2026-03-08,25.04
104375,SKU67574,猪肉,肉禽蛋品,5,2026-03-08,63.82
104376,SKU15056,模具,烘焙用品,1,2026-08-24,70.16
104376,SKU32866,油纸,烘焙用品,2,2026-08-24,10.91
104376,SKU59465,可乐,食品饮料,4,2026-08-24,69.7
104376,SKU97651,大米,粮油调味,5,2026-08-24,61.19
104377,SKU13888,蛋挞皮,烘焙用品,4,2026-03-04,9.38
104377,SKU85510,丸子,火锅食材,5,2026-03-04,33.53
104378,SKU56577,葡萄,生鲜蔬果,4,2026-05-15,43.37
104378,SKU77386,鸡翅,肉禽蛋品,2,2026-05-15,39.34
104378,SKU85433,盐,粮油调味,4,2026-05-15,72.23
104378,SKU13995,三文鱼,肉禽蛋品,1,2026-05-15,52.12
104378,SKU22630,油纸,烘焙用品,1,2026-05-15,26.93
104378,SKU67910,鸡蛋,肉禽蛋品,2,2026-05-15,48.15
104379,SKU98933,牛肉,肉禽蛋品,1,2026-02-24,10.88
104379,SKU68217,拖把,日化清洁,1,2026-02-24,10.52
104379,SKU55582,胡萝卜,生鲜蔬果,2,2026-02-24,68.2
104379,SKU77391,酸奶,食品饮料,2,2026-02-24,67.91
104379,SKU25736,丸子,火锅食材,3,2026-02-24,31.28
104380,SKU80186,西红柿,生鲜蔬果,2,2026-03-15,54.65
104380,SKU90546,肥皂,日化清洁,2,2026-03-15,26.75
104381,SKU99378,蔬菜拼盘,火锅食材,4,2026-09-15,48.64
104381,SKU66896,饼干,食品饮料,5,2026-09-15,4.69
104381,SKU63376,鸡蛋,肉禽蛋品,5,2026-09-15,25.9
104381,SKU85539,沐浴露,日化清洁,2,2026-09-15,29.16
104381,SKU31680,拖把,日化清洁,5,2026-09-15,33.93
104382,SKU74402,可乐,食品饮料,5,2026-04-07,10.51
104382,SKU98986,薯片,食品饮料,4,2026-04-07,9.51
104382,SKU73618,饼干,食品饮料,2,2026-04-07,7.66
104382,SKU24360,胡萝卜,生鲜蔬果,5,2026-04-07,36.43
104382,SKU99746,油纸,烘焙用品,1,2026-04-07,44.78
104382,SKU71710,鸭血,火锅食材,3,2026-04-07,37.86
104383,SKU80590,豆腐,火锅食材,3,2026-02-15,44.14
104383,SKU82968,黄油,烘焙用品,4,2026-02-15,61.1
104383,SKU88189,鸭血,火锅食材,2,2026-02-15,23.79
104384,SKU73551,可乐,食品饮料,2,2026-09-15,9.55
104384,SKU53250,薯片,食品饮料,4,2026-09-15,19.44
104384,SKU80233,饼干,食品饮料,2,2026-09-15,64.29
104384,SKU10106,沐浴露,日化清洁,1,2026-09-15,30.58
104384,SKU63230,生菜,生鲜蔬果,3,2026-09-15,67.47
104385,SKU31144,鸡蛋,肉禽蛋品,3,2026-02-24,9.6
104385,SKU77859,洗洁精,日化清洁,5,2026-02-24,29.07
104385,SKU35389,排骨,肉禽蛋品,5,2026-02-24,79.75
104385,SKU88475,拖把,日化清洁,1,2026-02-24,41.64
104385,SKU75210,料酒,粮油调味,5,2026-02-24,68.24
104385,SKU23201,可乐,食品饮料,5,2026-02-24,78.74
104386,SKU47895,鸭血,火锅食材,5,2026-02-28,60.1
104386,SKU16985,香草精,烘焙用品,2,2026-02-28,76.48
104386,SKU48894,虾仁,肉禽蛋品,4,2026-02-28,39.21
104386,SKU74079,方便面,食品饮料,1,2026-02-28,33.43
104387,SKU79704,洗发水,日化清洁,5,2026-02-05,33.07
104387,SKU89429,沐浴露,日化清洁,4,2026-02-05,42.41
104387,SKU45969,牙膏,日化清洁,4,2026-02-05,63.25
104387,SKU26392,鸡蛋,肉禽蛋品,2,2026-02-05,66.63
104387,SKU37747,料酒,粮油调味,3,2026-02-05,56.4
104387,SKU54101,羊肉卷,火锅食材,4,2026-02-05,60.14
104388,SKU77030,酵母,烘焙用品,1,2026-03-07,54.13
104388,SKU68085,牛奶,食品饮料,5,2026-03-07,73.91
104388,SKU54830,油纸,烘焙用品,2,2026-03-07,18.63
104388,SKU35386,鸡肉,肉禽蛋品,4,2026-03-07,76.14
104389,SKU37526,西红柿,生鲜蔬果,2,2026-01-18,29.99
104389,SKU69652,鸡蛋,肉禽蛋品,1,2026-01-18,78.08
104389,SKU25632,黄瓜,生鲜蔬果,4,2026-01-18,62.35
104389,SKU59532,胡萝卜,生鲜蔬果,5,2026-01-18,38.93
104389,SKU94728,肥皂,日化清洁,2,2026-01-18,25.49
104390,SKU26014,方便面,食品饮料,2,2026-08-27,31.01
104390,SKU44092,鸭血,火锅食材,2,2026-08-27,17.55
104390,SKU31999,辣椒酱,粮油调味,4,2026-08-27,51.73
104390,SKU77080,火锅底料,火锅食材,5,2026-08-27,40.76
104390,SKU16523,果汁,食品饮料,2,2026-08-27,37.1
104390,SKU74235,排骨,肉禽蛋品,1,2026-08-27,13.13
104391,SKU38195,橙子,生鲜蔬果,5,2026-02-02,21.62
104391,SKU30565,蚝油,粮油调味,2,2026-02-02,9.44
104392,SKU64086,面包,食品饮料,4,2026-08-20,54.36
104392,SKU95832,洗发水,日化清洁,4,2026-08-20,55.75
104392,SKU33077,食用油,粮油调味,3,2026-08-20,14.55
104392,SKU62731,肥牛卷,火锅食材,2,2026-08-20,40.6
104393,SKU23452,牛肉,肉禽蛋品,4,2026-04-15,35.42
104393,SKU73977,蚝油,粮油调味,2,2026-04-15,51.74
104393,SKU83966,苹果,生鲜蔬果,5,2026-04-15,34.58
104394,SKU56686,洗发水,日化清洁,3,2026-05-27,67.28
104394,SKU81239,沐浴露,日化清洁,3,2026-05-27,57.02
104394,SKU92847,牙膏,日化清洁,2,2026-05-27,37.17
104394,SKU82015,蛋挞皮,烘焙用品,5,2026-05-27,30.84
104395,SKU31329,西红柿,生鲜蔬果,1,2026-02-14,42.66
104395,SKU93814,鸡蛋,肉禽蛋品,5,2026-02-14,36.36
104395,SKU50800,黄瓜,生鲜蔬果,2,2026-02-14,50.67
104395,SKU86989,粉丝,火锅食材,3,2026-02-14,48.99
104395,SKU24112,火锅底料,火锅食材,3,2026-02-14,39.15
104395,SKU55077,鸡肉,肉禽蛋品,3,2026-02-14,68.59
104396,SKU75641,大米,粮油调味,5,2026-07-08,57.91
104396,SKU76891,食用油,粮油调味,5,2026-07-08,31.15
104396,SKU28651,酱油,粮油调味,2,2026-07-08,71.71
104396,SKU37884,肥皂,日化清洁,3,2026-07-08,7.58
104397,SKU36489,西红柿,生鲜蔬果,2,2026-09-04,9.64
104397,SKU30200,鸡蛋,肉禽蛋品,1,2026-09-04,54.07
104397,SKU64282,黄瓜,生鲜蔬果,3,2026-09-04,79.77
104397,SKU60406,橙子,生鲜蔬果,5,2026-09-04,3.28
104397,SKU43313,蘸料,火锅食材,2,2026-09-04,53.45
104397,SKU64473,油纸,烘焙用品,5,2026-09-04,49.58
104398,SKU76803,沐浴露,日化清洁,4,2026-06-19,15.78
104398,SKU85261,火锅底料,火锅食材,3,2026-06-19,19.31
104398,SKU70992,西红柿,生鲜蔬果,5,2026-06-19,57.76
104398,SKU54266,猪肉,肉禽蛋品,3,2026-06-19,58.69
104399,SKU10576,饼干,食品饮料,4,2026-08-07,24.68
104399,SKU20575,排骨,肉禽蛋品,1,2026-08-07,46.04
104399,SKU31655,面包,食品饮料,1,2026-08-07,9.24
104399,SKU16322,三文鱼,肉禽蛋品,5,2026-08-07,5.1
104399,SKU20848,蘸料,火锅食材,2,2026-08-07,59.06
104400,SKU22474,消毒液,日化清洁,2,2026-01-15,3.32
104400,SKU88828,蛋糕粉,烘焙用品,1,2026-01-15,77.4
104400,SKU79279,西红柿,生鲜蔬果,2,2026-01-15,17.21
104401,SKU13437,大米,粮油调味,3,2026-03-04,16.93
104401,SKU75547,食用油,粮油调味,2,2026-03-04,63.16
104401,SKU53943,酱油,粮油调味,1,2026-03-04,63.32
104401,SKU42690,沐浴露,日化清洁,2,2026-03-04,45.57
104402,SKU30896,洗发水,日化清洁,2,2026-04-17,59.16
104402,SKU56409,洗衣液,日化清洁,2,2026-04-17,67.26
104402,SKU78557,肥牛卷,火锅食材,5,2026-04-17,43.0
104402,SKU17182,酵母,烘焙用品,4,2026-04-17,3.12
104402,SKU97117,丸子,火锅食材,1,2026-04-17,4.48
104402,SKU36532,拖把,日化清洁,4,2026-04-17,74.88
104403,SKU30809,洗发水,日化清洁,4,2026-06-05,35.26
104403,SKU51482,葡萄,生鲜蔬果,2,2026-06-05,60.02
104404,SKU55627,鸡蛋,肉禽蛋品,4,2026-08-02,67.21
104404,SKU68749,酵母,烘焙用品,1,2026-08-02,29.99
104404,SKU29945,洗衣液,日化清洁,1,2026-08-02,10.25
104404,SKU24988,橙子,生鲜蔬果,4,2026-08-02,24.25
104404,SKU65664,三文鱼,肉禽蛋品,2,2026-08-02,74.97
104404,SKU64738,粉丝,火锅食材,4,2026-08-02,79.51
104405,SKU29807,大米,粮油调味,4,2026-05-05,9.52
104405,SKU69509,食用油,粮油调味,2,2026-05-05,66.6
104405,SKU29792,酱油,粮油调味,5,2026-05-05,62.23
104405,SKU97962,肥牛卷,火锅食材,2,2026-05-05,12.13
104405,SKU55389,淡奶油,烘焙用品,2,2026-05-05,55.81
104406,SKU39478,黄油,烘焙用品,4,2026-09-17,54.19
104406,SKU23801,鸡肉,肉禽蛋品,4,2026-09-17,74.58
104406,SKU20976,鸡翅,肉禽蛋品,2,2026-09-17,61.76
104406,SKU38332,丸子,火锅食材,1,2026-09-17,63.87
104406,SKU88476,西红柿,生鲜蔬果,4,2026-09-17,75.72
104407,SKU91754,方便面,食品饮料,1,2026-03-17,14.95
104407,SKU54041,粉丝,火锅食材,5,2026-03-17,18.16
104408,SKU42290,西红柿,生鲜蔬果,3,2026-09-15,4.22
104408,SKU79167,鸡蛋,肉禽蛋品,5,2026-09-15,22.94
104408,SKU55755,黄瓜,生鲜蔬果,5,2026-09-15,21.06
104408,SKU81124,排骨,肉禽蛋品,1,2026-09-15,9.24
104408,SKU11144,鸡翅,肉禽蛋品,2,2026-09-15,39.62
104409,SKU65144,面粉,粮油调味,2,2026-03-09,25.27
104409,SKU38010,粉丝,火锅食材,2,2026-03-09,57.51
104409,SKU19818,肥皂,日化清洁,2,2026-03-09,10.01
104409,SKU73092,食用油,粮油调味,5,2026-03-09,61.61
104410,SKU60070,羊肉卷,火锅食材,2,2026-01-03,72.02
104410,SKU21159,虾仁,肉禽蛋品,2,2026-01-03,65.62
104411,SKU76287,模具,烘焙用品,2,2026-01-22,21.06
104411,SKU70465,芝士碎,烘焙用品,3,2026-01-22,29.62
104412,SKU39544,牛奶,食品饮料,4,2026-02-06,77.86
104412,SKU23618,面包,食品饮料,1,2026-02-06,14.8
104412,SKU67135,芝士碎,烘焙用品,2,2026-02-06,78.92
104413,SKU77289,可乐,食品饮料,5,2026-07-08,50.95
104413,SKU78172,薯片,食品饮料,2,2026-07-08,74.39
104413,SKU63975,饼干,食品饮料,4,2026-07-08,25.88
104413,SKU60951,辣椒酱,粮油调味,3,2026-07-08,12.62
104413,SKU54255,肥皂,日化清洁,4,2026-07-08,22.11
104414,SKU71895,豆腐,火锅食材,2,2026-07-17,7.92
104414,SKU66633,带鱼,肉禽蛋品,4,2026-07-17,69.59
104414,SKU94100,辣椒酱,粮油调味,3,2026-07-17,60.81
104415,SKU54815,西红柿,生鲜蔬果,3,2026-04-07,66.55
104415,SKU51882,鸡蛋,肉禽蛋品,4,2026-04-07,74.55
104415,SKU81717,黄瓜,生鲜蔬果,5,2026-04-07,41.39
104415,SKU76376,牛肉,肉禽蛋品,1,2026-04-07,32.37
104415,SKU16989,火锅底料,火锅食材,4,2026-04-07,32.11
104416,SKU61388,白菜,生鲜蔬果,4,2026-07-21,19.16
104416,SKU80017,丸子,火锅食材,2,2026-07-21,20.41
104416,SKU15942,肥皂,日化清洁,5,2026-07-21,23.73
104416,SKU84854,拖把,日化清洁,1,2026-07-21,79.75
104417,SKU33691,肥皂,日化清洁,3,2026-06-18,35.84
104417,SKU13272,酵母,烘焙用品,2,2026-06-18,55.33
104417,SKU52353,橙子,生鲜蔬果,2,2026-06-18,29.12
104417,SKU82335,料酒,粮油调味,3,2026-06-18,40.02
104418,SKU69627,醋,粮油调味,4,2026-02-16,38.16
104418,SKU36715,带鱼,肉禽蛋品,1,2026-02-16,53.21
104418,SKU62678,沐浴露,日化清洁,4,2026-02-16,31.01
104418,SKU15321,鸭蛋,肉禽蛋品,1,2026-02-16,50.74
104418,SKU44224,薯片,食品饮料,3,2026-02-16,17.15
104419,SKU79513,牛肉,肉禽蛋品,5,2026-07-05,38.57
104419,SKU82003,蛋挞皮,烘焙用品,5,2026-07-05,50.78
104419,SKU15726,羊肉卷,火锅食材,2,2026-07-05,46.46
104419,SKU36489,饼干,食品饮料,3,2026-07-05,70.73
104420,SKU58865,火锅底料,火锅食材,1,2026-02-17,25.97
104420,SKU23724,丸子,火锅食材,1,2026-02-17,78.06
104420,SKU86757,肥牛卷,火锅食材,5,2026-02-17,36.74
104420,SKU96375,蔬菜拼盘,火锅食材,4,2026-02-17,22.14
104421,SKU87410,豆腐,火锅食材,3,2026-05-01,39.19
104421,SKU31541,食用油,粮油调味,2,2026-05-01,53.31
104422,SKU33783,猪肉,肉禽蛋品,5,2026-08-18,16.49
104422,SKU36480,香草精,烘焙用品,5,2026-08-18,65.84
104423,SKU31247,鸭血,火锅食材,3,2026-09-20,68.75
104423,SKU71138,纸巾,日化清洁,4,2026-09-20,41.23
104424,SKU19885,牛奶,食品饮料,1,2026-08-02,72.97
104424,SKU50333,面包,食品饮料,5,2026-08-02,32.41
104424,SKU99359,油纸,烘焙用品,4,2026-08-02,35.92
104425,SKU52896,盐,粮油调味,4,2026-06-23,22.37
104425,SKU92721,饼干,食品饮料,1,2026-06-23,7.23
104425,SKU42957,丸子,火锅食材,3,2026-06-23,46.86
104425,SKU42949,纸巾,日化清洁,3,2026-06-23,30.79
104426,SKU98565,食用油,粮油调味,5,2026-06-27,10.55
104426,SKU78087,生菜,生鲜蔬果,1,2026-06-27,10.98
104426,SKU55199,模具,烘焙用品,4,2026-06-27,22.81
104427,SKU27521,黄瓜,生鲜蔬果,2,2026-08-03,7.25
104427,SKU54581,虾仁,肉禽蛋品,5,2026-08-03,22.83
104427,SKU71546,火锅底料,火锅食材,3,2026-08-03,36.46
104427,SKU44644,食用油,粮油调味,2,2026-08-03,36.18
104427,SKU78177,羊肉卷,火锅食材,2,2026-08-03,23.69
104428,SKU90446,排骨,肉禽蛋品,2,2026-04-20,6.88
104428,SKU28295,胡萝卜,生鲜蔬果,4,2026-04-20,8.15
104428,SKU46997,土豆,生鲜蔬果,4,2026-04-20,73.0
104428,SKU55649,羊肉卷,火锅食材,3,2026-04-20,79.06
104428,SKU38362,大米,粮油调味,3,2026-04-20,10.14
104429,SKU30258,蛋糕粉,烘焙用品,2,2026-08-05,45.0
104429,SKU82499,黄油,烘焙用品,3,2026-08-05,34.47
104429,SKU35969,淡奶油,烘焙用品,3,2026-08-05,36.25
104429,SKU75563,鸡蛋,肉禽蛋品,4,2026-08-05,57.37
104429,SKU45842,辣椒酱,粮油调味,2,2026-08-05,43.61
104429,SKU51259,毛肚,火锅食材,2,2026-08-05,52.31
104429,SKU72918,虾仁,肉禽蛋品,5,2026-08-05,24.56
104430,SKU43304,火锅底料,火锅食材,1,2026-04-24,70.56
104430,SKU93002,丸子,火锅食材,5,2026-04-24,55.79
104430,SKU74353,肥牛卷,火锅食材,5,2026-04-24,70.34
104430,SKU92247,生菜,生鲜蔬果,4,2026-04-24,51.41
104430,SKU81250,沐浴露,日化清洁,2,2026-04-24,40.22
104430,SKU82180,毛肚,火锅食材,4,2026-04-24,13.07
104431,SKU63549,苹果,生鲜蔬果,1,2026-09-14,67.38
104431,SKU39763,香蕉,生鲜蔬果,5,2026-09-14,79.04
104431,SKU97122,橙子,生鲜蔬果,2,2026-09-14,40.99
104431,SKU20782,酱油,粮油调味,2,2026-09-14,34.28
104432,SKU99771,可乐,食品饮料,4,2026-05-07,42.43
104432,SKU90025,薯片,食品饮料,2,2026-05-07,25.41
104432,SKU44822,饼干,食品饮料,1,2026-05-07,49.45
104432,SKU31358,肥皂,日化清洁,1,2026-05-07,79.03
104432,SKU47592,料酒,粮油调味,5,2026-05-07,27.82
104432,SKU43663,火锅底料,火锅食材,4,2026-05-07,4.58
104433,SKU88901,牛肉,肉禽蛋品,3,2026-09-27,50.48
104433,SKU85093,酱油,粮油调味,2,2026-09-27,45.59
104433,SKU21652,黄油,烘焙用品,5,2026-09-27,15.39
104434,SKU22724,方便面,食品饮料,5,2026-08-09,12.63
104434,SKU85100,纸巾,日化清洁,1,2026-08-09,13.77
104434,SKU71107,鸭血,火锅食材,4,2026-08-09,8.16
104434,SKU14038,蛋糕粉,烘焙用品,2,2026-08-09,60.29
104434,SKU28017,丸子,火锅食材,1,2026-08-09,8.57
104434,SKU24369,料酒,粮油调味,5,2026-08-09,17.23
104435,SKU74402,苹果,生鲜蔬果,3,2026-09-05,32.33
104435,SKU73868,香蕉,生鲜蔬果,3,2026-09-05,4.66
104435,SKU45202,橙子,生鲜蔬果,3,2026-09-05,5.2
104435,SKU27568,矿泉水,食品饮料,4,2026-09-05,66.63
104436,SKU90284,猪肉,肉禽蛋品,2,2026-03-09,64.85
104436,SKU54665,胡萝卜,生鲜蔬果,4,2026-03-09,57.93
104436,SKU66690,黄油,烘焙用品,1,2026-03-09,33.47
104436,SKU63140,羊肉卷,火锅食材,1,2026-03-09,76.5
104437,SKU93510,消毒液,日化清洁,5,2026-02-04,45.77
104437,SKU81307,白糖,粮油调味,5,2026-02-04,56.26
104437,SKU89799,猪肉,肉禽蛋品,2,2026-02-04,56.18
104437,SKU35084,鸭蛋,肉禽蛋品,4,2026-02-04,69.98
104437,SKU70002,白菜,生鲜蔬果,5,2026-02-04,28.96
104438,SKU44287,鸡肉,肉禽蛋品,3,2026-04-24,3.07
104438,SKU46061,醋,粮油调味,4,2026-04-24,22.49
104438,SKU44692,香蕉,生鲜蔬果,2,2026-04-24,66.52
104438,SKU67957,饼干,食品饮料,2,2026-04-24,43.38
104439,SKU98973,牛奶,食品饮料,4,2026-04-19,56.45
104439,SKU17396,面包,食品饮料,5,2026-04-19,11.81
104439,SKU36753,排骨,肉禽蛋品,4,2026-04-19,11.07
104439,SKU44018,白糖,粮油调味,3,2026-04-19,63.28
104440,SKU89077,薯片,食品饮料,4,2026-07-28,68.56
104440,SKU57038,油纸,烘焙用品,2,2026-07-28,65.86
104440,SKU25600,鸭蛋,肉禽蛋品,5,2026-07-28,28.8
104440,SKU53092,西红柿,生鲜蔬果,1,2026-07-28,37.94
104441,SKU59861,西红柿,生鲜蔬果,1,2026-05-21,26.71
104441,SKU91422,面粉,粮油调味,2,2026-05-21,15.19
104441,SKU87020,羊肉卷,火锅食材,5,2026-05-21,46.91
104441,SKU32807,酱油,粮油调味,2,2026-05-21,55.96
104441,SKU23010,虾仁,肉禽蛋品,5,2026-05-21,4.2
104442,SKU51192,可乐,食品饮料,4,2026-01-28,77.55
104442,SKU77329,蛋挞皮,烘焙用品,5,2026-01-28,48.24
104442,SKU77059,排骨,肉禽蛋品,4,2026-01-28,52.31
104442,SKU78431,糖粉,烘焙用品,5,2026-01-28,64.73
104442,SKU95642,沐浴露,日化清洁,3,2026-01-28,46.13
104442,SKU77896,食用油,粮油调味,2,2026-01-28,45.1
104443,SKU52731,排骨,肉禽蛋品,1,2026-09-19,42.74
104443,SKU75964,胡萝卜,生鲜蔬果,1,2026-09-19,54.23
104443,SKU42668,土豆,生鲜蔬果,1,2026-09-19,26.94
104443,SKU80704,糖粉,烘焙用品,3,2026-09-19,61.06
104444,SKU33597,丸子,火锅食材,2,2026-01-18,52.76
104444,SKU78779,胡萝卜,生鲜蔬果,5,2026-01-18,15.69
104444,SKU60830,芝士碎,烘焙用品,1,2026-01-18,8.71
104444,SKU37387,白糖,粮油调味,2,2026-01-18,23.62
104445,SKU35548,牛肉,肉禽蛋品,1,2026-09-01,57.8
104445,SKU53940,毛肚,火锅食材,5,2026-09-01,54.04
104446,SKU27369,消毒液,日化清洁,5,2026-01-07,74.68
104446,SKU93580,黄油,烘焙用品,2,2026-01-07,43.48
104446,SKU13010,洗发水,日化清洁,1,2026-01-07,26.62
104446,SKU64174,羊肉卷,火锅食材,1,2026-01-07,34.0
104446,SKU28086,鸡肉,肉禽蛋品,2,2026-01-07,77.49
104447,SKU86269,西红柿,生鲜蔬果,4,2026-03-12,47.82
104447,SKU17606,鸡翅,肉禽蛋品,3,2026-03-12,30.18
104447,SKU87306,带鱼,肉禽蛋品,3,2026-03-12,65.15
104447,SKU29985,白糖,粮油调味,3,2026-03-12,15.83
104447,SKU85146,丸子,火锅食材,2,2026-03-12,22.49
104448,SKU76221,排骨,肉禽蛋品,1,2026-09-22,30.83
104448,SKU32091,胡萝卜,生鲜蔬果,3,2026-09-22,79.64
104448,SKU55718,土豆,生鲜蔬果,4,2026-09-22,39.17
104448,SKU94343,巧克力,食品饮料,1,2026-09-22,20.87
104448,SKU98442,大米,粮油调味,5,2026-09-22,54.15
104448,SKU29919,虾仁,肉禽蛋品,4,2026-09-22,76.66
104449,SKU25853,牛肉,肉禽蛋品,5,2026-08-26,5.42
104449,SKU42379,矿泉水,食品饮料,3,2026-08-26,64.88
104449,SKU12260,葡萄,生鲜蔬果,3,2026-08-26,28.4
104449,SKU66241,酱油,粮油调味,4,2026-08-26,53.08
104449,SKU93468,带鱼,肉禽蛋品,4,2026-08-26,78.46
104449,SKU73295,芝士碎,烘焙用品,3,2026-08-26,24.81
104450,SKU68144,白菜,生鲜蔬果,2,2026-02-08,66.27
104450,SKU51763,牙膏,日化清洁,2,2026-02-08,70.3
104450,SKU31518,火锅底料,火锅食材,4,2026-02-08,73.83
104450,SKU37810,鸭蛋,肉禽蛋品,3,2026-02-08,38.48
104450,SKU59755,排骨,肉禽蛋品,2,2026-02-08,59.83
104451,SKU35603,可乐,食品饮料,1,2026-09-10,62.45
104451,SKU57897,薯片,食品饮料,2,2026-09-10,16.19
104451,SKU36656,饼干,食品饮料,4,2026-09-10,62.3
104451,SKU85602,洗洁精,日化清洁,4,2026-09-10,11.14
104451,SKU14195,带鱼,肉禽蛋品,3,2026-09-10,6.11
104452,SKU43217,排骨,肉禽蛋品,1,2026-08-04,10.56
104452,SKU28591,胡萝卜,生鲜蔬果,4,2026-08-04,6.27
104452,SKU24640,土豆,生鲜蔬果,5,2026-08-04,13.7
104452,SKU28296,鸭蛋,肉禽蛋品,5,2026-08-04,15.95
104452,SKU70398,牛肉,肉禽蛋品,4,2026-08-04,30.17
104453,SKU92596,食用油,粮油调味,4,2026-06-26,21.32
104453,SKU33035,酸奶,食品饮料,1,2026-06-26,15.62
104453,SKU10041,肥牛卷,火锅食材,5,2026-06-26,17.61
104453,SKU80885,芝士碎,烘焙用品,5,2026-06-26,25.29
104454,SKU78029,火锅底料,火锅食材,1,2026-06-25,77.62
104454,SKU26906,丸子,火锅食材,4,2026-06-25,52.73
104454,SKU89908,肥牛卷,火锅食材,1,2026-06-25,36.42
104454,SKU12528,黄油,烘焙用品,3,2026-06-25,62.03
104455,SKU50925,鸭血,火锅食材,2,2026-03-15,28.0
104455,SKU55492,蚝油,粮油调味,3,2026-03-15,44.29
104456,SKU53603,蛋挞皮,烘焙用品,3,2026-04-04,52.68
104456,SKU95847,鸡翅,肉禽蛋品,4,2026-04-04,40.58
104456,SKU27457,猪肉,肉禽蛋品,1,2026-04-04,47.66
104457,SKU95395,洗发水,日化清洁,4,2026-01-03,7.92
104457,SKU34696,沐浴露,日化清洁,3,2026-01-03,25.09
104457,SKU80099,牙膏,日化清洁,5,2026-01-03,32.05
104457,SKU81480,巧克力,食品饮料,5,2026-01-03,5.09
104457,SKU30319,鸭蛋,肉禽蛋品,2,2026-01-03,8.17
104458,SKU22954,肥牛卷,火锅食材,5,2026-04-09,49.24
104458,SKU25885,三文鱼,肉禽蛋品,5,2026-04-09,53.57
104458,SKU11888,淡奶油,烘焙用品,2,2026-04-09,17.37
104459,SKU78643,排骨,肉禽蛋品,5,2026-06-17,6.81
104459,SKU70473,胡萝卜,生鲜蔬果,2,2026-06-17,61.26
104459,SKU29322,土豆,生鲜蔬果,4,2026-06-17,52.24
104459,SKU63449,豆腐,火锅食材,2,2026-06-17,53.54
104459,SKU10519,垃圾袋,日化清洁,5,2026-06-17,18.81
104460,SKU57793,白菜,生鲜蔬果,5,2026-02-10,9.05
104460,SKU93265,黄瓜,生鲜蔬果,4,2026-02-10,20.55
104460,SKU15966,香蕉,生鲜蔬果,5,2026-02-10,16.08
104461,SKU26393,料酒,粮油调味,4,2026-06-13,32.61
104461,SKU71722,鸭血,火锅食材,3,2026-06-13,34.71
104461,SKU58813,苹果,生鲜蔬果,1,2026-06-13,29.4
104462,SKU65578,洗衣液,日化清洁,1,2026-04-10,13.73
104462,SKU41756,纸巾,日化清洁,4,2026-04-10,9.29
104462,SKU53967,垃圾袋,日化清洁,3,2026-04-10,58.83
104462,SKU45574,黄油,烘焙用品,4,2026-04-10,63.5
104462,SKU43384,洗发水,日化清洁,1,2026-04-10,25.7
104463,SKU69374,牛奶,食品饮料,5,2026-03-16,7.8
104463,SKU83290,面包,食品饮料,5,2026-03-16,55.58
104463,SKU18682,鸭血,火锅食材,1,2026-03-16,23.24
104463,SKU66120,盐,粮油调味,5,2026-03-16,34.58
104463,SKU57684,丸子,火锅食材,4,2026-03-16,18.48
104464,SKU14582,葡萄,生鲜蔬果,5,2026-07-27,73.13
104464,SKU38566,白菜,生鲜蔬果,3,2026-07-27,70.57
104464,SKU24429,排骨,肉禽蛋品,2,2026-07-27,70.88
104464,SKU88297,三文鱼,肉禽蛋品,3,2026-07-27,57.86
104464,SKU64510,洗洁精,日化清洁,4,2026-07-27,18.05
104464,SKU10054,牛奶,食品饮料,1,2026-07-27,64.2
104465,SKU84653,丸子,火锅食材,5,2026-03-10,75.49
104465,SKU51681,猪肉,肉禽蛋品,3,2026-03-10,76.16
104466,SKU63903,牙膏,日化清洁,2,2026-03-17,41.67
104466,SKU97775,辣椒酱,粮油调味,1,2026-03-17,11.05
104467,SKU84238,蛋糕粉,烘焙用品,3,2026-01-12,18.45
104467,SKU97712,黄油,烘焙用品,3,2026-01-12,66.44
104467,SKU71114,淡奶油,烘焙用品,4,2026-01-12,30.4
104467,SKU96802,鸡蛋,肉禽蛋品,3,2026-01-12,58.05
104467,SKU62806,糖粉,烘焙用品,3,2026-01-12,52.17
104468,SKU47913,洗洁精,日化清洁,2,2026-04-06,56.18
104468,SKU77166,土豆,生鲜蔬果,4,2026-04-06,37.84
104468,SKU96044,蚝油,粮油调味,1,2026-04-06,41.49
104469,SKU77579,可乐,食品饮料,1,2026-04-23,25.77
104469,SKU48751,薯片,食品饮料,4,2026-04-23,19.03
104469,SKU71065,饼干,食品饮料,4,2026-04-23,78.91
104469,SKU59828,丸子,火锅食材,5,2026-04-23,26.63
104469,SKU88866,猪肉,肉禽蛋品,3,2026-04-23,47.67
104470,SKU22819,消毒液,日化清洁,1,2026-09-28,39.77
104470,SKU43608,食用油,粮油调味,1,2026-09-28,8.75
104470,SKU83271,苹果,生鲜蔬果,2,2026-09-28,22.02
104471,SKU40645,排骨,肉禽蛋品,1,2026-02-18,60.39
104471,SKU35758,胡萝卜,生鲜蔬果,3,2026-02-18,33.77
104471,SKU90468,土豆,生鲜蔬果,1,2026-02-18,37.88
104471,SKU62957,消毒液,日化清洁,1,2026-02-18,16.97
104472,SKU14744,蚝油,粮油调味,5,2026-08-08,37.63
104472,SKU69945,芝士碎,烘焙用品,1,2026-08-08,10.84
104472,SKU80496,蛋挞皮,烘焙用品,3,2026-08-08,28.63
104472,SKU29881,排骨,肉禽蛋品,5,2026-08-08,21.73
104472,SKU50495,糖粉,烘焙用品,1,2026-08-08,50.85
104473,SKU38925,酸奶,食品饮料,3,2026-01-05,22.1
104473,SKU85075,胡萝卜,生鲜蔬果,3,2026-01-05,76.21
104473,SKU19377,黄油,烘焙用品,1,2026-01-05,9.0
104474,SKU51996,排骨,肉禽蛋品,1,2026-09-03,79.65
104474,SKU31640,橙子,生鲜蔬果,2,2026-09-03,45.72
104474,SKU47447,沐浴露,日化清洁,1,2026-09-03,67.99
104475,SKU52310,纸巾,日化清洁,3,2026-07-21,71.2
104475,SKU79452,牙膏,日化清洁,2,2026-07-21,62.92
104475,SKU51209,酸奶,食品饮料,1,2026-07-21,45.11
104475,SKU44785,蛋糕粉,烘焙用品,5,2026-07-21,29.13
104475,SKU49055,粉丝,火锅食材,5,2026-07-21,36.42
104475,SKU77188,洗发水,日化清洁,5,2026-07-21,40.24
104476,SKU16253,蛋糕粉,烘焙用品,5,2026-04-06,57.12
104476,SKU50791,白菜,生鲜蔬果,5,2026-04-06,48.0
104477,SKU30312,酵母,烘焙用品,2,2026-06-06,23.21
104477,SKU45930,牛肉,肉禽蛋品,4,2026-06-06,23.54
104477,SKU44762,蔬菜拼盘,火锅食材,1,2026-06-06,60.07
104477,SKU38583,蘸料,火锅食材,2,2026-06-06,71.59
104477,SKU43835,黄瓜,生鲜蔬果,3,2026-06-06,58.55
104478,SKU81964,蔬菜拼盘,火锅食材,5,2026-09-04,18.23
104478,SKU46653,沐浴露,日化清洁,3,2026-09-04,48.55
104478,SKU46586,辣椒酱,粮油调味,5,2026-09-04,52.01
104478,SKU73848,蛋糕粉,烘焙用品,4,2026-09-04,20.15
104479,SKU93448,糖粉,烘焙用品,5,2026-03-11,31.77
104479,SKU87021,盐,粮油调味,4,2026-03-11,8.24
104479,SKU60689,土豆,生鲜蔬果,1,2026-03-11,44.57
104479,SKU31101,芝士碎,烘焙用品,2,2026-03-11,51.67
104479,SKU89298,辣椒酱,粮油调味,3,2026-03-11,45.21
104480,SKU75502,蛋糕粉,烘焙用品,2,2026-08-15,13.18
104480,SKU46590,黄油,烘焙用品,5,2026-08-15,15.51
104480,SKU21946,淡奶油,烘焙用品,5,2026-08-15,49.67
104480,SKU49353,鸡蛋,肉禽蛋品,5,2026-08-15,13.59
104480,SKU57504,肥牛卷,火锅食材,3,2026-08-15,75.62
104480,SKU68190,酵母,烘焙用品,2,2026-08-15,58.05
104481,SKU64181,葡萄,生鲜蔬果,5,2026-03-09,49.13
104481,SKU80539,面粉,粮油调味,5,2026-03-09,29.55
104482,SKU81213,模具,烘焙用品,3,2026-01-16,43.8
104482,SKU70272,生菜,生鲜蔬果,2,2026-01-16,14.38
104482,SKU57402,粉丝,火锅食材,5,2026-01-16,56.83
104482,SKU53910,豆腐,火锅食材,4,2026-01-16,14.02
104482,SKU65218,牛肉,肉禽蛋品,3,2026-01-16,48.46
104483,SKU74322,苹果,生鲜蔬果,5,2026-06-10,66.87
104483,SKU36926,香蕉,生鲜蔬果,2,2026-06-10,42.02
104483,SKU22031,橙子,生鲜蔬果,5,2026-06-10,10.33
104483,SKU22070,淡奶油,烘焙用品,2,2026-06-10,65.02
104483,SKU83440,油纸,烘焙用品,1,2026-06-10,4.49
104483,SKU40628,葡萄,生鲜蔬果,1,2026-06-10,65.52
104484,SKU96499,虾仁,肉禽蛋品,3,2026-09-21,41.14
104484,SKU45241,黄瓜,生鲜蔬果,3,2026-09-21,22.06
104484,SKU80381,酵母,烘焙用品,1,2026-09-21,22.48
104484,SKU21684,醋,粮油调味,5,2026-09-21,5.31
104485,SKU95970,葡萄,生鲜蔬果,3,2026-08-27,40.15
104485,SKU95896,模具,烘焙用品,2,2026-08-27,39.5
104485,SKU18610,可乐,食品饮料,3,2026-08-27,22.08
104486,SKU80033,洗发水,日化清洁,3,2026-02-16,12.21
104486,SKU96000,沐浴露,日化清洁,2,2026-02-16,66.68
104486,SKU11033,牙膏,日化清洁,5,2026-02-16,61.66
104486,SKU88341,香草精,烘焙用品,3,2026-02-16,43.71
104487,SKU66728,苹果,生鲜蔬果,4,2026-06-20,11.09
104487,SKU19632,香蕉,生鲜蔬果,5,2026-06-20,74.27
104487,SKU68438,橙子,生鲜蔬果,4,2026-06-20,43.7
104487,SKU44729,丸子,火锅食材,4,2026-06-20,70.52
104487,SKU48598,带鱼,肉禽蛋品,1,2026-06-20,9.6
104488,SKU25334,排骨,肉禽蛋品,5,2026-08-13,10.15
104488,SKU10016,胡萝卜,生鲜蔬果,4,2026-08-13,64.55
104488,SKU67445,土豆,生鲜蔬果,2,2026-08-13,56.89
104488,SKU94647,方便面,食品饮料,4,2026-08-13,77.56
104488,SKU11956,面包,食品饮料,2,2026-08-13,72.6
104488,SKU24592,香草精,烘焙用品,5,2026-08-13,65.21
104489,SKU87204,牛奶,食品饮料,2,2026-06-16,72.91
104489,SKU96831,面包,食品饮料,1,2026-06-16,18.47
104489,SKU51099,纸巾,日化清洁,2,2026-06-16,59.06
104489,SKU74250,虾仁,肉禽蛋品,4,2026-06-16,25.33
104490,SKU59515,西红柿,生鲜蔬果,5,2026-07-13,44.18
104490,SKU55104,鸡蛋,肉禽蛋品,4,2026-07-13,64.96
104490,SKU74851,黄瓜,生鲜蔬果,1,2026-07-13,36.84
104490,SKU77302,葡萄,生鲜蔬果,2,2026-07-13,11.73
104491,SKU87161,蛋糕粉,烘焙用品,2,2026-02-10,54.77
104491,SKU92649,黄油,烘焙用品,1,2026-02-10,77.92
104491,SKU47699,淡奶油,烘焙用品,1,2026-02-10,33.51
104491,SKU21735,鸡蛋,肉禽蛋品,3,2026-02-10,19.15
104491,SKU36029,白菜,生鲜蔬果,5,2026-02-10,20.34
104492,SKU83611,果汁,食品饮料,5,2026-09-11,29.27
104492,SKU78174,黄瓜,生鲜蔬果,5,2026-09-11,53.19
104492,SKU53799,芝士碎,烘焙用品,1,2026-09-11,55.5
104493,SKU68799,酱油,粮油调味,4,2026-03-26,66.11
104493,SKU36518,饼干,食品饮料,1,2026-03-26,12.89
104493,SKU41362,糖粉,烘焙用品,5,2026-03-26,79.78
104493,SKU86110,香蕉,生鲜蔬果,4,2026-03-26,66.26
104493,SKU87660,生菜,生鲜蔬果,4,2026-03-26,62.61
104494,SKU57659,酱油,粮油调味,2,2026-02-28,69.76
104494,SKU46926,鸡翅,肉禽蛋品,1,2026-02-28,39.33
104494,SKU58462,黄瓜,生鲜蔬果,5,2026-02-28,11.06
104494,SKU32194,蛋糕粉,烘焙用品,3,2026-02-28,78.81
104494,SKU49085,垃圾袋,日化清洁,3,2026-02-28,17.73
104494,SKU80941,毛肚,火锅食材,4,2026-02-28,3.73
104495,SKU67537,三文鱼,肉禽蛋品,2,2026-02-04,40.82
104495,SKU33990,蚝油,粮油调味,3,2026-02-04,21.6
104495,SKU90402,淡奶油,烘焙用品,3,2026-02-04,30.08
104495,SKU56799,鸡蛋,肉禽蛋品,1,2026-02-04,14.43
104496,SKU45088,大米,粮油调味,2,2026-04-23,11.81
104496,SKU89182,食用油,粮油调味,3,2026-04-23,63.95
104496,SKU28620,酱油,粮油调味,2,2026-04-23,47.42
104496,SKU92479,蛋挞皮,烘焙用品,1,2026-04-23,62.06
104496,SKU79134,饼干,食品饮料,4,2026-04-23,39.82
104496,SKU95999,盐,粮油调味,2,2026-04-23,49.24
104497,SKU93442,鸡肉,肉禽蛋品,3,2026-05-01,60.52
104497,SKU43226,消毒液,日化清洁,3,2026-05-01,79.43
104497,SKU35848,白菜,生鲜蔬果,5,2026-05-01,17.58
104497,SKU65474,鸭血,火锅食材,5,2026-05-01,36.57
104498,SKU73775,蛋糕粉,烘焙用品,5,2026-06-23,23.94
104498,SKU42720,黄油,烘焙用品,4,2026-06-23,34.22
104498,SKU84956,淡奶油,烘焙用品,5,2026-06-23,5.43
104498,SKU33179,鸡蛋,肉禽蛋品,1,2026-06-23,37.47
104498,SKU62638,排骨,肉禽蛋品,3,2026-06-23,19.89
104498,SKU10241,鸡翅,肉禽蛋品,1,2026-06-23,73.28
104498,SKU36126,生菜,生鲜蔬果,4,2026-06-23,68.58
104499,SKU37498,洗衣液,日化清洁,3,2026-01-06,7.35
104499,SKU47450,纸巾,日化清洁,5,2026-01-06,51.55
104499,SKU18685,垃圾袋,日化清洁,4,2026-01-06,77.28
104499,SKU91701,消毒液,日化清洁,1,2026-01-06,40.68
104499,SKU67905,带鱼,肉禽蛋品,3,2026-01-06,20.5
104500,SKU51080,香草精,烘焙用品,1,2026-07-15,57.13
104500,SKU59151,淡奶油,烘焙用品,3,2026-07-15,40.64
104500,SKU13038,矿泉水,食品饮料,4,2026-07-15,4.37
104500,SKU39420,可乐,食品饮料,1,2026-07-15,37.91
104500,SKU33713,白糖,粮油调味,4,2026-07-15,33.49
104500,SKU91957,辣椒酱,粮油调味,3,2026-07-15,12.46
104501,SKU80187,橙子,生鲜蔬果,3,2026-02-20,4.31
104501,SKU38159,虾仁,肉禽蛋品,3,2026-02-20,17.48
104502,SKU99173,蛋糕粉,烘焙用品,4,2026-04-11,58.66
104502,SKU97833,黄油,烘焙用品,2,2026-04-11,67.2
104502,SKU69450,淡奶油,烘焙用品,5,2026-04-11,63.16
104502,SKU64521,鸡蛋,肉禽蛋品,5,2026-04-11,11.09
104502,SKU74041,芝士碎,烘焙用品,5,2026-04-11,32.85
104503,SKU71959,苹果,生鲜蔬果,5,2026-07-16,45.08
104503,SKU94395,香蕉,生鲜蔬果,5,2026-07-16,56.06
104503,SKU73136,橙子,生鲜蔬果,5,2026-07-16,55.39
104503,SKU30444,酸奶,食品饮料,2,2026-07-16,41.99
104503,SKU58200,蛋糕粉,烘焙用品,5,2026-07-16,23.53
104503,SKU96588,巧克力,食品饮料,4,2026-07-16,69.08
104504,SKU31441,鸡肉,肉禽蛋品,5,2026-01-21,77.26
104504,SKU59983,鸡翅,肉禽蛋品,3,2026-01-21,49.26
104504,SKU65793,巧克力,食品饮料,5,2026-01-21,9.73
104504,SKU20581,淡奶油,烘焙用品,3,2026-01-21,75.79
104505,SKU34169,香蕉,生鲜蔬果,2,2026-08-09,4.84
104505,SKU76717,鸭蛋,肉禽蛋品,5,2026-08-09,40.28
104506,SKU72900,牛奶,食品饮料,3,2026-04-07,35.86
104506,SKU22237,面包,食品饮料,1,2026-04-07,77.01
104506,SKU88219,糖粉,烘焙用品,2,2026-04-07,42.35
104506,SKU28585,牛肉,肉禽蛋品,1,2026-04-07,55.88
104507,SKU80425,面粉,粮油调味,3,2026-02-09,69.91
104507,SKU34295,沐浴露,日化清洁,4,2026-02-09,18.03
104507,SKU19302,酱油,粮油调味,2,2026-02-09,72.93
104507,SKU97764,鸭血,火锅食材,4,2026-02-09,78.31
104508,SKU87543,模具,烘焙用品,5,2026-06-02,52.53
104508,SKU59478,黄瓜,生鲜蔬果,3,2026-06-02,7.96
104508,SKU78454,饼干,食品饮料,3,2026-06-02,12.84
104508,SKU16764,丸子,火锅食材,4,2026-06-02,46.67
104509,SKU17955,酵母,烘焙用品,4,2026-06-24,38.77
104509,SKU60624,鸭血,火锅食材,1,2026-06-24,34.91
104509,SKU45030,拖把,日化清洁,1,2026-06-24,44.87
104510,SKU23502,面粉,粮油调味,4,2026-08-13,54.83
104510,SKU63613,牛肉,肉禽蛋品,5,2026-08-13,30.56
104510,SKU36343,方便面,食品饮料,4,2026-08-13,29.8
104511,SKU65469,蚝油,粮油调味,3,2026-01-13,30.34
104511,SKU52985,洗洁精,日化清洁,5,2026-01-13,54.71
104511,SKU97915,可乐,食品饮料,3,2026-01-13,15.12
104511,SKU26326,面包,食品饮料,4,2026-01-13,69.85
104511,SKU95325,火锅底料,火锅食材,5,2026-01-13,61.64
104512,SKU66399,肥牛卷,火锅食材,5,2026-06-03,24.61
104512,SKU77651,香蕉,生鲜蔬果,3,2026-06-03,75.3
104512,SKU62914,土豆,生鲜蔬果,1,2026-06-03,20.23
104512,SKU25158,生菜,生鲜蔬果,4,2026-06-03,59.83
104512,SKU47299,饼干,食品饮料,1,2026-06-03,29.62
104513,SKU34800,巧克力,食品饮料,2,2026-01-11,30.67
104513,SKU25065,食用油,粮油调味,5,2026-01-11,33.13
104513,SKU68352,大米,粮油调味,5,2026-01-11,12.54
104514,SKU62512,洗衣液,日化清洁,2,2026-04-04,6.86
104514,SKU38356,纸巾,日化清洁,5,2026-04-04,8.87
104514,SKU26983,垃圾袋,日化清洁,4,2026-04-04,49.45
104514,SKU98455,苹果,生鲜蔬果,3,2026-04-04,42.95
104515,SKU42805,洗衣液,日化清洁,4,2026-08-26,56.23
104515,SKU14162,纸巾,日化清洁,1,2026-08-26,61.24
104515,SKU41690,垃圾袋,日化清洁,2,2026-08-26,25.98
104515,SKU54956,料酒,粮油调味,2,2026-08-26,22.79
104515,SKU44861,蔬菜拼盘,火锅食材,1,2026-08-26,56.05
104516,SKU20393,洗发水,日化清洁,1,2026-02-04,52.44
104516,SKU84949,沐浴露,日化清洁,2,2026-02-04,78.67
104516,SKU94172,牙膏,日化清洁,4,2026-02-04,55.5
104516,SKU92194,蔬菜拼盘,火锅食材,2,2026-02-04,75.38
104517,SKU24819,蛋糕粉,烘焙用品,5,2026-02-15,44.18
104517,SKU26550,黄油,烘焙用品,1,2026-02-15,11.22
104517,SKU24918,淡奶油,烘焙用品,1,2026-02-15,60.9
104517,SKU45250,鸡蛋,肉禽蛋品,2,2026-02-15,54.47
104517,SKU18277,洗衣液,日化清洁,1,2026-02-15,37.68
104517,SKU66315,面包,食品饮料,3,2026-02-15,75.53
104518,SKU57803,排骨,肉禽蛋品,5,2026-07-08,39.49
104518,SKU97034,胡萝卜,生鲜蔬果,2,2026-07-08,76.53
104518,SKU74966,土豆,生鲜蔬果,3,2026-07-08,71.56
104518,SKU92814,醋,粮油调味,5,2026-07-08,62.58
104518,SKU41870,方便面,食品饮料,5,2026-07-08,48.03
104519,SKU46785,蛋挞皮,烘焙用品,2,2026-03-08,75.75
104519,SKU68125,矿泉水,食品饮料,3,2026-03-08,9.9
104519,SKU88334,食用油,粮油调味,3,2026-03-08,18.95
104519,SKU71144,模具,烘焙用品,4,2026-03-08,68.72
104519,SKU28150,方便面,食品饮料,3,2026-03-08,19.91
104520,SKU17914,排骨,肉禽蛋品,5,2026-02-25,59.66
104520,SKU87622,胡萝卜,生鲜蔬果,4,2026-02-25,65.03
104520,SKU73498,土豆,生鲜蔬果,1,2026-02-25,14.51
104520,SKU92231,牙膏,日化清洁,3,2026-02-25,34.49
104521,SKU51404,苹果,生鲜蔬果,3,2026-01-23,61.19
104521,SKU95116,酱油,粮油调味,1,2026-01-23,72.74
104521,SKU93174,生菜,生鲜蔬果,3,2026-01-23,60.11
104521,SKU46058,方便面,食品饮料,2,2026-01-23,18.8
104521,SKU83925,丸子,火锅食材,4,2026-01-23,61.86
104522,SKU66282,糖粉,烘焙用品,1,2026-04-04,37.51
104522,SKU35837,洗洁精,日化清洁,4,2026-04-04,63.92
104522,SKU65766,可乐,食品饮料,4,2026-04-04,40.35
104522,SKU84954,醋,粮油调味,1,2026-04-04,55.41
104523,SKU39029,鸡翅,肉禽蛋品,5,2026-07-17,16.18
104523,SKU14612,粉丝,火锅食材,5,2026-07-17,64.05
104523,SKU38932,消毒液,日化清洁,1,2026-07-17,30.03
104523,SKU95247,牛奶,食品饮料,1,2026-07-17,32.1
104523,SKU10965,橙子,生鲜蔬果,4,2026-07-17,56.21
104524,SKU96244,苹果,生鲜蔬果,2,2026-05-02,22.46
104524,SKU66993,香蕉,生鲜蔬果,4,2026-05-02,68.06
104524,SKU63072,橙子,生鲜蔬果,4,2026-05-02,4.58
104524,SKU59320,面粉,粮油调味,3,2026-05-02,6.46
104525,SKU36744,洗发水,日化清洁,5,2026-05-13,3.84
104525,SKU71794,沐浴露,日化清洁,2,2026-05-13,11.0
104525,SKU69908,牙膏,日化清洁,3,2026-05-13,43.91
104525,SKU69316,蛋挞皮,烘焙用品,5,2026-05-13,6.67
104525,SKU97129,淡奶油,烘焙用品,4,2026-05-13,37.23
104525,SKU24417,盐,粮油调味,3,2026-05-13,44.57
104526,SKU54017,虾仁,肉禽蛋品,5,2026-04-22,30.84
104526,SKU44685,肥牛卷,火锅食材,2,2026-04-22,47.48
104527,SKU87203,毛肚,火锅食材,1,2026-09-22,76.49
104527,SKU40158,淡奶油,烘焙用品,3,2026-09-22,27.84
104527,SKU45091,排骨,肉禽蛋品,3,2026-09-22,7.39
104528,SKU19393,洗洁精,日化清洁,5,2026-02-13,69.4
104528,SKU76193,垃圾袋,日化清洁,4,2026-02-13,67.95
104528,SKU72531,葡萄,生鲜蔬果,4,2026-02-13,48.99
104529,SKU36285,蚝油,粮油调味,1,2026-03-25,3.14
104529,SKU56747,芝士碎,烘焙用品,3,2026-03-25,78.64
104529,SKU90434,白菜,生鲜蔬果,5,2026-03-25,75.44
104529,SKU52370,垃圾袋,日化清洁,5,2026-03-25,28.22
104529,SKU13428,鸡蛋,肉禽蛋品,5,2026-03-25,7.71
104530,SKU20139,牛奶,食品饮料,4,2026-07-07,21.72
104530,SKU55447,面包,食品饮料,4,2026-07-07,33.03
104530,SKU69324,蘸料,火锅食材,5,2026-07-07,20.32
104531,SKU11464,牛肉,肉禽蛋品,2,2026-04-26,42.99
104531,SKU88274,苹果,生鲜蔬果,4,2026-04-26,10.33
104532,SKU83200,盐,粮油调味,3,2026-06-17,70.13
104532,SKU46596,西红柿,生鲜蔬果,5,2026-06-17,15.06
104532,SKU32658,排骨,肉禽蛋品,5,2026-06-17,16.24
104532,SKU55680,酱油,粮油调味,3,2026-06-17,38.55
104532,SKU51777,矿泉水,食品饮料,3,2026-06-17,56.94
104533,SKU56503,鸭血,火锅食材,5,2026-02-11,61.7
104533,SKU22246,垃圾袋,日化清洁,5,2026-02-11,43.24
104533,SKU63675,可乐,食品饮料,1,2026-02-11,50.93
104534,SKU94621,洗衣液,日化清洁,1,2026-01-05,51.84
104534,SKU81187,纸巾,日化清洁,1,2026-01-05,77.63
104534,SKU91780,垃圾袋,日化清洁,2,2026-01-05,46.5
104534,SKU29061,蛋挞皮,烘焙用品,4,2026-01-05,63.07
104534,SKU23116,蔬菜拼盘,火锅食材,4,2026-01-05,77.08
104534,SKU11032,蛋糕粉,烘焙用品,2,2026-01-05,47.74
104535,SKU90091,洗发水,日化清洁,3,2026-05-06,32.43
104535,SKU50774,沐浴露,日化清洁,5,2026-05-06,12.4
104535,SKU93712,牙膏,日化清洁,3,2026-05-06,21.01
104535,SKU89598,羊肉卷,火锅食材,4,2026-05-06,18.54
104536,SKU46848,食用油,粮油调味,1,2026-01-02,4.02
104536,SKU38421,猪肉,肉禽蛋品,1,2026-01-02,33.07
104536,SKU61702,蚝油,粮油调味,1,2026-01-02,24.62
104536,SKU16470,橙子,生鲜蔬果,4,2026-01-02,18.6
104536,SKU48114,方便面,食品饮料,5,2026-01-02,10.99
104537,SKU78058,洗衣液,日化清洁,2,2026-07-03,71.59
104537,SKU71031,纸巾,日化清洁,5,2026-07-03,35.24
104538,SKU26812,苹果,生鲜蔬果,2,2026-05-13,58.93
104538,SKU34964,香蕉,生鲜蔬果,1,2026-05-13,49.79
104538,SKU60923,橙子,生鲜蔬果,4,2026-05-13,8.75
104538,SKU76619,洗发水,日化清洁,3,2026-05-13,23.69
104538,SKU94799,带鱼,肉禽蛋品,3,2026-05-13,22.52
104539,SKU64654,可乐,食品饮料,4,2026-03-14,51.2
104539,SKU83852,薯片,食品饮料,2,2026-03-14,23.74
104539,SKU66814,饼干,食品饮料,4,2026-03-14,66.18
104539,SKU92220,辣椒酱,粮油调味,2,2026-03-14,71.84
104540,SKU61862,模具,烘焙用品,1,2026-04-11,40.32
104540,SKU16107,方便面,食品饮料,4,2026-04-11,72.81
104540,SKU51850,豆腐,火锅食材,5,2026-04-11,60.93
104541,SKU48928,面粉,粮油调味,4,2026-05-12,79.94
104541,SKU87139,洗衣液,日化清洁,2,2026-05-12,75.37
104541,SKU41429,饼干,食品饮料,2,2026-05-12,17.07
104541,SKU81436,可乐,食品饮料,5,2026-05-12,22.78
104541,SKU10844,洗发水,日化清洁,4,2026-05-12,35.28
104541,SKU51414,生菜,生鲜蔬果,1,2026-05-12,53.64
104542,SKU82523,火锅底料,火锅食材,5,2026-05-27,76.84
104542,SKU37777,香蕉,生鲜蔬果,4,2026-05-27,53.27
104542,SKU70490,酵母,烘焙用品,1,2026-05-27,60.16
104543,SKU96431,牛奶,食品饮料,5,2026-03-17,15.2
104543,SKU13032,面包,食品饮料,4,2026-03-17,25.51
104543,SKU77968,西红柿,生鲜蔬果,2,2026-03-17,43.6
104544,SKU42018,蘸料,火锅食材,5,2026-04-14,3.62
104544,SKU89959,淡奶油,烘焙用品,5,2026-04-14,19.57
104544,SKU99140,苹果,生鲜蔬果,5,2026-04-14,73.76
104544,SKU76962,牛肉,肉禽蛋品,1,2026-04-14,53.24
104544,SKU64733,沐浴露,日化清洁,4,2026-04-14,74.35
104545,SKU33859,矿泉水,食品饮料,1,2026-08-11,41.01
104545,SKU96812,酵母,烘焙用品,1,2026-08-11,75.71
104545,SKU34557,饼干,食品饮料,5,2026-08-11,6.66
104545,SKU70206,白糖,粮油调味,5,2026-08-11,76.25
104546,SKU61133,蘸料,火锅食材,3,2026-04-19,37.39
104546,SKU47793,鸭血,火锅食材,5,2026-04-19,18.95
104546,SKU14826,牙膏,日化清洁,3,2026-04-19,66.08
104546,SKU38426,蚝油,粮油调味,3,2026-04-19,44.27
104546,SKU50688,丸子,火锅食材,4,2026-04-19,45.38
104546,SKU77214,模具,烘焙用品,5,2026-04-19,76.06
104547,SKU67048,大米,粮油调味,1,2026-07-02,43.85
104547,SKU99471,食用油,粮油调味,5,2026-07-02,50.1
104547,SKU74445,酱油,粮油调味,3,2026-07-02,30.0
104547,SKU44389,三文鱼,肉禽蛋品,4,2026-07-02,42.26
104547,SKU58456,垃圾袋,日化清洁,2,2026-07-02,47.68
104548,SKU32183,鸡肉,肉禽蛋品,1,2026-01-24,67.59
104548,SKU30240,蘸料,火锅食材,4,2026-01-24,62.2
104548,SKU85005,猪肉,肉禽蛋品,5,2026-01-24,70.08
104548,SKU90343,果汁,食品饮料,1,2026-01-24,70.49
104548,SKU97697,料酒,粮油调味,4,2026-01-24,20.1
104548,SKU73922,牙膏,日化清洁,4,2026-01-24,60.68
104549,SKU54631,洗发水,日化清洁,1,2026-09-04,31.6
104549,SKU11219,沐浴露,日化清洁,3,2026-09-04,10.74
104549,SKU86692,牙膏,日化清洁,2,2026-09-04,10.54
104549,SKU30471,酸奶,食品饮料,5,2026-09-04,79.55
104550,SKU21084,食用油,粮油调味,1,2026-02-24,33.96
104550,SKU92747,盐,粮油调味,3,2026-02-24,77.79
104550,SKU89322,蘸料,火锅食材,3,2026-02-24,19.34
104551,SKU36995,粉丝,火锅食材,4,2026-05-06,25.56
104551,SKU57201,巧克力,食品饮料,2,2026-05-06,45.03
104551,SKU68884,黄瓜,生鲜蔬果,2,2026-05-06,77.13
104552,SKU33623,牙膏,日化清洁,5,2026-05-04,44.86
104552,SKU40728,香草精,烘焙用品,5,2026-05-04,31.56
104552,SKU23434,鸡蛋,肉禽蛋品,2,2026-05-04,18.56
104553,SKU73734,大米,粮油调味,5,2026-06-04,53.58
104553,SKU50828,食用油,粮油调味,1,2026-06-04,43.39
104553,SKU44507,酱油,粮油调味,4,2026-06-04,40.57
104553,SKU11230,豆腐,火锅食材,1,2026-06-04,68.03
104553,SKU45186,糖粉,烘焙用品,4,2026-06-04,11.37
104554,SKU19287,酸奶,食品饮料,2,2026-04-11,17.05
104554,SKU53775,生菜,生鲜蔬果,1,2026-04-11,12.37
104554,SKU34471,白菜,生鲜蔬果,1,2026-04-11,42.96
104554,SKU76922,蘸料,火锅食材,3,2026-04-11,55.42
104554,SKU93304,带鱼,肉禽蛋品,4,2026-04-11,52.75
104555,SKU45599,洗衣液,日化清洁,4,2026-02-10,41.79
104555,SKU69902,纸巾,日化清洁,1,2026-02-10,24.72
104555,SKU55084,垃圾袋,日化清洁,3,2026-02-10,39.89
104555,SKU69901,牙膏,日化清洁,3,2026-02-10,46.17
104555,SKU51861,沐浴露,日化清洁,5,2026-02-10,52.63
104556,SKU44975,拖把,日化清洁,3,2026-08-13,71.13
104556,SKU82579,蚝油,粮油调味,4,2026-08-13,38.37
104557,SKU95151,火锅底料,火锅食材,3,2026-08-08,22.19
104557,SKU36229,丸子,火锅食材,3,2026-08-08,66.93
104557,SKU75286,肥牛卷,火锅食材,4,2026-08-08,66.96
104557,SKU97998,糖粉,烘焙用品,3,2026-08-08,72.83
104557,SKU37853,沐浴露,日化清洁,4,2026-08-08,70.27
104557,SKU38477,香草精,烘焙用品,1,2026-08-08,22.53
104558,SKU32194,可乐,食品饮料,5,2026-07-19,73.64
104558,SKU40407,薯片,食品饮料,4,2026-07-19,51.82
104558,SKU58605,饼干,食品饮料,1,2026-07-19,37.03
104558,SKU53717,鸡翅,肉禽蛋品,1,2026-07-19,23.12
104559,SKU74904,苹果,生鲜蔬果,3,2026-08-24,68.6
104559,SKU14052,香蕉,生鲜蔬果,3,2026-08-24,71.83
104559,SKU94728,橙子,生鲜蔬果,1,2026-08-24,54.86
104559,SKU53658,糖粉,烘焙用品,1,2026-08-24,55.91
104559,SKU90300,巧克力,食品饮料,5,2026-08-24,30.48
104559,SKU82018,排骨,肉禽蛋品,2,2026-08-24,8.53
104560,SKU43071,糖粉,烘焙用品,1,2026-06-16,33.91
104560,SKU81712,洗衣液,日化清洁,4,2026-06-16,43.92
104561,SKU12832,洗衣液,日化清洁,1,2026-05-24,60.24
104561,SKU73982,纸巾,日化清洁,5,2026-05-24,46.63
104561,SKU56540,垃圾袋,日化清洁,3,2026-05-24,45.6
104561,SKU31921,油纸,烘焙用品,3,2026-05-24,70.86
104561,SKU49056,消毒液,日化清洁,1,2026-05-24,41.52
104561,SKU40680,大米,粮油调味,5,2026-05-24,55.63
104562,SKU66707,薯片,食品饮料,4,2026-06-04,12.47
104562,SKU78382,肥牛卷,火锅食材,4,2026-06-04,20.45
104563,SKU21602,食用油,粮油调味,1,2026-06-24,75.64
104563,SKU97914,消毒液,日化清洁,2,2026-06-24,65.29
104563,SKU45931,蚝油,粮油调味,1,2026-06-24,9.42
104563,SKU70575,酱油,粮油调味,5,2026-06-24,54.33
104563,SKU66767,饼干,食品饮料,1,2026-06-24,18.74
104564,SKU12368,西红柿,生鲜蔬果,5,2026-05-03,75.17
104564,SKU99074,鸡蛋,肉禽蛋品,5,2026-05-03,70.46
104564,SKU72920,黄瓜,生鲜蔬果,4,2026-05-03,23.81
104564,SKU88229,粉丝,火锅食材,4,2026-05-03,18.54
104565,SKU99176,洗衣液,日化清洁,2,2026-08-21,30.93
104565,SKU99895,鸡蛋,肉禽蛋品,4,2026-08-21,65.83
104565,SKU46793,香草精,烘焙用品,4,2026-08-21,3.82
104565,SKU21883,白糖,粮油调味,4,2026-08-21,28.33
104565,SKU93515,纸巾,日化清洁,4,2026-08-21,20.32
104566,SKU33361,垃圾袋,日化清洁,5,2026-08-15,52.45
104566,SKU10275,模具,烘焙用品,5,2026-08-15,55.01
104567,SKU59072,猪肉,肉禽蛋品,5,2026-07-01,35.5
104567,SKU40371,食用油,粮油调味,3,2026-07-01,61.26
104567,SKU53650,土豆,生鲜蔬果,2,2026-07-01,63.24
104567,SKU81799,醋,粮油调味,5,2026-07-01,40.3
104567,SKU11947,毛肚,火锅食材,5,2026-07-01,74.19
104567,SKU28445,面粉,粮油调味,2,2026-07-01,13.28
104568,SKU60012,可乐,食品饮料,1,2026-05-26,53.67
104568,SKU45099,薯片,食品饮料,5,2026-05-26,53.5
104568,SKU76340,饼干,食品饮料,3,2026-05-26,46.77
104568,SKU13849,鸡蛋,肉禽蛋品,2,2026-05-26,61.34
104568,SKU38239,蛋挞皮,烘焙用品,4,2026-05-26,24.15
104569,SKU44798,大米,粮油调味,5,2026-02-23,47.86
104569,SKU73445,食用油,粮油调味,2,2026-02-23,59.99
104569,SKU87561,酱油,粮油调味,4,2026-02-23,73.67
104569,SKU97340,鸡翅,肉禽蛋品,4,2026-02-23,10.48
104569,SKU41116,虾仁,肉禽蛋品,4,2026-02-23,12.18
104570,SKU30244,粉丝,火锅食材,4,2026-07-02,35.96
104570,SKU46437,鸡翅,肉禽蛋品,2,2026-07-02,58.11
104570,SKU59932,生菜,生鲜蔬果,1,2026-07-02,77.73
104571,SKU11076,鸭血,火锅食材,3,2026-06-13,36.58
104571,SKU70352,蛋挞皮,烘焙用品,4,2026-06-13,15.7
104571,SKU65944,黄瓜,生鲜蔬果,3,2026-06-13,35.25
104572,SKU64839,洗发水,日化清洁,1,2026-03-07,14.4
104572,SKU75344,沐浴露,日化清洁,4,2026-03-07,78.44
104572,SKU35408,牙膏,日化清洁,4,2026-03-07,59.33
104572,SKU80422,酸奶,食品饮料,4,2026-03-07,47.32
104573,SKU83590,牛奶,食品饮料,5,2026-09-19,73.06
104573,SKU89808,面包,食品饮料,3,2026-09-19,12.06
104573,SKU82256,毛肚,火锅食材,4,2026-09-19,48.76
104573,SKU27222,矿泉水,食品饮料,1,2026-09-19,19.18
104573,SKU32094,白糖,粮油调味,2,2026-09-19,54.44
104574,SKU65160,洗衣液,日化清洁,2,2026-05-19,28.72
104574,SKU39157,纸巾,日化清洁,1,2026-05-19,27.0
104574,SKU55127,垃圾袋,日化清洁,5,2026-05-19,54.53
104574,SKU76142,面粉,粮油调味,1,2026-05-19,72.64
104574,SKU97621,白菜,生鲜蔬果,5,2026-05-19,28.45
104574,SKU77697,醋,粮油调味,2,2026-05-19,37.52
104575,SKU66935,西红柿,生鲜蔬果,1,2026-04-25,25.05
104575,SKU79484,鸡蛋,肉禽蛋品,2,2026-04-25,42.59
104575,SKU64121,黄瓜,生鲜蔬果,2,2026-04-25,20.68
104575,SKU81868,淡奶油,烘焙用品,4,2026-04-25,44.3
104575,SKU20758,酵母,烘焙用品,4,2026-04-25,33.15
104575,SKU73714,纸巾,日化清洁,3,2026-04-25,15.21
104576,SKU54091,模具,烘焙用品,1,2026-02-27,70.45
104576,SKU18082,可乐,食品饮料,4,2026-02-27,56.12
104576,SKU60155,芝士碎,烘焙用品,5,2026-02-27,23.32
104576,SKU86251,拖把,日化清洁,5,2026-02-27,40.87
104576,SKU16413,面粉,粮油调味,3,2026-02-27,64.63
104577,SKU90782,淡奶油,烘焙用品,5,2026-01-09,76.05
104577,SKU93866,带鱼,肉禽蛋品,4,2026-01-09,34.34
104577,SKU29178,三文鱼,肉禽蛋品,4,2026-01-09,52.7
104577,SKU90295,垃圾袋,日化清洁,5,2026-01-09,34.24
104577,SKU83973,香草精,烘焙用品,5,2026-01-09,64.27
104578,SKU30167,洗发水,日化清洁,4,2026-03-18,53.67
104578,SKU61868,沐浴露,日化清洁,1,2026-03-18,77.09
104578,SKU59624,牙膏,日化清洁,3,2026-03-18,42.39
104578,SKU32471,鸡蛋,肉禽蛋品,5,2026-03-18,4.56
104578,SKU72000,肥牛卷,火锅食材,4,2026-03-18,20.58
104579,SKU74560,辣椒酱,粮油调味,2,2026-02-09,9.13
104579,SKU60812,蛋糕粉,烘焙用品,4,2026-02-09,36.31
104580,SKU70153,垃圾袋,日化清洁,1,2026-01-04,62.47
104580,SKU80605,火锅底料,火锅食材,1,2026-01-04,58.9
104580,SKU44039,薯片,食品饮料,4,2026-01-04,7.77
104581,SKU58169,西红柿,生鲜蔬果,4,2026-06-01,76.03
104581,SKU59722,可乐,食品饮料,3,2026-06-01,73.49
104581,SKU43366,蛋糕粉,烘焙用品,4,2026-06-01,36.59
104581,SKU57099,洗衣液,日化清洁,1,2026-06-01,28.24
104582,SKU97657,生菜,生鲜蔬果,4,2026-08-01,23.46
104582,SKU82413,橙子,生鲜蔬果,2,2026-08-01,74.06
104582,SKU14005,模具,烘焙用品,1,2026-08-01,61.34
104582,SKU11638,薯片,食品饮料,3,2026-08-01,57.46
104582,SKU36909,沐浴露,日化清洁,5,2026-08-01,28.43
104582,SKU44304,胡萝卜,生鲜蔬果,5,2026-08-01,25.93
104583,SKU21668,蛋糕粉,烘焙用品,5,2026-06-08,22.92
104583,SKU62791,黄油,烘焙用品,3,2026-06-08,9.63
104583,SKU22411,淡奶油,烘焙用品,4,2026-06-08,70.11
104583,SKU57607,鸡蛋,肉禽蛋品,4,2026-06-08,67.43
104583,SKU34635,羊肉卷,火锅食材,5,2026-06-08,36.1
104584,SKU93685,西红柿,生鲜蔬果,2,2026-02-22,77.58
104584,SKU59751,鸡蛋,肉禽蛋品,5,2026-02-22,74.44
104584,SKU89278,黄瓜,生鲜蔬果,3,2026-02-22,7.06
104584,SKU26457,蛋糕粉,烘焙用品,2,2026-02-22,14.27
104585,SKU53118,可乐,食品饮料,1,2026-08-23,68.15
104585,SKU18387,虾仁,肉禽蛋品,3,2026-08-23,36.88
104586,SKU68820,纸巾,日化清洁,4,2026-07-17,16.74
104586,SKU45310,沐浴露,日化清洁,4,2026-07-17,36.38
104586,SKU68436,虾仁,肉禽蛋品,2,2026-07-17,74.93
104586,SKU16822,香蕉,生鲜蔬果,1,2026-07-17,3.88
104586,SKU79475,蘸料,火锅食材,1,2026-07-17,63.88
104587,SKU95976,香草精,烘焙用品,5,2026-05-15,69.53
104587,SKU93938,蛋糕粉,烘焙用品,1,2026-05-15,43.75
104587,SKU61489,大米,粮油调味,4,2026-05-15,21.37
104587,SKU85171,生菜,生鲜蔬果,1,2026-05-15,16.18
104588,SKU86994,蛋挞皮,烘焙用品,5,2026-07-05,54.23
104588,SKU69097,橙子,生鲜蔬果,4,2026-07-05,29.94
104588,SKU83412,面包,食品饮料,1,2026-07-05,36.38
104588,SKU76897,薯片,食品饮料,3,2026-07-05,10.44
104588,SKU64811,西红柿,生鲜蔬果,5,2026-07-05,51.26
104589,SKU18499,排骨,肉禽蛋品,5,2026-03-02,10.25
104589,SKU81873,胡萝卜,生鲜蔬果,1,2026-03-02,44.49
104589,SKU52084,土豆,生鲜蔬果,2,2026-03-02,76.22
104589,SKU57444,鸭血,火锅食材,2,2026-03-02,59.62
104589,SKU65478,牛肉,肉禽蛋品,4,2026-03-02,30.6
104589,SKU82097,洗衣液,日化清洁,5,2026-03-02,5.76
104590,SKU45734,矿泉水,食品饮料,5,2026-03-07,39.89
104590,SKU69723,豆腐,火锅食材,1,2026-03-07,27.26
104590,SKU78628,橙子,生鲜蔬果,1,2026-03-07,38.82
104590,SKU36745,面包,食品饮料,3,2026-03-07,38.03
104591,SKU81914,洗衣液,日化清洁,2,2026-05-13,3.79
104591,SKU76756,纸巾,日化清洁,2,2026-05-13,31.04
104591,SKU27247,垃圾袋,日化清洁,1,2026-05-13,52.43
104591,SKU53400,肥皂,日化清洁,5,2026-05-13,45.68
104592,SKU34381,蘸料,火锅食材,4,2026-02-25,59.3
104592,SKU59281,猪肉,肉禽蛋品,4,2026-02-25,50.71
104592,SKU46091,蛋糕粉,烘焙用品,4,2026-02-25,62.98
104593,SKU44701,牛奶,食品饮料,5,2026-02-27,20.96
104593,SKU31667,面包,食品饮料,3,2026-02-27,74.87
104593,SKU92424,三文鱼,肉禽蛋品,1,2026-02-27,53.87
104594,SKU10867,牛奶,食品饮料,5,2026-04-28,50.21
104594,SKU74957,面包,食品饮料,3,2026-04-28,72.46
104594,SKU85536,料酒,粮油调味,4,2026-04-28,51.0
104594,SKU18511,肥牛卷,火锅食材,5,2026-04-28,27.63
104594,SKU57035,土豆,生鲜蔬果,5,2026-04-28,69.98
104595,SKU90210,大米,粮油调味,3,2026-03-18,56.76
104595,SKU67144,食用油,粮油调味,4,2026-03-18,70.58
104595,SKU87249,酱油,粮油调味,5,2026-03-18,49.87
104595,SKU37849,葡萄,生鲜蔬果,5,2026-03-18,70.78
104595,SKU78918,消毒液,日化清洁,2,2026-03-18,58.95
104596,SKU58076,大米,粮油调味,1,2026-05-18,10.62
104596,SKU60817,食用油,粮油调味,5,2026-05-18,59.42
104596,SKU98704,酱油,粮油调味,5,2026-05-18,65.12
104596,SKU86911,土豆,生鲜蔬果,3,2026-05-18,23.62
104597,SKU32062,牛奶,食品饮料,5,2026-09-19,28.22
104597,SKU32541,面包,食品饮料,2,2026-09-19,31.94
104597,SKU36123,酸奶,食品饮料,4,2026-09-19,57.89
104597,SKU69379,蛋挞皮,烘焙用品,4,2026-09-19,69.19
104597,SKU69757,洗洁精,日化清洁,1,2026-09-19,79.62
104598,SKU26231,香蕉,生鲜蔬果,4,2026-09-19,13.31
104598,SKU31938,醋,粮油调味,4,2026-09-19,41.83
104598,SKU98254,豆腐,火锅食材,5,2026-09-19,75.37
104598,SKU45306,丸子,火锅食材,1,2026-09-19,64.73
104598,SKU68937,三文鱼,肉禽蛋品,3,2026-09-19,46.09
104599,SKU47277,牛奶,食品饮料,1,2026-05-15,24.8
104599,SKU91865,虾仁,肉禽蛋品,5,2026-05-15,66.85
104599,SKU29609,牙膏,日化清洁,2,2026-05-15,30.07
104599,SKU40040,火锅底料,火锅食材,2,2026-05-15,43.65
104599,SKU14573,酱油,粮油调味,5,2026-05-15,60.11
104599,SKU10168,消毒液,日化清洁,5,2026-05-15,46.21
104600,SKU97838,虾仁,肉禽蛋品,4,2026-03-11,74.74
104600,SKU49555,酸奶,食品饮料,1,2026-03-11,14.28
104600,SKU73310,巧克力,食品饮料,5,2026-03-11,77.67
104600,SKU33137,可乐,食品饮料,5,2026-03-11,41.28
104601,SKU41069,大米,粮油调味,2,2026-07-17,42.94
104601,SKU48675,食用油,粮油调味,1,2026-07-17,26.07
104601,SKU49569,酱油,粮油调味,2,2026-07-17,53.24
104601,SKU44763,黄瓜,生鲜蔬果,2,2026-07-17,24.2
104601,SKU15176,纸巾,日化清洁,3,2026-07-17,15.24
104602,SKU80166,牛奶,食品饮料,1,2026-04-20,53.14
104602,SKU41820,面包,食品饮料,3,2026-04-20,25.66
104602,SKU34272,酸奶,食品饮料,4,2026-04-20,44.27
104603,SKU92118,苹果,生鲜蔬果,2,2026-07-21,44.45
104603,SKU21637,香蕉,生鲜蔬果,3,2026-07-21,69.89
104603,SKU69869,橙子,生鲜蔬果,3,2026-07-21,49.49
104603,SKU61523,洗发水,日化清洁,5,2026-07-21,28.71
104603,SKU32661,蘸料,火锅食材,4,2026-07-21,33.73
104604,SKU16322,火锅底料,火锅食材,2,2026-05-10,16.79
104604,SKU45537,丸子,火锅食材,3,2026-05-10,59.48
104604,SKU39325,肥牛卷,火锅食材,5,2026-05-10,42.56
104604,SKU23782,可乐,食品饮料,4,2026-05-10,15.64
104605,SKU28111,巧克力,食品饮料,3,2026-08-26,33.92
104605,SKU61255,矿泉水,食品饮料,5,2026-08-26,77.01
104605,SKU72321,胡萝卜,生鲜蔬果,1,2026-08-26,79.34
104605,SKU34555,沐浴露,日化清洁,3,2026-08-26,44.12
104605,SKU70365,橙子,生鲜蔬果,5,2026-08-26,42.26
104606,SKU34203,蛋糕粉,烘焙用品,3,2026-06-11,40.58
104606,SKU21966,黄油,烘焙用品,1,2026-06-11,56.09
104606,SKU58067,淡奶油,烘焙用品,4,2026-06-11,15.2
104606,SKU59142,鸡蛋,肉禽蛋品,3,2026-06-11,61.81
104606,SKU87456,蔬菜拼盘,火锅食材,5,2026-06-11,46.35
104606,SKU84812,牛奶,食品饮料,3,2026-06-11,16.28
104606,SKU40054,面粉,粮油调味,4,2026-06-11,17.08
104607,SKU25338,火锅底料,火锅食材,2,2026-08-10,46.64
104607,SKU36419,丸子,火锅食材,1,2026-08-10,33.84
104607,SKU97333,肥牛卷,火锅食材,4,2026-08-10,23.14
104607,SKU33117,鸡蛋,肉禽蛋品,5,2026-08-10,41.19
104607,SKU22437,酱油,粮油调味,2,2026-08-10,6.44
104608,SKU68235,鸡翅,肉禽蛋品,3,2026-06-09,78.87
104608,SKU36999,酸奶,食品饮料,3,2026-06-09,44.54
104608,SKU26441,蘸料,火锅食材,4,2026-06-09,24.52
104608,SKU81348,辣椒酱,粮油调味,4,2026-06-09,53.4
104609,SKU57462,虾仁,肉禽蛋品,4,2026-01-13,28.93
104609,SKU94880,面粉,粮油调味,5,2026-01-13,50.99
104610,SKU31148,橙子,生鲜蔬果,1,2026-06-05,56.55
104610,SKU67112,方便面,食品饮料,3,2026-06-05,34.18
104610,SKU14874,纸巾,日化清洁,2,2026-06-05,39.93
104611,SKU19688,面包,食品饮料,5,2026-07-09,44.32
104611,SKU26119,垃圾袋,日化清洁,5,2026-07-09,71.58
104611,SKU86046,拖把,日化清洁,1,2026-07-09,63.02
104612,SKU21620,虾仁,肉禽蛋品,1,2026-02-19,62.6
104612,SKU37242,蛋挞皮,烘焙用品,4,2026-02-19,55.93
104612,SKU61251,饼干,食品饮料,3,2026-02-19,53.44
104612,SKU10793,鸭蛋,肉禽蛋品,1,2026-02-19,20.96
104613,SKU17303,火锅底料,火锅食材,4,2026-01-04,9.92
104613,SKU37350,丸子,火锅食材,2,2026-01-04,35.03
104613,SKU44699,肥牛卷,火锅食材,1,2026-01-04,20.3
104613,SKU23933,鸡蛋,肉禽蛋品,4,2026-01-04,49.71
104613,SKU29039,粉丝,火锅食材,5,2026-01-04,6.31
104614,SKU14362,丸子,火锅食材,5,2026-09-22,27.08
104614,SKU71751,猪肉,肉禽蛋品,4,2026-09-22,75.11
104615,SKU71441,豆腐,火锅食材,1,2026-02-09,5.27
104615,SKU98359,生菜,生鲜蔬果,2,2026-02-09,62.69
104615,SKU77392,垃圾袋,日化清洁,3,2026-02-09,70.4
104615,SKU20100,辣椒酱,粮油调味,2,2026-02-09,70.23
104615,SKU21140,酱油,粮油调味,1,2026-02-09,36.6
104615,SKU75742,苹果,生鲜蔬果,2,2026-02-09,42.49
104616,SKU13036,苹果,生鲜蔬果,4,2026-02-14,28.62
104616,SKU75659,面包,食品饮料,5,2026-02-14,57.12
104616,SKU37115,消毒液,日化清洁,2,2026-02-14,50.78
104616,SKU82217,牛奶,食品饮料,1,2026-02-14,78.09
104617,SKU94059,葡萄,生鲜蔬果,3,2026-07-01,71.81
104617,SKU57996,鸭蛋,肉禽蛋品,1,2026-07-01,67.85
104617,SKU43037,黄油,烘焙用品,4,2026-07-01,70.79
104617,SKU54123,拖把,日化清洁,3,2026-07-01,76.71
104617,SKU21463,粉丝,火锅食材,2,2026-07-01,42.85
104617,SKU45017,芝士碎,烘焙用品,1,2026-07-01,50.43
104618,SKU90716,蛋糕粉,烘焙用品,2,2026-03-19,71.1
104618,SKU74176,洗衣液,日化清洁,4,2026-03-19,65.36
104618,SKU56506,垃圾袋,日化清洁,3,2026-03-19,67.47
104618,SKU47026,鸡肉,肉禽蛋品,5,2026-03-19,67.05
104619,SKU84545,醋,粮油调味,5,2026-04-01,67.5
104619,SKU62624,可乐,食品饮料,2,2026-04-01,40.36
104619,SKU23662,沐浴露,日化清洁,4,2026-04-01,16.21
104620,SKU82486,洗衣液,日化清洁,3,2026-07-26,41.85
104620,SKU60858,纸巾,日化清洁,5,2026-07-26,11.88
104620,SKU11095,牙膏,日化清洁,2,2026-07-26,69.73
104620,SKU46068,香草精,烘焙用品,2,2026-07-26,49.52
104620,SKU26574,酵母,烘焙用品,1,2026-07-26,73.74
104620,SKU85073,西红柿,生鲜蔬果,1,2026-07-26,42.23
104621,SKU86646,黄油,烘焙用品,3,2026-06-21,48.97
104621,SKU79958,饼干,食品饮料,4,2026-06-21,20.85
104622,SKU12579,火锅底料,火锅食材,1,2026-09-16,48.32
104622,SKU60907,豆腐,火锅食材,5,2026-09-16,31.57
104622,SKU98406,鸭血,火锅食材,1,2026-09-16,28.63
104622,SKU56456,食用油,粮油调味,1,2026-09-16,28.7
104622,SKU96815,醋,粮油调味,5,2026-09-16,10.3
104622,SKU99194,沐浴露,日化清洁,4,2026-09-16,47.52
104623,SKU86659,火锅底料,火锅食材,2,2026-02-05,42.4
104623,SKU57190,丸子,火锅食材,1,2026-02-05,79.67
104623,SKU45333,肥牛卷,火锅食材,5,2026-02-05,56.21
104623,SKU27353,洗发水,日化清洁,5,2026-02-05,7.77
104624,SKU16077,面包,食品饮料,1,2026-09-19,77.32
104624,SKU97564,鸡肉,肉禽蛋品,5,2026-09-19,38.8
104625,SKU14204,可乐,食品饮料,5,2026-03-19,26.05
104625,SKU86049,薯片,食品饮料,3,2026-03-19,4.35
104625,SKU67648,饼干,食品饮料,2,2026-03-19,67.02
104625,SKU32875,洗衣液,日化清洁,2,2026-03-19,78.01
104626,SKU33709,鸭血,火锅食材,5,2026-07-02,37.02
104626,SKU58334,食用油,粮油调味,2,2026-07-02,44.27
104627,SKU28111,黄油,烘焙用品,5,2026-07-25,35.66
104627,SKU96021,酵母,烘焙用品,1,2026-07-25,12.96
104627,SKU59791,肥皂,日化清洁,4,2026-07-25,19.74
104627,SKU15140,果汁,食品饮料,5,2026-07-25,28.88
104628,SKU55496,牛肉,肉禽蛋品,1,2026-01-01,75.37
104628,SKU96768,淡奶油,烘焙用品,1,2026-01-01,9.34
104628,SKU91344,纸巾,日化清洁,2,2026-01-01,50.82
104628,SKU70801,巧克力,食品饮料,2,2026-01-01,10.82
104629,SKU67940,洗发水,日化清洁,5,2026-04-24,40.18
104629,SKU34495,沐浴露,日化清洁,1,2026-04-24,26.09
104629,SKU95704,牙膏,日化清洁,3,2026-04-24,58.02
104629,SKU54855,鸭血,火锅食材,1,2026-04-24,46.75
104629,SKU41178,牛奶,食品饮料,2,2026-04-24,47.98
104630,SKU24848,酵母,烘焙用品,3,2026-01-14,66.06
104630,SKU23873,果汁,食品饮料,3,2026-01-14,27.92
104630,SKU61803,肥皂,日化清洁,5,2026-01-14,40.84
104630,SKU58948,羊肉卷,火锅食材,3,2026-01-14,11.26
104631,SKU23898,果汁,食品饮料,1,2026-09-12,14.85
104631,SKU83004,洗发水,日化清洁,2,2026-09-12,25.56
104631,SKU46738,食用油,粮油调味,2,2026-09-12,7.24
104632,SKU92501,洗衣液,日化清洁,1,2026-07-07,17.12
104632,SKU52397,纸巾,日化清洁,4,2026-07-07,55.51
104632,SKU43553,垃圾袋,日化清洁,2,2026-07-07,53.52
104632,SKU40846,鸭血,火锅食材,1,2026-07-07,11.13
104633,SKU82143,洗发水,日化清洁,4,2026-08-27,68.9
104633,SKU82892,沐浴露,日化清洁,4,2026-08-27,53.04
104633,SKU45539,牙膏,日化清洁,3,2026-08-27,39.53
104633,SKU24476,垃圾袋,日化清洁,2,2026-08-27,19.24
104633,SKU80189,粉丝,火锅食材,4,2026-08-27,24.54
104634,SKU41137,洗衣液,日化清洁,3,2026-07-03,57.46
104634,SKU84106,纸巾,日化清洁,5,2026-07-03,44.75
104634,SKU90977,垃圾袋,日化清洁,5,2026-07-03,60.06
104634,SKU16359,蛋挞皮,烘焙用品,1,2026-07-03,38.97
104634,SKU39211,土豆,生鲜蔬果,3,2026-07-03,62.69
104634,SKU84408,肥牛卷,火锅食材,1,2026-07-03,31.18
104635,SKU42760,西红柿,生鲜蔬果,1,2026-09-28,28.39
104635,SKU59522,饼干,食品饮料,2,2026-09-28,62.03
104635,SKU38704,黄油,烘焙用品,5,2026-09-28,41.78
104635,SKU24196,鸡翅,肉禽蛋品,1,2026-09-28,11.82
104635,SKU64145,蘸料,火锅食材,4,2026-09-28,60.15
104636,SKU41298,可乐,食品饮料,4,2026-05-03,54.9
104636,SKU84443,薯片,食品饮料,1,2026-05-03,76.86
104636,SKU32302,饼干,食品饮料,4,2026-05-03,63.56
104636,SKU21276,猪肉,肉禽蛋品,1,2026-05-03,41.77
104636,SKU80348,酸奶,食品饮料,4,2026-05-03,5.89
104636,SKU41640,洗发水,日化清洁,4,2026-05-03,26.13
104637,SKU70520,蛋挞皮,烘焙用品,3,2026-06-03,61.6
104637,SKU98998,料酒,粮油调味,2,2026-06-03,61.94
104637,SKU55191,粉丝,火锅食材,4,2026-06-03,37.83
104637,SKU55219,洗发水,日化清洁,1,2026-06-03,19.72
104637,SKU15490,蘸料,火锅食材,5,2026-06-03,46.16
104638,SKU97075,大米,粮油调味,5,2026-06-07,77.06
104638,SKU97462,食用油,粮油调味,3,2026-06-07,61.56
104638,SKU61453,酱油,粮油调味,5,2026-06-07,40.38
104638,SKU15660,羊肉卷,火锅食材,5,2026-06-07,37.17
104638,SKU15235,沐浴露,日化清洁,3,2026-06-07,17.13
104639,SKU74376,大米,粮油调味,2,2026-03-10,58.04
104639,SKU27059,食用油,粮油调味,1,2026-03-10,57.46
104639,SKU44046,酱油,粮油调味,3,2026-03-10,5.34
104639,SKU73301,粉丝,火锅食材,1,2026-03-10,69.08
104639,SKU76197,橙子,生鲜蔬果,5,2026-03-10,44.47
104639,SKU29957,面粉,粮油调味,3,2026-03-10,48.37
104640,SKU82996,芝士碎,烘焙用品,4,2026-09-23,48.09
104640,SKU95859,羊肉卷,火锅食材,1,2026-09-23,9.83
104640,SKU52764,鸭蛋,肉禽蛋品,5,2026-09-23,45.85
104640,SKU19235,面包,食品饮料,1,2026-09-23,3.24
104640,SKU45558,猪肉,肉禽蛋品,1,2026-09-23,44.13
104641,SKU83843,薯片,食品饮料,5,2026-03-12,28.62
104641,SKU23264,土豆,生鲜蔬果,2,2026-03-12,8.34
104641,SKU56947,洗衣液,日化清洁,4,2026-03-12,31.22
104641,SKU46906,胡萝卜,生鲜蔬果,2,2026-03-12,73.73
104641,SKU16741,肥牛卷,火锅食材,4,2026-03-12,14.63
104642,SKU65060,苹果,生鲜蔬果,4,2026-08-27,34.45
104642,SKU14942,香蕉,生鲜蔬果,3,2026-08-27,73.25
104642,SKU14041,橙子,生鲜蔬果,1,2026-08-27,37.21
104642,SKU30007,糖粉,烘焙用品,2,2026-08-27,76.9
104643,SKU28475,肥皂,日化清洁,5,2026-06-26,40.41
104643,SKU79608,香草精,烘焙用品,1,2026-06-26,28.98
104643,SKU93657,带鱼,肉禽蛋品,3,2026-06-26,31.62
104643,SKU81945,大米,粮油调味,3,2026-06-26,43.63
104643,SKU90783,鸭血,火锅食材,1,2026-06-26,25.37
104643,SKU54613,洗衣液,日化清洁,5,2026-06-26,37.98
104644,SKU60538,鸡蛋,肉禽蛋品,1,2026-01-20,38.11
104644,SKU67695,拖把,日化清洁,4,2026-01-20,66.26
104644,SKU73391,食用油,粮油调味,4,2026-01-20,9.43
104645,SKU75217,苹果,生鲜蔬果,1,2026-06-20,51.98
104645,SKU46812,白菜,生鲜蔬果,5,2026-06-20,52.75
104645,SKU21439,消毒液,日化清洁,3,2026-06-20,22.65
104646,SKU42092,葡萄,生鲜蔬果,5,2026-08-25,40.41
104646,SKU53578,盐,粮油调味,5,2026-08-25,8.85
104646,SKU36653,拖把,日化清洁,5,2026-08-25,63.1
104647,SKU47402,火锅底料,火锅食材,5,2026-01-04,39.76
104647,SKU74625,丸子,火锅食材,2,2026-01-04,79.76
104647,SKU89702,肥牛卷,火锅食材,3,2026-01-04,61.98
104647,SKU49429,薯片,食品饮料,2,2026-01-04,28.19
104648,SKU98507,洗发水,日化清洁,1,2026-02-10,26.49
104648,SKU69264,沐浴露,日化清洁,5,2026-02-10,43.08
104648,SKU75569,牙膏,日化清洁,3,2026-02-10,23.69
104648,SKU33505,土豆,生鲜蔬果,1,2026-02-10,11.61
104648,SKU68926,鸭蛋,肉禽蛋品,4,2026-02-10,35.55
104649,SKU49084,洗发水,日化清洁,5,2026-09-13,51.32
104649,SKU99239,沐浴露,日化清洁,2,2026-09-13,23.89
104649,SKU33832,牙膏,日化清洁,1,2026-09-13,26.54
104649,SKU84695,大米,粮油调味,5,2026-09-13,71.11
104649,SKU92218,洗衣液,日化清洁,5,2026-09-13,55.4
104649,SKU34621,白菜,生鲜蔬果,5,2026-09-13,9.44
104650,SKU95671,牛奶,食品饮料,5,2026-01-25,35.07
104650,SKU76250,面包,食品饮料,5,2026-01-25,55.98
104650,SKU85405,醋,粮油调味,3,2026-01-25,36.98
104650,SKU61623,粉丝,火锅食材,3,2026-01-25,9.72
104651,SKU45679,面包,食品饮料,2,2026-06-26,62.42
104651,SKU63047,土豆,生鲜蔬果,3,2026-06-26,4.93
104652,SKU87525,洗衣液,日化清洁,5,2026-01-01,61.79
104652,SKU80313,纸巾,日化清洁,4,2026-01-01,67.52
104652,SKU74759,垃圾袋,日化清洁,4,2026-01-01,77.95
104653,SKU87071,可乐,食品饮料,4,2026-02-06,37.86
104653,SKU37593,薯片,食品饮料,4,2026-02-06,72.1
104653,SKU92718,饼干,食品饮料,3,2026-02-06,9.53
104653,SKU92532,豆腐,火锅食材,4,2026-02-06,7.01
104653,SKU72521,白糖,粮油调味,2,2026-02-06,25.52
104653,SKU23564,肥皂,日化清洁,2,2026-02-06,3.55
104654,SKU40587,虾仁,肉禽蛋品,2,2026-02-02,46.23
104654,SKU19485,拖把,日化清洁,2,2026-02-02,75.99
104654,SKU99634,洗发水,日化清洁,4,2026-02-02,60.42
104654,SKU11189,香草精,烘焙用品,2,2026-02-02,60.16
104655,SKU59609,可乐,食品饮料,3,2026-06-02,32.74
104655,SKU23500,薯片,食品饮料,2,2026-06-02,63.0
104655,SKU46899,饼干,食品饮料,2,2026-06-02,7.91
104655,SKU33960,糖粉,烘焙用品,1,2026-06-02,11.33
104655,SKU68401,蔬菜拼盘,火锅食材,4,2026-06-02,29.51
104656,SKU41987,蘸料,火锅食材,3,2026-04-08,16.91
104656,SKU95950,肥皂,日化清洁,3,2026-04-08,31.61
104656,SKU96400,橙子,生鲜蔬果,3,2026-04-08,51.12
104656,SKU59810,酸奶,食品饮料,2,2026-04-08,6.2
104656,SKU14571,糖粉,烘焙用品,4,2026-04-08,57.53
104657,SKU24605,西红柿,生鲜蔬果,3,2026-02-20,56.15
104657,SKU75142,鸡蛋,肉禽蛋品,3,2026-02-20,19.97
104657,SKU36678,黄瓜,生鲜蔬果,4,2026-02-20,72.18
104657,SKU99509,料酒,粮油调味,5,2026-02-20,27.7
104657,SKU20159,芝士碎,烘焙用品,5,2026-02-20,30.03
104658,SKU23227,洗衣液,日化清洁,5,2026-05-21,29.1
104658,SKU39058,纸巾,日化清洁,2,2026-05-21,10.97
104658,SKU38994,垃圾袋,日化清洁,5,2026-05-21,77.06
104658,SKU19907,橙子,生鲜蔬果,4,2026-05-21,32.31
104658,SKU76752,薯片,食品饮料,2,2026-05-21,30.71
104659,SKU69463,排骨,肉禽蛋品,2,2026-09-18,51.49
104659,SKU90701,胡萝卜,生鲜蔬果,3,2026-09-18,54.47
104659,SKU88961,土豆,生鲜蔬果,5,2026-09-18,44.97
104659,SKU18074,洗衣液,日化清洁,1,2026-09-18,62.92
104659,SKU80322,白菜,生鲜蔬果,1,2026-09-18,11.76
104660,SKU86952,牛奶,食品饮料,3,2026-02-19,74.47
104660,SKU15726,面包,食品饮料,2,2026-02-19,58.58
104660,SKU11528,面粉,粮油调味,5,2026-02-19,15.03
104660,SKU99718,蔬菜拼盘,火锅食材,4,2026-02-19,47.35
104661,SKU92799,香蕉,生鲜蔬果,2,2026-01-17,24.16
104661,SKU82207,羊肉卷,火锅食材,2,2026-01-17,37.27
104661,SKU85125,矿泉水,食品饮料,2,2026-01-17,7.68
104661,SKU64925,洗发水,日化清洁,2,2026-01-17,61.07
104661,SKU59158,淡奶油,烘焙用品,2,2026-01-17,20.71
104662,SKU21533,蛋糕粉,烘焙用品,3,2026-02-14,54.3
104662,SKU97257,黄油,烘焙用品,4,2026-02-14,45.62
104662,SKU67877,淡奶油,烘焙用品,2,2026-02-14,56.59
104662,SKU56626,鸡蛋,肉禽蛋品,1,2026-02-14,67.8
104662,SKU20406,香草精,烘焙用品,1,2026-02-14,67.64
104663,SKU98937,大米,粮油调味,1,2026-09-25,18.76
104663,SKU16250,食用油,粮油调味,5,2026-09-25,19.59
104663,SKU91499,酱油,粮油调味,5,2026-09-25,22.15
104663,SKU47493,洗衣液,日化清洁,2,2026-09-25,19.53
104663,SKU63594,牛肉,肉禽蛋品,4,2026-09-25,14.1
104663,SKU11401,带鱼,肉禽蛋品,3,2026-09-25,13.92
104664,SKU41303,薯片,食品饮料,3,2026-01-25,77.85
104664,SKU39146,面粉,粮油调味,5,2026-01-25,18.44
104664,SKU15256,垃圾袋,日化清洁,2,2026-01-25,33.79
104664,SKU77839,鸡肉,肉禽蛋品,4,2026-01-25,35.82
104664,SKU87911,可乐,食品饮料,1,2026-01-25,55.52
104665,SKU68106,三文鱼,肉禽蛋品,4,2026-06-26,66.81
104665,SKU28802,巧克力,食品饮料,1,2026-06-26,4.37
104665,SKU74914,黄瓜,生鲜蔬果,4,2026-06-26,29.22
104665,SKU64217,果汁,食品饮料,5,2026-06-26,49.62
104666,SKU81013,排骨,肉禽蛋品,3,2026-09-16,64.34
104666,SKU84503,蔬菜拼盘,火锅食材,2,2026-09-16,60.18
104666,SKU53558,芝士碎,烘焙用品,4,2026-09-16,70.14
104666,SKU95705,薯片,食品饮料,2,2026-09-16,52.63
104666,SKU62437,橙子,生鲜蔬果,4,2026-09-16,73.11
104666,SKU31543,鸡翅,肉禽蛋品,2,2026-09-16,6.82
104667,SKU98482,大米,粮油调味,5,2026-09-15,69.65
104667,SKU36000,食用油,粮油调味,5,2026-09-15,11.25
104667,SKU42712,酱油,粮油调味,1,2026-09-15,63.77
104667,SKU17823,料酒,粮油调味,5,2026-09-15,32.21
104667,SKU73955,鸡蛋,肉禽蛋品,4,2026-09-15,46.79
104668,SKU59196,大米,粮油调味,3,2026-05-13,23.78
104668,SKU96088,面粉,粮油调味,2,2026-05-13,50.65
104668,SKU97933,三文鱼,肉禽蛋品,2,2026-05-13,61.23
104669,SKU35723,丸子,火锅食材,5,2026-03-13,33.27
104669,SKU47754,拖把,日化清洁,1,2026-03-13,17.01
104670,SKU62679,方便面,食品饮料,4,2026-02-11,11.2
104670,SKU60756,饼干,食品饮料,4,2026-02-11,31.65
104670,SKU76892,芝士碎,烘焙用品,5,2026-02-11,54.16
104670,SKU50129,模具,烘焙用品,3,2026-02-11,52.14
104670,SKU12547,面包,食品饮料,5,2026-02-11,22.25
104670,SKU76003,巧克力,食品饮料,5,2026-02-11,63.95
104671,SKU36380,大米,粮油调味,3,2026-01-18,7.54
104671,SKU56485,食用油,粮油调味,2,2026-01-18,53.86
104671,SKU66048,酱油,粮油调味,4,2026-01-18,55.5
104671,SKU16233,消毒液,日化清洁,3,2026-01-18,55.25
104672,SKU99866,洗发水,日化清洁,2,2026-09-12,78.94
104672,SKU59621,洗衣液,日化清洁,2,2026-09-12,46.23
104672,SKU52535,牛肉,肉禽蛋品,1,2026-09-12,59.65
104672,SKU15998,矿泉水,食品饮料,5,2026-09-12,67.71
104672,SKU68686,垃圾袋,日化清洁,3,2026-09-12,13.73
104672,SKU87507,模具,烘焙用品,1,2026-09-12,71.07
104673,SKU99283,羊肉卷,火锅食材,4,2026-08-15,59.07
104673,SKU81922,拖把,日化清洁,2,2026-08-15,12.37
104674,SKU12345,排骨,肉禽蛋品,3,2026-02-05,54.66
104674,SKU61944,胡萝卜,生鲜蔬果,2,2026-02-05,67.9
104674,SKU69309,土豆,生鲜蔬果,3,2026-02-05,7.86
104674,SKU33557,肥皂,日化清洁,2,2026-02-05,65.0
104674,SKU24846,蛋挞皮,烘焙用品,3,2026-02-05,52.81
104674,SKU55957,香蕉,生鲜蔬果,5,2026-02-05,62.4
104675,SKU57509,洗衣液,日化清洁,4,2026-04-13,49.28
104675,SKU55301,纸巾,日化清洁,2,2026-04-13,32.08
104675,SKU58473,垃圾袋,日化清洁,4,2026-04-13,55.56
104675,SKU23810,拖把,日化清洁,3,2026-04-13,43.18
104675,SKU17106,酸奶,食品饮料,5,2026-04-13,67.56
104675,SKU24149,洗洁精,日化清洁,1,2026-04-13,63.61
104676,SKU87124,蘸料,火锅食材,3,2026-08-02,21.51
104676,SKU61912,鸡翅,肉禽蛋品,5,2026-08-02,36.41
104676,SKU44614,鸡蛋,肉禽蛋品,4,2026-08-02,30.5
104676,SKU57377,丸子,火锅食材,4,2026-08-02,56.25
104676,SKU95260,酵母,烘焙用品,1,2026-08-02,40.01
104677,SKU95357,纸巾,日化清洁,1,2026-02-06,21.67
104677,SKU77344,蔬菜拼盘,火锅食材,2,2026-02-06,78.47
104677,SKU29744,火锅底料,火锅食材,4,2026-02-06,30.22
104678,SKU28712,大米,粮油调味,1,2026-09-19,68.26
104678,SKU37123,食用油,粮油调味,5,2026-09-19,26.04
104678,SKU46511,酱油,粮油调味,1,2026-09-19,28.2
104678,SKU84179,油纸,烘焙用品,3,2026-09-19,44.59
104678,SKU34909,矿泉水,食品饮料,1,2026-09-19,39.28
104679,SKU51414,丸子,火锅食材,1,2026-01-01,24.51
104679,SKU27384,蔬菜拼盘,火锅食材,4,2026-01-01,22.5
104679,SKU36892,油纸,烘焙用品,5,2026-01-01,47.35
104679,SKU89564,肥牛卷,火锅食材,2,2026-01-01,8.85
104680,SKU91088,虾仁,肉禽蛋品,2,2026-07-14,59.67
104680,SKU14135,酱油,粮油调味,2,2026-07-14,71.49
104680,SKU83332,丸子,火锅食材,4,2026-07-14,19.2
104680,SKU64801,料酒,粮油调味,3,2026-07-14,63.48
104680,SKU50304,橙子,生鲜蔬果,4,2026-07-14,28.55
104680,SKU93726,豆腐,火锅食材,5,2026-07-14,48.76
104681,SKU17507,面包,食品饮料,5,2026-01-23,15.0
104681,SKU35009,蚝油,粮油调味,5,2026-01-23,31.79
104681,SKU55625,糖粉,烘焙用品,1,2026-01-23,32.3
104681,SKU40045,沐浴露,日化清洁,1,2026-01-23,25.41
104681,SKU80699,香草精,烘焙用品,3,2026-01-23,67.81
104682,SKU29840,鸡蛋,肉禽蛋品,4,2026-05-13,9.86
104682,SKU46836,糖粉,烘焙用品,2,2026-05-13,7.29
104683,SKU56834,毛肚,火锅食材,4,2026-09-05,14.31
104683,SKU33772,牛肉,肉禽蛋品,4,2026-09-05,28.9
104683,SKU50989,料酒,粮油调味,4,2026-09-05,75.09
104683,SKU39237,酱油,粮油调味,3,2026-09-05,25.75
104683,SKU32698,香蕉,生鲜蔬果,1,2026-09-05,27.38
104683,SKU14904,鸡翅,肉禽蛋品,2,2026-09-05,46.83
104684,SKU81735,蘸料,火锅食材,1,2026-02-04,59.65
104684,SKU95263,垃圾袋,日化清洁,3,2026-02-04,23.35
104684,SKU47989,鸡肉,肉禽蛋品,1,2026-02-04,13.78
104684,SKU83441,矿泉水,食品饮料,5,2026-02-04,36.16
104684,SKU24312,沐浴露,日化清洁,1,2026-02-04,55.97
104685,SKU23468,西红柿,生鲜蔬果,4,2026-06-13,4.41
104685,SKU87689,鸡蛋,肉禽蛋品,3,2026-06-13,19.64
104685,SKU49699,黄瓜,生鲜蔬果,2,2026-06-13,58.75
104685,SKU51789,油纸,烘焙用品,3,2026-06-13,34.07
104686,SKU88847,火锅底料,火锅食材,4,2026-09-11,68.44
104686,SKU17195,丸子,火锅食材,5,2026-09-11,69.07
104686,SKU56033,肥牛卷,火锅食材,4,2026-09-11,39.86
104686,SKU29356,排骨,肉禽蛋品,4,2026-09-11,39.82
104687,SKU29973,洗衣液,日化清洁,4,2026-08-12,18.03
104687,SKU13763,纸巾,日化清洁,5,2026-08-12,26.51
104687,SKU77202,垃圾袋,日化清洁,1,2026-08-12,78.85
104687,SKU44125,牙膏,日化清洁,5,2026-08-12,55.95
104687,SKU87369,酵母,烘焙用品,3,2026-08-12,17.22
104688,SKU65922,蚝油,粮油调味,4,2026-07-23,59.23
104688,SKU72774,毛肚,火锅食材,5,2026-07-23,68.39
104688,SKU33814,方便面,食品饮料,1,2026-07-23,39.47
104689,SKU20969,排骨,肉禽蛋品,2,2026-08-20,44.16
104689,SKU98886,胡萝卜,生鲜蔬果,4,2026-08-20,49.75
104689,SKU83524,土豆,生鲜蔬果,3,2026-08-20,7.59
104689,SKU79025,白糖,粮油调味,2,2026-08-20,56.32
104690,SKU94407,鸭蛋,肉禽蛋品,4,2026-07-28,57.4
104690,SKU28216,白糖,粮油调味,3,2026-07-28,73.26
104690,SKU54806,洗洁精,日化清洁,5,2026-07-28,46.7
104690,SKU90209,矿泉水,食品饮料,2,2026-07-28,58.32
104691,SKU54494,生菜,生鲜蔬果,2,2026-07-18,72.18
104691,SKU87786,橙子,生鲜蔬果,4,2026-07-18,54.92
104692,SKU80109,蛋挞皮,烘焙用品,5,2026-09-06,71.47
104692,SKU92951,糖粉,烘焙用品,5,2026-09-06,33.39
104692,SKU71171,牛肉,肉禽蛋品,2,2026-09-06,78.19
104692,SKU45531,可乐,食品饮料,4,2026-09-06,28.96
104692,SKU58326,芝士碎,烘焙用品,1,2026-09-06,69.85
104693,SKU91154,醋,粮油调味,2,2026-06-02,45.64
104693,SKU50728,方便面,食品饮料,3,2026-06-02,27.91
104693,SKU26419,薯片,食品饮料,3,2026-06-02,40.16
104693,SKU73113,西红柿,生鲜蔬果,5,2026-06-02,58.79
104693,SKU62904,白糖,粮油调味,1,2026-06-02,47.47
104693,SKU79333,蛋糕粉,烘焙用品,5,2026-06-02,46.66
104694,SKU53680,蔬菜拼盘,火锅食材,5,2026-02-05,69.63
104694,SKU88905,洗衣液,日化清洁,2,2026-02-05,65.94
104695,SKU37882,蔬菜拼盘,火锅食材,3,2026-03-27,72.26
104695,SKU10705,拖把,日化清洁,1,2026-03-27,68.64
104695,SKU14822,沐浴露,日化清洁,1,2026-03-27,72.9
104695,SKU24385,土豆,生鲜蔬果,2,2026-03-27,56.17
104695,SKU69308,鸡翅,肉禽蛋品,1,2026-03-27,62.33
104696,SKU28191,牛奶,食品饮料,1,2026-05-04,20.21
104696,SKU97512,面包,食品饮料,5,2026-05-04,6.58
104696,SKU89996,牛肉,肉禽蛋品,2,2026-05-04,48.76
104697,SKU91389,香草精,烘焙用品,2,2026-05-26,34.23
104697,SKU75327,面包,食品饮料,4,2026-05-26,24.91
104697,SKU81433,消毒液,日化清洁,4,2026-05-26,21.66
104697,SKU21470,大米,粮油调味,4,2026-05-26,20.17
104698,SKU14588,牙膏,日化清洁,4,2026-09-13,3.93
104698,SKU57986,垃圾袋,日化清洁,4,2026-09-13,41.52
104698,SKU24774,洗衣液,日化清洁,3,2026-09-13,3.35
104698,SKU78512,矿泉水,食品饮料,2,2026-09-13,48.54
104699,SKU75770,火锅底料,火锅食材,1,2026-08-19,72.3
104699,SKU20906,丸子,火锅食材,5,2026-08-19,39.12
104699,SKU15289,肥牛卷,火锅食材,3,2026-08-19,27.67
104699,SKU24321,蛋挞皮,烘焙用品,2,2026-08-19,60.1
104699,SKU57756,虾仁,肉禽蛋品,3,2026-08-19,13.37
104700,SKU21983,酱油,粮油调味,5,2026-03-22,51.51
104700,SKU50881,虾仁,肉禽蛋品,2,2026-03-22,55.58
104700,SKU87891,苹果,生鲜蔬果,5,2026-03-22,48.81
104701,SKU17089,鸡肉,肉禽蛋品,2,2026-02-26,42.47
104701,SKU74953,牛肉,肉禽蛋品,1,2026-02-26,65.66
104702,SKU31467,西红柿,生鲜蔬果,5,2026-03-28,52.96
104702,SKU87112,鸡蛋,肉禽蛋品,4,2026-03-28,45.33
104702,SKU30527,黄瓜,生鲜蔬果,1,2026-03-28,43.96
104702,SKU77042,羊肉卷,火锅食材,4,2026-03-28,66.74
104702,SKU51638,肥牛卷,火锅食材,1,2026-03-28,65.32
104703,SKU46677,蛋糕粉,烘焙用品,5,2026-05-05,6.24
104703,SKU19313,黄油,烘焙用品,5,2026-05-05,69.9
104703,SKU18783,淡奶油,烘焙用品,5,2026-05-05,45.23
104703,SKU10476,鸡蛋,肉禽蛋品,4,2026-05-05,79.57
104703,SKU59050,猪肉,肉禽蛋品,1,2026-05-05,11.98
104703,SKU85296,酵母,烘焙用品,5,2026-05-05,11.79
104703,SKU69047,鸭血,火锅食材,4,2026-05-05,37.48
104704,SKU71148,西红柿,生鲜蔬果,1,2026-05-24,66.14
104704,SKU84172,鸡蛋,肉禽蛋品,2,2026-05-24,45.81
104704,SKU57974,黄瓜,生鲜蔬果,1,2026-05-24,24.84
104704,SKU94029,毛肚,火锅食材,1,2026-05-24,30.19
104704,SKU99698,虾仁,肉禽蛋品,3,2026-05-24,52.38
104705,SKU54905,西红柿,生鲜蔬果,5,2026-03-01,60.5
104705,SKU28903,鸡蛋,肉禽蛋品,5,2026-03-01,66.5
104705,SKU98906,黄瓜,生鲜蔬果,3,2026-03-01,15.74
104705,SKU47513,矿泉水,食品饮料,5,2026-03-01,17.36
104705,SKU93880,带鱼,肉禽蛋品,2,2026-03-01,56.48
104706,SKU34596,大米,粮油调味,5,2026-01-10,46.93
104706,SKU14924,食用油,粮油调味,4,2026-01-10,69.54
104706,SKU30407,酱油,粮油调味,4,2026-01-10,41.05
104706,SKU46648,果汁,食品饮料,3,2026-01-10,22.29
104706,SKU34656,辣椒酱,粮油调味,4,2026-01-10,71.8
104707,SKU87102,洗洁精,日化清洁,4,2026-03-15,50.08
104707,SKU79384,蚝油,粮油调味,5,2026-03-15,40.54
104707,SKU55678,白菜,生鲜蔬果,3,2026-03-15,14.59
104707,SKU45739,黄瓜,生鲜蔬果,4,2026-03-15,76.93
104708,SKU15663,洗发水,日化清洁,1,2026-03-25,61.53
104708,SKU43589,沐浴露,日化清洁,4,2026-03-25,47.12
104708,SKU24904,牙膏,日化清洁,4,2026-03-25,50.27
104708,SKU97193,酵母,烘焙用品,4,2026-03-25,25.67
104708,SKU69343,方便面,食品饮料,2,2026-03-25,58.39
104709,SKU24469,生菜,生鲜蔬果,3,2026-01-03,63.14
104709,SKU53065,洗发水,日化清洁,4,2026-01-03,40.54
104709,SKU77516,垃圾袋,日化清洁,4,2026-01-03,75.33
104709,SKU30012,香蕉,生鲜蔬果,4,2026-01-03,9.39
104710,SKU16559,洗发水,日化清洁,2,2026-04-27,33.32
104710,SKU90396,沐浴露,日化清洁,5,2026-04-27,9.56
104710,SKU31534,牙膏,日化清洁,4,2026-04-27,21.52
104710,SKU30781,消毒液,日化清洁,2,2026-04-27,32.87
104711,SKU26252,料酒,粮油调味,2,2026-06-07,63.1
104711,SKU82558,苹果,生鲜蔬果,4,2026-06-07,60.63
104711,SKU16653,香草精,烘焙用品,5,2026-06-07,37.34
104711,SKU27573,葡萄,生鲜蔬果,2,2026-06-07,22.15
104711,SKU50080,排骨,肉禽蛋品,2,2026-06-07,10.6
104712,SKU22348,胡萝卜,生鲜蔬果,1,2026-06-18,40.19
104712,SKU64784,羊肉卷,火锅食材,3,2026-06-18,70.44
104712,SKU91190,苹果,生鲜蔬果,1,2026-06-18,11.65
104712,SKU72067,洗洁精,日化清洁,5,2026-06-18,29.76
104712,SKU18262,黄瓜,生鲜蔬果,2,2026-06-18,23.57
104712,SKU41766,料酒,粮油调味,1,2026-06-18,51.39
104713,SKU85588,洗衣液,日化清洁,3,2026-08-24,68.72
104713,SKU20979,纸巾,日化清洁,4,2026-08-24,61.39
104713,SKU66273,垃圾袋,日化清洁,3,2026-08-24,59.62
104713,SKU24936,葡萄,生鲜蔬果,5,2026-08-24,77.77
104714,SKU44284,方便面,食品饮料,1,2026-01-15,24.83
104714,SKU28712,牛奶,食品饮料,2,2026-01-15,72.15
104714,SKU46214,虾仁,肉禽蛋品,2,2026-01-15,22.85
104714,SKU53965,黄油,烘焙用品,2,2026-01-15,47.2
104714,SKU59118,白糖,粮油调味,1,2026-01-15,77.65
104715,SKU51061,牛奶,食品饮料,1,2026-04-18,49.29
104715,SKU61773,面包,食品饮料,2,2026-04-18,79.41
104715,SKU63857,巧克力,食品饮料,1,2026-04-18,56.09
104716,SKU10265,洗衣液,日化清洁,2,2026-06-23,52.24
104716,SKU41317,纸巾,日化清洁,5,2026-06-23,34.57
104716,SKU18188,垃圾袋,日化清洁,4,2026-06-23,39.93
104716,SKU44621,鸡肉,肉禽蛋品,1,2026-06-23,49.8
104717,SKU11089,食用油,粮油调味,2,2026-03-06,20.99
104717,SKU32771,苹果,生鲜蔬果,1,2026-03-06,32.87
104717,SKU51666,巧克力,食品饮料,2,2026-03-06,7.6
104718,SKU36312,三文鱼,肉禽蛋品,4,2026-01-09,57.11
104718,SKU51470,火锅底料,火锅食材,3,2026-01-09,35.64
104718,SKU73017,肥牛卷,火锅食材,2,2026-01-09,58.81
104718,SKU82400,盐,粮油调味,3,2026-01-09,50.67
104718,SKU54347,巧克力,食品饮料,5,2026-01-09,21.67
104718,SKU26360,沐浴露,日化清洁,1,2026-01-09,50.89
104719,SKU70090,芝士碎,烘焙用品,3,2026-08-15,48.95
104719,SKU51761,黄油,烘焙用品,4,2026-08-15,15.32
104719,SKU44656,黄瓜,生鲜蔬果,4,2026-08-15,65.76
104719,SKU55842,蛋挞皮,烘焙用品,1,2026-08-15,67.22
104719,SKU61911,面粉,粮油调味,2,2026-08-15,50.27
104720,SKU10678,巧克力,食品饮料,5,2026-01-17,47.31
104720,SKU21533,鸭血,火锅食材,1,2026-01-17,46.07
104721,SKU97619,模具,烘焙用品,1,2026-05-25,42.75
104721,SKU40753,醋,粮油调味,1,2026-05-25,60.38
104721,SKU35907,蛋糕粉,烘焙用品,3,2026-05-25,50.67
104721,SKU71749,果汁,食品饮料,1,2026-05-25,58.68
104721,SKU13974,洗衣液,日化清洁,3,2026-05-25,27.93
104721,SKU96328,消毒液,日化清洁,2,2026-05-25,71.7
104722,SKU71958,蔬菜拼盘,火锅食材,4,2026-02-01,50.55
104722,SKU62306,鸭血,火锅食材,2,2026-02-01,60.55
104722,SKU97491,酱油,粮油调味,4,2026-02-01,43.81
104722,SKU12655,垃圾袋,日化清洁,5,2026-02-01,78.88
104722,SKU63799,消毒液,日化清洁,1,2026-02-01,48.1
104722,SKU22466,醋,粮油调味,2,2026-02-01,16.27
104723,SKU45471,鸡肉,肉禽蛋品,3,2026-05-05,21.61
104723,SKU44213,食用油,粮油调味,1,2026-05-05,24.08
104724,SKU26175,排骨,肉禽蛋品,1,2026-05-21,68.46
104724,SKU59584,胡萝卜,生鲜蔬果,2,2026-05-21,27.59
104724,SKU69274,土豆,生鲜蔬果,4,2026-05-21,73.8
104724,SKU56265,牛肉,肉禽蛋品,5,2026-05-21,62.87
104725,SKU86298,苹果,生鲜蔬果,2,2026-07-04,6.36
104725,SKU38414,香蕉,生鲜蔬果,2,2026-07-04,63.64
104725,SKU87512,橙子,生鲜蔬果,2,2026-07-04,47.6
104725,SKU57697,沐浴露,日化清洁,4,2026-07-04,75.29
104726,SKU43645,羊肉卷,火锅食材,4,2026-08-16,30.74
104726,SKU24163,拖把,日化清洁,5,2026-08-16,15.32
104726,SKU85433,鸡蛋,肉禽蛋品,1,2026-08-16,7.65
104726,SKU12558,面粉,粮油调味,4,2026-08-16,49.51
104726,SKU18880,糖粉,烘焙用品,3,2026-08-16,9.54
104727,SKU32174,苹果,生鲜蔬果,4,2026-04-14,9.71
104727,SKU69114,淡奶油,烘焙用品,1,2026-04-14,9.21
104727,SKU98301,拖把,日化清洁,3,2026-04-14,31.19
104728,SKU14069,酸奶,食品饮料,1,2026-09-21,11.15
104728,SKU40299,方便面,食品饮料,4,2026-09-21,6.94
104728,SKU79619,香草精,烘焙用品,1,2026-09-21,60.72
104728,SKU39337,模具,烘焙用品,3,2026-09-21,47.99
104728,SKU25075,蚝油,粮油调味,4,2026-09-21,6.38
104728,SKU52940,胡萝卜,生鲜蔬果,2,2026-09-21,67.59
104729,SKU27463,大米,粮油调味,2,2026-06-12,15.49
104729,SKU53657,食用油,粮油调味,4,2026-06-12,36.31
104729,SKU80899,酱油,粮油调味,1,2026-06-12,49.36
104729,SKU93171,蚝油,粮油调味,1,2026-06-12,12.33
104730,SKU81675,酵母,烘焙用品,3,2026-01-27,37.06
104730,SKU25542,果汁,食品饮料,5,2026-01-27,24.14
104730,SKU56343,苹果,生鲜蔬果,3,2026-01-27,51.54
104730,SKU16121,薯片,食品饮料,1,2026-01-27,16.5
104731,SKU50530,洗衣液,日化清洁,2,2026-05-28,60.19
104731,SKU53242,鸭血,火锅食材,2,2026-05-28,65.7
104732,SKU90722,拖把,日化清洁,2,2026-07-17,37.74
104732,SKU50380,丸子,火锅食材,1,2026-07-17,9.01
104732,SKU24159,面包,食品饮料,3,2026-07-17,69.63
104732,SKU31569,方便面,食品饮料,5,2026-07-17,28.57
104732,SKU14912,辣椒酱,粮油调味,1,2026-07-17,31.75
104732,SKU50921,白菜,生鲜蔬果,3,2026-07-17,42.12
104733,SKU32146,蘸料,火锅食材,2,2026-06-21,62.47
104733,SKU66114,鸡翅,肉禽蛋品,1,2026-06-21,24.86
104733,SKU72319,洗发水,日化清洁,1,2026-06-21,75.86
104733,SKU19967,巧克力,食品饮料,5,2026-06-21,68.15
104733,SKU47335,生菜,生鲜蔬果,5,2026-06-21,67.75
104734,SKU75525,肥皂,日化清洁,1,2026-04-20,29.2
104734,SKU44969,糖粉,烘焙用品,4,2026-04-20,41.17
104734,SKU42248,方便面,食品饮料,3,2026-04-20,19.46
104734,SKU72898,蘸料,火锅食材,5,2026-04-20,63.22
104734,SKU65981,淡奶油,烘焙用品,5,2026-04-20,12.71
104734,SKU74840,沐浴露,日化清洁,2,2026-04-20,74.02
104735,SKU21847,盐,粮油调味,1,2026-09-09,27.12
104735,SKU19404,火锅底料,火锅食材,4,2026-09-09,57.29
104735,SKU95527,果汁,食品饮料,4,2026-09-09,30.88
104736,SKU33880,洗衣液,日化清洁,5,2026-04-06,11.44
104736,SKU17033,纸巾,日化清洁,1,2026-04-06,55.29
104736,SKU96111,垃圾袋,日化清洁,2,2026-04-06,45.07
104736,SKU10699,鸭蛋,肉禽蛋品,2,2026-04-06,55.92
104736,SKU73379,盐,粮油调味,2,2026-04-06,34.45
104737,SKU39070,大米,粮油调味,3,2026-06-13,12.74
104737,SKU43821,食用油,粮油调味,2,2026-06-13,36.06
104737,SKU16694,酱油,粮油调味,3,2026-06-13,64.54
104737,SKU98796,鸡翅,肉禽蛋品,5,2026-06-13,13.26
104738,SKU67275,洗发水,日化清洁,1,2026-01-16,62.02
104738,SKU26732,沐浴露,日化清洁,1,2026-01-16,71.24
104738,SKU11874,牙膏,日化清洁,3,2026-01-16,73.98
104738,SKU35743,鸡蛋,肉禽蛋品,2,2026-01-16,35.87
104738,SKU28478,香草精,烘焙用品,4,2026-01-16,3.61
104738,SKU55836,料酒,粮油调味,4,2026-01-16,42.84
104739,SKU92913,洗发水,日化清洁,3,2026-08-23,63.84
104739,SKU19086,沐浴露,日化清洁,2,2026-08-23,43.2
104739,SKU86509,牙膏,日化清洁,1,2026-08-23,53.62
104739,SKU89117,火锅底料,火锅食材,2,2026-08-23,11.35
104739,SKU62660,纸巾,日化清洁,2,2026-08-23,42.44
104740,SKU53497,洗衣液,日化清洁,2,2026-04-12,69.75
104740,SKU33070,纸巾,日化清洁,5,2026-04-12,58.5
104740,SKU55422,垃圾袋,日化清洁,4,2026-04-12,42.04
104740,SKU80517,辣椒酱,粮油调味,1,2026-04-12,21.01
104741,SKU96719,饼干,食品饮料,1,2026-06-21,9.04
104741,SKU17668,消毒液,日化清洁,2,2026-06-21,14.38
104741,SKU99093,橙子,生鲜蔬果,1,2026-06-21,6.69
104741,SKU86874,鸡蛋,肉禽蛋品,2,2026-06-21,11.03
104742,SKU64944,料酒,粮油调味,1,2026-09-21,17.09
104742,SKU44665,拖把,日化清洁,4,2026-09-21,8.54
104742,SKU26615,香蕉,生鲜蔬果,2,2026-09-21,6.31
104742,SKU14710,肥牛卷,火锅食材,1,2026-09-21,23.34
104742,SKU87645,醋,粮油调味,2,2026-09-21,23.68
104742,SKU84422,鸭血,火锅食材,5,2026-09-21,66.18
104743,SKU29839,鸡翅,肉禽蛋品,1,2026-04-28,27.68
104743,SKU80497,鸡蛋,肉禽蛋品,2,2026-04-28,12.48
104743,SKU57918,羊肉卷,火锅食材,3,2026-04-28,9.94
104743,SKU59274,鸭蛋,肉禽蛋品,2,2026-04-28,38.4
104744,SKU45065,酱油,粮油调味,3,2026-06-24,69.34
104744,SKU52388,垃圾袋,日化清洁,4,2026-06-24,30.51
104744,SKU49344,酸奶,食品饮料,4,2026-06-24,32.94
104744,SKU81261,带鱼,肉禽蛋品,5,2026-06-24,16.67
104744,SKU23852,饼干,食品饮料,5,2026-06-24,35.45
104744,SKU52980,面粉,粮油调味,5,2026-06-24,73.9
104745,SKU65958,粉丝,火锅食材,1,2026-03-17,15.53
104745,SKU81179,排骨,肉禽蛋品,2,2026-03-17,23.69
104745,SKU48645,糖粉,烘焙用品,3,2026-03-17,12.88
104746,SKU12662,鸡翅,肉禽蛋品,4,2026-04-03,9.77
104746,SKU34042,橙子,生鲜蔬果,5,2026-04-03,34.42
104746,SKU52012,辣椒酱,粮油调味,4,2026-04-03,64.59
104746,SKU46907,粉丝,火锅食材,5,2026-04-03,9.09
104746,SKU64481,矿泉水,食品饮料,1,2026-04-03,63.3
104747,SKU29944,洗洁精,日化清洁,3,2026-07-20,32.26
104747,SKU54190,苹果,生鲜蔬果,5,2026-07-20,37.53
104747,SKU36580,肥皂,日化清洁,3,2026-07-20,48.28
104748,SKU99974,可乐,食品饮料,5,2026-09-09,42.34
104748,SKU92569,薯片,食品饮料,1,2026-09-09,29.16
104748,SKU77308,饼干,食品饮料,2,2026-09-09,45.74
104748,SKU85062,鸭蛋,肉禽蛋品,3,2026-09-09,61.87
104749,SKU54674,粉丝,火锅食材,2,2026-08-12,32.69
104749,SKU74732,果汁,食品饮料,5,2026-08-12,65.95
104749,SKU18343,油纸,烘焙用品,4,2026-08-12,36.18
104750,SKU57958,排骨,肉禽蛋品,5,2026-02-23,60.71
104750,SKU76170,胡萝卜,生鲜蔬果,1,2026-02-23,71.49
104750,SKU82932,土豆,生鲜蔬果,4,2026-02-23,7.41
104750,SKU78574,牙膏,日化清洁,4,2026-02-23,78.89
104751,SKU92467,芝士碎,烘焙用品,4,2026-05-02,24.06
104751,SKU14362,油纸,烘焙用品,3,2026-05-02,53.77
104752,SKU30047,蛋糕粉,烘焙用品,5,2026-06-14,37.06
104752,SKU62118,黄油,烘焙用品,5,2026-06-14,66.13
104752,SKU91926,淡奶油,烘焙用品,3,2026-06-14,71.08
104752,SKU89871,鸡蛋,肉禽蛋品,1,2026-06-14,52.29
104752,SKU92307,生菜,生鲜蔬果,1,2026-06-14,29.96
104753,SKU36502,洗衣液,日化清洁,1,2026-04-17,75.96
104753,SKU13125,纸巾,日化清洁,2,2026-04-17,25.54
104753,SKU11338,垃圾袋,日化清洁,2,2026-04-17,4.99
104753,SKU75610,酵母,烘焙用品,2,2026-04-17,6.34
104753,SKU93944,牙膏,日化清洁,3,2026-04-17,52.52
104754,SKU41008,粉丝,火锅食材,4,2026-03-08,61.54
104754,SKU92892,豆腐,火锅食材,5,2026-03-08,48.3
104754,SKU90171,料酒,粮油调味,4,2026-03-08,6.85
104754,SKU34652,火锅底料,火锅食材,4,2026-03-08,51.36
104755,SKU21042,排骨,肉禽蛋品,1,2026-07-11,9.3
104755,SKU34759,胡萝卜,生鲜蔬果,1,2026-07-11,46.08
104755,SKU86404,土豆,生鲜蔬果,5,2026-07-11,70.03
104755,SKU65389,面包,食品饮料,1,2026-07-11,68.09
104755,SKU75194,淡奶油,烘焙用品,2,2026-07-11,30.32
104756,SKU11649,牛奶,食品饮料,3,2026-06-04,18.59
104756,SKU57358,面包,食品饮料,5,2026-06-04,61.17
104756,SKU15198,三文鱼,肉禽蛋品,5,2026-06-04,52.49
104757,SKU70417,生菜,生鲜蔬果,1,2026-04-21,73.08
104757,SKU56984,垃圾袋,日化清洁,3,2026-04-21,76.47
104757,SKU51414,面包,食品饮料,1,2026-04-21,17.75
104757,SKU26418,西红柿,生鲜蔬果,3,2026-04-21,22.59
104758,SKU24497,牛奶,食品饮料,2,2026-06-28,28.02
104758,SKU64282,面包,食品饮料,2,2026-06-28,70.05
104758,SKU83482,粉丝,火锅食材,3,2026-06-28,3.54
104758,SKU82857,牛肉,肉禽蛋品,5,2026-06-28,58.4
104759,SKU65652,洗发水,日化清洁,4,2026-08-12,55.41
104759,SKU65507,沐浴露,日化清洁,3,2026-08-12,18.14
104759,SKU73620,牙膏,日化清洁,4,2026-08-12,17.95
104759,SKU72467,蛋糕粉,烘焙用品,3,2026-08-12,6.1
104759,SKU35281,蔬菜拼盘,火锅食材,5,2026-08-12,36.84
104759,SKU22465,葡萄,生鲜蔬果,4,2026-08-12,15.59
104760,SKU87092,模具,烘焙用品,3,2026-09-10,72.47
104760,SKU59661,面包,食品饮料,1,2026-09-10,9.33
104760,SKU95175,牙膏,日化清洁,1,2026-09-10,40.24
104760,SKU74597,洗衣液,日化清洁,3,2026-09-10,56.98
104760,SKU19661,豆腐,火锅食材,3,2026-09-10,16.72
104761,SKU73109,大米,粮油调味,1,2026-02-10,75.96
104761,SKU15874,食用油,粮油调味,1,2026-02-10,52.0
104761,SKU30475,酱油,粮油调味,2,2026-02-10,52.17
104761,SKU33392,糖粉,烘焙用品,2,2026-02-10,24.91
104762,SKU83413,猪肉,肉禽蛋品,2,2026-06-02,45.25
104762,SKU83570,辣椒酱,粮油调味,1,2026-06-02,68.52
104762,SKU89208,土豆,生鲜蔬果,5,2026-06-02,58.68
104762,SKU43645,鸭血,火锅食材,2,2026-06-02,15.27
104762,SKU70691,酵母,烘焙用品,1,2026-06-02,66.19
104763,SKU43855,苹果,生鲜蔬果,2,2026-09-28,16.12
104763,SKU22781,香蕉,生鲜蔬果,1,2026-09-28,72.89
104763,SKU99235,橙子,生鲜蔬果,1,2026-09-28,52.13
104763,SKU55231,胡萝卜,生鲜蔬果,2,2026-09-28,12.87
104764,SKU12489,西红柿,生鲜蔬果,2,2026-02-14,52.32
104764,SKU88716,鸡蛋,肉禽蛋品,3,2026-02-14,31.43
104764,SKU79745,黄瓜,生鲜蔬果,1,2026-02-14,8.45
104764,SKU39811,料酒,粮油调味,2,2026-02-14,12.42
104764,SKU56773,矿泉水,食品饮料,1,2026-02-14,60.58
104765,SKU17424,面包,食品饮料,3,2026-03-25,26.58
104765,SKU10957,生菜,生鲜蔬果,3,2026-03-25,19.19
104765,SKU56502,蘸料,火锅食材,4,2026-03-25,72.04
104766,SKU49896,牙膏,日化清洁,3,2026-06-09,45.87
104766,SKU62523,垃圾袋,日化清洁,3,2026-06-09,27.36
104767,SKU42723,排骨,肉禽蛋品,1,2026-05-13,65.53
104767,SKU22876,胡萝卜,生鲜蔬果,3,2026-05-13,11.3
104767,SKU83686,土豆,生鲜蔬果,4,2026-05-13,14.72
104767,SKU80522,白糖,粮油调味,5,2026-05-13,25.94
104768,SKU30977,洗发水,日化清洁,5,2026-04-12,10.55
104768,SKU93932,蚝油,粮油调味,4,2026-04-12,12.97
104768,SKU91056,生菜,生鲜蔬果,2,2026-04-12,19.01
104768,SKU87764,矿泉水,食品饮料,4,2026-04-12,79.48
104768,SKU11174,西红柿,生鲜蔬果,2,2026-04-12,73.37
104769,SKU89188,拖把,日化清洁,4,2026-03-02,18.96
104769,SKU14686,果汁,食品饮料,3,2026-03-02,57.93
104770,SKU21868,火锅底料,火锅食材,3,2026-01-24,8.45
104770,SKU71168,方便面,食品饮料,4,2026-01-24,6.2
104771,SKU91280,牛奶,食品饮料,4,2026-03-24,36.64
104771,SKU87849,面包,食品饮料,5,2026-03-24,8.6
104771,SKU34773,蔬菜拼盘,火锅食材,4,2026-03-24,42.38
104771,SKU45972,果汁,食品饮料,3,2026-03-24,42.27
104771,SKU22179,黄油,烘焙用品,2,2026-03-24,24.21
104772,SKU20516,酸奶,食品饮料,1,2026-08-14,15.78
104772,SKU55668,芝士碎,烘焙用品,5,2026-08-14,19.59
104773,SKU27707,豆腐,火锅食材,4,2026-02-05,27.43
104773,SKU79262,胡萝卜,生鲜蔬果,3,2026-02-05,51.76
104773,SKU56432,葡萄,生鲜蔬果,5,2026-02-05,13.17
104773,SKU38001,鸭血,火锅食材,2,2026-02-05,18.44
104773,SKU60461,方便面,食品饮料,1,2026-02-05,26.6
104773,SKU98542,粉丝,火锅食材,2,2026-02-05,12.81
104774,SKU47435,苹果,生鲜蔬果,2,2026-03-19,31.39
104774,SKU48585,香蕉,生鲜蔬果,1,2026-03-19,31.31
104774,SKU85322,橙子,生鲜蔬果,4,2026-03-19,50.8
104774,SKU19298,黄瓜,生鲜蔬果,3,2026-03-19,65.9
104775,SKU77449,鸭蛋,肉禽蛋品,1,2026-09-11,43.41
104775,SKU22840,大米,粮油调味,5,2026-09-11,75.46
104776,SKU78678,羊肉卷,火锅食材,3,2026-02-14,22.34
104776,SKU98861,黄瓜,生鲜蔬果,2,2026-02-14,54.78
104776,SKU90307,排骨,肉禽蛋品,5,2026-02-14,23.98
104776,SKU37922,黄油,烘焙用品,2,2026-02-14,51.28
104777,SKU94008,火锅底料,火锅食材,1,2026-02-16,11.59
104777,SKU15941,料酒,粮油调味,1,2026-02-16,10.24
104778,SKU99992,西红柿,生鲜蔬果,4,2026-05-22,22.98
104778,SKU91150,牙膏,日化清洁,5,2026-05-22,7.56
104778,SKU50474,淡奶油,烘焙用品,4,2026-05-22,12.11
104778,SKU94802,火锅底料,火锅食材,1,2026-05-22,23.83
104778,SKU64736,蘸料,火锅食材,1,2026-05-22,65.81
104778,SKU96750,毛肚,火锅食材,2,2026-05-22,19.77
104779,SKU72210,料酒,粮油调味,5,2026-01-04,19.07
104779,SKU74923,鸡肉,肉禽蛋品,2,2026-01-04,33.96
104779,SKU44336,辣椒酱,粮油调味,5,2026-01-04,45.06
104780,SKU28185,盐,粮油调味,2,2026-09-19,12.3
104780,SKU75213,肥皂,日化清洁,3,2026-09-19,61.85
104780,SKU24040,肥牛卷,火锅食材,3,2026-09-19,50.74
104780,SKU83559,巧克力,食品饮料,4,2026-09-19,25.48
104780,SKU70712,饼干,食品饮料,5,2026-09-19,67.7
104780,SKU49858,洗发水,日化清洁,1,2026-09-19,24.83
104781,SKU93347,西红柿,生鲜蔬果,4,2026-01-27,6.86
104781,SKU31735,鸡蛋,肉禽蛋品,3,2026-01-27,38.87
104781,SKU60796,黄瓜,生鲜蔬果,4,2026-01-27,13.73
104781,SKU71409,猪肉,肉禽蛋品,2,2026-01-27,8.2
104781,SKU21440,盐,粮油调味,4,2026-01-27,62.83
104781,SKU39130,酸奶,食品饮料,3,2026-01-27,38.58
104782,SKU60353,消毒液,日化清洁,1,2026-06-11,76.15
104782,SKU58709,面包,食品饮料,5,2026-06-11,55.5
104782,SKU92296,牛奶,食品饮料,2,2026-06-11,46.6
104783,SKU32479,牛奶,食品饮料,1,2026-07-15,26.83
104783,SKU16593,果汁,食品饮料,4,2026-07-15,47.13
104783,SKU90845,肥牛卷,火锅食材,2,2026-07-15,60.2
104783,SKU97676,苹果,生鲜蔬果,4,2026-07-15,64.19
104784,SKU63964,拖把,日化清洁,5,2026-03-17,5.52
104784,SKU66854,蛋糕粉,烘焙用品,2,2026-03-17,67.08
104785,SKU22319,西红柿,生鲜蔬果,4,2026-05-07,52.75
104785,SKU15962,鸡蛋,肉禽蛋品,3,2026-05-07,36.97
104785,SKU96496,黄瓜,生鲜蔬果,4,2026-05-07,40.6
104785,SKU21875,油纸,烘焙用品,1,2026-05-07,4.36
104785,SKU82060,芝士碎,烘焙用品,2,2026-05-07,77.46
104785,SKU49274,羊肉卷,火锅食材,1,2026-05-07,4.68
104786,SKU38804,猪肉,肉禽蛋品,2,2026-04-03,19.45
104786,SKU90302,苹果,生鲜蔬果,4,2026-04-03,29.09
104786,SKU33403,黄瓜,生鲜蔬果,3,2026-04-03,37.45
104786,SKU63264,毛肚,火锅食材,5,2026-04-03,12.49
104786,SKU60284,大米,粮油调味,2,2026-04-03,54.2
104786,SKU53735,垃圾袋,日化清洁,3,2026-04-03,67.28
104787,SKU85646,丸子,火锅食材,4,2026-07-15,23.67
104787,SKU77940,生菜,生鲜蔬果,3,2026-07-15,28.95
104787,SKU93816,薯片,食品饮料,5,2026-07-15,77.67
104787,SKU16220,芝士碎,烘焙用品,2,2026-07-15,27.59
104787,SKU38938,鸭血,火锅食材,5,2026-07-15,63.02
104787,SKU92051,肥皂,日化清洁,2,2026-07-15,77.07
104788,SKU71703,带鱼,肉禽蛋品,5,2026-07-15,37.98
104788,SKU91201,面粉,粮油调味,4,2026-07-15,14.27
104788,SKU75981,油纸,烘焙用品,5,2026-07-15,65.71
104788,SKU63957,醋,粮油调味,4,2026-07-15,14.6
104788,SKU34778,垃圾袋,日化清洁,5,2026-07-15,68.94
104788,SKU80713,沐浴露,日化清洁,4,2026-07-15,26.31
104789,SKU78994,薯片,食品饮料,2,2026-07-08,41.79
104789,SKU97428,苹果,生鲜蔬果,2,2026-07-08,46.76
104789,SKU49989,垃圾袋,日化清洁,1,2026-07-08,73.32
104789,SKU62208,洗衣液,日化清洁,1,2026-07-08,21.9
104789,SKU36150,白糖,粮油调味,1,2026-07-08,39.47
104789,SKU54835,肥牛卷,火锅食材,4,2026-07-08,38.5
104790,SKU16680,洗发水,日化清洁,3,2026-01-13,48.94
104790,SKU78699,沐浴露,日化清洁,2,2026-01-13,76.26
104790,SKU35018,牙膏,日化清洁,1,2026-01-13,40.96
104790,SKU16849,拖把,日化清洁,5,2026-01-13,20.57
104791,SKU63418,苹果,生鲜蔬果,1,2026-05-02,14.86
104791,SKU91839,香蕉,生鲜蔬果,3,2026-05-02,15.56
104791,SKU35449,橙子,生鲜蔬果,2,2026-05-02,61.61
104791,SKU97525,牛肉,肉禽蛋品,2,2026-05-02,68.65
104791,SKU68762,蛋挞皮,烘焙用品,3,2026-05-02,40.92
104792,SKU32478,洗发水,日化清洁,4,2026-05-10,71.07
104792,SKU69199,沐浴露,日化清洁,2,2026-05-10,41.17
104792,SKU40750,牙膏,日化清洁,2,2026-05-10,5.36
104792,SKU53221,纸巾,日化清洁,5,2026-05-10,19.77
104793,SKU71953,大米,粮油调味,4,2026-04-01,74.25
104793,SKU24826,食用油,粮油调味,5,2026-04-01,72.01
104793,SKU13743,酱油,粮油调味,2,2026-04-01,50.46
104793,SKU98861,薯片,食品饮料,2,2026-04-01,55.22
104794,SKU19435,洗衣液,日化清洁,5,2026-09-12,77.89
104794,SKU32443,纸巾,日化清洁,5,2026-09-12,57.94
104794,SKU66690,垃圾袋,日化清洁,1,2026-09-12,49.54
104794,SKU33659,蛋糕粉,烘焙用品,4,2026-09-12,71.49
104795,SKU49140,可乐,食品饮料,5,2026-02-14,22.83
104795,SKU56323,薯片,食品饮料,4,2026-02-14,28.3
104795,SKU16401,饼干,食品饮料,1,2026-02-14,45.21
104795,SKU18381,洗发水,日化清洁,5,2026-02-14,53.47
104795,SKU71174,香草精,烘焙用品,1,2026-02-14,27.07
104795,SKU52819,蘸料,火锅食材,2,2026-02-14,34.99
104796,SKU12734,蛋糕粉,烘焙用品,2,2026-03-17,47.25
104796,SKU66207,猪肉,肉禽蛋品,3,2026-03-17,9.32
104796,SKU94936,洗洁精,日化清洁,3,2026-03-17,35.07
104796,SKU92540,矿泉水,食品饮料,5,2026-03-17,44.54
104797,SKU84002,面粉,粮油调味,3,2026-08-08,73.26
104797,SKU96983,拖把,日化清洁,5,2026-08-08,78.8
104797,SKU37599,牙膏,日化清洁,5,2026-08-08,72.68
104798,SKU11169,蛋糕粉,烘焙用品,2,2026-04-27,21.84
104798,SKU20992,黄油,烘焙用品,1,2026-04-27,28.93
104798,SKU92990,淡奶油,烘焙用品,4,2026-04-27,63.78
104798,SKU37341,鸡蛋,肉禽蛋品,3,2026-04-27,14.09
104798,SKU18886,酸奶,食品饮料,3,2026-04-27,65.21
104798,SKU54519,排骨,肉禽蛋品,5,2026-04-27,24.2
104798,SKU91458,纸巾,日化清洁,4,2026-04-27,25.49
104799,SKU38798,鸭血,火锅食材,3,2026-09-03,60.35
104799,SKU36159,矿泉水,食品饮料,1,2026-09-03,25.65
104799,SKU41475,蛋糕粉,烘焙用品,3,2026-09-03,36.49
104799,SKU45920,酱油,粮油调味,3,2026-09-03,8.77
104800,SKU13497,苹果,生鲜蔬果,2,2026-07-06,63.66
104800,SKU90181,香蕉,生鲜蔬果,5,2026-07-06,24.24
104800,SKU98602,橙子,生鲜蔬果,2,2026-07-06,3.61
104800,SKU18011,薯片,食品饮料,3,2026-07-06,19.35
104800,SKU64012,鸡蛋,肉禽蛋品,1,2026-07-06,48.67
104801,SKU37853,鸡蛋,肉禽蛋品,4,2026-08-10,79.03
104801,SKU98226,牛肉,肉禽蛋品,2,2026-08-10,48.62
104801,SKU69640,矿泉水,食品饮料,1,2026-08-10,30.51
104801,SKU12173,洗衣液,日化清洁,3,2026-08-10,62.57
104802,SKU10442,白菜,生鲜蔬果,3,2026-07-27,18.24
104802,SKU30177,醋,粮油调味,4,2026-07-27,58.55
104802,SKU84803,牛肉,肉禽蛋品,2,2026-07-27,48.16
104802,SKU29157,酱油,粮油调味,3,2026-07-27,28.84
104802,SKU32508,面包,食品饮料,1,2026-07-27,27.2
104802,SKU83135,芝士碎,烘焙用品,2,2026-07-27,10.61
104803,SKU84432,垃圾袋,日化清洁,1,2026-09-19,17.54
104803,SKU79020,酵母,烘焙用品,2,2026-09-19,76.12
104803,SKU53987,毛肚,火锅食材,5,2026-09-19,45.8
104803,SKU90243,方便面,食品饮料,4,2026-09-19,72.42
104804,SKU35465,蛋糕粉,烘焙用品,5,2026-01-18,76.07
104804,SKU76559,鸡翅,肉禽蛋品,3,2026-01-18,13.29
104804,SKU97318,橙子,生鲜蔬果,4,2026-01-18,32.03
104804,SKU59950,带鱼,肉禽蛋品,4,2026-01-18,62.76
104805,SKU45948,火锅底料,火锅食材,1,2026-07-16,38.89
104805,SKU59965,丸子,火锅食材,4,2026-07-16,50.29
104805,SKU88360,肥牛卷,火锅食材,5,2026-07-16,27.7
104805,SKU62132,蔬菜拼盘,火锅食材,5,2026-07-16,3.6
104805,SKU28592,饼干,食品饮料,3,2026-07-16,12.23
104806,SKU66921,苹果,生鲜蔬果,5,2026-01-28,34.53
104806,SKU79109,毛肚,火锅食材,4,2026-01-28,75.47
104806,SKU64555,蚝油,粮油调味,3,2026-01-28,26.88
104806,SKU41206,蛋糕粉,烘焙用品,3,2026-01-28,9.6
104807,SKU89574,面粉,粮油调味,1,2026-06-22,49.19
104807,SKU47371,丸子,火锅食材,1,2026-06-22,14.7
104807,SKU60031,西红柿,生鲜蔬果,3,2026-06-22,5.34
104807,SKU62922,土豆,生鲜蔬果,2,2026-06-22,25.46
104807,SKU99347,消毒液,日化清洁,3,2026-06-22,23.25
104807,SKU23874,带鱼,肉禽蛋品,5,2026-06-22,78.91
104808,SKU28592,鸡肉,肉禽蛋品,2,2026-06-19,24.98
104808,SKU18159,模具,烘焙用品,1,2026-06-19,50.21
104808,SKU38879,丸子,火锅食材,2,2026-06-19,4.38
104808,SKU36636,饼干,食品饮料,3,2026-06-19,42.81
104809,SKU31334,洗发水,日化清洁,1,2026-03-08,31.16
104809,SKU65206,沐浴露,日化清洁,1,2026-03-08,19.15
104809,SKU22424,牙膏,日化清洁,4,2026-03-08,52.07
104809,SKU43263,醋,粮油调味,4,2026-03-08,69.05
104809,SKU91038,方便面,食品饮料,3,2026-03-08,42.68
104810,SKU82701,面包,食品饮料,5,2026-01-26,24.66
104810,SKU30951,牙膏,日化清洁,4,2026-01-26,9.83
104810,SKU45942,蛋糕粉,烘焙用品,3,2026-01-26,68.35
104811,SKU18864,鸭血,火锅食材,5,2026-04-26,60.25
104811,SKU51759,料酒,粮油调味,5,2026-04-26,56.7
104811,SKU28590,辣椒酱,粮油调味,5,2026-04-26,11.67
104811,SKU76929,香蕉,生鲜蔬果,2,2026-04-26,60.61
104811,SKU87784,面包,食品饮料,4,2026-04-26,38.03
104811,SKU13538,可乐,食品饮料,4,2026-04-26,49.15
104812,SKU86283,肥牛卷,火锅食材,1,2026-01-17,25.35
104812,SKU31342,豆腐,火锅食材,1,2026-01-17,19.84
104813,SKU37169,大米,粮油调味,4,2026-07-07,48.97
104813,SKU97056,食用油,粮油调味,4,2026-07-07,69.43
104813,SKU41371,酱油,粮油调味,1,2026-07-07,74.41
104813,SKU82509,鸡蛋,肉禽蛋品,5,2026-07-07,4.46
104813,SKU97390,油纸,烘焙用品,5,2026-07-07,30.75
104813,SKU43781,糖粉,烘焙用品,1,2026-07-07,43.07
104814,SKU29557,蛋糕粉,烘焙用品,1,2026-03-09,31.33
104814,SKU56845,黄油,烘焙用品,1,2026-03-09,67.95
104814,SKU16692,淡奶油,烘焙用品,5,2026-03-09,43.93
104814,SKU70671,鸡蛋,肉禽蛋品,4,2026-03-09,27.91
104814,SKU44054,食用油,粮油调味,1,2026-03-09,16.92
104814,SKU29649,丸子,火锅食材,3,2026-03-09,58.7
104814,SKU79158,醋,粮油调味,1,2026-03-09,77.36
104815,SKU54077,肥皂,日化清洁,5,2026-02-10,79.09
104815,SKU75819,果汁,食品饮料,1,2026-02-10,75.55
104815,SKU28148,橙子,生鲜蔬果,3,2026-02-10,4.18
104815,SKU43441,垃圾袋,日化清洁,5,2026-02-10,21.82
104815,SKU39306,黄瓜,生鲜蔬果,1,2026-02-10,4.72
104815,SKU16983,豆腐,火锅食材,4,2026-02-10,63.56
104816,SKU94009,纸巾,日化清洁,4,2026-09-27,75.12
104816,SKU78767,香草精,烘焙用品,3,2026-09-27,52.18
104816,SKU95860,方便面,食品饮料,1,2026-09-27,36.17
104817,SKU12980,可乐,食品饮料,3,2026-05-27,4.93
104817,SKU94784,薯片,食品饮料,2,2026-05-27,34.65
104817,SKU27674,饼干,食品饮料,4,2026-05-27,77.26
104817,SKU75925,香蕉,生鲜蔬果,4,2026-05-27,6.19
104817,SKU40798,大米,粮油调味,5,2026-05-27,61.56
104817,SKU25271,牛奶,食品饮料,5,2026-05-27,68.63
104818,SKU47000,羊肉卷,火锅食材,3,2026-05-11,46.91
104818,SKU62108,黄瓜,生鲜蔬果,1,2026-05-11,8.61
104818,SKU64181,模具,烘焙用品,3,2026-05-11,46.52
104818,SKU87604,虾仁,肉禽蛋品,3,2026-05-11,51.14
104818,SKU85852,果汁,食品饮料,3,2026-05-11,53.33
104818,SKU15408,猪肉,肉禽蛋品,4,2026-05-11,76.17
104819,SKU12766,可乐,食品饮料,5,2026-07-23,7.14
104819,SKU41750,薯片,食品饮料,5,2026-07-23,4.81
104819,SKU22079,饼干,食品饮料,3,2026-07-23,6.47
104819,SKU38642,方便面,食品饮料,3,2026-07-23,53.46
104819,SKU28313,肥皂,日化清洁,3,2026-07-23,43.66
104820,SKU14401,羊肉卷,火锅食材,4,2026-09-03,11.79
104820,SKU33224,豆腐,火锅食材,2,2026-09-03,49.28
104820,SKU98957,蚝油,粮油调味,5,2026-09-03,5.92
104820,SKU41882,白菜,生鲜蔬果,1,2026-09-03,20.22
104820,SKU11953,西红柿,生鲜蔬果,2,2026-09-03,39.73
104820,SKU84399,粉丝,火锅食材,5,2026-09-03,11.8
104821,SKU36747,洗发水,日化清洁,4,2026-02-28,67.25
104821,SKU65658,沐浴露,日化清洁,3,2026-02-28,68.17
104821,SKU48640,牙膏,日化清洁,4,2026-02-28,8.45
104821,SKU54488,油纸,烘焙用品,5,2026-02-28,64.51
104822,SKU81015,西红柿,生鲜蔬果,5,2026-06-14,7.02
104822,SKU13426,淡奶油,烘焙用品,3,2026-06-14,71.19
104823,SKU50020,白糖,粮油调味,2,2026-04-18,55.3
104823,SKU90308,垃圾袋,日化清洁,4,2026-04-18,37.32
104823,SKU80792,消毒液,日化清洁,3,2026-04-18,64.76
104823,SKU87835,带鱼,肉禽蛋品,2,2026-04-18,36.95
104824,SKU10673,可乐,食品饮料,4,2026-03-24,32.69
104824,SKU58989,苹果,生鲜蔬果,2,2026-03-24,46.07
104824,SKU87233,洗洁精,日化清洁,3,2026-03-24,56.65
104824,SKU26641,香草精,烘焙用品,5,2026-03-24,4.56
104824,SKU18504,醋,粮油调味,3,2026-03-24,65.11
104825,SKU57118,大米,粮油调味,3,2026-05-03,67.45
104825,SKU57445,食用油,粮油调味,1,2026-05-03,11.82
104825,SKU73822,酱油,粮油调味,3,2026-05-03,47.88
104825,SKU72673,西红柿,生鲜蔬果,2,2026-05-03,56.98
104825,SKU79386,面包,食品饮料,5,2026-05-03,22.91
104825,SKU99481,鸭血,火锅食材,3,2026-05-03,32.94
104826,SKU27862,食用油,粮油调味,2,2026-09-17,19.42
104826,SKU74288,鸡蛋,肉禽蛋品,4,2026-09-17,30.24
104826,SKU43094,拖把,日化清洁,2,2026-09-17,61.64
104827,SKU53595,橙子,生鲜蔬果,1,2026-05-09,25.65
104827,SKU98205,糖粉,烘焙用品,1,2026-05-09,78.33
104827,SKU71068,蘸料,火锅食材,4,2026-05-09,49.56
104827,SKU95162,可乐,食品饮料,4,2026-05-09,24.69
104827,SKU17049,方便面,食品饮料,1,2026-05-09,29.62
104827,SKU53177,酱油,粮油调味,4,2026-05-09,50.56
104828,SKU82880,可乐,食品饮料,2,2026-09-11,64.16
104828,SKU66204,薯片,食品饮料,4,2026-09-11,58.22
104828,SKU43859,饼干,食品饮料,5,2026-09-11,56.04
104828,SKU93003,鸡翅,肉禽蛋品,3,2026-09-11,15.75
104828,SKU73359,沐浴露,日化清洁,3,2026-09-11,49.05
104829,SKU36045,洗发水,日化清洁,1,2026-07-08,61.33
104829,SKU21582,沐浴露,日化清洁,5,2026-07-08,23.02
104829,SKU10706,牙膏,日化清洁,2,2026-07-08,71.37
104829,SKU90871,拖把,日化清洁,2,2026-07-08,49.47
104829,SKU13178,生菜,生鲜蔬果,5,2026-07-08,5.17
104830,SKU56076,三文鱼,肉禽蛋品,3,2026-04-24,65.43
104830,SKU93178,白菜,生鲜蔬果,4,2026-04-24,74.67
104830,SKU84491,垃圾袋,日化清洁,2,2026-04-24,11.87
104830,SKU27917,酵母,烘焙用品,4,2026-04-24,79.39
104830,SKU96848,大米,粮油调味,1,2026-04-24,6.64
104831,SKU71426,可乐,食品饮料,4,2026-07-09,5.7
104831,SKU12174,薯片,食品饮料,4,2026-07-09,62.29
104831,SKU48387,饼干,食品饮料,4,2026-07-09,57.06
104831,SKU27447,糖粉,烘焙用品,2,2026-07-09,7.77
104832,SKU91980,沐浴露,日化清洁,3,2026-03-24,77.24
104832,SKU46061,蘸料,火锅食材,2,2026-03-24,78.67
104832,SKU47546,豆腐,火锅食材,1,2026-03-24,31.98
104833,SKU63574,丸子,火锅食材,5,2026-08-19,7.7
104833,SKU40050,面包,食品饮料,5,2026-08-19,75.35
104833,SKU19019,白菜,生鲜蔬果,1,2026-08-19,56.36
104833,SKU60947,鸭蛋,肉禽蛋品,1,2026-08-19,20.97
104834,SKU95394,面粉,粮油调味,1,2026-02-09,72.01
104834,SKU44050,醋,粮油调味,4,2026-02-09,38.41
104834,SKU71246,黄油,烘焙用品,4,2026-02-09,73.99
104834,SKU93812,排骨,肉禽蛋品,2,2026-02-09,8.42
104835,SKU71229,鸡蛋,肉禽蛋品,1,2026-04-09,14.27
104835,SKU42732,丸子,火锅食材,2,2026-04-09,46.54
104836,SKU81956,排骨,肉禽蛋品,5,2026-06-24,61.05
104836,SKU95686,胡萝卜,生鲜蔬果,4,2026-06-24,7.97
104836,SKU17496,土豆,生鲜蔬果,4,2026-06-24,27.12
104836,SKU45126,带鱼,肉禽蛋品,2,2026-06-24,65.31
104837,SKU98736,虾仁,肉禽蛋品,4,2026-09-07,54.62
104837,SKU89378,苹果,生鲜蔬果,3,2026-09-07,29.13
104838,SKU55633,白糖,粮油调味,2,2026-09-19,69.53
104838,SKU55502,模具,烘焙用品,4,2026-09-19,30.52
104838,SKU26112,油纸,烘焙用品,1,2026-09-19,59.5
104838,SKU94335,纸巾,日化清洁,5,2026-09-19,13.93
104838,SKU46823,酱油,粮油调味,3,2026-09-19,63.1
104838,SKU65258,带鱼,肉禽蛋品,1,2026-09-19,65.81
104839,SKU24797,豆腐,火锅食材,5,2026-08-12,6.94
104839,SKU19398,辣椒酱,粮油调味,5,2026-08-12,62.01
104839,SKU62630,薯片,食品饮料,1,2026-08-12,11.62
104839,SKU10172,消毒液,日化清洁,5,2026-08-12,72.61
104839,SKU25306,虾仁,肉禽蛋品,2,2026-08-12,62.42
104839,SKU56342,洗洁精,日化清洁,2,2026-08-12,28.29
104840,SKU26397,西红柿,生鲜蔬果,2,2026-05-06,35.68
104840,SKU21891,鸡蛋,肉禽蛋品,1,2026-05-06,24.0
104840,SKU84016,黄瓜,生鲜蔬果,3,2026-05-06,69.1
104840,SKU43602,酸奶,食品饮料,1,2026-05-06,42.11
104840,SKU69749,矿泉水,食品饮料,5,2026-05-06,26.32
104840,SKU48949,果汁,食品饮料,5,2026-05-06,31.1
104841,SKU29793,可乐,食品饮料,1,2026-04-28,24.33
104841,SKU85409,薯片,食品饮料,2,2026-04-28,35.28
104841,SKU79769,饼干,食品饮料,2,2026-04-28,19.82
104841,SKU14803,蛋挞皮,烘焙用品,2,2026-04-28,61.91
104841,SKU56215,黄油,烘焙用品,3,2026-04-28,3.9
104842,SKU53869,洗发水,日化清洁,1,2026-09-02,64.14
104842,SKU79877,沐浴露,日化清洁,2,2026-09-02,39.57
104842,SKU12332,牙膏,日化清洁,5,2026-09-02,26.87
104842,SKU65371,方便面,食品饮料,5,2026-09-02,43.46
104842,SKU89259,蛋挞皮,烘焙用品,4,2026-09-02,41.87
104842,SKU46336,醋,粮油调味,5,2026-09-02,77.3
104843,SKU78475,薯片,食品饮料,2,2026-09-26,74.61
104843,SKU23073,芝士碎,烘焙用品,3,2026-09-26,40.14
104843,SKU30381,洗衣液,日化清洁,2,2026-09-26,12.41
104843,SKU10736,盐,粮油调味,2,2026-09-26,54.35
104843,SKU84786,垃圾袋,日化清洁,1,2026-09-26,76.5
104844,SKU34479,糖粉,烘焙用品,5,2026-03-21,20.86
104844,SKU15108,牛奶,食品饮料,3,2026-03-21,61.77
104844,SKU89819,肥牛卷,火锅食材,1,2026-03-21,66.98
104844,SKU96416,白糖,粮油调味,2,2026-03-21,15.14
104845,SKU79353,黄瓜,生鲜蔬果,4,2026-02-19,12.07
104845,SKU79299,蚝油,粮油调味,1,2026-02-19,77.53
104845,SKU51182,排骨,肉禽蛋品,2,2026-02-19,4.6
104845,SKU69939,洗洁精,日化清洁,2,2026-02-19,53.6
104845,SKU20056,盐,粮油调味,4,2026-02-19,28.86
104846,SKU91937,排骨,肉禽蛋品,1,2026-03-17,31.11
104846,SKU66897,胡萝卜,生鲜蔬果,2,2026-03-17,9.2
104846,SKU47471,土豆,生鲜蔬果,3,2026-03-17,55.87
104846,SKU93639,面包,食品饮料,3,2026-03-17,59.72
104846,SKU34493,酸奶,食品饮料,4,2026-03-17,54.86
104846,SKU75362,蚝油,粮油调味,1,2026-03-17,39.74
104847,SKU75051,牛奶,食品饮料,2,2026-09-24,64.96
104847,SKU77133,面包,食品饮料,3,2026-09-24,74.43
104847,SKU47195,火锅底料,火锅食材,2,2026-09-24,32.26
104847,SKU27624,纸巾,日化清洁,5,2026-09-24,55.39
104848,SKU73024,黄油,烘焙用品,1,2026-09-23,4.34
104848,SKU32360,胡萝卜,生鲜蔬果,2,2026-09-23,10.45
104848,SKU42375,黄瓜,生鲜蔬果,4,2026-09-23,56.1
104848,SKU39833,芝士碎,烘焙用品,3,2026-09-23,68.71
104848,SKU77820,辣椒酱,粮油调味,5,2026-09-23,15.42
104849,SKU70948,淡奶油,烘焙用品,1,2026-02-01,66.48
104849,SKU52892,可乐,食品饮料,3,2026-02-01,47.55
104849,SKU25221,三文鱼,肉禽蛋品,3,2026-02-01,47.17
104849,SKU58671,饼干,食品饮料,1,2026-02-01,50.08
104849,SKU73889,辣椒酱,粮油调味,5,2026-02-01,79.43
104849,SKU78953,食用油,粮油调味,4,2026-02-01,53.5
104850,SKU31170,牛奶,食品饮料,3,2026-08-19,23.67
104850,SKU26616,面包,食品饮料,4,2026-08-19,72.69
104850,SKU70876,香草精,烘焙用品,5,2026-08-19,19.25
104850,SKU68588,葡萄,生鲜蔬果,4,2026-08-19,5.76
104850,SKU41698,白糖,粮油调味,2,2026-08-19,63.71
104851,SKU56338,芝士碎,烘焙用品,1,2026-01-22,22.2
104851,SKU71077,果汁,食品饮料,5,2026-01-22,12.54
104851,SKU34686,鸡蛋,肉禽蛋品,2,2026-01-22,11.12
104851,SKU61967,蛋挞皮,烘焙用品,1,2026-01-22,30.38
104851,SKU57562,酱油,粮油调味,1,2026-01-22,32.74
104852,SKU62512,牙膏,日化清洁,2,2026-01-12,78.27
104852,SKU12342,牛肉,肉禽蛋品,1,2026-01-12,25.28
104852,SKU84646,粉丝,火锅食材,1,2026-01-12,46.1
104853,SKU55973,蛋糕粉,烘焙用品,1,2026-09-05,34.15
104853,SKU45863,黄油,烘焙用品,4,2026-09-05,26.15
104853,SKU79419,淡奶油,烘焙用品,3,2026-09-05,62.23
104853,SKU30991,鸡蛋,肉禽蛋品,1,2026-09-05,48.96
104853,SKU23367,酸奶,食品饮料,2,2026-09-05,46.43
104853,SKU96957,虾仁,肉禽蛋品,2,2026-09-05,25.38
104853,SKU32932,黄瓜,生鲜蔬果,2,2026-09-05,52.72
104854,SKU35499,洗衣液,日化清洁,4,2026-07-04,6.36
104854,SKU86677,纸巾,日化清洁,5,2026-07-04,62.1
104854,SKU31793,垃圾袋,日化清洁,3,2026-07-04,22.6
104854,SKU12213,蛋糕粉,烘焙用品,3,2026-07-04,50.28
104855,SKU56743,火锅底料,火锅食材,2,2026-06-28,37.63
104855,SKU70818,丸子,火锅食材,2,2026-06-28,31.32
104855,SKU89622,肥牛卷,火锅食材,5,2026-06-28,29.11
104855,SKU54179,大米,粮油调味,3,2026-06-28,59.27
104856,SKU57968,鸡蛋,肉禽蛋品,2,2026-06-20,32.38
104856,SKU41093,洗洁精,日化清洁,2,2026-06-20,9.8
104856,SKU54497,蔬菜拼盘,火锅食材,2,2026-06-20,33.96
104856,SKU41390,洗衣液,日化清洁,2,2026-06-20,54.58
104856,SKU63215,巧克力,食品饮料,3,2026-06-20,68.6
104856,SKU11396,火锅底料,火锅食材,1,2026-06-20,13.92
104857,SKU53868,洗衣液,日化清洁,2,2026-06-21,31.44
104857,SKU14082,纸巾,日化清洁,4,2026-06-21,61.58
104857,SKU24770,垃圾袋,日化清洁,1,2026-06-21,10.84
104857,SKU50157,鸡肉,肉禽蛋品,3,2026-06-21,55.55
104857,SKU41189,白糖,粮油调味,4,2026-06-21,45.98
104857,SKU39155,三文鱼,肉禽蛋品,4,2026-06-21,77.63
104858,SKU96176,黄油,烘焙用品,2,2026-08-09,64.46
104858,SKU22747,三文鱼,肉禽蛋品,5,2026-08-09,34.58
104858,SKU90583,料酒,粮油调味,5,2026-08-09,59.93
104859,SKU35193,盐,粮油调味,4,2026-02-17,3.44
104859,SKU43688,纸巾,日化清洁,1,2026-02-17,52.32
104859,SKU19580,胡萝卜,生鲜蔬果,1,2026-02-17,13.04
104859,SKU86328,虾仁,肉禽蛋品,3,2026-02-17,7.28
104859,SKU87042,方便面,食品饮料,1,2026-02-17,58.31
104860,SKU51769,排骨,肉禽蛋品,1,2026-03-03,49.35
104860,SKU29998,胡萝卜,生鲜蔬果,3,2026-03-03,7.18
104860,SKU17994,土豆,生鲜蔬果,3,2026-03-03,63.77
104861,SKU18151,西红柿,生鲜蔬果,2,2026-07-09,4.55
104861,SKU38549,鸡蛋,肉禽蛋品,2,2026-07-09,36.46
104861,SKU17303,黄瓜,生鲜蔬果,5,2026-07-09,38.57
104861,SKU45234,蛋挞皮,烘焙用品,1,2026-07-09,38.49
104861,SKU80326,醋,粮油调味,5,2026-07-09,28.63
104861,SKU41905,白糖,粮油调味,1,2026-07-09,3.71
104862,SKU56526,沐浴露,日化清洁,4,2026-07-03,26.88
104862,SKU61853,香蕉,生鲜蔬果,4,2026-07-03,60.15
104863,SKU48147,胡萝卜,生鲜蔬果,3,2026-02-07,37.98
104863,SKU66267,猪肉,肉禽蛋品,1,2026-02-07,51.41
104863,SKU98699,橙子,生鲜蔬果,1,2026-02-07,64.61
104863,SKU62596,丸子,火锅食材,5,2026-02-07,23.05
104863,SKU79863,蛋糕粉,烘焙用品,1,2026-02-07,24.26
104864,SKU18990,橙子,生鲜蔬果,1,2026-06-09,77.72
104864,SKU51540,鸭血,火锅食材,5,2026-06-09,25.27
104865,SKU21903,香草精,烘焙用品,2,2026-01-07,34.27
104865,SKU81582,肥牛卷,火锅食材,3,2026-01-07,36.23
104866,SKU46718,洗衣液,日化清洁,4,2026-05-20,34.13
104866,SKU81173,纸巾,日化清洁,4,2026-05-20,20.46
104866,SKU81609,垃圾袋,日化清洁,5,2026-05-20,20.67
104866,SKU37386,可乐,食品饮料,4,2026-05-20,53.48
104867,SKU39031,果汁,食品饮料,2,2026-01-03,46.28
104867,SKU84061,巧克力,食品饮料,1,2026-01-03,14.7
104867,SKU25823,牙膏,日化清洁,3,2026-01-03,23.97
104867,SKU14984,西红柿,生鲜蔬果,2,2026-01-03,65.81
104867,SKU87702,大米,粮油调味,2,2026-01-03,31.75
104867,SKU93621,垃圾袋,日化清洁,3,2026-01-03,37.69
104868,SKU32170,可乐,食品饮料,2,2026-04-19,78.85
104868,SKU43665,薯片,食品饮料,3,2026-04-19,63.19
104868,SKU37033,饼干,食品饮料,2,2026-04-19,70.43
104868,SKU21921,酱油,粮油调味,2,2026-04-19,54.32
104868,SKU69350,鸭血,火锅食材,1,2026-04-19,18.99
104869,SKU16703,火锅底料,火锅食材,5,2026-08-07,70.57
104869,SKU82840,丸子,火锅食材,5,2026-08-07,50.48
104869,SKU28313,肥牛卷,火锅食材,3,2026-08-07,31.08
104869,SKU72964,芝士碎,烘焙用品,1,2026-08-07,28.27
104869,SKU99743,模具,烘焙用品,5,2026-08-07,43.64
104870,SKU77809,洗衣液,日化清洁,2,2026-09-09,3.29
104870,SKU40518,矿泉水,食品饮料,1,2026-09-09,34.65
104870,SKU19892,大米,粮油调味,1,2026-09-09,41.96
104870,SKU33336,火锅底料,火锅食材,5,2026-09-09,65.11
104871,SKU97249,大米,粮油调味,4,2026-09-04,64.63
104871,SKU84515,食用油,粮油调味,5,2026-09-04,39.97
104871,SKU62749,酱油,粮油调味,5,2026-09-04,65.32
104871,SKU21907,芝士碎,烘焙用品,1,2026-09-04,29.27
104872,SKU97149,三文鱼,肉禽蛋品,2,2026-03-21,29.72
104872,SKU89471,毛肚,火锅食材,3,2026-03-21,57.1
104872,SKU17714,虾仁,肉禽蛋品,2,2026-03-21,14.15
104872,SKU55986,面包,食品饮料,5,2026-03-21,45.84
104872,SKU72996,蛋挞皮,烘焙用品,4,2026-03-21,27.83
104873,SKU81254,排骨,肉禽蛋品,5,2026-07-18,75.58
104873,SKU20757,胡萝卜,生鲜蔬果,5,2026-07-18,43.09
104873,SKU23244,土豆,生鲜蔬果,3,2026-07-18,29.62
104873,SKU67489,三文鱼,肉禽蛋品,5,2026-07-18,33.21
104873,SKU94668,面粉,粮油调味,5,2026-07-18,8.91
104873,SKU71229,蛋挞皮,烘焙用品,5,2026-07-18,11.58
104874,SKU42300,面包,食品饮料,3,2026-03-28,12.47
104874,SKU78054,白菜,生鲜蔬果,3,2026-03-28,26.42
104875,SKU12240,蛋挞皮,烘焙用品,1,2026-02-07,76.8
104875,SKU16603,鸭血,火锅食材,3,2026-02-07,45.34
104875,SKU55194,食用油,粮油调味,5,2026-02-07,21.64
104876,SKU96868,生菜,生鲜蔬果,4,2026-08-10,70.51
104876,SKU15957,豆腐,火锅食材,3,2026-08-10,55.37
104876,SKU49364,鸡蛋,肉禽蛋品,4,2026-08-10,59.95
104876,SKU75829,可乐,食品饮料,1,2026-08-10,63.68
104877,SKU29434,沐浴露,日化清洁,5,2026-01-27,37.41
104877,SKU80047,模具,烘焙用品,5,2026-01-27,57.38
104877,SKU53466,鸡翅,肉禽蛋品,3,2026-01-27,18.77
104877,SKU97199,胡萝卜,生鲜蔬果,5,2026-01-27,38.97
104877,SKU60075,鸡肉,肉禽蛋品,1,2026-01-27,17.92
104878,SKU94569,苹果,生鲜蔬果,4,2026-06-04,65.35
104878,SKU49219,香蕉,生鲜蔬果,5,2026-06-04,66.39
104878,SKU98457,橙子,生鲜蔬果,1,2026-06-04,20.46
104878,SKU89202,毛肚,火锅食材,1,2026-06-04,31.8
104878,SKU41920,蛋挞皮,烘焙用品,3,2026-06-04,71.94
104878,SKU11623,西红柿,生鲜蔬果,2,2026-06-04,75.11
104879,SKU86845,牛奶,食品饮料,4,2026-09-22,13.86
104879,SKU27754,面包,食品饮料,4,2026-09-22,32.87
104879,SKU46111,三文鱼,肉禽蛋品,3,2026-09-22,60.98
104879,SKU91893,消毒液,日化清洁,4,2026-09-22,23.72
104880,SKU53482,鸡翅,肉禽蛋品,3,2026-03-11,7.53
104880,SKU19525,面包,食品饮料,2,2026-03-11,34.48
104880,SKU11586,淡奶油,烘焙用品,2,2026-03-11,7.37
104880,SKU44952,洗洁精,日化清洁,4,2026-03-11,45.38
104880,SKU16162,豆腐,火锅食材,2,2026-03-11,39.3
104881,SKU44148,大米,粮油调味,2,2026-01-28,7.43
104881,SKU15687,食用油,粮油调味,1,2026-01-28,59.49
104881,SKU68826,酱油,粮油调味,4,2026-01-28,18.39
104881,SKU54144,牛肉,肉禽蛋品,4,2026-01-28,20.02
104882,SKU21399,土豆,生鲜蔬果,5,2026-09-14,19.32
104882,SKU23749,巧克力,食品饮料,2,2026-09-14,65.98
104882,SKU47350,垃圾袋,日化清洁,5,2026-09-14,55.57
104882,SKU14701,猪肉,肉禽蛋品,5,2026-09-14,53.84
104882,SKU41620,牛奶,食品饮料,5,2026-09-14,76.32
104882,SKU23914,大米,粮油调味,4,2026-09-14,7.68
104883,SKU33549,土豆,生鲜蔬果,2,2026-03-14,71.68
104883,SKU41626,糖粉,烘焙用品,3,2026-03-14,44.19
104883,SKU99324,饼干,食品饮料,1,2026-03-14,26.75
104883,SKU99446,生菜,生鲜蔬果,4,2026-03-14,44.0
104883,SKU12536,薯片,食品饮料,1,2026-03-14,23.62
104884,SKU43143,薯片,食品饮料,5,2026-02-27,31.83
104884,SKU55758,鸭血,火锅食材,4,2026-02-27,46.82
104884,SKU52836,黄瓜,生鲜蔬果,4,2026-02-27,32.7
104884,SKU89863,淡奶油,烘焙用品,1,2026-02-27,69.0
104884,SKU38269,沐浴露,日化清洁,4,2026-02-27,6.94
104885,SKU27534,牛奶,食品饮料,2,2026-02-08,24.74
104885,SKU29234,面包,食品饮料,4,2026-02-08,56.29
104885,SKU49417,黄瓜,生鲜蔬果,2,2026-02-08,74.93
104885,SKU40029,蚝油,粮油调味,4,2026-02-08,63.82
104886,SKU51234,洗发水,日化清洁,5,2026-05-17,68.61
104886,SKU98771,沐浴露,日化清洁,1,2026-05-17,14.21
104886,SKU44289,牙膏,日化清洁,3,2026-05-17,3.3
104886,SKU69839,毛肚,火锅食材,4,2026-05-17,43.44
104886,SKU56053,芝士碎,烘焙用品,4,2026-05-17,69.79
104887,SKU72068,蛋挞皮,烘焙用品,1,2026-04-22,16.99
104887,SKU55806,消毒液,日化清洁,4,2026-04-22,62.37
104887,SKU21393,芝士碎,烘焙用品,5,2026-04-22,8.95
104887,SKU31832,酵母,烘焙用品,1,2026-04-22,37.75
104887,SKU38066,生菜,生鲜蔬果,3,2026-04-22,63.85
104887,SKU64497,糖粉,烘焙用品,3,2026-04-22,11.19
104888,SKU64881,牛奶,食品饮料,4,2026-08-25,28.59
104888,SKU66472,面包,食品饮料,3,2026-08-25,43.88
104888,SKU87165,羊肉卷,火锅食材,5,2026-08-25,57.79
104889,SKU65561,洗发水,日化清洁,1,2026-05-13,47.61
104889,SKU57212,酱油,粮油调味,4,2026-05-13,65.34
104889,SKU71275,食用油,粮油调味,5,2026-05-13,68.62
104890,SKU17049,淡奶油,烘焙用品,3,2026-02-20,38.63
104890,SKU46434,薯片,食品饮料,1,2026-02-20,73.52
104891,SKU92578,消毒液,日化清洁,1,2026-07-05,8.28
104891,SKU29633,毛肚,火锅食材,5,2026-07-05,26.37
104891,SKU87751,白菜,生鲜蔬果,3,2026-07-05,53.76
104891,SKU68132,垃圾袋,日化清洁,3,2026-07-05,76.07
104892,SKU10468,蛋糕粉,烘焙用品,2,2026-08-24,8.59
104892,SKU40478,黄油,烘焙用品,1,2026-08-24,5.44
104892,SKU66085,淡奶油,烘焙用品,4,2026-08-24,66.64
104892,SKU13773,鸡蛋,肉禽蛋品,4,2026-08-24,19.41
104892,SKU18923,鸭血,火锅食材,3,2026-08-24,9.55
104892,SKU47180,洗发水,日化清洁,2,2026-08-24,68.7
104893,SKU87197,酸奶,食品饮料,5,2026-05-11,49.43
104893,SKU26442,蛋挞皮,烘焙用品,5,2026-05-11,30.73
104893,SKU31589,面包,食品饮料,3,2026-05-11,34.01
104894,SKU45194,酱油,粮油调味,1,2026-06-12,71.17
104894,SKU60178,酸奶,食品饮料,2,2026-06-12,68.58
104894,SKU22731,生菜,生鲜蔬果,1,2026-06-12,17.76
104894,SKU36712,粉丝,火锅食材,5,2026-06-12,19.69
104894,SKU75771,辣椒酱,粮油调味,2,2026-06-12,50.71
104895,SKU50302,酵母,烘焙用品,3,2026-05-21,43.34
104895,SKU37312,土豆,生鲜蔬果,5,2026-05-21,39.91
104895,SKU13974,芝士碎,烘焙用品,5,2026-05-21,6.04
104895,SKU17729,生菜,生鲜蔬果,2,2026-05-21,59.83
104895,SKU89255,牙膏,日化清洁,5,2026-05-21,66.05
104895,SKU87606,蘸料,火锅食材,1,2026-05-21,22.94
104896,SKU72444,酱油,粮油调味,5,2026-07-09,16.07
104896,SKU38456,巧克力,食品饮料,3,2026-07-09,62.54
104896,SKU24563,可乐,食品饮料,1,2026-07-09,77.29
104896,SKU68678,胡萝卜,生鲜蔬果,3,2026-07-09,51.5
104897,SKU38480,油纸,烘焙用品,4,2026-05-16,15.68
104897,SKU20878,薯片,食品饮料,4,2026-05-16,74.08
104897,SKU19429,黄油,烘焙用品,1,2026-05-16,38.41
104897,SKU32009,方便面,食品饮料,3,2026-05-16,41.02
104898,SKU68648,葡萄,生鲜蔬果,1,2026-08-20,10.57
104898,SKU68984,面包,食品饮料,2,2026-08-20,23.56
104898,SKU90763,豆腐,火锅食材,5,2026-08-20,75.92
104898,SKU64693,拖把,日化清洁,1,2026-08-20,22.7
104899,SKU16468,猪肉,肉禽蛋品,1,2026-06-08,58.75
104899,SKU86740,食用油,粮油调味,2,2026-06-08,47.55
104899,SKU50386,面包,食品饮料,3,2026-06-08,30.57
104899,SKU25932,苹果,生鲜蔬果,5,2026-06-08,69.37
104899,SKU72482,西红柿,生鲜蔬果,4,2026-06-08,16.53
104900,SKU43096,白糖,粮油调味,1,2026-04-03,8.59
104900,SKU95890,可乐,食品饮料,3,2026-04-03,51.78
104900,SKU28992,香蕉,生鲜蔬果,4,2026-04-03,64.86
104900,SKU18745,面包,食品饮料,4,2026-04-03,64.24
104900,SKU29604,模具,烘焙用品,3,2026-04-03,5.7
104900,SKU91068,面粉,粮油调味,1,2026-04-03,58.6
104901,SKU43083,排骨,肉禽蛋品,1,2026-07-21,70.98
104901,SKU64029,胡萝卜,生鲜蔬果,2,2026-07-21,49.18
104901,SKU10312,土豆,生鲜蔬果,1,2026-07-21,60.07
104901,SKU61146,消毒液,日化清洁,5,2026-07-21,67.68
104901,SKU98251,面包,食品饮料,4,2026-07-21,44.32
104901,SKU18683,香草精,烘焙用品,1,2026-07-21,5.26
104902,SKU21473,西红柿,生鲜蔬果,4,2026-04-07,28.89
104902,SKU94899,鸡蛋,肉禽蛋品,1,2026-04-07,57.76
104902,SKU95806,黄瓜,生鲜蔬果,1,2026-04-07,48.05
104902,SKU89681,食用油,粮油调味,2,2026-04-07,78.24
104902,SKU97864,纸巾,日化清洁,1,2026-04-07,75.38
104903,SKU84629,蛋糕粉,烘焙用品,5,2026-06-10,31.77
104903,SKU89054,面粉,粮油调味,4,2026-06-10,28.23
104903,SKU55729,淡奶油,烘焙用品,5,2026-06-10,76.61
104903,SKU64823,洗洁精,日化清洁,3,2026-06-10,73.35
104904,SKU84910,大米,粮油调味,5,2026-01-19,31.36
104904,SKU75121,食用油,粮油调味,1,2026-01-19,21.9
104904,SKU33661,酱油,粮油调味,5,2026-01-19,7.56
104904,SKU20211,拖把,日化清洁,2,2026-01-19,23.57
104904,SKU27456,蚝油,粮油调味,2,2026-01-19,68.73
104904,SKU44058,鸡蛋,肉禽蛋品,5,2026-01-19,61.03
104905,SKU14557,丸子,火锅食材,1,2026-03-25,59.91
104905,SKU15517,鸡翅,肉禽蛋品,2,2026-03-25,67.69
104905,SKU95981,肥牛卷,火锅食材,1,2026-03-25,59.56
104905,SKU13135,酵母,烘焙用品,2,2026-03-25,12.04
104905,SKU31509,洗洁精,日化清洁,4,2026-03-25,54.48
104905,SKU62968,生菜,生鲜蔬果,4,2026-03-25,40.01
104906,SKU18536,鸭蛋,肉禽蛋品,3,2026-08-14,57.81
104906,SKU27204,油纸,烘焙用品,1,2026-08-14,57.61
104906,SKU42957,胡萝卜,生鲜蔬果,5,2026-08-14,33.69
104906,SKU33403,白菜,生鲜蔬果,4,2026-08-14,51.42
104906,SKU60419,果汁,食品饮料,2,2026-08-14,9.6
104906,SKU98861,酸奶,食品饮料,1,2026-08-14,60.33
104907,SKU62287,鸭血,火锅食材,4,2026-02-09,24.46
104907,SKU90808,鸡翅,肉禽蛋品,3,2026-02-09,67.93
104907,SKU56386,巧克力,食品饮料,4,2026-02-09,50.18
104907,SKU24870,面包,食品饮料,5,2026-02-09,11.36
104907,SKU42111,鸡肉,肉禽蛋品,1,2026-02-09,32.29
104907,SKU77454,洗洁精,日化清洁,1,2026-02-09,67.86
104908,SKU42357,苹果,生鲜蔬果,3,2026-08-23,32.37
104908,SKU25134,香蕉,生鲜蔬果,1,2026-08-23,59.34
104908,SKU24869,橙子,生鲜蔬果,2,2026-08-23,40.96
104908,SKU87978,牙膏,日化清洁,5,2026-08-23,68.84
104908,SKU71233,鸭蛋,肉禽蛋品,2,2026-08-23,14.4
104909,SKU48747,蛋糕粉,烘焙用品,2,2026-07-14,4.06
104909,SKU45861,黄油,烘焙用品,3,2026-07-14,6.54
104909,SKU97239,淡奶油,烘焙用品,2,2026-07-14,33.89
104909,SKU66280,鸡蛋,肉禽蛋品,3,2026-07-14,65.39
104909,SKU45924,毛肚,火锅食材,5,2026-07-14,3.93
104909,SKU46579,垃圾袋,日化清洁,4,2026-07-14,33.82
104910,SKU26367,苹果,生鲜蔬果,5,2026-06-02,20.49
104910,SKU95627,香蕉,生鲜蔬果,5,2026-06-02,23.04
104910,SKU53578,橙子,生鲜蔬果,2,2026-06-02,21.54
104910,SKU43668,胡萝卜,生鲜蔬果,2,2026-06-02,73.62
104910,SKU16105,毛肚,火锅食材,5,2026-06-02,43.7
104911,SKU18278,可乐,食品饮料,3,2026-08-21,14.03
104911,SKU61055,薯片,食品饮料,5,2026-08-21,28.72
104911,SKU24635,饼干,食品饮料,5,2026-08-21,32.65
104911,SKU84578,牛肉,肉禽蛋品,2,2026-08-21,26.25
104912,SKU93999,油纸,烘焙用品,5,2026-01-21,54.29
104912,SKU89895,醋,粮油调味,2,2026-01-21,55.79
104912,SKU43934,带鱼,肉禽蛋品,1,2026-01-21,27.73
104912,SKU61437,饼干,食品饮料,2,2026-01-21,47.09
104913,SKU63087,排骨,肉禽蛋品,4,2026-09-20,15.99
104913,SKU77875,胡萝卜,生鲜蔬果,1,2026-09-20,40.64
104913,SKU12745,土豆,生鲜蔬果,4,2026-09-20,66.07
104913,SKU55044,鸭血,火锅食材,5,2026-09-20,65.04
104914,SKU70835,生菜,生鲜蔬果,5,2026-03-25,78.87
104914,SKU93790,盐,粮油调味,1,2026-03-25,21.36
104914,SKU46702,鸡翅,肉禽蛋品,2,2026-03-25,45.49
104914,SKU77676,土豆,生鲜蔬果,5,2026-03-25,76.49
104915,SKU73472,牛奶,食品饮料,2,2026-04-22,59.55
104915,SKU37795,洗洁精,日化清洁,4,2026-04-22,47.47
104915,SKU16555,果汁,食品饮料,3,2026-04-22,30.44
104915,SKU83315,羊肉卷,火锅食材,5,2026-04-22,24.74
104916,SKU72794,可乐,食品饮料,3,2026-04-05,34.48
104916,SKU62183,薯片,食品饮料,5,2026-04-05,69.3
104916,SKU60999,饼干,食品饮料,5,2026-04-05,31.83
104916,SKU76931,消毒液,日化清洁,4,2026-04-05,66.07
104916,SKU42140,方便面,食品饮料,4,2026-04-05,60.2
104917,SKU71359,洗发水,日化清洁,5,2026-05-02,53.3
104917,SKU49542,沐浴露,日化清洁,1,2026-05-02,59.91
104917,SKU37307,牙膏,日化清洁,4,2026-05-02,64.22
104917,SKU37720,苹果,生鲜蔬果,2,2026-05-02,14.71
104918,SKU24371,猪肉,肉禽蛋品,3,2026-06-19,54.02
104918,SKU83069,巧克力,食品饮料,1,2026-06-19,47.27
104918,SKU95609,纸巾,日化清洁,4,2026-06-19,58.03
104918,SKU89580,洗发水,日化清洁,3,2026-06-19,37.16
104918,SKU69544,牛奶,食品饮料,1,2026-06-19,77.3
104919,SKU15175,排骨,肉禽蛋品,5,2026-04-16,37.1
104919,SKU84024,胡萝卜,生鲜蔬果,1,2026-04-16,60.72
104919,SKU88736,土豆,生鲜蔬果,5,2026-04-16,7.0
104919,SKU54346,饼干,食品饮料,4,2026-04-16,28.26
104919,SKU33154,盐,粮油调味,5,2026-04-16,5.57
104920,SKU75144,洗发水,日化清洁,2,2026-02-22,29.87
104920,SKU86039,沐浴露,日化清洁,2,2026-02-22,3.52
104920,SKU23740,牙膏,日化清洁,4,2026-02-22,70.07
104920,SKU63636,猪肉,肉禽蛋品,5,2026-02-22,44.59
104920,SKU59114,芝士碎,烘焙用品,1,2026-02-22,36.31
104921,SKU78111,蔬菜拼盘,火锅食材,5,2026-07-20,47.44
104921,SKU31172,鸡翅,肉禽蛋品,5,2026-07-20,61.58
104921,SKU97122,胡萝卜,生鲜蔬果,3,2026-07-20,13.4
104921,SKU79791,蛋糕粉,烘焙用品,4,2026-07-20,53.07
104921,SKU14473,猪肉,肉禽蛋品,1,2026-07-20,68.06
104921,SKU17219,排骨,肉禽蛋品,5,2026-07-20,21.97
104922,SKU62528,丸子,火锅食材,2,2026-01-16,15.55
104922,SKU41746,牛肉,肉禽蛋品,5,2026-01-16,67.06
104922,SKU45936,可乐,食品饮料,4,2026-01-16,15.88
104923,SKU43454,蛋糕粉,烘焙用品,3,2026-05-08,30.49
104923,SKU60006,黄油,烘焙用品,5,2026-05-08,12.91
104923,SKU70039,淡奶油,烘焙用品,2,2026-05-08,40.39
104923,SKU98786,鸡蛋,肉禽蛋品,4,2026-05-08,18.87
104923,SKU66125,蔬菜拼盘,火锅食材,2,2026-05-08,18.53
104923,SKU65484,粉丝,火锅食材,1,2026-05-08,21.49
104924,SKU27413,肥皂,日化清洁,5,2026-06-02,49.55
104924,SKU51120,沐浴露,日化清洁,1,2026-06-02,61.04
104924,SKU95876,胡萝卜,生鲜蔬果,1,2026-06-02,54.8
104924,SKU82228,羊肉卷,火锅食材,4,2026-06-02,9.6
104924,SKU69853,蚝油,粮油调味,5,2026-06-02,73.22
104925,SKU18746,蛋糕粉,烘焙用品,5,2026-05-20,77.42
104925,SKU99330,黄油,烘焙用品,3,2026-05-20,7.34
104925,SKU22717,淡奶油,烘焙用品,4,2026-05-20,77.93
104925,SKU98109,鸡蛋,肉禽蛋品,5,2026-05-20,10.7
104925,SKU67942,排骨,肉禽蛋品,5,2026-05-20,59.15
104926,SKU55174,豆腐,火锅食材,1,2026-06-25,23.61
104926,SKU83457,蚝油,粮油调味,4,2026-06-25,48.42
104926,SKU37800,食用油,粮油调味,4,2026-06-25,70.13
104926,SKU61787,黄油,烘焙用品,3,2026-06-25,42.85
104926,SKU27277,丸子,火锅食材,3,2026-06-25,22.33
104927,SKU82609,白菜,生鲜蔬果,5,2026-03-07,20.22
104927,SKU65863,粉丝,火锅食材,4,2026-03-07,5.8
104927,SKU17558,牙膏,日化清洁,4,2026-03-07,36.17
104928,SKU31366,西红柿,生鲜蔬果,2,2026-03-26,9.82
104928,SKU17502,鸡蛋,肉禽蛋品,4,2026-03-26,70.92
104928,SKU11360,黄瓜,生鲜蔬果,5,2026-03-26,70.73
104928,SKU70431,食用油,粮油调味,5,2026-03-26,46.28
104928,SKU46146,酸奶,食品饮料,1,2026-03-26,18.39
104929,SKU39654,油纸,烘焙用品,2,2026-05-17,61.55
104929,SKU61341,火锅底料,火锅食材,3,2026-05-17,29.87
104930,SKU85302,可乐,食品饮料,2,2026-06-08,44.83
104930,SKU51872,薯片,食品饮料,1,2026-06-08,29.8
104930,SKU76677,饼干,食品饮料,2,2026-06-08,70.79
104930,SKU73806,洗衣液,日化清洁,4,2026-06-08,34.58
104930,SKU45310,蛋糕粉,烘焙用品,4,2026-06-08,31.3
104930,SKU11471,毛肚,火锅食材,1,2026-06-08,33.74
104931,SKU39305,西红柿,生鲜蔬果,4,2026-04-01,52.39
104931,SKU88603,鸡蛋,肉禽蛋品,5,2026-04-01,13.66
104931,SKU82129,黄瓜,生鲜蔬果,3,2026-04-01,71.87
104931,SKU23093,白菜,生鲜蔬果,3,2026-04-01,7.26
104932,SKU45088,洗衣液,日化清洁,2,2026-04-21,45.46
104932,SKU52503,纸巾,日化清洁,2,2026-04-21,63.7
104932,SKU74835,垃圾袋,日化清洁,1,2026-04-21,36.8
104932,SKU62219,油纸,烘焙用品,3,2026-04-21,35.99
104932,SKU43101,饼干,食品饮料,3,2026-04-21,44.41
104933,SKU17910,猪肉,肉禽蛋品,4,2026-07-19,42.48
104933,SKU52895,拖把,日化清洁,3,2026-07-19,15.65
104933,SKU54393,牙膏,日化清洁,4,2026-07-19,61.78
104933,SKU59240,方便面,食品饮料,1,2026-07-19,36.77
104933,SKU29788,芝士碎,烘焙用品,3,2026-07-19,47.42
104933,SKU60476,牛奶,食品饮料,4,2026-07-19,32.15
104934,SKU53432,蛋糕粉,烘焙用品,2,2026-06-12,35.78
104934,SKU99199,黄油,烘焙用品,1,2026-06-12,75.0
104934,SKU22378,淡奶油,烘焙用品,4,2026-06-12,36.18
104934,SKU64415,鸡蛋,肉禽蛋品,2,2026-06-12,75.31
104934,SKU10201,芝士碎,烘焙用品,2,2026-06-12,74.51
104934,SKU72714,面包,食品饮料,3,2026-06-12,63.59
104935,SKU92006,火锅底料,火锅食材,4,2026-01-11,34.46
104935,SKU81774,毛肚,火锅食材,2,2026-01-11,26.04
104936,SKU37683,洗发水,日化清洁,4,2026-04-07,15.46
104936,SKU84560,沐浴露,日化清洁,4,2026-04-07,10.22
104936,SKU99143,牙膏,日化清洁,1,2026-04-07,66.7
104936,SKU10674,纸巾,日化清洁,2,2026-04-07,69.24
104937,SKU36831,西红柿,生鲜蔬果,5,2026-07-01,16.55
104937,SKU20346,鸡蛋,肉禽蛋品,1,2026-07-01,8.01
104937,SKU32454,黄瓜,生鲜蔬果,2,2026-07-01,24.84
104937,SKU53535,芝士碎,烘焙用品,4,2026-07-01,31.36
104938,SKU62356,醋,粮油调味,4,2026-02-05,10.71
104938,SKU13640,薯片,食品饮料,2,2026-02-05,49.84
104938,SKU53414,鸭血,火锅食材,5,2026-02-05,4.01
104938,SKU31893,胡萝卜,生鲜蔬果,3,2026-02-05,64.58
104938,SKU16989,洗发水,日化清洁,5,2026-02-05,37.91
104939,SKU36797,排骨,肉禽蛋品,2,2026-07-11,19.37
104939,SKU72327,胡萝卜,生鲜蔬果,2,2026-07-11,47.83
104939,SKU22365,土豆,生鲜蔬果,4,2026-07-11,69.04
104939,SKU41883,带鱼,肉禽蛋品,1,2026-07-11,76.8
104939,SKU80632,肥牛卷,火锅食材,1,2026-07-11,43.38
104940,SKU83099,洗发水,日化清洁,5,2026-04-08,76.21
104940,SKU49663,沐浴露,日化清洁,1,2026-04-08,35.46
104940,SKU62327,牙膏,日化清洁,3,2026-04-08,20.48
104940,SKU24225,薯片,食品饮料,4,2026-04-08,11.43
104940,SKU17176,带鱼,肉禽蛋品,5,2026-04-08,68.74
104940,SKU74154,香草精,烘焙用品,1,2026-04-08,77.06
104941,SKU22440,洗发水,日化清洁,4,2026-05-06,70.61
104941,SKU32268,沐浴露,日化清洁,3,2026-05-06,57.71
104941,SKU22620,牙膏,日化清洁,4,2026-05-06,31.23
104941,SKU90782,猪肉,肉禽蛋品,1,2026-05-06,48.1
104941,SKU76050,鸡肉,肉禽蛋品,4,2026-05-06,27.13
104942,SKU90536,牛奶,食品饮料,1,2026-06-23,16.98
104942,SKU49866,面包,食品饮料,3,2026-06-23,23.58
104942,SKU44643,消毒液,日化清洁,5,2026-06-23,64.24
104942,SKU84093,糖粉,烘焙用品,2,2026-06-23,5.11
104943,SKU76620,肥牛卷,火锅食材,3,2026-09-21,56.79
104943,SKU35602,毛肚,火锅食材,2,2026-09-21,43.4
104944,SKU92252,洗发水,日化清洁,2,2026-03-23,53.4
104944,SKU38410,沐浴露,日化清洁,4,2026-03-23,15.18
104944,SKU29908,牙膏,日化清洁,5,2026-03-23,66.16
104944,SKU68586,牛肉,肉禽蛋品,5,2026-03-23,43.87
104945,SKU72527,盐,粮油调味,2,2026-08-18,29.77
104945,SKU85784,排骨,肉禽蛋品,3,2026-08-18,22.06
104945,SKU13514,蚝油,粮油调味,3,2026-08-18,71.01
104945,SKU67849,洗衣液,日化清洁,2,2026-08-18,70.27
104945,SKU63152,黄瓜,生鲜蔬果,5,2026-08-18,67.79
104946,SKU75619,油纸,烘焙用品,1,2026-04-01,48.76
104946,SKU61966,果汁,食品饮料,5,2026-04-01,43.37
104947,SKU98112,洗发水,日化清洁,4,2026-07-08,25.5
104947,SKU99255,沐浴露,日化清洁,2,2026-07-08,21.67
104947,SKU87812,牙膏,日化清洁,1,2026-07-08,21.98
104947,SKU15416,蛋糕粉,烘焙用品,3,2026-07-08,32.83
104948,SKU35702,消毒液,日化清洁,3,2026-03-26,46.06
104948,SKU34784,黄瓜,生鲜蔬果,5,2026-03-26,18.98
104948,SKU13974,酵母,烘焙用品,1,2026-03-26,36.42
104948,SKU56514,火锅底料,火锅食材,2,2026-03-26,27.39
104948,SKU20085,苹果,生鲜蔬果,4,2026-03-26,23.56
104949,SKU32269,黄瓜,生鲜蔬果,5,2026-07-15,12.17
104949,SKU78792,芝士碎,烘焙用品,1,2026-07-15,46.13
104950,SKU83461,料酒,粮油调味,5,2026-01-07,46.01
104950,SKU94066,生菜,生鲜蔬果,4,2026-01-07,15.38
104950,SKU32479,黄瓜,生鲜蔬果,4,2026-01-07,51.92
104950,SKU25366,猪肉,肉禽蛋品,5,2026-01-07,14.45
104950,SKU31519,酸奶,食品饮料,5,2026-01-07,11.06
104951,SKU37222,肥皂,日化清洁,2,2026-03-13,39.36
104951,SKU90960,沐浴露,日化清洁,3,2026-03-13,39.7
104951,SKU41046,蚝油,粮油调味,5,2026-03-13,41.0
104951,SKU62223,蔬菜拼盘,火锅食材,3,2026-03-13,70.56
104952,SKU43451,鸡肉,肉禽蛋品,1,2026-09-23,79.65
104952,SKU51160,洗发水,日化清洁,4,2026-09-23,46.59
104952,SKU81710,三文鱼,肉禽蛋品,5,2026-09-23,47.5
104953,SKU30262,洗衣液,日化清洁,3,2026-07-19,38.02
104953,SKU59077,纸巾,日化清洁,5,2026-07-19,47.24
104953,SKU43008,垃圾袋,日化清洁,5,2026-07-19,54.22
104953,SKU45444,苹果,生鲜蔬果,2,2026-07-19,12.08
104953,SKU77377,酸奶,食品饮料,3,2026-07-19,60.81
104953,SKU83904,肥皂,日化清洁,3,2026-07-19,32.07
104954,SKU22674,西红柿,生鲜蔬果,2,2026-08-17,48.43
104954,SKU20529,鸡蛋,肉禽蛋品,5,2026-08-17,60.94
104954,SKU43338,黄瓜,生鲜蔬果,5,2026-08-17,9.47
104954,SKU27861,鸡肉,肉禽蛋品,1,2026-08-17,38.32
104954,SKU79991,毛肚,火锅食材,5,2026-08-17,23.68
104955,SKU57208,苹果,生鲜蔬果,1,2026-04-03,70.73
104955,SKU72921,肥牛卷,火锅食材,4,2026-04-03,22.06
104956,SKU61721,洗发水,日化清洁,1,2026-04-27,48.67
104956,SKU47641,沐浴露,日化清洁,1,2026-04-27,48.41
104956,SKU33569,牙膏,日化清洁,2,2026-04-27,61.77
104956,SKU35997,鸡肉,肉禽蛋品,2,2026-04-27,68.98
104956,SKU48912,薯片,食品饮料,2,2026-04-27,72.94
104957,SKU71885,酸奶,食品饮料,2,2026-05-02,57.63
104957,SKU23010,羊肉卷,火锅食材,4,2026-05-02,59.99
104958,SKU40992,洗衣液,日化清洁,1,2026-02-22,63.27
104958,SKU88488,纸巾,日化清洁,1,2026-02-22,36.34
104958,SKU39814,垃圾袋,日化清洁,1,2026-02-22,65.49
104958,SKU39831,蛋糕粉,烘焙用品,5,2026-02-22,22.79
104959,SKU50618,火锅底料,火锅食材,1,2026-05-24,74.07
104959,SKU29235,丸子,火锅食材,1,2026-05-24,33.04
104959,SKU68498,肥牛卷,火锅食材,5,2026-05-24,54.68
104959,SKU53155,可乐,食品饮料,5,2026-05-24,75.76
104959,SKU45407,糖粉,烘焙用品,3,2026-05-24,7.02
104959,SKU74395,拖把,日化清洁,4,2026-05-24,53.69
104960,SKU49925,蛋糕粉,烘焙用品,2,2026-08-19,44.81
104960,SKU83167,黄油,烘焙用品,1,2026-08-19,43.03
104960,SKU64176,淡奶油,烘焙用品,5,2026-08-19,24.35
104960,SKU97280,鸡蛋,肉禽蛋品,5,2026-08-19,27.93
104960,SKU36901,毛肚,火锅食材,3,2026-08-19,40.99
104961,SKU20661,醋,粮油调味,5,2026-07-21,8.18
104961,SKU19974,淡奶油,烘焙用品,4,2026-07-21,19.71
104961,SKU99340,鸭蛋,肉禽蛋品,1,2026-07-21,27.49
104961,SKU33923,虾仁,肉禽蛋品,1,2026-07-21,28.36
104962,SKU99485,鸡翅,肉禽蛋品,3,2026-08-18,14.28
104962,SKU43376,辣椒酱,粮油调味,5,2026-08-18,15.69
104963,SKU69043,洗洁精,日化清洁,5,2026-08-13,28.96
104963,SKU91299,橙子,生鲜蔬果,4,2026-08-13,17.51
104963,SKU89974,酸奶,食品饮料,3,2026-08-13,29.25
104963,SKU25018,黄瓜,生鲜蔬果,4,2026-08-13,37.56
104963,SKU94527,生菜,生鲜蔬果,3,2026-08-13,19.41
104964,SKU50178,生菜,生鲜蔬果,3,2026-07-19,76.56
104964,SKU26889,洗洁精,日化清洁,3,2026-07-19,25.67
104964,SKU37816,猪肉,肉禽蛋品,4,2026-07-19,23.28
104964,SKU49894,鸡翅,肉禽蛋品,5,2026-07-19,40.39
104964,SKU90474,葡萄,生鲜蔬果,4,2026-07-19,76.03
104965,SKU32588,葡萄,生鲜蔬果,2,2026-04-10,3.2
104965,SKU64461,纸巾,日化清洁,3,2026-04-10,45.74
104965,SKU18902,油纸,烘焙用品,2,2026-04-10,11.22
104965,SKU39050,洗衣液,日化清洁,2,2026-04-10,24.05
104966,SKU60436,牛奶,食品饮料,4,2026-09-03,32.45
104966,SKU50951,面包,食品饮料,3,2026-09-03,5.31
104966,SKU63343,鸡蛋,肉禽蛋品,1,2026-09-03,19.51
104966,SKU63051,芝士碎,烘焙用品,5,2026-09-03,25.93
104966,SKU30653,土豆,生鲜蔬果,5,2026-09-03,37.65
104967,SKU59537,生菜,生鲜蔬果,1,2026-06-22,37.69
104967,SKU74196,鸡翅,肉禽蛋品,3,2026-06-22,14.61
104967,SKU62292,鸡蛋,肉禽蛋品,2,2026-06-22,27.86
104968,SKU46309,方便面,食品饮料,3,2026-01-25,19.11
104968,SKU67313,油纸,烘焙用品,2,2026-01-25,64.58
104968,SKU89334,肥牛卷,火锅食材,5,2026-01-25,76.9
104968,SKU12025,猪肉,肉禽蛋品,3,2026-01-25,58.09
104968,SKU18217,黄油,烘焙用品,3,2026-01-25,73.8
104969,SKU35236,粉丝,火锅食材,5,2026-09-03,40.21
104969,SKU29501,猪肉,肉禽蛋品,2,2026-09-03,50.12
104969,SKU27466,丸子,火锅食材,2,2026-09-03,37.28
104969,SKU47714,模具,烘焙用品,2,2026-09-03,29.91
104969,SKU52078,苹果,生鲜蔬果,2,2026-09-03,59.84
104970,SKU77673,可乐,食品饮料,4,2026-05-10,21.76
104970,SKU81696,黄瓜,生鲜蔬果,2,2026-05-10,10.65
104970,SKU60164,粉丝,火锅食材,2,2026-05-10,76.81
104971,SKU95103,火锅底料,火锅食材,4,2026-09-17,73.03
104971,SKU31318,西红柿,生鲜蔬果,3,2026-09-17,74.2
104971,SKU38742,鸭血,火锅食材,1,2026-09-17,59.36
104972,SKU43959,香蕉,生鲜蔬果,2,2026-07-02,64.74
104972,SKU87815,蚝油,粮油调味,3,2026-07-02,43.82
104972,SKU25589,猪肉,肉禽蛋品,5,2026-07-02,45.36
104972,SKU83298,火锅底料,火锅食材,4,2026-07-02,60.26
104972,SKU49996,饼干,食品饮料,5,2026-07-02,21.15
104973,SKU26327,酵母,烘焙用品,1,2026-09-28,25.53
104973,SKU57504,酱油,粮油调味,5,2026-09-28,77.71
104973,SKU66086,肥皂,日化清洁,4,2026-09-28,29.8
104974,SKU89276,粉丝,火锅食材,4,2026-02-01,46.83
104974,SKU89276,牛奶,食品饮料,1,2026-02-01,31.99
104974,SKU56671,方便面,食品饮料,3,2026-02-01,28.12
104975,SKU51562,洗衣液,日化清洁,2,2026-07-24,35.41
104975,SKU34439,带鱼,肉禽蛋品,5,2026-07-24,45.21
104975,SKU22562,洗洁精,日化清洁,4,2026-07-24,42.57
104976,SKU92698,三文鱼,肉禽蛋品,5,2026-01-11,6.17
104976,SKU32061,洗发水,日化清洁,4,2026-01-11,73.09
104976,SKU60094,香蕉,生鲜蔬果,4,2026-01-11,27.39
104976,SKU37097,蛋挞皮,烘焙用品,2,2026-01-11,27.43
104976,SKU27314,消毒液,日化清洁,4,2026-01-11,17.81
104977,SKU43379,苹果,生鲜蔬果,1,2026-04-26,77.54
104977,SKU62384,香蕉,生鲜蔬果,4,2026-04-26,35.33
104977,SKU51433,橙子,生鲜蔬果,5,2026-04-26,53.36
104977,SKU66778,土豆,生鲜蔬果,5,2026-04-26,64.14
104978,SKU25145,辣椒酱,粮油调味,2,2026-09-01,32.41
104978,SKU92889,香蕉,生鲜蔬果,3,2026-09-01,28.85
104978,SKU21195,洗洁精,日化清洁,4,2026-09-01,73.82
104978,SKU55418,面粉,粮油调味,3,2026-09-01,16.9
104978,SKU23384,料酒,粮油调味,3,2026-09-01,68.51
104979,SKU75572,排骨,肉禽蛋品,3,2026-07-16,58.73
104979,SKU31374,胡萝卜,生鲜蔬果,1,2026-07-16,62.7
104979,SKU12436,土豆,生鲜蔬果,1,2026-07-16,63.07
104979,SKU26420,猪肉,肉禽蛋品,1,2026-07-16,72.74
104979,SKU81924,芝士碎,烘焙用品,1,2026-07-16,56.56
104980,SKU78259,蛋挞皮,烘焙用品,1,2026-03-07,52.56
104980,SKU46607,白糖,粮油调味,5,2026-03-07,7.65
104980,SKU33843,蛋糕粉,烘焙用品,5,2026-03-07,62.28
104980,SKU61117,牛奶,食品饮料,4,2026-03-07,32.17
104980,SKU17549,糖粉,烘焙用品,3,2026-03-07,31.25
104980,SKU63573,蘸料,火锅食材,2,2026-03-07,71.45
104981,SKU37204,黄瓜,生鲜蔬果,2,2026-02-10,40.32
104981,SKU16181,面包,食品饮料,3,2026-02-10,77.23
104981,SKU34682,香蕉,生鲜蔬果,3,2026-02-10,72.49
104981,SKU94788,肥皂,日化清洁,3,2026-02-10,19.72
104981,SKU72524,方便面,食品饮料,5,2026-02-10,25.76
104981,SKU61324,鸡蛋,肉禽蛋品,4,2026-02-10,16.27
104982,SKU71834,消毒液,日化清洁,1,2026-03-05,20.75
104982,SKU60141,葡萄,生鲜蔬果,5,2026-03-05,53.68
104982,SKU90159,油纸,烘焙用品,4,2026-03-05,49.24
104983,SKU52115,苹果,生鲜蔬果,5,2026-05-08,25.95
104983,SKU45621,香蕉,生鲜蔬果,5,2026-05-08,26.52
104983,SKU69139,橙子,生鲜蔬果,5,2026-05-08,32.78
104983,SKU71942,鸡肉,肉禽蛋品,4,2026-05-08,63.36
104983,SKU97245,辣椒酱,粮油调味,2,2026-05-08,38.15
104984,SKU72637,盐,粮油调味,2,2026-06-06,70.05
104984,SKU93147,蚝油,粮油调味,4,2026-06-06,13.97
104984,SKU92653,葡萄,生鲜蔬果,4,2026-06-06,9.76
104984,SKU62406,橙子,生鲜蔬果,2,2026-06-06,28.06
104984,SKU73701,蛋挞皮,烘焙用品,5,2026-06-06,64.04
104985,SKU41791,酵母,烘焙用品,4,2026-02-06,60.12
104985,SKU13640,牙膏,日化清洁,1,2026-02-06,55.12
104985,SKU11036,葡萄,生鲜蔬果,4,2026-02-06,22.78
104986,SKU31976,芝士碎,烘焙用品,2,2026-01-14,54.05
104986,SKU11631,虾仁,肉禽蛋品,2,2026-01-14,4.73
104986,SKU30748,香蕉,生鲜蔬果,5,2026-01-14,35.82
104987,SKU57972,料酒,粮油调味,2,2026-01-17,56.54
104987,SKU79206,葡萄,生鲜蔬果,2,2026-01-17,72.92
104987,SKU15523,拖把,日化清洁,3,2026-01-17,57.12
104987,SKU20055,牙膏,日化清洁,2,2026-01-17,54.2
104987,SKU51342,蛋糕粉,烘焙用品,5,2026-01-17,36.27
104987,SKU38681,牛奶,食品饮料,4,2026-01-17,13.69
104988,SKU88517,白菜,生鲜蔬果,3,2026-07-10,7.61
104988,SKU83839,拖把,日化清洁,1,2026-07-10,79.25
104988,SKU51738,肥牛卷,火锅食材,4,2026-07-10,28.56
104989,SKU93231,苹果,生鲜蔬果,4,2026-06-21,32.55
104989,SKU15715,香蕉,生鲜蔬果,4,2026-06-21,19.85
104989,SKU55776,橙子,生鲜蔬果,3,2026-06-21,56.12
104989,SKU33305,果汁,食品饮料,2,2026-06-21,47.7
104990,SKU70846,牛奶,食品饮料,2,2026-07-07,79.96
104990,SKU61612,面包,食品饮料,3,2026-07-07,37.28
104990,SKU10222,盐,粮油调味,4,2026-07-07,8.62
104990,SKU63334,薯片,食品饮料,2,2026-07-07,4.32
104991,SKU28745,糖粉,烘焙用品,5,2026-01-04,24.47
104991,SKU88588,肥牛卷,火锅食材,3,2026-01-04,41.02
104991,SKU83746,醋,粮油调味,2,2026-01-04,7.78
104991,SKU90709,牛肉,肉禽蛋品,2,2026-01-04,76.76
104991,SKU59105,蘸料,火锅食材,1,2026-01-04,58.27
104992,SKU45332,火锅底料,火锅食材,5,2026-05-22,17.26
104992,SKU14928,丸子,火锅食材,2,2026-05-22,69.23
104992,SKU50609,肥牛卷,火锅食材,1,2026-05-22,17.14
104992,SKU63048,纸巾,日化清洁,1,2026-05-22,57.62
104993,SKU99733,西红柿,生鲜蔬果,5,2026-01-07,30.63
104993,SKU15091,鸡蛋,肉禽蛋品,5,2026-01-07,27.14
104993,SKU61099,黄瓜,生鲜蔬果,1,2026-01-07,17.52
104993,SKU38263,洗洁精,日化清洁,3,2026-01-07,25.98
104994,SKU96480,火锅底料,火锅食材,1,2026-09-09,16.42
104994,SKU58993,可乐,食品饮料,5,2026-09-09,52.91
104994,SKU88883,豆腐,火锅食材,2,2026-09-09,37.61
104994,SKU33707,淡奶油,烘焙用品,2,2026-09-09,32.44
104994,SKU94869,垃圾袋,日化清洁,3,2026-09-09,26.28
104994,SKU17187,料酒,粮油调味,1,2026-09-09,11.91
104995,SKU79076,排骨,肉禽蛋品,1,2026-04-24,24.9
104995,SKU67607,胡萝卜,生鲜蔬果,4,2026-04-24,73.4
104995,SKU42242,土豆,生鲜蔬果,5,2026-04-24,68.77
104995,SKU18508,面包,食品饮料,1,2026-04-24,38.07
104995,SKU55043,毛肚,火锅食材,5,2026-04-24,5.08
104995,SKU38594,肥牛卷,火锅食材,5,2026-04-24,38.1
104996,SKU20718,洗衣液,日化清洁,2,2026-09-25,29.64
104996,SKU57973,纸巾,日化清洁,1,2026-09-25,29.34
104996,SKU55636,垃圾袋,日化清洁,2,2026-09-25,22.55
104996,SKU32113,香草精,烘焙用品,4,2026-09-25,37.29
104996,SKU51483,盐,粮油调味,3,2026-09-25,44.74
104997,SKU59721,苹果,生鲜蔬果,4,2026-04-27,75.4
104997,SKU77914,香蕉,生鲜蔬果,3,2026-04-27,76.21
104997,SKU92923,橙子,生鲜蔬果,2,2026-04-27,60.69
104997,SKU75985,大米,粮油调味,2,2026-04-27,72.14
104998,SKU55460,苹果,生鲜蔬果,5,2026-02-25,49.49
104998,SKU24925,香蕉,生鲜蔬果,3,2026-02-25,37.68
104998,SKU53234,橙子,生鲜蔬果,5,2026-02-25,54.9
104998,SKU71890,酱油,粮油调味,2,2026-02-25,60.61
104999,SKU57895,火锅底料,火锅食材,2,2026-09-25,59.11
104999,SKU53898,丸子,火锅食材,5,2026-09-25,19.7
104999,SKU18020,肥牛卷,火锅食材,4,2026-09-25,23.92
104999,SKU66756,带鱼,肉禽蛋品,1,2026-09-25,67.06
105000,SKU54973,牛奶,食品饮料,5,2026-02-10,47.63
105000,SKU44547,面包,食品饮料,4,2026-02-10,7.94
105000,SKU46058,毛肚,火锅食材,4,2026-02-10,72.04
105000,SKU87589,消毒液,日化清洁,4,2026-02-10,16.98
